landslide_id,source,source_id,state,district,location,latitude,longitude,date,landslide_type,cause,source_page,confidence,duplicate_group,notes
NER_00001,GSI,GSI_0001,,,,,,Sl.No.,,,1,NO_COORDINATES,,Extracted from table on page 1
NER_00002,GSI,GSI_0002,,,,,,1,,,1,NO_COORDINATES,,Extracted from table on page 1
NER_00003,GSI,GSI_0003,,,,,,2,,,1,NO_COORDINATES,,Extracted from table on page 1
NER_00004,GSI,GSI_0004,,,,,,3,,,1,NO_COORDINATES,,Extracted from table on page 1
NER_00005,GSI,GSI_0005,,,,,,4,,,1,NO_COORDINATES,,Extracted from table on page 1
NER_00006,GSI,GSI_0006,,,,,,5,,,1,NO_COORDINATES,,Extracted from table on page 1
NER_00007,GSI,GSI_0007,,,,,,6,,,1,NO_COORDINATES,,Extracted from table on page 1
NER_00008,GSI,GSI_0008,,,,,,7,,,1,NO_COORDINATES,,Extracted from table on page 1
NER_00009,GSI,GSI_0009,,,,,,8,,,1,NO_COORDINATES,,Extracted from table on page 1
NER_00010,GSI,GSI_0010,,,,,,9,,,1,NO_COORDINATES,,Extracted from table on page 1
NER_00011,GSI,GSI_0011,,,,,,10,,,1,NO_COORDINATES,,Extracted from table on page 1
NER_00012,GSI,GSI_0012,,,,,,11,,,1,NO_COORDINATES,,Extracted from table on page 1
NER_00013,GSI,GSI_0013,,,,,,12,,,1,NO_COORDINATES,,Extracted from table on page 1
NER_00014,GSI,GSI_0014,,,,,,13,,,1,NO_COORDINATES,,Extracted from table on page 1
NER_00015,GSI,GSI_0015,,,,,,14,,,1,NO_COORDINATES,,Extracted from table on page 1
NER_00016,GSI,GSI_0016,,,,,,15,,,1,NO_COORDINATES,,Extracted from table on page 1
NER_00017,GSI,GSI_0017,,,,,,16,,,1,NO_COORDINATES,,Extracted from table on page 1
NER_00018,GSI,GSI_0018,,,,,,17,,,1,NO_COORDINATES,,Extracted from table on page 1
NER_00019,GSI,GSI_0019,,,,,,18,,,1,NO_COORDINATES,,Extracted from table on page 1
NER_00020,GSI,GSI_0020,,,,,,19,,,1,NO_COORDINATES,,Extracted from table on page 1
NER_00021,GSI,GSI_0021,,,,,,20,,,1,NO_COORDINATES,,Extracted from table on page 1
NER_00022,GSI,GSI_0022,,,,,,21,,,1,NO_COORDINATES,,Extracted from table on page 1
NER_00023,GSI,GSI_0023,,,,,,22,,,1,NO_COORDINATES,,Extracted from table on page 1
NER_00024,GSI,GSI_0024,,,,,,23,,,1,NO_COORDINATES,,Extracted from table on page 1
NER_00025,GSI,GSI_0025,,,,,,24,,,1,NO_COORDINATES,,Extracted from table on page 1
NER_00026,GSI,GSI_0026,,,,,,25,,,1,NO_COORDINATES,,Extracted from table on page 1
NER_00027,GSI,GSI_0027,,,,,,26,,,1,NO_COORDINATES,,Extracted from table on page 1
NER_00028,GSI,GSI_0028,,,,,,27,,,1,NO_COORDINATES,,Extracted from table on page 1
NER_00029,GSI,GSI_0029,,,,,,28,,,1,NO_COORDINATES,,Extracted from table on page 1
NER_00030,GSI,GSI_0030,,,,,,29,,,1,NO_COORDINATES,,Extracted from table on page 1
NER_00031,GSI,GSI_0031,,,,,,30,,,1,NO_COORDINATES,,Extracted from table on page 1
NER_00032,GSI,GSI_0032,,,,,,31,,,1,NO_COORDINATES,,Extracted from table on page 1
NER_00033,GSI,GSI_0033,,,,,,32,,,1,NO_COORDINATES,,Extracted from table on page 1
NER_00034,GSI,GSI_0034,,,,,,33,,,1,NO_COORDINATES,,Extracted from table on page 1
NER_00035,GSI,GSI_0035,,,,,,34,,,1,NO_COORDINATES,,Extracted from table on page 1
NER_00036,GSI,GSI_0036,,,,,,35,,,1,NO_COORDINATES,,Extracted from table on page 1
NER_00037,GSI,GSI_0037,,,,,,36,,,1,NO_COORDINATES,,Extracted from table on page 1
NER_00038,GSI,GSI_0038,,,,,,37,,,1,NO_COORDINATES,,Extracted from table on page 1
NER_00039,GSI,GSI_0039,,,,,,38,,,1,NO_COORDINATES,,Extracted from table on page 1
NER_00040,GSI,GSI_0040,,,,,,39,,,1,NO_COORDINATES,,Extracted from table on page 1
NER_00041,GSI,GSI_0041,Assam,Hailakandi,"Bowarthar, Chandipur, Algapur
Circle.",24.79489,92.55506,,Slide,,2,TABLE_EXTRACTED,,Extracted from table on page 2
NER_00042,GSI,GSI_0042,Assam,Cachar,NH53,24.795892,93.045425,,Slide,,2,TABLE_EXTRACTED,,Extracted from table on page 2
NER_00043,GSI,GSI_0043,Assam,Cachar,NH53,24.813648,93.073009,,Slide,,2,TABLE_EXTRACTED,,Extracted from table on page 2
NER_00044,GSI,GSI_0044,Assam,Cachar,"Kanakpur Pt. III, Lakhipur,
Joypur",24.92097,93.07306,,Slide,,2,TABLE_EXTRACTED,DUP_GROUP_001,Extracted from table on page 2
NER_00045,GSI,GSI_0045,Assam,Cachar,"NH-27(Old NH-54E, Silchar-
Lumding road)",24.93,92.84,,Slide,,2,TABLE_EXTRACTED,,Extracted from table on page 2
NER_00046,GSI,GSI_0046,Assam,Cachar,Borkola Cyan Nagar Natun Basti,24.95,92.73,,Slide,,2,TABLE_EXTRACTED,,Extracted from table on page 2
NER_00047,GSI,GSI_0047,Assam,Cachar,Subong Tea Estate,24.95,92.8,,Slide,,2,TABLE_EXTRACTED,,Extracted from table on page 2
NER_00048,GSI,GSI_0048,Assam,Cachar,Nagadun,24.96,92.92,,Slide,,2,TABLE_EXTRACTED,,Extracted from table on page 2
NER_00049,GSI,GSI_0049,Assam,Cachar,"Bicrampore Tea Estate, near
BSF camp",24.96,92.7,,Slide,,2,TABLE_EXTRACTED,DUP_GROUP_002,Extracted from table on page 2
NER_00050,GSI,GSI_0050,Assam,Cachar,"Bicrampore Tea Estate, near
BSF camp",24.96,92.7,,Slide,,2,TABLE_EXTRACTED,DUP_GROUP_002,Extracted from table on page 2
NER_00051,GSI,GSI_0051,Assam,Cachar,Guabari (Naku nala),24.96,92.95,,Slide,,2,TABLE_EXTRACTED,,Extracted from table on page 2
NER_00052,GSI,GSI_0052,Assam,Cachar,Sonbari,24.96,92.66,,Slide,,2,TABLE_EXTRACTED,DUP_GROUP_003,Extracted from table on page 2
NER_00053,GSI,GSI_0053,Assam,Cachar,Dinonatpur,24.96,92.66,,Slide,,2,TABLE_EXTRACTED,DUP_GROUP_003,Extracted from table on page 2
NER_00054,GSI,GSI_0054,Assam,Cachar,ONGC road,24.96,92.98,,Slide,,2,TABLE_EXTRACTED,,Extracted from table on page 2
NER_00055,GSI,GSI_0055,Assam,Cachar,"NH-27(Old NH-54E, Silchar-
Lumding road)",24.97,92.76,,Slide,,2,TABLE_EXTRACTED,,Extracted from table on page 2
NER_00056,GSI,GSI_0056,Assam,Cachar,Narainchara grant,24.97,92.72,,Slide,,2,TABLE_EXTRACTED,DUP_GROUP_004,Extracted from table on page 2
NER_00057,GSI,GSI_0057,Assam,Cachar,Narainchora,24.97,92.72,,Slide,,2,TABLE_EXTRACTED,DUP_GROUP_004,Extracted from table on page 2
NER_00058,GSI,GSI_0058,Assam,Cachar,Narainchora,24.97,92.72,,Slide,,2,TABLE_EXTRACTED,DUP_GROUP_005,Extracted from table on page 2
NER_00059,GSI,GSI_0059,Assam,Cachar,Lailongchara village,24.97228,93.03289,,Slide,,2,TABLE_EXTRACTED,,Extracted from table on page 2
NER_00060,GSI,GSI_0060,Assam,Cachar,Near Lailongchara village,24.97692,93.033,,Fall,,2,TABLE_EXTRACTED,DUP_GROUP_007,Extracted from table on page 2
NER_00061,GSI,GSI_0061,Assam,Cachar,NH53,24.97714,93.03344,,Slide,,2,TABLE_EXTRACTED,DUP_GROUP_007,Extracted from table on page 2
NER_00062,GSI,GSI_0062,Assam,Cachar,"NH-27(Old NH-54E, Silchar-
Lumding road)",24.98,92.75,,Slide,,2,TABLE_EXTRACTED,,Extracted from table on page 2
NER_00063,GSI,GSI_0063,Assam,Cachar,Guabari,24.98,92.96,,Slide,,2,TABLE_EXTRACTED,,Extracted from table on page 2
NER_00064,GSI,GSI_0064,Assam,Cachar,Ekala Basti (Railway line),24.98,92.72,,Slide,,2,TABLE_EXTRACTED,,Extracted from table on page 2
NER_00065,GSI,GSI_0065,Assam,Cachar,Khurkurie,24.99,92.6,,Slide,,2,TABLE_EXTRACTED,,Extracted from table on page 2
NER_00066,GSI,GSI_0066,Assam,Cachar,Tarapur,24.99,92.45,,Slide,,2,TABLE_EXTRACTED,,Extracted from table on page 2
NER_00067,GSI,GSI_0067,Assam,Cachar,"NH-27(Old NH-54E, Silchar-
Lumding road)",24.99,92.75,,Slide,,2,TABLE_EXTRACTED,,Extracted from table on page 2
NER_00068,GSI,GSI_0068,Assam,Cachar,"Raja Bazaar ΓÇôBara Arkap
road.",24.993,93.161583,,Slide,,2,TABLE_EXTRACTED,,Extracted from table on page 2
NER_00069,GSI,GSI_0069,Assam,Cachar,"Raza Bazaar ΓÇôBara Arkap
Highway.",24.99561,93.16261,,Slide,,2,TABLE_EXTRACTED,,Extracted from table on page 2
NER_00070,GSI,GSI_0070,Assam,Cachar,Natanpur,25.0,92.43,,Slide,,2,TABLE_EXTRACTED,,Extracted from table on page 2
NER_00071,GSI,GSI_0071,Assam,Dima Hasao,"State Highway, 3 km before
Jenam Ghat",25.003,93.164,,Slide,,2,TABLE_EXTRACTED,,Extracted from table on page 2
NER_00072,GSI,GSI_0072,Assam,Dima Hasao,Nutan Leikul.NH-54,25.008,93.04,,Slide,,2,TABLE_EXTRACTED,,Extracted from table on page 2
NER_00073,GSI,GSI_0073,Assam,Cachar,"NH-27(Old NH-54E, Silchar-
Lumding road)",25.01,92.75,,Slide,,2,TABLE_EXTRACTED,DUP_GROUP_008,Extracted from table on page 2
NER_00074,GSI,GSI_0074,Assam,Cachar,"NH-27(Old NH-54E, Silchar-
Lumding road)",25.01,92.75,,Slide,,2,TABLE_EXTRACTED,DUP_GROUP_008,Extracted from table on page 2
NER_00075,GSI,GSI_0075,Assam,Cachar,"NH-27(Old NH-54E, Silchar-
Lumding road)",25.01,92.75,,Slide,,2,TABLE_EXTRACTED,DUP_GROUP_009,Extracted from table on page 2
NER_00076,GSI,GSI_0076,Assam,Cachar,Damchara,25.01,92.73,,Slide,,2,TABLE_EXTRACTED,,Extracted from table on page 2
NER_00077,GSI,GSI_0077,Assam,Dima Hasao,NH54,25.010379,92.75482,,Slide,,2,TABLE_EXTRACTED,,Extracted from table on page 2
NER_00078,GSI,GSI_0078,Assam,Dima Hasao,NH54,25.01856,92.77011,,Slide,,3,TABLE_EXTRACTED,DUP_GROUP_011,Extracted from table on page 3
NER_00079,GSI,GSI_0079,Assam,Dima Hasao,NH53,25.019029,92.770549,,Slide,,3,TABLE_EXTRACTED,DUP_GROUP_011,Extracted from table on page 3
NER_00080,GSI,GSI_0080,Assam,Cachar,Karbi houses(Bhamai river side),25.02,92.52,,Slide,,3,TABLE_EXTRACTED,DUP_GROUP_012,Extracted from table on page 3
NER_00081,GSI,GSI_0081,Assam,Cachar,Karbi Houses (Bhamai river side),25.02,92.52,,Slide,,3,TABLE_EXTRACTED,DUP_GROUP_012,Extracted from table on page 3
NER_00082,GSI,GSI_0082,Assam,Cachar,NH44,25.029708,92.463967,,Slide,,3,TABLE_EXTRACTED,,Extracted from table on page 3
NER_00083,GSI,GSI_0083,Assam,Cachar,NH44,25.031431,92.463231,,Slide,,3,TABLE_EXTRACTED,DUP_GROUP_013,Extracted from table on page 3
NER_00084,GSI,GSI_0084,Assam,Cachar,NH44,25.032119,92.462636,,Slide,,3,TABLE_EXTRACTED,DUP_GROUP_013,Extracted from table on page 3
NER_00085,GSI,GSI_0085,Assam,Cachar,NH44,25.032989,92.462214,,Slide,,3,TABLE_EXTRACTED,,Extracted from table on page 3
NER_00086,GSI,GSI_0086,Assam,Dima Hasao,NH54,25.034948,92.778753,,Slide,,3,TABLE_EXTRACTED,,Extracted from table on page 3
NER_00087,GSI,GSI_0087,Assam,Dima Hasao,NH54,25.0365,92.780417,,Slide,,3,TABLE_EXTRACTED,,Extracted from table on page 3
NER_00088,GSI,GSI_0088,Assam,Cachar,NH44 (near to weight bridge),25.037203,92.450339,,Slide,,3,TABLE_EXTRACTED,,Extracted from table on page 3
NER_00089,GSI,GSI_0089,Assam,Dima Hasao,NH54,25.039722,92.781889,,Slide,,3,TABLE_EXTRACTED,,Extracted from table on page 3
NER_00090,GSI,GSI_0090,Assam,Dima Hasao,NH54,25.041083,92.783111,,Slide,,3,TABLE_EXTRACTED,,Extracted from table on page 3
NER_00091,GSI,GSI_0091,Assam,Dima Hasao,NH54,25.046444,92.789667,,Slide,,3,TABLE_EXTRACTED,DUP_GROUP_014,Extracted from table on page 3
NER_00092,GSI,GSI_0092,Assam,Dima Hasao,NH54,25.046778,92.790111,,Slide,,3,TABLE_EXTRACTED,DUP_GROUP_014,Extracted from table on page 3
NER_00093,GSI,GSI_0093,Assam,Dima Hasao,NH54,25.047417,92.793389,,Slide,,3,TABLE_EXTRACTED,,Extracted from table on page 3
NER_00094,GSI,GSI_0094,Assam,Dima Hasao,"Between NFR Bridge No. 305
and Tunnel No. 19 (~2 km SW of
Bandarkhal Railway Station).",25.04783,92.78931,,Slide,,3,TABLE_EXTRACTED,,Extracted from table on page 3
NER_00095,GSI,GSI_0095,Assam,Dima Hasao,NH54,25.049417,92.796722,,Slide,,3,TABLE_EXTRACTED,DUP_GROUP_015,Extracted from table on page 3
NER_00096,GSI,GSI_0096,Assam,Dima Hasao,NH54,25.049444,92.79725,,Slide,,3,TABLE_EXTRACTED,DUP_GROUP_015,Extracted from table on page 3
NER_00097,GSI,GSI_0097,Assam,Dima Hasao,NH54,25.049917,92.799667,,Slide,,3,TABLE_EXTRACTED,,Extracted from table on page 3
NER_00098,GSI,GSI_0098,Assam,Dima Hasao,NH54,25.054917,92.800333,,Slide,,3,TABLE_EXTRACTED,,Extracted from table on page 3
NER_00099,GSI,GSI_0099,Assam,Dima Hasao,NH54,25.056611,92.801722,,Slide,,3,TABLE_EXTRACTED,,Extracted from table on page 3
NER_00100,GSI,GSI_0100,Assam,Dima Hasao,NH54,25.060088,92.807089,,Slide,,3,TABLE_EXTRACTED,,Extracted from table on page 3
NER_00101,GSI,GSI_0101,Assam,Dima Hasao,NH54,25.060944,92.80675,,Slide,,3,TABLE_EXTRACTED,DUP_GROUP_016,Extracted from table on page 3
NER_00102,GSI,GSI_0102,Assam,Dima Hasao,West of Paschim Bandarkhal,25.061375,92.795906,,Slide,,3,TABLE_EXTRACTED,,Extracted from table on page 3
NER_00103,GSI,GSI_0103,Assam,Dima Hasao,NH54,25.061417,92.806833,,Slide,,3,TABLE_EXTRACTED,DUP_GROUP_016,Extracted from table on page 3
NER_00104,GSI,GSI_0104,Assam,Dima Hasao,West of Paschim Bandarkhal,25.061847,92.79345,,Slide,,3,TABLE_EXTRACTED,,Extracted from table on page 3
NER_00105,GSI,GSI_0105,Assam,Dima Hasao,West of Paschim Bandarkhal,25.063378,92.795536,,Slide,,3,TABLE_EXTRACTED,,Extracted from table on page 3
NER_00106,GSI,GSI_0106,Assam,Dima Hasao,NH54,25.063472,92.807796,,Slide,,3,TABLE_EXTRACTED,,Extracted from table on page 3
NER_00107,GSI,GSI_0107,Assam,Dima Hasao,"Data taken from P. Songkai to
Natun Songkai road",25.07,93.29,,Slide,,3,TABLE_EXTRACTED,,Extracted from table on page 3
NER_00108,GSI,GSI_0108,Assam,Dima Hasao,North of Paschim Bandarkhal,25.072636,92.794514,,Slide,,3,TABLE_EXTRACTED,,Extracted from table on page 3
NER_00109,GSI,GSI_0109,Assam,Dima Hasao,NH54,25.073228,92.814734,,Slide,,3,TABLE_EXTRACTED,,Extracted from table on page 3
NER_00110,GSI,GSI_0110,Assam,Dima Hasao,Old HaflongSilchar road,25.078935,92.95379,,Slide,,3,TABLE_EXTRACTED,,Extracted from table on page 3
NER_00111,GSI,GSI_0111,Assam,Dima Hasao,Old HaflongSilchar road,25.088389,92.958944,,Slide,,3,TABLE_EXTRACTED,,Extracted from table on page 3
NER_00112,GSI,GSI_0112,Assam,Dima Hasao,"P. Songkai to Natun Songkai
road",25.1,93.28,,Slide,,3,TABLE_EXTRACTED,DUP_GROUP_017,Extracted from table on page 3
NER_00113,GSI,GSI_0113,Assam,Dima Hasao,"P. Songkai to Natun Songkai
road",25.1,93.28,,Slide,,3,TABLE_EXTRACTED,DUP_GROUP_017,Extracted from table on page 3
NER_00114,GSI,GSI_0114,Assam,Dima Hasao,"P. Songkai to Natun Songkai
road",25.1,93.28,,Slide,,3,TABLE_EXTRACTED,DUP_GROUP_018,Extracted from table on page 3
NER_00115,GSI,GSI_0115,Assam,Dima Hasao,Old HaflongSilchar road,25.10275,92.986944,,Slide,,3,TABLE_EXTRACTED,DUP_GROUP_020,Extracted from table on page 3
NER_00116,GSI,GSI_0116,Assam,Dima Hasao,Old HaflongSilchar road,25.10292,92.986883,,Slide,,4,TABLE_EXTRACTED,DUP_GROUP_020,Extracted from table on page 4
NER_00117,GSI,GSI_0117,Assam,Dima Hasao,NH54,25.105414,92.972784,,Slide,,4,TABLE_EXTRACTED,,Extracted from table on page 4
NER_00118,GSI,GSI_0118,Assam,Dima Hasao,NH-54 near Jatinga,25.106,93.001,,Slide,,4,TABLE_EXTRACTED,,Extracted from table on page 4
NER_00119,GSI,GSI_0119,Assam,Dima Hasao,Old HaflongSilchar road,25.106956,92.991363,,Slide,,4,TABLE_EXTRACTED,,Extracted from table on page 4
NER_00120,GSI,GSI_0120,Assam,Dima Hasao,NH-54 near Jatinga,25.107,93.002,,Slide,,4,TABLE_EXTRACTED,,Extracted from table on page 4
NER_00121,GSI,GSI_0121,Assam,Dima Hasao,NH54,25.107546,92.885543,,Slide,,4,TABLE_EXTRACTED,,Extracted from table on page 4
NER_00122,GSI,GSI_0122,Assam,Dima Hasao,NH-54 near Jatinga,25.108,93.003,,Slide,,4,TABLE_EXTRACTED,,Extracted from table on page 4
NER_00123,GSI,GSI_0123,Assam,Dima Hasao,NH54,25.108759,92.978048,,Slide,,4,TABLE_EXTRACTED,,Extracted from table on page 4
NER_00124,GSI,GSI_0124,Assam,Dima Hasao,West of Retzawl,25.108806,92.975139,,Slide,,4,TABLE_EXTRACTED,,Extracted from table on page 4
NER_00125,GSI,GSI_0125,Assam,Dima Hasao,NH54,25.108877,92.929125,,Slide,,4,TABLE_EXTRACTED,DUP_GROUP_021,Extracted from table on page 4
NER_00126,GSI,GSI_0126,Assam,Dima Hasao,NH54,25.11219,92.86881,,Slide,,4,TABLE_EXTRACTED,,Extracted from table on page 4
NER_00127,GSI,GSI_0127,Assam,Dima Hasao,"Between Jatinga Lampur
Railway Station and Harangajao
Railway Station.",25.11286,92.87756,,Slide,,4,TABLE_EXTRACTED,,Extracted from table on page 4
NER_00128,GSI,GSI_0128,Assam,Dima Hasao,NH54,25.11297,92.95433,,Slide,,4,TABLE_EXTRACTED,,Extracted from table on page 4
NER_00129,GSI,GSI_0129,Assam,Dima Hasao,NH-54 near Jatinga.,25.118,93.014,,Slide,,4,TABLE_EXTRACTED,,Extracted from table on page 4
NER_00130,GSI,GSI_0130,Assam,Dima Hasao,NH-54 near Jatinga,25.119,93.017,,Slide,,4,TABLE_EXTRACTED,,Extracted from table on page 4
NER_00131,GSI,GSI_0131,Assam,Dima Hasao,NH-54 near Jatinga,25.119,93.018,,Slide,,4,TABLE_EXTRACTED,,Extracted from table on page 4
NER_00132,GSI,GSI_0132,Assam,Dima Hasao,NH-54 near Jatinga,25.12,93.02,,Slide,,4,TABLE_EXTRACTED,,Extracted from table on page 4
NER_00133,GSI,GSI_0133,Assam,Dima Hasao,"Between Mailongdisa and
Harangajao Railway stations.
CHainage:128.400 km to
128.600 km",25.121,92.915028,,Slide,,4,TABLE_EXTRACTED,,Extracted from table on page 4
NER_00134,GSI,GSI_0134,Assam,Dima Hasao,"Bara Wapu, NH-54",25.122,93.025,,Slide,,4,TABLE_EXTRACTED,,Extracted from table on page 4
NER_00135,GSI,GSI_0135,Assam,Dima Hasao,Jatinga NH-54,25.122,93.026,,Slide,,4,TABLE_EXTRACTED,,Extracted from table on page 4
NER_00136,GSI,GSI_0136,Assam,Dima Hasao,"Jatinga,NH-54",25.123,93.034,,Slide,,4,TABLE_EXTRACTED,,Extracted from table on page 4
NER_00137,GSI,GSI_0137,Assam,Dima Hasao,Near Jatinga,25.123,93.033,,Slide,,4,TABLE_EXTRACTED,,Extracted from table on page 4
NER_00138,GSI,GSI_0138,Assam,Dima Hasao,"Between Mailongdisa and
Harangajao railway station
(Chainage: 130.100 Km to
130.400 Km)",25.124306,92.904278,,Slide,,4,TABLE_EXTRACTED,,Extracted from table on page 4
NER_00139,GSI,GSI_0139,Assam,Dima Hasao,"Between Jatinga and
Longrangajao Railway stations
(Chainage:120.100 km to
120.400 km)",25.124583,92.989111,,Slide,,4,TABLE_EXTRACTED,,Extracted from table on page 4
NER_00140,GSI,GSI_0140,Assam,Dima Hasao,Longrangajao village,25.12906,92.97418,,Slide,,4,TABLE_EXTRACTED,,Extracted from table on page 4
NER_00141,GSI,GSI_0141,Assam,Dima Hasao,"Along Jenam river, Hangrum
area",25.13,93.27,,Slide,,4,TABLE_EXTRACTED,,Extracted from table on page 4
NER_00142,GSI,GSI_0142,Assam,Dima Hasao,"Data recorded from Hangrum to
Songkai road",25.13,93.29,,Slide,,4,TABLE_EXTRACTED,,Extracted from table on page 4
NER_00143,GSI,GSI_0143,Assam,Dima Hasao,On NH-54,25.134,93.045,,Slide,,4,TABLE_EXTRACTED,,Extracted from table on page 4
NER_00144,GSI,GSI_0144,Assam,Dima Hasao,"Jatinga, Haflong",25.134472,93.018972,,Slide,,4,TABLE_EXTRACTED,DUP_GROUP_022,Extracted from table on page 4
NER_00145,GSI,GSI_0145,Assam,Dima Hasao,NH-54 Near Kelolo village,25.135,93.04,,Slide,,4,TABLE_EXTRACTED,DUP_GROUP_023,Extracted from table on page 4
NER_00146,GSI,GSI_0146,Assam,Dima Hasao,Nutan Leikul.NH-54,25.135,93.04,,Slide,,4,TABLE_EXTRACTED,DUP_GROUP_023,Extracted from table on page 4
NER_00147,GSI,GSI_0147,Assam,Dima Hasao,Kelelo NH-54,25.136,93.04,,Slide,,4,TABLE_EXTRACTED,,Extracted from table on page 4
NER_00148,GSI,GSI_0148,Assam,Dima Hasao,"NutanLeikul, NH-54",25.137,93.04,,Slide,,4,TABLE_EXTRACTED,DUP_GROUP_024,Extracted from table on page 4
NER_00149,GSI,GSI_0149,Assam,Dima Hasao,"Kelelo village,NH-54",25.137,93.034,,Flow,,4,TABLE_EXTRACTED,,Extracted from table on page 4
NER_00150,GSI,GSI_0150,Assam,Dima Hasao,"Kelelo,NH-54",25.137,93.04,,Slide,,4,TABLE_EXTRACTED,DUP_GROUP_024,Extracted from table on page 4
NER_00151,GSI,GSI_0151,Assam,Dima Hasao,"Jatinga, NH-54",25.137,93.018,,Slide,,4,TABLE_EXTRACTED,,Extracted from table on page 4
NER_00152,GSI,GSI_0152,Assam,Dima Hasao,"Bara Haflong,village.",25.139,93.025,,Slide,,4,TABLE_EXTRACTED,DUP_GROUP_025,Extracted from table on page 4
NER_00153,GSI,GSI_0153,Assam,Dima Hasao,"Bara Haflong,Near New Haflong
RS",25.139,93.025,,Slide,,5,TABLE_EXTRACTED,DUP_GROUP_025,Extracted from table on page 5
NER_00154,GSI,GSI_0154,Assam,Dima Hasao,"Nutan.Leikul,NH-54",25.139,93.04,,Slide,,5,TABLE_EXTRACTED,,Extracted from table on page 5
NER_00155,GSI,GSI_0155,Assam,Dima Hasao,"Jatinga-Haflong Road section,
Haflong",25.139611,93.019556,,Slide,,5,TABLE_EXTRACTED,DUP_GROUP_026,Extracted from table on page 5
NER_00156,GSI,GSI_0156,Assam,Dima Hasao,Below Hangrum village.,25.14,93.31,,Slide,,5,TABLE_EXTRACTED,,Extracted from table on page 5
NER_00157,GSI,GSI_0157,Assam,Dima Hasao,Hangrum village,25.14,93.3,,Slide,,5,TABLE_EXTRACTED,,Extracted from table on page 5
NER_00158,GSI,GSI_0158,Assam,Dima Hasao,"Boro Haflong, Haflong",25.140417,93.020389,,Slide,,5,TABLE_EXTRACTED,DUP_GROUP_027,Extracted from table on page 5
NER_00159,GSI,GSI_0159,Assam,Dima Hasao,"Nutan Leikul, NH-54",25.142,93.04,,Slide,,5,TABLE_EXTRACTED,DUP_GROUP_028,Extracted from table on page 5
NER_00160,GSI,GSI_0160,Assam,Dima Hasao,"Nutan Leikul,NH-54",25.142,93.04,,Slide,,5,TABLE_EXTRACTED,DUP_GROUP_028,Extracted from table on page 5
NER_00161,GSI,GSI_0161,Assam,Dima Hasao,Near Thingbhung village,25.145,93.158,,Slide,,5,TABLE_EXTRACTED,,Extracted from table on page 5
NER_00162,GSI,GSI_0162,Assam,Dima Hasao,New Haflong Railway Station,25.14525,93.029167,,Slide,,5,TABLE_EXTRACTED,DUP_GROUP_029,Extracted from table on page 5
NER_00163,GSI,GSI_0163,Assam,Dima Hasao,"Boro Haflong, Haflong",25.145861,93.024194,,Slide,,5,TABLE_EXTRACTED,DUP_GROUP_030,Extracted from table on page 5
NER_00164,GSI,GSI_0164,Assam,Dima Hasao,"Between Jatinga Lampur
Railway Station and Harangajao
Railway Station.",25.146306,93.942167,,Slide,,5,TABLE_EXTRACTED,,Extracted from table on page 5
NER_00165,GSI,GSI_0165,Assam,Dima Hasao,"West slope of New Haflong
Railway Station.",25.146778,93.030972,,Slide,,5,TABLE_EXTRACTED,DUP_GROUP_031,Extracted from table on page 5
NER_00166,GSI,GSI_0166,Assam,Dima Hasao,New Haflong Railway Station,25.148722,93.031917,,Slide,,5,TABLE_EXTRACTED,DUP_GROUP_033,Extracted from table on page 5
NER_00167,GSI,GSI_0167,Assam,Dima Hasao,"Data recorded from Hejaichak
to Hangrum road",25.15,93.37,,Slide,,5,TABLE_EXTRACTED,,Extracted from table on page 5
NER_00168,GSI,GSI_0168,Assam,Dima Hasao,"Near Boro Haflong village,
Haflong",25.150694,93.025833,,Slide,,5,TABLE_EXTRACTED,DUP_GROUP_035,Extracted from table on page 5
NER_00169,GSI,GSI_0169,Assam,Dima Hasao,Near Pura village,25.155,93.067,,Slide,,5,TABLE_EXTRACTED,DUP_GROUP_036,Extracted from table on page 5
NER_00170,GSI,GSI_0170,Assam,Dima Hasao,Pura,25.155,93.067,,Slide,,5,TABLE_EXTRACTED,DUP_GROUP_036,Extracted from table on page 5
NER_00171,GSI,GSI_0171,Assam,Dima Hasao,"NH-54,Near Pura village",25.155,93.073,,Slide,,5,TABLE_EXTRACTED,,Extracted from table on page 5
NER_00172,GSI,GSI_0172,Assam,Dima Hasao,Haflong town,25.155611,93.022222,,Slide,,5,TABLE_EXTRACTED,DUP_GROUP_037,Extracted from table on page 5
NER_00173,GSI,GSI_0173,Assam,Dima Hasao,"Mahadev Tilla, Haflong",25.155722,93.022778,,Slide,,5,TABLE_EXTRACTED,DUP_GROUP_037,Extracted from table on page 5
NER_00174,GSI,GSI_0174,Assam,Dima Hasao,"Bara Haflong,Near New Haflong
RS",25.156,93.018,,Slide,,5,TABLE_EXTRACTED,DUP_GROUP_043,Extracted from table on page 5
NER_00175,GSI,GSI_0175,Assam,Dima Hasao,Haflong town,25.156389,93.018389,,Slide,,5,TABLE_EXTRACTED,DUP_GROUP_043,Extracted from table on page 5
NER_00176,GSI,GSI_0176,Assam,Dima Hasao,Haflong town,25.156583,93.019611,,Slide,,5,TABLE_EXTRACTED,DUP_GROUP_054,Extracted from table on page 5
NER_00177,GSI,GSI_0177,Assam,Dima Hasao,"Near Mahadev Tila, Haflong",25.156694,93.017667,,Slide,,5,TABLE_EXTRACTED,DUP_GROUP_044,Extracted from table on page 5
NER_00178,GSI,GSI_0178,Assam,Dima Hasao,Pura village on NH-54,25.157,93.062,,Slide,,5,TABLE_EXTRACTED,,Extracted from table on page 5
NER_00179,GSI,GSI_0179,Assam,Dima Hasao,"Pura,NH-54",25.157,93.066,,Slide,,5,TABLE_EXTRACTED,,Extracted from table on page 5
NER_00180,GSI,GSI_0180,Assam,Dima Hasao,Haflong town,25.157139,93.017194,,Slide,,5,TABLE_EXTRACTED,DUP_GROUP_056,Extracted from table on page 5
NER_00181,GSI,GSI_0181,Assam,Dima Hasao,Haflong town,25.157361,93.016083,,Slide,,5,TABLE_EXTRACTED,DUP_GROUP_065,Extracted from table on page 5
NER_00182,GSI,GSI_0182,Assam,Dima Hasao,Haflong town,25.159333,93.017,,Slide,,5,TABLE_EXTRACTED,DUP_GROUP_066,Extracted from table on page 5
NER_00183,GSI,GSI_0183,Assam,Dima Hasao,"Songpiang village, Haflong",25.163444,93.023167,,Slide,,5,TABLE_EXTRACTED,DUP_GROUP_067,Extracted from table on page 5
NER_00184,GSI,GSI_0184,Assam,Dima Hasao,"96 km, Migrendisa – Haflong rail
section, near Diyung bridge.",25.164,93.040194,,Slide,,5,TABLE_EXTRACTED,DUP_GROUP_068,Extracted from table on page 5
NER_00185,GSI,GSI_0185,Assam,Dima Hasao,"Songpiang village, Haflong",25.165639,93.025444,,Slide,,5,TABLE_EXTRACTED,DUP_GROUP_069,Extracted from table on page 5
NER_00186,GSI,GSI_0186,Assam,Dima Hasao,Near Pangmol village,25.169,93.155,,Slide,,5,TABLE_EXTRACTED,,Extracted from table on page 5
NER_00187,GSI,GSI_0187,Assam,Dima Hasao,Near Riao village.,25.169,93.156,,Slide,,5,TABLE_EXTRACTED,,Extracted from table on page 5
NER_00188,GSI,GSI_0188,Assam,Dima Hasao,"Data recorded from Hejaichak
to Hangrum road",25.17,93.36,,Slide,,6,TABLE_EXTRACTED,,Extracted from table on page 6
NER_00189,GSI,GSI_0189,Assam,Dima Hasao,"Along Jenam river, Laisong area",25.17,93.29,,Slide,,6,TABLE_EXTRACTED,,Extracted from table on page 6
NER_00190,GSI,GSI_0190,Assam,Dima Hasao,"N.D Raji (Hmar)village, Haflong",25.171889,93.003944,,Slide,,6,TABLE_EXTRACTED,,Extracted from table on page 6
NER_00191,GSI,GSI_0191,Assam,Dima Hasao,"N.D Raji (Hamar)village, Haflong",25.175056,93.020417,,Slide,,6,TABLE_EXTRACTED,DUP_GROUP_071,Extracted from table on page 6
NER_00192,GSI,GSI_0192,Assam,Dima Hasao,"N.D Raji village, Haflong",25.175972,93.020167,,Slide,,6,TABLE_EXTRACTED,DUP_GROUP_074,Extracted from table on page 6
NER_00193,GSI,GSI_0193,Assam,Dima Hasao,Mahur,25.176389,93.116139,,Slide,,6,TABLE_EXTRACTED,DUP_GROUP_075,Extracted from table on page 6
NER_00194,GSI,GSI_0194,Assam,Dima Hasao,"Khongsai village, Haflong",25.176917,93.026556,,Slide,,6,TABLE_EXTRACTED,DUP_GROUP_076,Extracted from table on page 6
NER_00195,GSI,GSI_0195,Assam,Dima Hasao,"Muolhoi /Gilgal village, Haflong",25.177028,93.020889,,Slide,,6,TABLE_EXTRACTED,DUP_GROUP_079,Extracted from table on page 6
NER_00196,GSI,GSI_0196,Assam,Dima Hasao,"Khongsai village, Haflong",25.1775,93.026222,,Slide,,6,TABLE_EXTRACTED,DUP_GROUP_076,Extracted from table on page 6
NER_00197,GSI,GSI_0197,Assam,Dima Hasao,"Near Migrendisa Railway
Station, Migrendisa",25.179861,93.070778,,Slide,,6,TABLE_EXTRACTED,DUP_GROUP_082,Extracted from table on page 6
NER_00198,GSI,GSI_0198,Assam,Dima Hasao,"Data recorded from Hejaichak
to Hangrum road",25.18,93.33,,Slide,,6,TABLE_EXTRACTED,,Extracted from table on page 6
NER_00199,GSI,GSI_0199,Assam,Dima Hasao,"Along Jenam river, Laisong area",25.18,93.3,,Slide,,6,TABLE_EXTRACTED,DUP_GROUP_083,Extracted from table on page 6
NER_00200,GSI,GSI_0200,Assam,Dima Hasao,"Along Jenam river, Laisong area",25.18,93.3,,Slide,,6,TABLE_EXTRACTED,DUP_GROUP_083,Extracted from table on page 6
NER_00201,GSI,GSI_0201,Assam,Dima Hasao,"Along Jenam river, Laisong area",25.18,93.3,,Slide,,6,TABLE_EXTRACTED,DUP_GROUP_084,Extracted from table on page 6
NER_00202,GSI,GSI_0202,Assam,Dima Hasao,"Newngalsong village, Mahur",25.184528,93.125639,,Slide,,6,TABLE_EXTRACTED,DUP_GROUP_086,Extracted from table on page 6
NER_00203,GSI,GSI_0203,Assam,Dima Hasao,8.5 km from Mahur; NH-54,25.186,93.104,,Slide,,6,TABLE_EXTRACTED,,Extracted from table on page 6
NER_00204,GSI,GSI_0204,Assam,Dima Hasao,"Heuwangaberam village, Mahur",25.18725,93.120556,,Slide,,6,TABLE_EXTRACTED,DUP_GROUP_087,Extracted from table on page 6
NER_00205,GSI,GSI_0205,Assam,Dima Hasao,"South of Bara-wapu village on
NH-54",25.188,93.066,,Slide,,6,TABLE_EXTRACTED,,Extracted from table on page 6
NER_00206,GSI,GSI_0206,Assam,Dima Hasao,"Haflong – Gunjung road section,
Lower Haflong",25.188444,93.019667,,Slide,,6,TABLE_EXTRACTED,DUP_GROUP_088,Extracted from table on page 6
NER_00207,GSI,GSI_0207,Assam,Dima Hasao,"Laisong road, Asalu.",25.189,93.192,,Slide,,6,TABLE_EXTRACTED,,Extracted from table on page 6
NER_00208,GSI,GSI_0208,Assam,Dima Hasao,"Near Impoi village, Laisong road",25.189,93.226,,Slide,,6,TABLE_EXTRACTED,,Extracted from table on page 6
NER_00209,GSI,GSI_0209,Assam,Dima Hasao,"Mahur railway station, Haflong",25.189556,93.096417,,Slide,,6,TABLE_EXTRACTED,DUP_GROUP_089,Extracted from table on page 6
NER_00210,GSI,GSI_0210,Assam,Dima Hasao,"Asalu,SH",25.19,93.191,,Slide,,6,TABLE_EXTRACTED,,Extracted from table on page 6
NER_00211,GSI,GSI_0211,Assam,Dima Hasao,"Along Jenam river, Laisong area",25.19,93.3,,Slide,,6,TABLE_EXTRACTED,DUP_GROUP_090,Extracted from table on page 6
NER_00212,GSI,GSI_0212,Assam,Dima Hasao,"Along Jenam river, Laisong area",25.19,93.3,,Slide,,6,TABLE_EXTRACTED,DUP_GROUP_090,Extracted from table on page 6
NER_00213,GSI,GSI_0213,Assam,Dima Hasao,"Along Jenam river, Laisong area",25.19,93.3,,Fall,,6,TABLE_EXTRACTED,DUP_GROUP_091,Extracted from table on page 6
NER_00214,GSI,GSI_0214,Assam,Dima Hasao,"Asalu,NH-54",25.191,93.192,,Slide,,6,TABLE_EXTRACTED,,Extracted from table on page 6
NER_00215,GSI,GSI_0215,Assam,Dima Hasao,"Heuwangaberam village, Mahur",25.193083,93.120417,,Slide,,6,TABLE_EXTRACTED,DUP_GROUP_093,Extracted from table on page 6
NER_00216,GSI,GSI_0216,Assam,Dima Hasao,"-Haflong – Gunjung road section,
Lungkok village, Lower Haflong",25.196694,93.018583,,Slide,,6,TABLE_EXTRACTED,DUP_GROUP_094,Extracted from table on page 6
NER_00217,GSI,GSI_0217,Assam,Dima Hasao,Lower Haflong,25.199722,93.016722,,Slide,,6,TABLE_EXTRACTED,DUP_GROUP_095,Extracted from table on page 6
NER_00218,GSI,GSI_0218,Assam,Dima Hasao,"Data collected from Mahur-
Toulpui road.",25.2,93.25,,Slide,,7,TABLE_EXTRACTED,DUP_GROUP_096,Extracted from table on page 7
NER_00219,GSI,GSI_0219,Assam,Dima Hasao,Mahur-Toulpui road.,25.2,93.25,,Slide,,7,TABLE_EXTRACTED,DUP_GROUP_096,Extracted from table on page 7
NER_00220,GSI,GSI_0220,Assam,Dima Hasao,"Near Heuwangbram ,NH-54",25.201,93.122,,Slide,,7,TABLE_EXTRACTED,,Extracted from table on page 7
NER_00221,GSI,GSI_0221,Assam,Dima Hasao,Near Riao Village.,25.204,93.059,,Slide,,7,TABLE_EXTRACTED,,Extracted from table on page 7
NER_00222,GSI,GSI_0222,Assam,Dima Hasao,"Phaiding, Haflong",25.204556,93.138889,,Slide,,7,TABLE_EXTRACTED,,Extracted from table on page 7
NER_00223,GSI,GSI_0223,Assam,Dima Hasao,Near Pangmol village,25.205,93.059,,Slide,,7,TABLE_EXTRACTED,,Extracted from table on page 7
NER_00224,GSI,GSI_0224,Assam,Dima Hasao,Near Riao village.,25.205,93.008,,Slide,,7,TABLE_EXTRACTED,,Extracted from table on page 7
NER_00225,GSI,GSI_0225,Assam,Dima Hasao,"Near Gunjung village road
section",25.205528,93.020139,,Slide,,7,TABLE_EXTRACTED,DUP_GROUP_097,Extracted from table on page 7
NER_00226,GSI,GSI_0226,Assam,Dima Hasao,"Semdikhar,NH-54",25.206,93.126,,Slide,,7,TABLE_EXTRACTED,,Extracted from table on page 7
NER_00227,GSI,GSI_0227,Assam,Dima Hasao,"NH 54, Heuwangberam",25.207389,93.122778,,Subsidence,,7,TABLE_EXTRACTED,DUP_GROUP_098,Extracted from table on page 7
NER_00228,GSI,GSI_0228,Assam,Dima Hasao,"Near Heuwangbram ,NH-54",25.208,93.121,,Slide,,7,TABLE_EXTRACTED,,Extracted from table on page 7
NER_00229,GSI,GSI_0229,Assam,Dima Hasao,"Data collected from Mahur-
Toulpui road.",25.21,93.25,,Slide,,7,TABLE_EXTRACTED,,Extracted from table on page 7
NER_00230,GSI,GSI_0230,Assam,Dima Hasao,Laisong Bazar to Hejaichak road,25.21,93.31,,Slide,,7,TABLE_EXTRACTED,DUP_GROUP_099,Extracted from table on page 7
NER_00231,GSI,GSI_0231,Assam,Dima Hasao,"Namna river, Laisong Bazar",25.21,93.31,,Slide,,7,TABLE_EXTRACTED,DUP_GROUP_099,Extracted from table on page 7
NER_00232,GSI,GSI_0232,Assam,Dima Hasao,Near Gunjung village road,25.214944,93.021611,,Slide,,7,TABLE_EXTRACTED,DUP_GROUP_100,Extracted from table on page 7
NER_00233,GSI,GSI_0233,Assam,Dima Hasao,MichiduiHaflong road,25.216881,92.982245,,Slide,,7,TABLE_EXTRACTED,,Extracted from table on page 7
NER_00234,GSI,GSI_0234,Assam,Dima Hasao,"Haflong town, Dima Hasao",25.216944,93.011361,,Slide,,7,TABLE_EXTRACTED,DUP_GROUP_101,Extracted from table on page 7
NER_00235,GSI,GSI_0235,Assam,Dima Hasao,"Near Gunjung village road
section",25.2185,93.013111,,Slide,,7,TABLE_EXTRACTED,DUP_GROUP_102,Extracted from table on page 7
NER_00236,GSI,GSI_0236,Assam,Dima Hasao,"Laisong bazar to Chhota Laisong
road",25.22,93.29,,Slide,,7,TABLE_EXTRACTED,DUP_GROUP_103,Extracted from table on page 7
NER_00237,GSI,GSI_0237,Assam,Dima Hasao,"Along Jenam river, Laisong area",25.22,93.29,,Slide,,7,TABLE_EXTRACTED,DUP_GROUP_103,Extracted from table on page 7
NER_00238,GSI,GSI_0238,Assam,Dima Hasao,Hejaichak to Hangrum road,25.22,93.34,,Slide,,7,TABLE_EXTRACTED,DUP_GROUP_106,Extracted from table on page 7
NER_00239,GSI,GSI_0239,Assam,Dima Hasao,Hejaichak to Hangrum road,25.22,93.34,,Slide,,7,TABLE_EXTRACTED,DUP_GROUP_106,Extracted from table on page 7
NER_00240,GSI,GSI_0240,Assam,Dima Hasao,Hejaichak to Hangrum road,25.22,93.35,,Slide,,7,TABLE_EXTRACTED,,Extracted from table on page 7
NER_00241,GSI,GSI_0241,Assam,Dima Hasao,Laisong Bazar to Hejaichak road,25.22,93.32,,Slide,,7,TABLE_EXTRACTED,,Extracted from table on page 7
NER_00242,GSI,GSI_0242,Assam,Dima Hasao,"Laisong bazar to Chhota
Laisong road",25.22,93.29,,Slide,,7,TABLE_EXTRACTED,DUP_GROUP_104,Extracted from table on page 7
NER_00243,GSI,GSI_0243,Assam,Dima Hasao,"Near Phiding Railway Station.
Between Mahur and Phiding RS,
NFR.",25.224278,93.222861,,Slide,,7,TABLE_EXTRACTED,,Extracted from table on page 7
NER_00244,GSI,GSI_0244,Assam,Dima Hasao,,25.229556,93.1556,,Slide,,7,TABLE_EXTRACTED,,Extracted from table on page 7
NER_00245,GSI,GSI_0245,Assam,Dima Hasao,Kipeilua village,25.23,93.34,,Slide,,7,TABLE_EXTRACTED,,Extracted from table on page 7
NER_00246,GSI,GSI_0246,Assam,Dima Hasao,"Along Jenam river, Laisong area",25.23,93.29,,Slide,,7,TABLE_EXTRACTED,,Extracted from table on page 7
NER_00247,GSI,GSI_0247,Assam,Dima Hasao,"Kalimkhu (MauldemNew
Sangbar road)",25.238045,92.801279,,Slide,,7,TABLE_EXTRACTED,,Extracted from table on page 7
NER_00248,GSI,GSI_0248,Assam,Dima Hasao,"Laisong bazar to Chhota Laisong
road",25.24,93.28,,Slide,,7,TABLE_EXTRACTED,,Extracted from table on page 7
NER_00249,GSI,GSI_0249,Assam,Dima Hasao,"Laisong bazar to Chhota Laisong
road",25.24,93.27,,Slide,,7,TABLE_EXTRACTED,DUP_GROUP_107,Extracted from table on page 7
NER_00250,GSI,GSI_0250,Assam,Dima Hasao,Chhota Laisong-Hegolo road,25.24,93.27,,Slide,,7,TABLE_EXTRACTED,DUP_GROUP_107,Extracted from table on page 7
NER_00251,GSI,GSI_0251,Assam,Dima Hasao,"Near Heuwangbram ,NH-54",25.242,93.14,,Slide,,7,TABLE_EXTRACTED,,Extracted from table on page 7
NER_00252,GSI,GSI_0252,Assam,Dima Hasao,"New Sangbar_ Kobak District
Road.",25.257696,92.809603,,Slide,,8,TABLE_EXTRACTED,,Extracted from table on page 8
NER_00253,GSI,GSI_0253,Assam,Dima Hasao,Thingje–Hereilo road section,25.263528,93.390611,,Slide,,8,TABLE_EXTRACTED,,Extracted from table on page 8
NER_00254,GSI,GSI_0254,Assam,Dima Hasao,Thingje–Hereilo road section,25.264056,93.409528,,Slide,,8,TABLE_EXTRACTED,,Extracted from table on page 8
NER_00255,GSI,GSI_0255,Assam,Dima Hasao,Guilong–Semkhor road section,25.278472,93.252972,,Slide,,8,TABLE_EXTRACTED,DUP_GROUP_108,Extracted from table on page 8
NER_00256,GSI,GSI_0256,Assam,Dima Hasao,Guilong–Semkhor road section,25.278917,93.253194,,Slide,,8,TABLE_EXTRACTED,DUP_GROUP_108,Extracted from table on page 8
NER_00257,GSI,GSI_0257,Assam,Dima Hasao,Guilong–Semkhor road section.,25.282861,93.296111,,Slide,,8,TABLE_EXTRACTED,,Extracted from table on page 8
NER_00258,GSI,GSI_0258,Assam,Dima Hasao,New Sangbar-Kobak Road,25.290089,92.799175,,Slide,,8,TABLE_EXTRACTED,,Extracted from table on page 8
NER_00259,GSI,GSI_0259,Assam,Dima Hasao,Nchen–Ngaulong road section.,25.308028,93.471028,,Slide,,8,TABLE_EXTRACTED,,Extracted from table on page 8
NER_00260,GSI,GSI_0260,Assam,Dima Hasao,Nchen–Ngaulong road section.,25.309111,93.470694,,Slide,,8,TABLE_EXTRACTED,,Extracted from table on page 8
NER_00261,GSI,GSI_0261,Assam,Dima Hasao,New Sangbar-Kobak road,25.320232,92.818091,,Slide,,8,TABLE_EXTRACTED,,Extracted from table on page 8
NER_00262,GSI,GSI_0262,Assam,Dima Hasao,New Sangbar-Kobak Road,25.323731,92.80751,,Slide,,8,TABLE_EXTRACTED,,Extracted from table on page 8
NER_00263,GSI,GSI_0263,Assam,Dima Hasao,"Digarkaro–Phaipha road
section.",25.328139,93.334056,,Slide,,8,TABLE_EXTRACTED,,Extracted from table on page 8
NER_00264,GSI,GSI_0264,Assam,Dima Hasao,"Digarkaro–Phaipha road
section.",25.332083,93.334639,,Slide,,8,TABLE_EXTRACTED,,Extracted from table on page 8
NER_00265,GSI,GSI_0265,Assam,Dima Hasao,Vaitongsip village,25.336054,92.82053,,Slide,,8,TABLE_EXTRACTED,,Extracted from table on page 8
NER_00266,GSI,GSI_0266,Assam,Dima Hasao,"Nutan Hajong–Nablaidisa road
section",25.362583,93.257722,,Slide,,8,TABLE_EXTRACTED,,Extracted from table on page 8
NER_00267,GSI,GSI_0267,Assam,Dima Hasao,"Nutan Hajong–Nablaidisa road
section.",25.369972,93.260306,,Slide,,8,TABLE_EXTRACTED,,Extracted from table on page 8
NER_00268,GSI,GSI_0268,Assam,Dima Hasao,North to Mupa,25.387,93.12,,Flow,,8,TABLE_EXTRACTED,,Extracted from table on page 8
NER_00269,GSI,GSI_0269,Assam,Dima Hasao,"Approx. 500 m NW of
Mongjang.",25.394111,93.410417,,Slide,,8,TABLE_EXTRACTED,,Extracted from table on page 8
NER_00270,GSI,GSI_0270,Assam,Dima Hasao,"South to Dehangi (Gunjang-
Haflong road)",25.395431,92.990267,,Slide,,8,TABLE_EXTRACTED,,Extracted from table on page 8
NER_00271,GSI,GSI_0271,Assam,Dima Hasao,"Nobdi Langting–Phath road
section",25.398083,93.297528,,Slide,,8,TABLE_EXTRACTED,,Extracted from table on page 8
NER_00272,GSI,GSI_0272,Assam,Dima Hasao,"Kepre Tongikro Mongjang road
section.",25.402333,93.407583,,Slide,,8,TABLE_EXTRACTED,,Extracted from table on page 8
NER_00273,GSI,GSI_0273,Assam,Dima Hasao,"Kepre Tongikro Mongjang road
section.",25.402472,93.390444,,Slide,,8,TABLE_EXTRACTED,,Extracted from table on page 8
NER_00274,GSI,GSI_0274,Assam,Dima Hasao,"Kepre Tongikro Mongjang road
section.",25.4025,93.392194,,Slide,,8,TABLE_EXTRACTED,,Extracted from table on page 8
NER_00275,GSI,GSI_0275,Assam,Dima Hasao,"Dedaodip,NH-54",25.404,93.132,,Slide,,8,TABLE_EXTRACTED,,Extracted from table on page 8
NER_00276,GSI,GSI_0276,Assam,Dima Hasao,"Dedaodip,NH-54",25.405,93.133,,Slide,,8,TABLE_EXTRACTED,,Extracted from table on page 8
NER_00277,GSI,GSI_0277,Assam,Dima Hasao,"Kepre Tongikro Mongjang road
section.",25.405,93.372194,,Slide,,8,TABLE_EXTRACTED,,Extracted from table on page 8
NER_00278,GSI,GSI_0278,Assam,Dima Hasao,Umrangso_Dehangi Highway,25.40837,92.82826,,Slide,,8,TABLE_EXTRACTED,,Extracted from table on page 8
NER_00279,GSI,GSI_0279,Assam,Dima Hasao,"Nablaidisa–Nobdi Langting road
section",25.408497,93.283436,,Slide,,8,TABLE_EXTRACTED,,Extracted from table on page 8
NER_00280,GSI,GSI_0280,Assam,Dima Hasao,"Nablaidisa Nobdi Langting road
section.",25.410611,93.284,,Slide,,8,TABLE_EXTRACTED,,Extracted from table on page 8
NER_00281,GSI,GSI_0281,Assam,Dima Hasao,"Nobdi Langting–Darangbra road
section.",25.416056,93.284222,,Slide,,8,TABLE_EXTRACTED,,Extracted from table on page 8
NER_00282,GSI,GSI_0282,Assam,Dima Hasao,"Near Sericulture, Dehangi-
Umrangso road",25.41616,92.778653,,Slide,,9,TABLE_EXTRACTED,,Extracted from table on page 9
NER_00283,GSI,GSI_0283,Assam,Dima Hasao,"NH 54, Mupa – Langting
Reserved Forest",25.417333,93.129083,,Slide,,9,TABLE_EXTRACTED,DUP_GROUP_109,Extracted from table on page 9
NER_00284,GSI,GSI_0284,Assam,Dima Hasao,"Kepre Tongikro Mongjang road
section.",25.417528,93.372528,,Slide,,9,TABLE_EXTRACTED,,Extracted from table on page 9
NER_00285,GSI,GSI_0285,Assam,Dima Hasao,Near Dehangi village,25.42,93.002,,Slide,,9,TABLE_EXTRACTED,,Extracted from table on page 9
NER_00286,GSI,GSI_0286,Assam,Dima Hasao,"Kepre Tongikro Mongjang road
section.",25.420278,93.371306,,Slide,,9,TABLE_EXTRACTED,DUP_GROUP_110,Extracted from table on page 9
NER_00287,GSI,GSI_0287,Assam,Dima Hasao,"Kepre Tongikro Mongjang road
section.",25.420806,93.371056,,Fall,,9,TABLE_EXTRACTED,DUP_GROUP_110,Extracted from table on page 9
NER_00288,GSI,GSI_0288,Assam,Dima Hasao,"Kepre Tongikro Mongjang road
section.",25.421333,93.370361,,Slide,,9,TABLE_EXTRACTED,DUP_GROUP_111,Extracted from table on page 9
NER_00289,GSI,GSI_0289,Assam,Dima Hasao,Near Dehangi village,25.422535,92.989119,,Slide,,9,TABLE_EXTRACTED,,Extracted from table on page 9
NER_00290,GSI,GSI_0290,Assam,Dima Hasao,Umrangso_Dehangi Highway,25.423438,92.985022,,Slide,,9,TABLE_EXTRACTED,,Extracted from table on page 9
NER_00291,GSI,GSI_0291,Assam,Dima Hasao,"Kepre Tongikro Mongjang road
section.",25.423806,93.369722,,Slide,,9,TABLE_EXTRACTED,DUP_GROUP_112,Extracted from table on page 9
NER_00292,GSI,GSI_0292,Assam,Dima Hasao,"Kepre Tongikro Mongjang road
section.",25.423861,93.369417,,Slide,,9,TABLE_EXTRACTED,DUP_GROUP_112,Extracted from table on page 9
NER_00293,GSI,GSI_0293,Assam,Dima Hasao,Near Dehangi village,25.424,93.0,,Slide,,9,TABLE_EXTRACTED,,Extracted from table on page 9
NER_00294,GSI,GSI_0294,Assam,Dima Hasao,"Kepre Tongikro Mongjang road
section.",25.4255,93.363944,,Slide,,9,TABLE_EXTRACTED,DUP_GROUP_113,Extracted from table on page 9
NER_00295,GSI,GSI_0295,Assam,Dima Hasao,"Kepre Tongikro Mongjang road
section.",25.425611,93.364444,,Slide,,9,TABLE_EXTRACTED,DUP_GROUP_113,Extracted from table on page 9
NER_00296,GSI,GSI_0296,Assam,Dima Hasao,Darangibra–Kepre road section.,25.428597,93.312597,,Slide,,9,TABLE_EXTRACTED,,Extracted from table on page 9
NER_00297,GSI,GSI_0297,Assam,Dima Hasao,"Approx. 3.5 km NE of
Darangibra.",25.433903,93.328944,,Slide,,9,TABLE_EXTRACTED,,Extracted from table on page 9
NER_00298,GSI,GSI_0298,Assam,Dima Hasao,Near Baigaon village,25.434031,92.885056,,Slide,,9,TABLE_EXTRACTED,,Extracted from table on page 9
NER_00299,GSI,GSI_0299,Assam,Dima Hasao,"Approx. 500 m south of Sengya
Sambhudhan school",25.435639,93.405944,,Slide,,9,TABLE_EXTRACTED,,Extracted from table on page 9
NER_00300,GSI,GSI_0300,Assam,Dima Hasao,"New Nkio–Phaikulum road
section.",25.435917,93.455944,,Slide,,9,TABLE_EXTRACTED,,Extracted from table on page 9
NER_00301,GSI,GSI_0301,Assam,Dima Hasao,Near Daoblibdisa market,25.4365,93.402333,,Slide,,9,TABLE_EXTRACTED,DUP_GROUP_114,Extracted from table on page 9
NER_00302,GSI,GSI_0302,Assam,Dima Hasao,"Approx. 500 m south of Sengya
Sambhudhan school",25.436528,93.4065,,Slide,,9,TABLE_EXTRACTED,DUP_GROUP_115,Extracted from table on page 9
NER_00303,GSI,GSI_0303,Assam,Dima Hasao,"Approx. 500 m south of sengya
Sambhudhan school",25.436639,93.405917,,Slide,,9,TABLE_EXTRACTED,DUP_GROUP_115,Extracted from table on page 9
NER_00304,GSI,GSI_0304,Assam,Dima Hasao,Near Daoblibdisa market,25.436694,93.402944,,Slide,,9,TABLE_EXTRACTED,DUP_GROUP_114,Extracted from table on page 9
NER_00305,GSI,GSI_0305,Assam,Dima Hasao,Near Daoblibdisa market,25.436861,93.404583,,Slide,,9,TABLE_EXTRACTED,DUP_GROUP_117,Extracted from table on page 9
NER_00306,GSI,GSI_0306,Assam,Dima Hasao,"New Nkio–Phaikulum road
section.",25.436972,93.454111,,Slide,,9,TABLE_EXTRACTED,,Extracted from table on page 9
NER_00307,GSI,GSI_0307,Assam,Dima Hasao,Near Daoblibdisa market,25.437111,93.403639,,Slide,,9,TABLE_EXTRACTED,DUP_GROUP_116,Extracted from table on page 9
NER_00308,GSI,GSI_0308,Assam,Dima Hasao,Near Daoblibdisa market,25.4375,93.404444,,Slide,,9,TABLE_EXTRACTED,DUP_GROUP_118,Extracted from table on page 9
NER_00309,GSI,GSI_0309,Assam,Dima Hasao,"Greenwood school compound,
Khepre.",25.437722,93.349889,,Slide,,9,TABLE_EXTRACTED,,Extracted from table on page 9
NER_00310,GSI,GSI_0310,Assam,Dima Hasao,"Kepre Tongikro Mongjang road
section.",25.438694,93.362583,,Slide,,9,TABLE_EXTRACTED,,Extracted from table on page 9
NER_00311,GSI,GSI_0311,Assam,Dima Hasao,Near Amardisa village,25.438723,92.912025,,Slide,,9,TABLE_EXTRACTED,,Extracted from table on page 9
NER_00312,GSI,GSI_0312,Assam,Dima Hasao,Darangibra–Kepre road section.,25.439372,93.354197,,Slide,,9,TABLE_EXTRACTED,,Extracted from table on page 9
NER_00313,GSI,GSI_0313,Assam,Dima Hasao,Near Amrudisa village,25.441734,92.892033,,Slide,,9,TABLE_EXTRACTED,,Extracted from table on page 9
NER_00314,GSI,GSI_0314,Assam,Dima Hasao,Near Amrudisa village,25.441757,92.907383,,Slide,,10,TABLE_EXTRACTED,,Extracted from table on page 10
NER_00315,GSI,GSI_0315,Assam,Dima Hasao,"Dalmia cement plant, 16 kilo.",25.443082,92.989873,,Slide,,10,TABLE_EXTRACTED,,Extracted from table on page 10
NER_00316,GSI,GSI_0316,Assam,Dima Hasao,Nkio–Prasadimdik road section.,25.443417,93.421444,,Slide,,10,TABLE_EXTRACTED,,Extracted from table on page 10
NER_00317,GSI,GSI_0317,Assam,Dima Hasao,NkioPrasadimdik road section,25.443639,93.431444,,Slide,,10,TABLE_EXTRACTED,,Extracted from table on page 10
NER_00318,GSI,GSI_0318,Assam,Dima Hasao,Nkio–Prasadimdik road section.,25.443861,93.426222,,Slide,,10,TABLE_EXTRACTED,DUP_GROUP_120,Extracted from table on page 10
NER_00319,GSI,GSI_0319,Assam,Dima Hasao,Nkio–Prasadimdik road section.,25.443972,93.422778,,Slide,,10,TABLE_EXTRACTED,,Extracted from table on page 10
NER_00320,GSI,GSI_0320,Assam,Dima Hasao,Nkio–Prasadimdik road section.,25.444028,93.4265,,Slide,,10,TABLE_EXTRACTED,DUP_GROUP_120,Extracted from table on page 10
NER_00321,GSI,GSI_0321,Assam,Dima Hasao,Nkio–Prasadimdik road section.,25.444167,93.425528,,Slide,,10,TABLE_EXTRACTED,DUP_GROUP_121,Extracted from table on page 10
NER_00322,GSI,GSI_0322,Assam,Dima Hasao,Nkio Prasadimdik road section.,25.444194,93.424694,,Slide,,10,TABLE_EXTRACTED,DUP_GROUP_123,Extracted from table on page 10
NER_00323,GSI,GSI_0323,Assam,Dima Hasao,Nkio–Prasadimdik road section.,25.444306,93.423944,,Slide,,10,TABLE_EXTRACTED,DUP_GROUP_124,Extracted from table on page 10
NER_00324,GSI,GSI_0324,Assam,Dima Hasao,"Kepre–Koladisa–Prasadimdik
road section",25.446056,93.408583,,Slide,,10,TABLE_EXTRACTED,,Extracted from table on page 10
NER_00325,GSI,GSI_0325,Assam,Dima Hasao,"Kepre–Koladisa Prasadimdik
road section",25.447528,93.364417,,Slide,,10,TABLE_EXTRACTED,,Extracted from table on page 10
NER_00326,GSI,GSI_0326,Assam,Dima Hasao,"Kepre–Koladisa–Prasadimdik
road section",25.449056,93.370861,,Slide,,10,TABLE_EXTRACTED,,Extracted from table on page 10
NER_00327,GSI,GSI_0327,Assam,Dima Hasao,"Kepre–Koladisa–Prasadimdik
road section",25.452278,93.394333,,Slide,,10,TABLE_EXTRACTED,,Extracted from table on page 10
NER_00328,GSI,GSI_0328,Assam,Dima Hasao,"Kepre–Koladisa–Prasadimdik
road section",25.453167,93.394667,,Slide,,10,TABLE_EXTRACTED,,Extracted from table on page 10
NER_00329,GSI,GSI_0329,Assam,Dima Hasao,"Kepre–Koladisa–Prasadimdik
road section",25.453528,93.371194,,Slide,,10,TABLE_EXTRACTED,DUP_GROUP_125,Extracted from table on page 10
NER_00330,GSI,GSI_0330,Assam,Dima Hasao,"Kepre–Koladisa–Prasadimdik
road section",25.453611,93.371389,,Slide,,10,TABLE_EXTRACTED,DUP_GROUP_125,Extracted from table on page 10
NER_00331,GSI,GSI_0331,Assam,Dima Hasao,"Kepre–Koladisa–Prasadimdik
road section",25.454083,93.375972,,Slide,,10,TABLE_EXTRACTED,,Extracted from table on page 10
NER_00332,GSI,GSI_0332,Assam,Dima Hasao,"Kepre–Koladisa–Prasadimdik
road section",25.455333,93.374472,,Slide,,10,TABLE_EXTRACTED,,Extracted from table on page 10
NER_00333,GSI,GSI_0333,Assam,Dima Hasao,"Kepre–Koladisa–Prasadimdik
road section",25.462361,93.384306,,Slide,,10,TABLE_EXTRACTED,,Extracted from table on page 10
NER_00334,GSI,GSI_0334,Assam,Dima Hasao,"NH 54, near Langting, Dima
Hasao (NC Hills)",25.50669,93.10536,,Slide,,10,TABLE_EXTRACTED,,Extracted from table on page 10
NER_00335,GSI,GSI_0335,Assam,Dima Hasao,"Near Limestone Quarry of
Dalmia cement plant",25.513567,92.784825,,Subsidence,,10,TABLE_EXTRACTED,,Extracted from table on page 10
NER_00336,GSI,GSI_0336,Assam,Dima Hasao,"Dalmia cement plant, 16 kilo.",25.51402,92.765435,,Slide,,10,TABLE_EXTRACTED,,Extracted from table on page 10
NER_00337,GSI,GSI_0337,Assam,Dima Hasao,Kopili road,25.569,92.71653,,Slide,,10,TABLE_EXTRACTED,,Extracted from table on page 10
NER_00338,GSI,GSI_0338,Assam,Dima Hasao,Kopili road,25.57994,92.72822,,Slide,,10,TABLE_EXTRACTED,,Extracted from table on page 10
NER_00339,GSI,GSI_0339,Assam,Dima Hasao,"NH 54, about 1.5 km West of
Purana Dibolong",25.61092,93.09178,,Slide,,10,TABLE_EXTRACTED,,Extracted from table on page 10
NER_00340,GSI,GSI_0340,Assam,Dima Hasao,"NH 54, 3 km North of Hatikhali",25.64897,93.12083,,Slide,,10,TABLE_EXTRACTED,DUP_GROUP_126,Extracted from table on page 10
NER_00341,GSI,GSI_0341,Assam,Dima Hasao,"NH 54, about 2.5 km SEof
Langlao Disa (NC Hills)",25.65167,93.12083,,Slide,,11,TABLE_EXTRACTED,,Extracted from table on page 11
NER_00342,GSI,GSI_0342,Assam,Dima Hasao,"NH 54, about 2km SE of Langlao
Disa (NC Hills)",25.65792,93.11811,,Slide,,11,TABLE_EXTRACTED,DUP_GROUP_127,Extracted from table on page 11
NER_00343,GSI,GSI_0343,Assam,Dima Hasao,"NH 54, about 2km SE of Langlao
Disa (NC Hills)",25.65839,93.11808,,Slide,,11,TABLE_EXTRACTED,DUP_GROUP_127,Extracted from table on page 11
NER_00344,GSI,GSI_0344,Assam,Dima Hasao,"NH 54, about 1 km East of
Langlao Disa",25.67153,93.11522,,Topple,,11,TABLE_EXTRACTED,,Extracted from table on page 11
NER_00345,GSI,GSI_0345,Assam,Dima Hasao,"Manderdisa Daolapur 3, Dima
Hasao",25.72486,93.131083,,Slide,,11,TABLE_EXTRACTED,DUP_GROUP_128,Extracted from table on page 11
NER_00346,GSI,GSI_0346,Assam,Dima Hasao,"Manderdisa Daolapur 3, Dima
Hasao",25.72561,93.13075,,Slide,,11,TABLE_EXTRACTED,DUP_GROUP_128,Extracted from table on page 11
NER_00347,GSI,GSI_0347,Assam,West Karbi Anglong,"SH-18, S of Umpu",25.75933,92.52258,,Slide,,11,TABLE_EXTRACTED,,Extracted from table on page 11
NER_00348,GSI,GSI_0348,Assam,Kamrup (Rural),Boko-Lumpi road,25.79,91.24,,Slide,,11,TABLE_EXTRACTED,,Extracted from table on page 11
NER_00349,GSI,GSI_0349,Assam,West Karbi Anglong,"SH-18, Hamren-Umpu road",25.79939,92.52653,,Slide,,11,TABLE_EXTRACTED,,Extracted from table on page 11
NER_00350,GSI,GSI_0350,Assam,West Karbi Anglong,"~1 Km North of Longpai,
Longpai road section",25.809417,92.474833,,Slide,,11,TABLE_EXTRACTED,,Extracted from table on page 11
NER_00351,GSI,GSI_0351,Assam,Karbi Anglong,DiphuDhansiri road,25.81044,93.58616,,Slide,,11,TABLE_EXTRACTED,,Extracted from table on page 11
NER_00352,GSI,GSI_0352,Assam,West Karbi Anglong,"SH-18, Hamren-Umpu road",25.81175,92.55003,,Slide,,11,TABLE_EXTRACTED,DUP_GROUP_129,Extracted from table on page 11
NER_00353,GSI,GSI_0353,Assam,West Karbi Anglong,"SH-18, Hamren-Umpu road",25.812,92.55069,,Slide,,11,TABLE_EXTRACTED,DUP_GROUP_129,Extracted from table on page 11
NER_00354,GSI,GSI_0354,Assam,West Karbi Anglong,"SH-18, Hamren-Umpu road",25.81236,92.55156,,Slide,,11,TABLE_EXTRACTED,DUP_GROUP_130,Extracted from table on page 11
NER_00355,GSI,GSI_0355,Assam,West Karbi Anglong,"SH-18, Hamren-Umpu road",25.81428,92.55422,,Slide,,11,TABLE_EXTRACTED,,Extracted from table on page 11
NER_00356,GSI,GSI_0356,Assam,West Karbi Anglong,"SH-18, Hamren-Umpu road",25.81542,92.5535,,Slide,,11,TABLE_EXTRACTED,,Extracted from table on page 11
NER_00357,GSI,GSI_0357,Assam,West Karbi Anglong,"Pangyatiso-Derajuri-Kolonga
road",25.81678,92.71878,,Slide,,11,TABLE_EXTRACTED,,Extracted from table on page 11
NER_00358,GSI,GSI_0358,Assam,West Karbi Anglong,"Pangyatiso-Derajuri-Kolonga
road",25.81689,92.71744,,Slide,,11,TABLE_EXTRACTED,,Extracted from table on page 11
NER_00359,GSI,GSI_0359,Assam,Nagaon,"NH 54, About 2km SW of
Arlongapai, Nagaon",25.81756,93.10886,,Fall,,11,TABLE_EXTRACTED,,Extracted from table on page 11
NER_00360,GSI,GSI_0360,Assam,West Karbi Anglong,"Pangyatiso-Derajuri-Kolonga
road",25.81806,92.74872,,Slide,,11,TABLE_EXTRACTED,,Extracted from table on page 11
NER_00361,GSI,GSI_0361,Assam,West Karbi Anglong,"SH-18, Hamren-Umpu road",25.82108,92.544,,Slide,,11,TABLE_EXTRACTED,,Extracted from table on page 11
NER_00362,GSI,GSI_0362,Assam,West Karbi Anglong,"SH-18, Hamren-Umpu road",25.822458,92.546381,,Slide,,11,TABLE_EXTRACTED,,Extracted from table on page 11
NER_00363,GSI,GSI_0363,Assam,Karbi Anglong,DiphuLumding road,25.82522,93.4243,,Slide,,11,TABLE_EXTRACTED,,Extracted from table on page 11
NER_00364,GSI,GSI_0364,Assam,West Karbi Anglong,"SH-18, Hamren-Umpu road",25.82528,92.54775,,Slide,,11,TABLE_EXTRACTED,,Extracted from table on page 11
NER_00365,GSI,GSI_0365,Assam,West Karbi Anglong,"SH-18, Hamren-Umpu road",25.82769,92.55658,,Slide,,11,TABLE_EXTRACTED,,Extracted from table on page 11
NER_00366,GSI,GSI_0366,Assam,Karbi Anglong,DiphuDhansiri road,25.83128,93.45257,,Slide,,11,TABLE_EXTRACTED,,Extracted from table on page 11
NER_00367,GSI,GSI_0367,Assam,Kamrup (Rural),Ukiam,25.84,91.35,,Slide,,11,TABLE_EXTRACTED,,Extracted from table on page 11
NER_00368,GSI,GSI_0368,Assam,Karbi Anglong,Diphu,25.84152,93.45138,,Slide,,11,TABLE_EXTRACTED,,Extracted from table on page 11
NER_00369,GSI,GSI_0369,Assam,Karbi Anglong,Diphu,25.84267,93.45244,,Slide,,11,TABLE_EXTRACTED,,Extracted from table on page 11
NER_00370,GSI,GSI_0370,Assam,Karbi Anglong,Diphu,25.84444,93.45331,,Slide,,11,TABLE_EXTRACTED,,Extracted from table on page 11
NER_00371,GSI,GSI_0371,Assam,West Karbi Anglong,Hamren-Amlong road,25.84494,92.61514,,Slide,,11,TABLE_EXTRACTED,,Extracted from table on page 11
NER_00372,GSI,GSI_0372,Assam,Karbi Anglong,DhansiriChiru Timung road,25.84512,93.56682,,Slide,,11,TABLE_EXTRACTED,,Extracted from table on page 11
NER_00373,GSI,GSI_0373,Assam,Karbi Anglong,"Along Northeast Frontiers
Railway line",25.84516,93.68408,,Slide,,11,TABLE_EXTRACTED,,Extracted from table on page 11
NER_00374,GSI,GSI_0374,Assam,Karbi Anglong,DiphuDimapur road,25.84541,93.68312,,Slide,,11,TABLE_EXTRACTED,,Extracted from table on page 11
NER_00375,GSI,GSI_0375,Assam,Karbi Anglong,"Along Northeast Frontiers
Railway line",25.8465,93.687,,Slide,,11,TABLE_EXTRACTED,,Extracted from table on page 11
NER_00376,GSI,GSI_0376,Assam,Karbi Anglong,Near Railway line,25.84782,93.70174,,Slide,,11,TABLE_EXTRACTED,,Extracted from table on page 11
NER_00377,GSI,GSI_0377,Assam,West Karbi Anglong,"Mikading-Pangyatiso-Ranghidi
road",25.84875,92.68328,,Slide,,11,TABLE_EXTRACTED,,Extracted from table on page 11
NER_00378,GSI,GSI_0378,Assam,West Karbi Anglong,"Mikading-Pangyatiso-Ranghidi
road",25.84967,92.69042,,Slide,,12,TABLE_EXTRACTED,DUP_GROUP_131,Extracted from table on page 12
NER_00379,GSI,GSI_0379,Assam,West Karbi Anglong,"Mikading-Pangyatiso-Ranghidi
road",25.84992,92.69072,,Slide,,12,TABLE_EXTRACTED,DUP_GROUP_131,Extracted from table on page 12
NER_00380,GSI,GSI_0380,Assam,Karbi Anglong,DhansiriChiru Timung road,25.85072,93.56682,,Slide,,12,TABLE_EXTRACTED,,Extracted from table on page 12
NER_00381,GSI,GSI_0381,Assam,West Karbi Anglong,"Mikading-Pangyatiso-Ranghidi
road",25.8515,92.69203,,Slide,,12,TABLE_EXTRACTED,,Extracted from table on page 12
NER_00382,GSI,GSI_0382,Assam,West Karbi Anglong,"SH-18, Hamren road",25.85167,92.58089,,Slide,,12,TABLE_EXTRACTED,,Extracted from table on page 12
NER_00383,GSI,GSI_0383,Assam,Karbi Anglong,DhansiriChiru Timung road,25.85189,93.56633,,Slide,,12,TABLE_EXTRACTED,,Extracted from table on page 12
NER_00384,GSI,GSI_0384,Assam,Karbi Anglong,DhansiriChiru Timung road,25.85487,93.56583,,Slide,,12,TABLE_EXTRACTED,DUP_GROUP_132,Extracted from table on page 12
NER_00385,GSI,GSI_0385,Assam,Karbi Anglong,DhansiriChiru Timung road,25.85498,93.56638,,Slide,,12,TABLE_EXTRACTED,DUP_GROUP_132,Extracted from table on page 12
NER_00386,GSI,GSI_0386,Assam,West Karbi Anglong,Hamren,25.85544,92.57369,,Slide,,12,TABLE_EXTRACTED,,Extracted from table on page 12
NER_00387,GSI,GSI_0387,Assam,West Karbi Anglong,Kolonga-Teran-Rongsope road,25.85992,92.72558,,Slide,,12,TABLE_EXTRACTED,,Extracted from table on page 12
NER_00388,GSI,GSI_0388,Assam,West Karbi Anglong,Hamren,25.864186,92.571047,,Slide,,12,TABLE_EXTRACTED,,Extracted from table on page 12
NER_00389,GSI,GSI_0389,Assam,West Karbi Anglong,"SH-18, Hamren road",25.86958,92.59411,,Slide,,12,TABLE_EXTRACTED,,Extracted from table on page 12
NER_00390,GSI,GSI_0390,Assam,Karbi Anglong,DilaijiMon Terang road,25.88494,93.45792,,Slide,,12,TABLE_EXTRACTED,,Extracted from table on page 12
NER_00391,GSI,GSI_0391,Assam,West Karbi Anglong,"SH-19, Donkamokam-Hamren
road",25.88692,92.61347,,Slide,,12,TABLE_EXTRACTED,,Extracted from table on page 12
NER_00392,GSI,GSI_0392,Assam,West Karbi Anglong,"SH-19, Donkamokam-Hamren
road",25.90653,92.65819,,Slide,,12,TABLE_EXTRACTED,,Extracted from table on page 12
NER_00393,GSI,GSI_0393,Assam,West Karbi Anglong,"SH-19, Donkamokam-Hamren
road",25.90692,92.64714,,Slide,,12,TABLE_EXTRACTED,,Extracted from table on page 12
NER_00394,GSI,GSI_0394,Assam,Kamrup (Rural),East of Rajupara village,25.91,91.4,,Slide,,12,TABLE_EXTRACTED,,Extracted from table on page 12
NER_00395,GSI,GSI_0395,Assam,West Karbi Anglong,"W of Padam Pukhuri, SH-16",25.945,92.66358,,Slide,,12,TABLE_EXTRACTED,,Extracted from table on page 12
NER_00396,GSI,GSI_0396,Assam,West Karbi Anglong,"~1.5 Km West of Umpanai.
Sunani - Umpanai road",25.946611,92.305361,,Slide,,12,TABLE_EXTRACTED,,Extracted from table on page 12
NER_00397,GSI,GSI_0397,Assam,Kamrup (Rural),Boko-Baghmara road,25.95,91.28,,Slide,,12,TABLE_EXTRACTED,,Extracted from table on page 12
NER_00398,GSI,GSI_0398,Assam,West Karbi Anglong,"SH-18, Baithalangso-Tika road",25.95381,92.60444,,Slide,,12,TABLE_EXTRACTED,DUP_GROUP_133,Extracted from table on page 12
NER_00399,GSI,GSI_0399,Assam,West Karbi Anglong,"SH-18, Baithalangso-Tika road",25.95386,92.60367,,Slide,,12,TABLE_EXTRACTED,DUP_GROUP_133,Extracted from table on page 12
NER_00400,GSI,GSI_0400,Assam,Karbi Anglong,NH39,25.95514,93.72997,,Slide,,12,TABLE_EXTRACTED,,Extracted from table on page 12
NER_00401,GSI,GSI_0401,Assam,West Karbi Anglong,"Karbi Langpi hydro dam (power
house road)",25.95931,92.51753,,Slide,,12,TABLE_EXTRACTED,,Extracted from table on page 12
NER_00402,GSI,GSI_0402,Assam,West Karbi Anglong,"SH-18, Baithalangso-Tika road",25.96094,92.60122,,Slide,,12,TABLE_EXTRACTED,,Extracted from table on page 12
NER_00403,GSI,GSI_0403,Assam,West Karbi Anglong,"~1Km North-West of Ulukunchi.
Sunani - Umpanai road",25.961444,92.341333,,Slide,,12,TABLE_EXTRACTED,,Extracted from table on page 12
NER_00404,GSI,GSI_0404,Assam,Karbi Anglong,NH36,25.96256,93.46922,,Slide,,12,TABLE_EXTRACTED,DUP_GROUP_134,Extracted from table on page 12
NER_00405,GSI,GSI_0405,Assam,Karbi Anglong,NH36,25.96272,93.46964,,Slide,,12,TABLE_EXTRACTED,DUP_GROUP_134,Extracted from table on page 12
NER_00406,GSI,GSI_0406,Assam,West Karbi Anglong,"Chinthong block, Baithalangso",25.965731,92.59267,,Slide,,12,TABLE_EXTRACTED,,Extracted from table on page 12
NER_00407,GSI,GSI_0407,Assam,West Karbi Anglong,"~500 meter South of Silaguri,
Sunani - Umpanai road",25.96667,92.356917,,Slide,,12,TABLE_EXTRACTED,,Extracted from table on page 12
NER_00408,GSI,GSI_0408,Assam,West Karbi Anglong,"~300 meter South of Silaguri,
Sunani - Umpanai road",25.968083,92.3575,,Slide,,12,TABLE_EXTRACTED,,Extracted from table on page 12
NER_00409,GSI,GSI_0409,Assam,West Karbi Anglong,"~1.5 Km South of Mortin,
Sunani - Umpanai road",25.977194,92.354778,,Slide,,12,TABLE_EXTRACTED,,Extracted from table on page 12
NER_00410,GSI,GSI_0410,Assam,West Karbi Anglong,"SH-16, East of Amtreng Market",25.98219,92.51892,,Slide,,13,TABLE_EXTRACTED,,Extracted from table on page 13
NER_00411,GSI,GSI_0411,Assam,West Karbi Anglong,N of Amtreng nala,25.98736,,,Slide,,13,TABLE_EXTRACTED,,Extracted from table on page 13
NER_00412,GSI,GSI_0412,Assam,Goalpara,NH-37/Bolbola village,26.006,90.595,,Slide,,13,TABLE_EXTRACTED,,Extracted from table on page 13
NER_00413,GSI,GSI_0413,Assam,West Karbi Anglong,Nellie - Umpanai-Umswai road,26.012,92.264167,,Slide,,13,TABLE_EXTRACTED,,Extracted from table on page 13
NER_00414,GSI,GSI_0414,Assam,West Karbi Anglong,Nellie - Umpanai-Umswai road,26.013528,92.266083,,Slide,,13,TABLE_EXTRACTED,,Extracted from table on page 13
NER_00415,GSI,GSI_0415,Assam,West Karbi Anglong,"~1.2 Km North-East of
Duronggaon, Amsoi- Amtrang
road",26.016389,92.48225,,Slide,,13,TABLE_EXTRACTED,,Extracted from table on page 13
NER_00416,GSI,GSI_0416,Assam,West Karbi Anglong,"~500 meter North of Asukunchi,
Nellie - Umpanai-Umswai road",26.022833,92.274028,,Slide,,13,TABLE_EXTRACTED,,Extracted from table on page 13
NER_00417,GSI,GSI_0417,Assam,West Karbi Anglong,"Darongaon, Amsoi- Amtrang
road",26.024167,92.475,,Slide,,13,TABLE_EXTRACTED,,Extracted from table on page 13
NER_00418,GSI,GSI_0418,Assam,West Karbi Anglong,"~1.5 Km North of Duronggaon,
Amsoi- Amtrang road",26.030972,92.474139,,Slide,,13,TABLE_EXTRACTED,DUP_GROUP_135,Extracted from table on page 13
NER_00419,GSI,GSI_0419,Assam,West Karbi Anglong,Amsoi- Amtrang road,26.031528,92.472778,,Slide,,13,TABLE_EXTRACTED,DUP_GROUP_136,Extracted from table on page 13
NER_00420,GSI,GSI_0420,Assam,West Karbi Anglong,"~1.2 Km North of Duronggaon,
Amsoi- Amtrang road",26.031583,92.47375,,Slide,,13,TABLE_EXTRACTED,DUP_GROUP_135,Extracted from table on page 13
NER_00421,GSI,GSI_0421,Assam,West Karbi Anglong,Nellie - Umpanai-Umswai road,26.03275,92.271861,,Slide,,13,TABLE_EXTRACTED,,Extracted from table on page 13
NER_00422,GSI,GSI_0422,Assam,West Karbi Anglong,Amsoi- Amtrang road,26.033556,92.468056,,Slide,,13,TABLE_EXTRACTED,,Extracted from table on page 13
NER_00423,GSI,GSI_0423,Assam,West Karbi Anglong,Amsoi- Amtrang road,26.035278,92.470861,,Slide,,13,TABLE_EXTRACTED,,Extracted from table on page 13
NER_00424,GSI,GSI_0424,Assam,West Karbi Anglong,Nellie - Umpanai-Umswai road,26.036583,92.273056,,Slide,,13,TABLE_EXTRACTED,,Extracted from table on page 13
NER_00425,GSI,GSI_0425,Assam,West Karbi Anglong,Amsoi- Amtrang road,26.039194,92.4595,,Slide,,13,TABLE_EXTRACTED,,Extracted from table on page 13
NER_00426,GSI,GSI_0426,Assam,West Karbi Anglong,Nellie - Umpanai-Umswai road,26.039361,92.273806,,Slide,,13,TABLE_EXTRACTED,,Extracted from table on page 13
NER_00427,GSI,GSI_0427,Assam,Kamrup,Barkasarong,26.0405,92.0355,,Slide,,13,TABLE_EXTRACTED,,Extracted from table on page 13
NER_00428,GSI,GSI_0428,Assam,West Karbi Anglong,Nellie - Umpanai-Umswai road,26.042139,92.27525,,Slide,,13,TABLE_EXTRACTED,,Extracted from table on page 13
NER_00429,GSI,GSI_0429,Assam,Kamrup,"Enroute to Kasangmala, Kamrup",26.043267,92.055531,,Slide,,13,TABLE_EXTRACTED,,Extracted from table on page 13
NER_00430,GSI,GSI_0430,Assam,West Karbi Anglong,"~1 Km North-East of Dolaigaon,
Amsoi- Amtrang road",26.043583,92.440528,,Slide,,13,TABLE_EXTRACTED,DUP_GROUP_137,Extracted from table on page 13
NER_00431,GSI,GSI_0431,Assam,West Karbi Anglong,Amsoi- Amtrang road,26.043583,92.452222,,Slide,,13,TABLE_EXTRACTED,,Extracted from table on page 13
NER_00432,GSI,GSI_0432,Assam,West Karbi Anglong,"~1.2 Km North-East of
Dolaigaon, Amsoi- Amtrang
road",26.043611,92.440944,,Slide,,13,TABLE_EXTRACTED,DUP_GROUP_137,Extracted from table on page 13
NER_00433,GSI,GSI_0433,Assam,West Karbi Anglong,"~1.5 Km North-East of
Dolaigaon, Amsoi- Amtrang
road",26.043722,92.441472,,Slide,,13,TABLE_EXTRACTED,DUP_GROUP_138,Extracted from table on page 13
NER_00434,GSI,GSI_0434,Assam,West Karbi Anglong,"~1.5 Km South-East
ofTakbigang, Amsoi- Amtrang
road",26.045472,92.457417,,Slide,,13,TABLE_EXTRACTED,,Extracted from table on page 13
NER_00435,GSI,GSI_0435,Assam,West Karbi Anglong,"~1Km South-West ofTakbigang,
Amsoi- Amtrang road",26.045806,92.450778,,Slide,,13,TABLE_EXTRACTED,,Extracted from table on page 13
NER_00436,GSI,GSI_0436,Assam,West Karbi Anglong,"East of Barimgaon, Amsoi-
Amtrang road",26.048611,92.432194,,Slide,,14,TABLE_EXTRACTED,,Extracted from table on page 14
NER_00437,GSI,GSI_0437,Assam,Kamrup,"Tanduk, Kamrup",26.050286,91.880072,,Slide,,14,TABLE_EXTRACTED,,Extracted from table on page 14
NER_00438,GSI,GSI_0438,Assam,Karbi Anglong,SE of Charbong,26.056083,93.406528,,Slide,,14,TABLE_EXTRACTED,,Extracted from table on page 14
NER_00439,GSI,GSI_0439,Assam,Karbi Anglong,SE of Charbong,26.058972,93.406972,,Slide,,14,TABLE_EXTRACTED,,Extracted from table on page 14
NER_00440,GSI,GSI_0440,Assam,Goalpara,Phophonga village,26.061,90.605,,Slide,,14,TABLE_EXTRACTED,,Extracted from table on page 14
NER_00441,GSI,GSI_0441,Assam,Kamrup,"En-route Noonmati-3, Kamrup",26.061861,92.147889,,Slide,,14,TABLE_EXTRACTED,,Extracted from table on page 14
NER_00442,GSI,GSI_0442,Assam,Kamrup,"Marakdola, near Aluminium
production factory, Kamrup",26.0641,91.889136,,Slide,,14,TABLE_EXTRACTED,,Extracted from table on page 14
NER_00443,GSI,GSI_0443,Assam,Kamrup,"En-route Noonmati-2, Kamrup",26.065167,92.150639,,Slide,,14,TABLE_EXTRACTED,,Extracted from table on page 14
NER_00444,GSI,GSI_0444,Assam,Kamrup,"Garbhanga Reserved Forest,
Kamrup",26.071556,91.734028,,Slide,,14,TABLE_EXTRACTED,,Extracted from table on page 14
NER_00445,GSI,GSI_0445,Assam,Kamrup,"Langdong, Kamrup",26.077653,91.982292,,Slide,,14,TABLE_EXTRACTED,,Extracted from table on page 14
NER_00446,GSI,GSI_0446,Assam,Kamrup,"Tapatali, Nadighat, Kamrup",26.077806,92.170389,,Slide,,14,TABLE_EXTRACTED,,Extracted from table on page 14
NER_00447,GSI,GSI_0447,Assam,Kamrup,"Enroute to Barkasarong,
Kamrup",26.077844,92.035022,,Slide,,14,TABLE_EXTRACTED,,Extracted from table on page 14
NER_00448,GSI,GSI_0448,Assam,Kamrup,"Naukuchi, en-route to
Magursila, Kamrup",26.080139,92.032667,,Slide,,14,TABLE_EXTRACTED,,Extracted from table on page 14
NER_00449,GSI,GSI_0449,Assam,Kamrup,"Gharara-3, Kamrup",26.083972,92.14525,,Slide,,14,TABLE_EXTRACTED,,Extracted from table on page 14
NER_00450,GSI,GSI_0450,Assam,Kamrup,"Nibira Gaon, Anganbari, Kamrup",26.094578,92.135144,,Slide,,14,TABLE_EXTRACTED,,Extracted from table on page 14
NER_00451,GSI,GSI_0451,Assam,Nagaon,"~300 meter North of
Garampani, Amsoi- Amtrang
road",26.096722,92.43875,,Fall,,14,TABLE_EXTRACTED,,Extracted from table on page 14
NER_00452,GSI,GSI_0452,Assam,Kamrup,"Alenga-Kanaidas, Sonapur,
Kamrup",26.097986,91.980589,,Slide,,14,TABLE_EXTRACTED,,Extracted from table on page 14
NER_00453,GSI,GSI_0453,Assam,Dima Hasao,"Between Phiding and Dautohaja
Railway Station, NFR.",26.098167,91.881278,,Slide,,14,TABLE_EXTRACTED,,Extracted from table on page 14
NER_00454,GSI,GSI_0454,Assam,Nagaon,"~500 meter North of
Garampani, Amsoi- Amtrang
road",26.098222,92.439389,,Slide,,14,TABLE_EXTRACTED,,Extracted from table on page 14
NER_00455,GSI,GSI_0455,Assam,Kamrup,NH-37,26.099975,91.876625,,Slide,,14,TABLE_EXTRACTED,,Extracted from table on page 14
NER_00456,GSI,GSI_0456,Assam,Nagaon,Amsoi- Amtrang road,26.101333,92.440556,,Slide,,14,TABLE_EXTRACTED,DUP_GROUP_140,Extracted from table on page 14
NER_00457,GSI,GSI_0457,Assam,Kamrup,"Barbitli to Tighira road, Kamrup",26.10175,92.040222,,Slide,,14,TABLE_EXTRACTED,,Extracted from table on page 14
NER_00458,GSI,GSI_0458,Assam,Nagaon,Amsoi- Amtrang road,26.102167,92.440472,,Slide,,14,TABLE_EXTRACTED,DUP_GROUP_140,Extracted from table on page 14
NER_00459,GSI,GSI_0459,Assam,Nagaon,Amsoi- Amtrang road,26.102333,92.4415,,Slide,,14,TABLE_EXTRACTED,DUP_GROUP_141,Extracted from table on page 14
NER_00460,GSI,GSI_0460,Assam,Nagaon,Amsoi- Amtrang road,26.102667,92.441639,,Slide,,14,TABLE_EXTRACTED,DUP_GROUP_141,Extracted from table on page 14
NER_00461,GSI,GSI_0461,Assam,Kamrup,"10th mile, Khanapara",26.102944,91.862111,,Slide,,14,TABLE_EXTRACTED,,Extracted from table on page 14
NER_00462,GSI,GSI_0462,Assam,Nagaon,Amsoi- Amtrang road,26.103028,92.440889,,Slide,,14,TABLE_EXTRACTED,DUP_GROUP_142,Extracted from table on page 14
NER_00463,GSI,GSI_0463,Assam,Nagaon,Amsoi- Amtrang road,26.105667,92.441,,Slide,,14,TABLE_EXTRACTED,,Extracted from table on page 14
NER_00464,GSI,GSI_0464,Assam,Kamrup,"Matiapahar, Natun bosti near
Rani gate",26.105806,91.62275,,Slide,,14,TABLE_EXTRACTED,DUP_GROUP_144,Extracted from table on page 14
NER_00465,GSI,GSI_0465,Assam,Kamrup (Metro),"About 500 m south of Game
village, Lalmati, NH-37",26.10711,91.78917,,Flow,,14,TABLE_EXTRACTED,DUP_GROUP_145,Extracted from table on page 14
NER_00466,GSI,GSI_0466,Assam,Nagaon,Amsoi- Amtrang road,26.10725,92.44,,Slide,,14,TABLE_EXTRACTED,DUP_GROUP_146,Extracted from table on page 14
NER_00467,GSI,GSI_0467,Assam,Nagaon,Amsoi- Amtrang road,26.107667,92.44003,,Slide,,14,TABLE_EXTRACTED,DUP_GROUP_146,Extracted from table on page 14
NER_00468,GSI,GSI_0468,Assam,Nagaon,Amsoi- Amtrang road,26.108417,92.440222,,Slide,,14,TABLE_EXTRACTED,DUP_GROUP_147,Extracted from table on page 14
NER_00469,GSI,GSI_0469,Assam,Kamrup,"Marangabari, Kamrup",26.109222,91.939,,Slide,,14,TABLE_EXTRACTED,,Extracted from table on page 14
NER_00470,GSI,GSI_0470,Assam,Dima Hasao,"Between NFR Bridge No. 305
and Tunnel No. 19 (~2 km SW of
Bandarkhal Railway Station).",26.11,94.76,,Slide,,15,TABLE_EXTRACTED,,Extracted from table on page 15
NER_00471,GSI,GSI_0471,Assam,Kamrup,"En-route Medhikuchi to Upper
Tepesiya, Kamrup",26.110056,91.908944,,Slide,,15,TABLE_EXTRACTED,,Extracted from table on page 15
NER_00472,GSI,GSI_0472,Assam,Nagaon,Amsoi- Amtrang road,26.110139,92.439333,,Slide,,15,TABLE_EXTRACTED,,Extracted from table on page 15
NER_00473,GSI,GSI_0473,Assam,Kamrup,"Between Jorabat and
Kamarkuchi, NH-37",26.110944,91.887917,,Slide,,15,TABLE_EXTRACTED,,Extracted from table on page 15
NER_00474,GSI,GSI_0474,Assam,Kamrup,"2 no. Rabingaon, Kamrup",26.112083,92.091028,,Slide,,15,TABLE_EXTRACTED,,Extracted from table on page 15
NER_00475,GSI,GSI_0475,Assam,Kamrup,NH37 towards Shillong.,26.112667,91.853889,,Slide,,15,TABLE_EXTRACTED,DUP_GROUP_148,Extracted from table on page 15
NER_00476,GSI,GSI_0476,Assam,Nagaon,Amsoi- Amtrang road,26.113639,92.441222,,Slide,,15,TABLE_EXTRACTED,,Extracted from table on page 15
NER_00477,GSI,GSI_0477,Assam,Kamrup,"Garobasti, 8th Mile, near
Khanapara, Kamrup",26.115139,91.837833,,Slide,,15,TABLE_EXTRACTED,,Extracted from table on page 15
NER_00478,GSI,GSI_0478,Assam,Nagaon,Amsoi- Amtrang road,26.116972,92.440083,,Slide,,15,TABLE_EXTRACTED,DUP_GROUP_149,Extracted from table on page 15
NER_00479,GSI,GSI_0479,Assam,Nagaon,Amsoi- Amtrang road,26.117111,92.441028,,Slide,,15,TABLE_EXTRACTED,DUP_GROUP_149,Extracted from table on page 15
NER_00480,GSI,GSI_0480,Assam,Nagaon,"Amsoi nala, Amsoi- Amtrang
road",26.117417,92.438667,,Slide,,15,TABLE_EXTRACTED,,Extracted from table on page 15
NER_00481,GSI,GSI_0481,Assam,Nagaon,"~1.5 Km East of Rongphigaon,
Amsoi- Amtrang road",26.118167,92.440944,,Slide,,15,TABLE_EXTRACTED,,Extracted from table on page 15
NER_00482,GSI,GSI_0482,Assam,Nagaon,"~1.2 Km East of Rongphigaon,
Amsoi- Amtrang road",26.119417,92.439972,,Slide,,15,TABLE_EXTRACTED,,Extracted from table on page 15
NER_00483,GSI,GSI_0483,Assam,Kamrup,"Datapara, Phatasil Hill",26.121056,91.716389,,Slide,,15,TABLE_EXTRACTED,,Extracted from table on page 15
NER_00484,GSI,GSI_0484,Assam,Kamrup,"Jagdal, SSB Camp, 1 km north
from NH-37, Kamrup",26.129583,91.938306,,Slide,,15,TABLE_EXTRACTED,,Extracted from table on page 15
NER_00485,GSI,GSI_0485,Assam,Kamrup,"Punjabari, Guwahati",26.13222,91.83972,,Fall,,15,TABLE_EXTRACTED,,Extracted from table on page 15
NER_00486,GSI,GSI_0486,Assam,Kamrup (Metro),Kahilipara-Ganesh mandir road.,26.13442,91.7501,,Flow,,15,TABLE_EXTRACTED,,Extracted from table on page 15
NER_00487,GSI,GSI_0487,Assam,Kamrup,,26.13611,91.74056,,Topple,,15,TABLE_EXTRACTED,,Extracted from table on page 15
NER_00488,GSI,GSI_0488,Assam,Kamrup,Paltan Bazar-Lakhra road,26.149444,91.748,,Subsidence,,15,TABLE_EXTRACTED,DUP_GROUP_150,Extracted from table on page 15
NER_00489,GSI,GSI_0489,Assam,Kamrup (Metro),Jonali path,26.150537,91.727981,,Slide,,15,TABLE_EXTRACTED,DUP_GROUP_151,Extracted from table on page 15
NER_00490,GSI,GSI_0490,Assam,Kamrup,"Sakauripara, Namghar, Kamrup",26.153556,92.038694,,Slide,,15,TABLE_EXTRACTED,,Extracted from table on page 15
NER_00491,GSI,GSI_0491,Assam,Kamrup (Metro),Hengrabari,26.15428,91.79264,,Slide,,15,TABLE_EXTRACTED,DUP_GROUP_153,Extracted from table on page 15
NER_00492,GSI,GSI_0492,Assam,Kamrup (Metro),"Hegrabari Road, near Ganeshgu
ri, Guwahati.",26.15461,91.80086,,Flow,,15,TABLE_EXTRACTED,DUP_GROUP_154,Extracted from table on page 15
NER_00493,GSI,GSI_0493,Assam,Kamrup (Metro),Guwahati-Shillong Road,26.15478,91.77411,,Flow,,15,TABLE_EXTRACTED,DUP_GROUP_155,Extracted from table on page 15
NER_00494,GSI,GSI_0494,Assam,Kamrup,"Lechubagan, Udaynagar,
Japorigog Hill, Kamrup",26.155,91.798167,,Slide,,15,TABLE_EXTRACTED,,Extracted from table on page 15
NER_00495,GSI,GSI_0495,Assam,Kamrup,"Amchang Tea Garden, Towards
Sonapur",26.158639,91.921889,,Slide,,15,TABLE_EXTRACTED,,Extracted from table on page 15
NER_00496,GSI,GSI_0496,Assam,Kamrup,Amchang Tea Garden,26.159139,91.915583,,Slide,,15,TABLE_EXTRACTED,,Extracted from table on page 15
NER_00497,GSI,GSI_0497,Assam,Kamrup,Amchang Tea Garden,26.159333,91.917611,,Slide,,15,TABLE_EXTRACTED,,Extracted from table on page 15
NER_00498,GSI,GSI_0498,Assam,Kamrup,SH:AT Road,26.1625,91.71444,,Flow,,15,TABLE_EXTRACTED,,Extracted from table on page 15
NER_00499,GSI,GSI_0499,Assam,Kamrup,"Nilachal Pahar, Guwahati.",26.166583,91.714806,,Slide,,15,TABLE_EXTRACTED,DUP_GROUP_156,Extracted from table on page 15
NER_00500,GSI,GSI_0500,Assam,Kamrup,"Bejeni-1, Garwani Parbat,
Kamrup",26.171972,92.002611,,Slide,,15,TABLE_EXTRACTED,,Extracted from table on page 15
NER_00501,GSI,GSI_0501,Assam,Nagaon,Rengbeng tea garden,26.172917,92.762778,,Slide,,15,TABLE_EXTRACTED,,Extracted from table on page 15
NER_00502,GSI,GSI_0502,Assam,Kamrup (Metro),"Pub Sarania hill, Guwahati",26.1755,91.76175,,Slide,,15,TABLE_EXTRACTED,DUP_GROUP_158,Extracted from table on page 15
NER_00503,GSI,GSI_0503,Assam,Kamrup (Metro),Zoo Tiniali-Narengi Road,26.17672,91.78672,,Flow,,15,TABLE_EXTRACTED,DUP_GROUP_159,Extracted from table on page 15
NER_00504,GSI,GSI_0504,Assam,Kamrup (Metro),Ganpat Mandir road,26.17672,91.76525,,Slide,,15,TABLE_EXTRACTED,DUP_GROUP_160,Extracted from table on page 15
NER_00505,GSI,GSI_0505,Assam,Kamrup (Metro),Ganpat Mandir road,26.17756,91.76589,,Slide,,16,TABLE_EXTRACTED,DUP_GROUP_161,Extracted from table on page 16
NER_00506,GSI,GSI_0506,Assam,Kamrup,,26.17806,91.76083,,,,16,TABLE_EXTRACTED,,Extracted from table on page 16
NER_00507,GSI,GSI_0507,Assam,Kamrup (Metro),Tuinang colony,26.18842,91.85125,,Slide,,16,TABLE_EXTRACTED,DUP_GROUP_162,Extracted from table on page 16
NER_00508,GSI,GSI_0508,Assam,Kamrup (Metro),Chandmari Road,26.18867,91.76694,,Flow,,16,TABLE_EXTRACTED,DUP_GROUP_163,Extracted from table on page 16
NER_00509,GSI,GSI_0509,Assam,Kamrup,,26.18917,91.80111,,,,16,TABLE_EXTRACTED,,Extracted from table on page 16
NER_00510,GSI,GSI_0510,Assam,Kamrup,"Akashinagar, Jyotinagar,
Nabagraha Hill",26.189306,91.787944,,Slide,,16,TABLE_EXTRACTED,DUP_GROUP_164,Extracted from table on page 16
NER_00511,GSI,GSI_0511,Assam,Kamrup (Metro),"Akashi Nagar, Jyoti Nagar,
Guwahati.",26.1895,91.787167,,Slide,,16,TABLE_EXTRACTED,DUP_GROUP_164,Extracted from table on page 16
NER_00512,GSI,GSI_0512,Assam,Kamrup,"3no. Salbari, Babuji nagar,
Kharghuli Hill, Kamrup",26.19025,91.806472,,Slide,,16,TABLE_EXTRACTED,,Extracted from table on page 16
NER_00513,GSI,GSI_0513,Assam,Kamrup (Metro),"Noonmati, Guwahati",26.190389,91.809944,,Slide,,16,TABLE_EXTRACTED,DUP_GROUP_167,Extracted from table on page 16
NER_00514,GSI,GSI_0514,Assam,Kamrup (Metro),"Babubasti–Panikhaiti road
section/Bonda colony, Amgaon",26.19081,91.84528,,Slide,,16,TABLE_EXTRACTED,,Extracted from table on page 16
NER_00515,GSI,GSI_0515,Assam,Kamrup,"Salbari, Nepali chowk, Kharghuli
Hill, Kamrup",26.191667,91.803611,,Slide,,16,TABLE_EXTRACTED,DUP_GROUP_168,Extracted from table on page 16
NER_00516,GSI,GSI_0516,Assam,Kamrup,,26.19167,91.79028,,,,16,TABLE_EXTRACTED,,Extracted from table on page 16
NER_00517,GSI,GSI_0517,Assam,Kamrup (Metro),"Mandakini path, Kharghuli",26.192444,91.764222,,Slide,,16,TABLE_EXTRACTED,DUP_GROUP_169,Extracted from table on page 16
NER_00518,GSI,GSI_0518,Assam,Kamrup,"Hastinapur Near Jorabat
opposite of Cow bazaar",26.195306,91.765639,,Slide,,16,TABLE_EXTRACTED,DUP_GROUP_170,Extracted from table on page 16
NER_00519,GSI,GSI_0519,Assam,Kamrup (Metro),"Njiura Par Path, Piyali Phukan
Nagar, Guwahati",26.195528,91.780556,,Slide,,16,TABLE_EXTRACTED,DUP_GROUP_171,Extracted from table on page 16
NER_00520,GSI,GSI_0520,Assam,Kamrup (Metro),Chandmari Road,26.19622,91.76336,,Flow,,16,TABLE_EXTRACTED,DUP_GROUP_172,Extracted from table on page 16
NER_00521,GSI,GSI_0521,Assam,Goalpara,NH-31/Suapata,26.198,90.298,,Slide,,16,TABLE_EXTRACTED,,Extracted from table on page 16
NER_00522,GSI,GSI_0522,Assam,Dima Hasao,,26.20261,91.14528,,,,16,TABLE_EXTRACTED,,Extracted from table on page 16
NER_00523,GSI,GSI_0523,Assam,Kamrup (Metro),"Panikhaiti, Bongaon, near
railway line.",26.20536,91.86497,,Slide,,16,TABLE_EXTRACTED,,Extracted from table on page 16
NER_00524,GSI,GSI_0524,Assam,Kamrup,"Garogaon Primary School,
Barigog-Panbari, Kamrup",26.205583,91.963222,,Slide,,16,TABLE_EXTRACTED,,Extracted from table on page 16
NER_00525,GSI,GSI_0525,Assam,Kamrup,"infront of IIT Guwahati
approach",26.211111,91.684167,,Topple,,16,TABLE_EXTRACTED,DUP_GROUP_173,Extracted from table on page 16
NER_00526,GSI,GSI_0526,Assam,Morigaon,"Khatargaon, Bura Mayang
Pahar, Morigaon",26.250333,91.976694,,Slide,,16,TABLE_EXTRACTED,,Extracted from table on page 16
NER_00527,GSI,GSI_0527,Assam,Kamrup,Bolabil near Kali mandir,26.256139,91.711583,,Slide,,16,TABLE_EXTRACTED,,Extracted from table on page 16
NER_00528,GSI,GSI_0528,Assam,Karbi Anglong,Samelangso-Langlangso road,26.297306,93.211833,,Slide,,16,TABLE_EXTRACTED,DUP_GROUP_174,Extracted from table on page 16
NER_00529,GSI,GSI_0529,Assam,Karbi Anglong,Samelangso-Langlangso road,26.297778,93.211111,,Slide,,16,TABLE_EXTRACTED,DUP_GROUP_174,Extracted from table on page 16
NER_00530,GSI,GSI_0530,Assam,Karbi Anglong,Samelangso-Langlangso road,26.298389,93.21625,,Slide,,16,TABLE_EXTRACTED,,Extracted from table on page 16
NER_00531,GSI,GSI_0531,Assam,Karbi Anglong,Samelangso-Langlangso road,26.302944,93.225389,,Slide,,16,TABLE_EXTRACTED,DUP_GROUP_175,Extracted from table on page 16
NER_00532,GSI,GSI_0532,Assam,Karbi Anglong,Samelangso-Langlangso road,26.303333,93.225694,,Slide,,16,TABLE_EXTRACTED,DUP_GROUP_175,Extracted from table on page 16
NER_00533,GSI,GSI_0533,Assam,Karbi Anglong,Sartherang Juri,26.307972,93.275722,,Slide,,16,TABLE_EXTRACTED,,Extracted from table on page 16
NER_00534,GSI,GSI_0534,Assam,Karbi Anglong,"Rongar-eh ΓÇô Pinghat
Rangpigaon ΓÇô Tiabergaon
Road Section",26.314847,93.256125,,Slide,,16,TABLE_EXTRACTED,DUP_GROUP_176,Extracted from table on page 16
NER_00535,GSI,GSI_0535,Assam,Karbi Anglong,"Rongar-eh ΓÇô Pinghat
Rangpigaon ΓÇô Tiabergaon
Road Section",26.314964,93.256408,,Slide,,16,TABLE_EXTRACTED,DUP_GROUP_176,Extracted from table on page 16
NER_00536,GSI,GSI_0536,Assam,Karbi Anglong,Waterfall road,26.323083,93.093167,,Slide,,17,TABLE_EXTRACTED,,Extracted from table on page 17
NER_00537,GSI,GSI_0537,Assam,Karbi Anglong,Pinghat Rangpigaon,26.32685,93.267639,,Slide,,17,TABLE_EXTRACTED,,Extracted from table on page 17
NER_00538,GSI,GSI_0538,Assam,Karbi Anglong,Pinghat Rangpigaon,26.3287,93.269194,,Slide,,17,TABLE_EXTRACTED,,Extracted from table on page 17
NER_00539,GSI,GSI_0539,Assam,Karbi Anglong,"Bhelughat-Bisarpur Terongaon
road",26.339833,93.099972,,Slide,,17,TABLE_EXTRACTED,,Extracted from table on page 17
NER_00540,GSI,GSI_0540,Assam,Karbi Anglong,Numaligarh-Silonijan road,26.34075,93.78861,,Slide,,17,TABLE_EXTRACTED,,Extracted from table on page 17
NER_00541,GSI,GSI_0541,Assam,Karbi Anglong,Daigurung road,26.3466,93.7356,,Slide,,17,TABLE_EXTRACTED,,Extracted from table on page 17
NER_00542,GSI,GSI_0542,Assam,Karbi Anglong,Dak Ranghanggaon,26.347417,93.2982,,Slide,,17,TABLE_EXTRACTED,,Extracted from table on page 17
NER_00543,GSI,GSI_0543,Assam,Karbi Anglong,Daigurung road,26.3477,93.7399,,Slide,,17,TABLE_EXTRACTED,,Extracted from table on page 17
NER_00544,GSI,GSI_0544,Assam,Karbi Anglong,Daigurung road,26.3478,93.7417,,Slide,,17,TABLE_EXTRACTED,,Extracted from table on page 17
NER_00545,GSI,GSI_0545,Assam,Karbi Anglong,Numaligarh-Silonijan road,26.34838,93.78208,,Slide,,17,TABLE_EXTRACTED,,Extracted from table on page 17
NER_00546,GSI,GSI_0546,Assam,Karbi Anglong,"Thedanghanse- Teranggaon
road",26.34938,93.78091,,Slide,,17,TABLE_EXTRACTED,,Extracted from table on page 17
NER_00547,GSI,GSI_0547,Assam,Karbi Anglong,Langsothedong,26.35622,93.77941,,Slide,,17,TABLE_EXTRACTED,,Extracted from table on page 17
NER_00548,GSI,GSI_0548,Assam,Bongaigaon,Nayapara,26.3733,90.5499,,Slide,,17,TABLE_EXTRACTED,,Extracted from table on page 17
NER_00549,GSI,GSI_0549,Assam,Kamrup (Metro),"Babubasti–Panikhaiti road
section/Bonda colony, Amgaon",26.37456,91.84561,,Slide,,17,TABLE_EXTRACTED,,Extracted from table on page 17
NER_00550,GSI,GSI_0550,Assam,Bongaigaon,Shalabhandar,26.3848,90.5943,,Slide,,17,TABLE_EXTRACTED,,Extracted from table on page 17
NER_00551,GSI,GSI_0551,Assam,Bongaigaon,Majhigaon,26.394,90.48,,Slide,,17,TABLE_EXTRACTED,,Extracted from table on page 17
NER_00552,GSI,GSI_0552,Assam,Karbi Anglong,Anjukpani- Dumroi road,26.483278,93.181306,,Slide,,17,TABLE_EXTRACTED,,Extracted from table on page 17
NER_00553,GSI,GSI_0553,Assam,Karbi Anglong,Dathora ΓÇôTeranggaon road.,26.51925,93.47147,,Slide,,17,TABLE_EXTRACTED,,Extracted from table on page 17
NER_00554,GSI,GSI_0554,Assam,Karbi Anglong,Paniramtokbi,26.5235,93.28166,,Slide,,17,TABLE_EXTRACTED,,Extracted from table on page 17
NER_00555,GSI,GSI_0555,Assam,Jorhat,Mariani-Chanki Rd,26.54,94.37,,Slide,,17,TABLE_EXTRACTED,DUP_GROUP_177,Extracted from table on page 17
NER_00556,GSI,GSI_0556,Assam,Jorhat,Mariani-Chanki Rd,26.54,94.37,,Slide,,17,TABLE_EXTRACTED,DUP_GROUP_177,Extracted from table on page 17
NER_00557,GSI,GSI_0557,Assam,Jorhat,"Mariani-Chanki Rd (New
Chungiayimsen)",26.54,94.37,,Slide,,17,TABLE_EXTRACTED,DUP_GROUP_178,Extracted from table on page 17
NER_00558,GSI,GSI_0558,Assam,Jorhat,Mariani-Chanki Rd,26.55,94.36,,Slide,,17,TABLE_EXTRACTED,DUP_GROUP_180,Extracted from table on page 17
NER_00559,GSI,GSI_0559,Assam,Jorhat,Mariani-Chanki Rd,26.55,94.36,,Slide,,17,TABLE_EXTRACTED,DUP_GROUP_180,Extracted from table on page 17
NER_00560,GSI,GSI_0560,Assam,Jorhat,Mariani-Chanki Rd,26.55,94.36,,Slide,,17,TABLE_EXTRACTED,DUP_GROUP_181,Extracted from table on page 17
NER_00561,GSI,GSI_0561,Assam,Jorhat,Mariani-Chanki Rd,26.55,94.36,,Slide,,17,TABLE_EXTRACTED,DUP_GROUP_182,Extracted from table on page 17
NER_00562,GSI,GSI_0562,Assam,Jorhat,Mariani-Chanki Rd,26.56,94.36,,Slide,,17,TABLE_EXTRACTED,DUP_GROUP_186,Extracted from table on page 17
NER_00563,GSI,GSI_0563,Assam,Jorhat,Mariani-Chanki Rd,26.56,94.36,,Slide,,17,TABLE_EXTRACTED,DUP_GROUP_186,Extracted from table on page 17
NER_00564,GSI,GSI_0564,Assam,Jorhat,Mariani-Chanki Rd,26.56,94.36,,Slide,,17,TABLE_EXTRACTED,DUP_GROUP_187,Extracted from table on page 17
NER_00565,GSI,GSI_0565,Assam,Jorhat,Mariani-Chanki Rd,26.56,94.36,,Slide,,17,TABLE_EXTRACTED,DUP_GROUP_188,Extracted from table on page 17
NER_00566,GSI,GSI_0566,Assam,Jorhat,NH702D,26.56,94.36,,Slide,,17,TABLE_EXTRACTED,DUP_GROUP_189,Extracted from table on page 17
NER_00567,GSI,GSI_0567,Assam,Jorhat,NH702D,26.56,94.36,,Slide,,17,TABLE_EXTRACTED,DUP_GROUP_190,Extracted from table on page 17
NER_00568,GSI,GSI_0568,Assam,Nagaon,Kalapani,26.56111,93.04925,,Slide,,17,TABLE_EXTRACTED,,Extracted from table on page 17
NER_00569,GSI,GSI_0569,Assam,Nagaon,Amguri.,26.56252,93.05658,,Slide,,17,TABLE_EXTRACTED,,Extracted from table on page 17
NER_00570,GSI,GSI_0570,Assam,Jorhat,NH702D,26.57,94.35,,Slide,,17,TABLE_EXTRACTED,,Extracted from table on page 17
NER_00571,GSI,GSI_0571,Assam,Nagaon,Phulaguri,26.57411,93.09811,,Slide,,17,TABLE_EXTRACTED,,Extracted from table on page 17
NER_00572,GSI,GSI_0572,Assam,Nagaon,NH-37,26.57436,93.10647,,Slide,,17,TABLE_EXTRACTED,,Extracted from table on page 17
NER_00573,GSI,GSI_0573,Assam,Karbi Anglong,"Arlongchuhu temple area,
KekangAdong.",26.57447,93.66297,,Slide,,17,TABLE_EXTRACTED,,Extracted from table on page 17
NER_00574,GSI,GSI_0574,Assam,Nagaon,"NH-37, 1 km west of Kaziranga
view point.",26.57455,93.11244,,Slide,,17,TABLE_EXTRACTED,DUP_GROUP_201,Extracted from table on page 17
NER_00575,GSI,GSI_0575,Assam,Nagaon,"NH-37, betweenPheluguri ΓÇô
Nehrubasti.",26.57455,93.11244,,Slide,,17,TABLE_EXTRACTED,DUP_GROUP_201,Extracted from table on page 17
NER_00576,GSI,GSI_0576,Assam,Nagaon,NH-37,26.57463,93.11297,,Slide,,17,TABLE_EXTRACTED,DUP_GROUP_202,Extracted from table on page 17
NER_00577,GSI,GSI_0577,Assam,Karbi Anglong,"SH-35, Aparlangsali",26.57708,93.65836,,Slide,,17,TABLE_EXTRACTED,,Extracted from table on page 17
NER_00578,GSI,GSI_0578,Assam,Karbi Anglong,Bagori,26.57719,93.10008,,Slide,,17,TABLE_EXTRACTED,,Extracted from table on page 17
NER_00579,GSI,GSI_0579,Assam,Jorhat,NH702D (After Aokum),26.58,94.35,,Slide,,18,TABLE_EXTRACTED,DUP_GROUP_204,Extracted from table on page 18
NER_00580,GSI,GSI_0580,Assam,Jorhat,NH702D,26.58,94.35,,Slide,,18,TABLE_EXTRACTED,DUP_GROUP_204,Extracted from table on page 18
NER_00581,GSI,GSI_0581,Assam,Karbi Anglong,Bogaramtakbi-Notungaon road,26.59011,93.57466,,Slide,,18,TABLE_EXTRACTED,,Extracted from table on page 18
NER_00582,GSI,GSI_0582,Assam,Karbi Anglong,Diring,26.59041,93.47616,,Slide,,18,TABLE_EXTRACTED,,Extracted from table on page 18
NER_00583,GSI,GSI_0583,Assam,Karbi Anglong,Sapjuri-Dalamara road,26.59416,93.547361,,Slide,,18,TABLE_EXTRACTED,,Extracted from table on page 18
NER_00584,GSI,GSI_0584,Assam,Jorhat,Bailey Bridge (after Chankijan),26.6,94.34,,Slide,,18,TABLE_EXTRACTED,,Extracted from table on page 18
NER_00585,GSI,GSI_0585,Assam,Jorhat,Mariani-Chanki Rd,26.6,94.35,,Slide,,18,TABLE_EXTRACTED,DUP_GROUP_205,Extracted from table on page 18
NER_00586,GSI,GSI_0586,Assam,Jorhat,NH702D (Before Tsetapda Gate),26.6,94.35,,Slide,,18,TABLE_EXTRACTED,DUP_GROUP_205,Extracted from table on page 18
NER_00587,GSI,GSI_0587,Assam,Jorhat,NH702D (After Tsetapda Gate),26.6,94.35,,Slide,,18,TABLE_EXTRACTED,DUP_GROUP_206,Extracted from table on page 18
NER_00588,GSI,GSI_0588,Assam,Karbi Anglong,Panbari Parbat,26.60275,93.48408,,Slide,,18,TABLE_EXTRACTED,,Extracted from table on page 18
NER_00589,GSI,GSI_0589,Assam,Karbi Anglong,"BaburangTokbi, Dalamara area",26.60358,93.481,,Slide,,18,TABLE_EXTRACTED,,Extracted from table on page 18
NER_00590,GSI,GSI_0590,Assam,Udalguri,,26.88969,92.12266,,Falls,,18,TABLE_EXTRACTED,,Extracted from table on page 18
NER_00591,GSI,GSI_0591,Assam,Udalguri,,26.89074,92.12068,,Falls,,18,TABLE_EXTRACTED,,Extracted from table on page 18
NER_00592,GSI,GSI_0592,Assam,Sonitpur,GaroBasti,26.9174,92.77163,,Slide,,18,TABLE_EXTRACTED,,Extracted from table on page 18
NER_00593,GSI,GSI_0593,Assam,Sonitpur,GaroBasti,26.92013,92.75994,,Slide,,18,TABLE_EXTRACTED,,Extracted from table on page 18
NER_00594,GSI,GSI_0594,Assam,Sonitpur,GaroBasti,26.92088,92.75933,,Slide,,18,TABLE_EXTRACTED,,Extracted from table on page 18
NER_00595,GSI,GSI_0595,Assam,Sonitpur,"Phuloguri, Chengelimari area.",26.92216,92.7678,,Slide,,18,TABLE_EXTRACTED,,Extracted from table on page 18
NER_00596,GSI,GSI_0596,Assam,Sonitpur,"Phuloguri, Chengelimari area.",26.9231,92.76755,,Slide,,18,TABLE_EXTRACTED,,Extracted from table on page 18
NER_00597,GSI,GSI_0597,Assam,Sonitpur,Pogijuli area,26.92666,92.73966,,Slide,,18,TABLE_EXTRACTED,,Extracted from table on page 18
NER_00598,GSI,GSI_0598,Assam,Sonitpur,Bogijuli area,26.93362,92.70757,,Slide,,18,TABLE_EXTRACTED,,Extracted from table on page 18
NER_00599,GSI,GSI_0599,Assam,Sonitpur,Pogijuli area,26.93438,92.729,,Slide,,18,TABLE_EXTRACTED,,Extracted from table on page 18
NER_00600,GSI,GSI_0600,Assam,Sonitpur,Dopdopi,26.9358,92.70369,,Slide,,18,TABLE_EXTRACTED,DUP_GROUP_208,Extracted from table on page 18
NER_00601,GSI,GSI_0601,Assam,Sonitpur,Ringkangpur,26.93586,92.70441,,Slide,,18,TABLE_EXTRACTED,DUP_GROUP_208,Extracted from table on page 18
NER_00602,GSI,GSI_0602,Assam,Sonitpur,Ringkangpur,26.93597,92.70455,,Slide,,18,TABLE_EXTRACTED,DUP_GROUP_209,Extracted from table on page 18
NER_00603,GSI,GSI_0603,Assam,Sonitpur,Ringkangpur,26.93641,92.70308,,Slide,,18,TABLE_EXTRACTED,DUP_GROUP_210,Extracted from table on page 18
NER_00604,GSI,GSI_0604,Assam,Sonitpur,Ringkangpur,26.93819,92.70402,,Slide,,18,TABLE_EXTRACTED,DUP_GROUP_212,Extracted from table on page 18
NER_00605,GSI,GSI_0605,Assam,Sonitpur,Dopdopi,26.93855,92.70336,,Slide,,18,TABLE_EXTRACTED,DUP_GROUP_212,Extracted from table on page 18
NER_00606,GSI,GSI_0606,Assam,Sonitpur,Upper Dikalmukh,26.94755,93.257521,,Slide,,18,TABLE_EXTRACTED,,Extracted from table on page 18
NER_00607,GSI,GSI_0607,Assam,Sonitpur,Balijan forest road,26.9498,93.45291,,Slide,,18,TABLE_EXTRACTED,,Extracted from table on page 18
NER_00608,GSI,GSI_0608,Assam,Sonitpur,Balijan forest road,26.95052,93.45136,,Slide,,18,TABLE_EXTRACTED,,Extracted from table on page 18
NER_00609,GSI,GSI_0609,Assam,Sonitpur,Balijan forest road,26.95266,93.44166,,Slide,,18,TABLE_EXTRACTED,,Extracted from table on page 18
NER_00610,GSI,GSI_0610,Assam,Sonitpur,Maltang,26.9693,92.634,,Slide,,18,TABLE_EXTRACTED,DUP_GROUP_213,Extracted from table on page 18
NER_00611,GSI,GSI_0611,Assam,Sonitpur,Maltang,26.97013,92.63363,,Slide,,18,TABLE_EXTRACTED,DUP_GROUP_213,Extracted from table on page 18
NER_00612,GSI,GSI_0612,Assam,Sonitpur,Maltang,26.97041,92.63436,,Slide,,18,TABLE_EXTRACTED,DUP_GROUP_214,Extracted from table on page 18
NER_00613,GSI,GSI_0613,Assam,Sonitpur,Maltang,26.972889,92.632833,,Slide,,18,TABLE_EXTRACTED,,Extracted from table on page 18
NER_00614,GSI,GSI_0614,Assam,Dima Hasao,NULL,25.153982,93.02361,,Slide,,18,TABLE_EXTRACTED,,Extracted from table on page 18
NER_00615,GSI,GSI_0615,Assam,Kamrup (Metro),"Garo Basti Slide, 8th Mile,
Guwahati",26.11464,91.83886,,Slide,,18,TABLE_EXTRACTED,DUP_GROUP_215,Extracted from table on page 18
NER_00616,GSI,GSI_0616,Assam,Kamrup (Metro),"Rudra Nagar, Near Rajohuwa
Namghar, Chandmari",26.19044,91.77502,,Slide,,18,TABLE_EXTRACTED,DUP_GROUP_216,Extracted from table on page 18
NER_00617,GSI,GSI_0617,Assam,Cachar,"Bag-O-Bahar, Khasia Punji",24.57257,92.70357,,Slide,,18,TABLE_EXTRACTED,,Extracted from table on page 18
NER_00618,GSI,GSI_0618,Assam,Cachar,"Bag-O-Bahar, Khasia Punji",24.57235,92.70536,,Slide,,18,TABLE_EXTRACTED,,Extracted from table on page 18
NER_00619,GSI,GSI_0619,Assam,Cachar,"Bag-O-Bahar, Khasia Punji",24.58585,92.70274,,Slide,,18,TABLE_EXTRACTED,,Extracted from table on page 18
NER_00620,GSI,GSI_0620,Assam,Cachar,Balicherra Grant,24.96756,92.74392,,Slide,,18,TABLE_EXTRACTED,,Extracted from table on page 18
NER_00621,GSI,GSI_0621,Assam,Cachar,Ujan Nagar,24.95794,92.73201,,Slide,,19,TABLE_EXTRACTED,,Extracted from table on page 19
NER_00622,GSI,GSI_0622,Assam,Cachar,Borkhola,24.95054,92.731458,,Slide,,19,TABLE_EXTRACTED,,Extracted from table on page 19
NER_00623,GSI,GSI_0623,Assam,Cachar,Borkhola,24.94756,92.73097,,Slide,,19,TABLE_EXTRACTED,,Extracted from table on page 19
NER_00624,GSI,GSI_0624,Assam,Dima Hasao,South Bagetar,25.16736,93.00953,,Slide,,19,TABLE_EXTRACTED,,Extracted from table on page 19
NER_00625,GSI,GSI_0625,Assam,Dima Hasao,"Kana Basti, Haflong",25.16023,93.01084,,Slide,,19,TABLE_EXTRACTED,,Extracted from table on page 19
NER_00626,GSI,GSI_0626,Assam,Dima Hasao,"Natun Basti, Haflong",25.162389,93.010222,,Slide,,19,TABLE_EXTRACTED,DUP_GROUP_217,Extracted from table on page 19
NER_00627,GSI,GSI_0627,Assam,Dima Hasao,"Natun Basti, Haflong",25.162528,93.010333,,Slide,,19,TABLE_EXTRACTED,DUP_GROUP_217,Extracted from table on page 19
NER_00628,GSI,GSI_0628,Assam,Dima Hasao,"Natun Basti, Haflong",25.162472,93.01044,,Slide,,19,TABLE_EXTRACTED,DUP_GROUP_218,Extracted from table on page 19
NER_00629,GSI,GSI_0629,Assam,Dima Hasao,"Fiangpui, Haflong",25.17175,93.00726,,Subsidence,,19,TABLE_EXTRACTED,,Extracted from table on page 19
NER_00630,GSI,GSI_0630,Assam,Dima Hasao,"Bethany, Haflong",25.16649,93.01092,,Slide,,19,TABLE_EXTRACTED,,Extracted from table on page 19
NER_00631,GSI,GSI_0631,Assam,Dima Hasao,Dibarai village,25.170194,93.007389,,Slide,,19,TABLE_EXTRACTED,,Extracted from table on page 19
NER_00632,GSI,GSI_0632,Assam,Dima Hasao,"Fiangpui, Haflong",25.17144,93.005694,,Slide,,19,TABLE_EXTRACTED,,Extracted from table on page 19
NER_00633,GSI,GSI_0633,Assam,Dima Hasao,South Bagetar,25.16579,93.00948,,Slide,,19,TABLE_EXTRACTED,,Extracted from table on page 19
NER_00634,GSI,GSI_0634,Assam,Dima Hasao,"Kana Basti, Haflong",25.15859,93.01292,,Slide,,19,TABLE_EXTRACTED,,Extracted from table on page 19
NER_00635,GSI,GSI_0635,Assam,Kamrup (Metro),"Near Kahilipara-Ganesh mandir
road.",26.134417,91.74875,,Flow,,19,TABLE_EXTRACTED,,Extracted from table on page 19
NER_00636,GSI,GSI_0636,Assam,Kamrup (Metro),"Hegrabari Road, near
Ganeshguri, Guwahati.",26.154611,91.800861,,Flow,,19,TABLE_EXTRACTED,DUP_GROUP_154,Extracted from table on page 19
NER_00637,GSI,GSI_0637,Assam,Kamrup (Metro),"About 500 m south of Game
village, Lalmati, NH-37",26.107111,91.789167,,Flow,,19,TABLE_EXTRACTED,DUP_GROUP_145,Extracted from table on page 19
NER_00638,GSI,GSI_0638,Assam,Kamrup,"About 200 m North of NH-31, In
front of IIT(G) approach",26.099611,91.878111,,"Slide the loose
soil from top
(already cut in
the area) due
to heavy rain.",,19,TABLE_EXTRACTED,,Extracted from table on page 19
NER_00639,GSI,GSI_0639,Assam,Kamrup,Paltan Bazar-Lakhra Road,26.149444,91.748,,Slide,,19,TABLE_EXTRACTED,DUP_GROUP_150,Extracted from table on page 19
NER_00640,GSI,GSI_0640,Assam,Kamrup,"Kamakhya Pahar to
Bhubaneswari Temple Road.",26.166583,91.714806,,Slide,,19,TABLE_EXTRACTED,DUP_GROUP_156,Extracted from table on page 19
NER_00641,GSI,GSI_0641,Assam,Dima Hasao,"Mahadev Tilla, Haflong",25.15556,93.021583,,Slide,,19,TABLE_EXTRACTED,DUP_GROUP_038,Extracted from table on page 19
NER_00642,GSI,GSI_0642,Assam,Dima Hasao,"Mahadev Tilla, Haflong",25.156483,93.018367,,Subsidence,,19,TABLE_EXTRACTED,DUP_GROUP_045,Extracted from table on page 19
NER_00643,GSI,GSI_0643,Assam,Dima Hasao,"Lower Sonpijang, Haflong",25.158138,93.024778,,Slide,,19,TABLE_EXTRACTED,,Extracted from table on page 19
NER_00644,GSI,GSI_0644,Assam,Dima Hasao (N.C. Hills),"NH 54, near Nutan Lampur",25.241944,93.143194,,Slide,,19,TABLE_EXTRACTED,,Extracted from table on page 19
NER_00645,GSI,GSI_0645,Assam,Dima Hasao (N.C. Hills),"NH 54, Mupa – Langting
Reserved Forest,",25.417333,93.129083,,Slide,,19,TABLE_EXTRACTED,DUP_GROUP_109,Extracted from table on page 19
NER_00646,GSI,GSI_0646,Assam,Dima Hasao,"Tularam Raji, Haflong",25.17044,93.025325,,Slide,,20,TABLE_EXTRACTED,,Extracted from table on page 20
NER_00647,GSI,GSI_0647,Assam,Dima Hasao,"Tularam Raji , Haflong",25.171264,93.020014,,Subsidence,,20,TABLE_EXTRACTED,DUP_GROUP_228,Extracted from table on page 20
NER_00648,GSI,GSI_0648,Assam,Dima Hasao,"Tularam Raji, Haflong",25.16804,93.02503,,Slide,,20,TABLE_EXTRACTED,DUP_GROUP_229,Extracted from table on page 20
NER_00649,GSI,GSI_0649,Assam,Dima Hasao,"Moulhoi, Haflong",25.178006,93.022825,,Subsidence,,20,TABLE_EXTRACTED,,Extracted from table on page 20
NER_00650,GSI,GSI_0650,Assam,Dima Hasao,"Tularam Raji, Haflong",25.168083,93.024922,,Slide,,20,TABLE_EXTRACTED,DUP_GROUP_229,Extracted from table on page 20
NER_00651,GSI,GSI_0651,Assam,Dima Hasao (N.C. Hills),"NH 54, near Nutan Lampur,",25.274806,93.145556,,Slide,,20,TABLE_EXTRACTED,,Extracted from table on page 20
NER_00652,GSI,GSI_0652,Assam,Dima Hasao (N.C. Hills),"Mahur railway station, Haflong,
Dima Hasao (NC Hills)",25.189556,93.096417,,Slide,,20,TABLE_EXTRACTED,DUP_GROUP_089,Extracted from table on page 20
NER_00653,GSI,GSI_0653,Assam,Dima Hasao,"Natun Basti, Haflong",25.163806,93.010861,,Slide,,20,TABLE_EXTRACTED,,Extracted from table on page 20
NER_00654,GSI,GSI_0654,Assam,Dima Hasao,Moulhoi village,25.175,93.01967,,Slide,,20,TABLE_EXTRACTED,DUP_GROUP_071,Extracted from table on page 20
NER_00655,GSI,GSI_0655,Assam,Kamrup (Metro),"Njiura Par Path, Piyali Phukan
Nagar, Guwahati.",26.195528,91.780556,,Slide,,20,TABLE_EXTRACTED,DUP_GROUP_171,Extracted from table on page 20
NER_00656,GSI,GSI_0656,Assam,Dima Hasao,Moulhoi village,25.17483,93.019861,,Slide,,20,TABLE_EXTRACTED,DUP_GROUP_072,Extracted from table on page 20
NER_00657,GSI,GSI_0657,Assam,Dima Hasao,Mahadev Tilla village,25.156806,93.019722,,Slide,,20,TABLE_EXTRACTED,DUP_GROUP_054,Extracted from table on page 20
NER_00658,GSI,GSI_0658,Assam,Dima Hasao,Mahadev Tilla village,25.156833,93.017694,,Slide,,20,TABLE_EXTRACTED,DUP_GROUP_046,Extracted from table on page 20
NER_00659,GSI,GSI_0659,Assam,Dima Hasao,Demalik Raji,25.1565,93.0151,,Slide,,20,TABLE_EXTRACTED,,Extracted from table on page 20
NER_00660,GSI,GSI_0660,Assam,Dima Hasao,Demalik Raji,25.15667,93.01275,,Slide,,20,TABLE_EXTRACTED,,Extracted from table on page 20
NER_00661,GSI,GSI_0661,Assam,Dima Hasao,Lower Songpijang,25.16367,93.02478,,Slide,,20,TABLE_EXTRACTED,,Extracted from table on page 20
NER_00662,GSI,GSI_0662,Assam,Dima Hasao,Lower Songpijang,25.16649,93.02289,,Slide,,20,TABLE_EXTRACTED,,Extracted from table on page 20
NER_00663,GSI,GSI_0663,Assam,Dima Hasao,Lower Songpijang,25.16497,93.02275,,Slide,,20,TABLE_EXTRACTED,,Extracted from table on page 20
NER_00664,GSI,GSI_0664,Assam,Dima Hasao,Lower Songpijang,25.1655,93.02556,,Slide,,20,TABLE_EXTRACTED,DUP_GROUP_069,Extracted from table on page 20
NER_00665,GSI,GSI_0665,Assam,Dima Hasao,Kokai Punchi,25.16427,92.99788,,Slide,,20,TABLE_EXTRACTED,,Extracted from table on page 20
NER_00666,GSI,GSI_0666,Assam,Dima Hasao,Fiangpui,25.17425,93.00244,,Slide,,20,TABLE_EXTRACTED,,Extracted from table on page 20
NER_00667,GSI,GSI_0667,Assam,Dima Hasao,"Natun Basti, Haflong",25.162667,93.009806,,Slide,,20,TABLE_EXTRACTED,DUP_GROUP_219,Extracted from table on page 20
NER_00668,GSI,GSI_0668,Assam,Dima Hasao,Lower Songpijang,25.16553,93.02172,,Slide,,20,TABLE_EXTRACTED,,Extracted from table on page 20
NER_00669,GSI,GSI_0669,Assam,Dima Hasao (N.C. Hills),"Near Migrendisa Railway
Station, Migrendisa.",25.179861,93.070778,,Slide,,20,TABLE_EXTRACTED,DUP_GROUP_082,Extracted from table on page 20
NER_00670,GSI,GSI_0670,Assam,Dima Hasao (N.C. Hills),"West slope of New Haflong
Railway Station.",25.146778,93.030972,,Slide,,20,TABLE_EXTRACTED,DUP_GROUP_031,Extracted from table on page 20
NER_00671,GSI,GSI_0671,Assam,Dima Hasao,"Haflong town, Dima Hasao (NC
Hills)",25.155611,93.022222,,Slide,,21,TABLE_EXTRACTED,DUP_GROUP_039,Extracted from table on page 21
NER_00672,GSI,GSI_0672,Assam,Dima Hasao,"Haflong town, Dima Hasao (NC
Hills)",25.156583,93.019611,,Slide,,21,TABLE_EXTRACTED,DUP_GROUP_055,Extracted from table on page 21
NER_00673,GSI,GSI_0673,Assam,Dima Hasao (N.C. Hills),"Haflong town,",25.157139,93.017194,,Slide,,21,TABLE_EXTRACTED,DUP_GROUP_059,Extracted from table on page 21
NER_00674,GSI,GSI_0674,Assam,Dima Hasao (N.C. Hills),"96 km, Migrendisa – Haflong rail
section, near Diyung bridge.",25.164,93.040194,,Slide,,21,TABLE_EXTRACTED,DUP_GROUP_068,Extracted from table on page 21
NER_00675,GSI,GSI_0675,Assam,Dima Hasao (N.C. Hills),"NH 54, Harangajao, Dima Hasao",25.106389,92.864806,,Slide,,21,TABLE_EXTRACTED,,Extracted from table on page 21
NER_00676,GSI,GSI_0676,Assam,Dima Hasao (N.C. Hills),"NH 54, near Rekho village, Dima
Hasao",25.109417,92.88075,,Slide,,21,TABLE_EXTRACTED,,Extracted from table on page 21
NER_00677,GSI,GSI_0677,Assam,Dima Hasao (N.C. Hills),"NH 54, near Rekho village, Dima
Hasao",25.109889,92.893167,,Slide,,21,TABLE_EXTRACTED,,Extracted from table on page 21
NER_00678,GSI,GSI_0678,Assam,Dima Hasao (N.C. Hills),"NH 54, near Rekho village, Dima
Hasao",25.108778,92.920333,,Slide,,21,TABLE_EXTRACTED,,Extracted from table on page 21
NER_00679,GSI,GSI_0679,Assam,Dima Hasao (N.C. Hills),"NH 54, near Ritzawl village,
Dima Hasao",25.108972,92.928861,,Slide,,21,TABLE_EXTRACTED,DUP_GROUP_021,Extracted from table on page 21
NER_00680,GSI,GSI_0680,Assam,Kamrup (Metro),"Power grid, Kahilipara",26.146,91.756,,Slide,,21,TABLE_EXTRACTED,,Extracted from table on page 21
NER_00681,GSI,GSI_0681,Assam,Dima Hasao (N.C. Hills),"NH 54, 2 km west of Ritzawl
village, Dima Hasao",25.110111,92.998778,,Slide,,21,TABLE_EXTRACTED,,Extracted from table on page 21
NER_00682,GSI,GSI_0682,Assam,Dima Hasao (N.C. Hills),"NH-54, near Ritzawl village",25.110778,93.004583,,Slide,,21,TABLE_EXTRACTED,,Extracted from table on page 21
NER_00683,GSI,GSI_0683,Assam,Dima Hasao (N.C. Hills),"NH 54, near Ritzawl village,
Dima Hasao",25.112389,93.00575,,Slide,,21,TABLE_EXTRACTED,,Extracted from table on page 21
NER_00684,GSI,GSI_0684,Assam,Dima Hasao (N.C. Hills),New Haflong Railway Station,25.148722,93.031917,,Creep,,21,TABLE_EXTRACTED,DUP_GROUP_033,Extracted from table on page 21
NER_00685,GSI,GSI_0685,Assam,Dima Hasao (N.C. Hills),"New Haflong Railway Station,
Dima Hasao (NC Hills)",25.14525,93.029167,,Slide,,21,TABLE_EXTRACTED,DUP_GROUP_029,Extracted from table on page 21
NER_00686,GSI,GSI_0686,Assam,Dima Hasao,"Mahadev Tilla, Haflong,Dima
Hasao (NC Hills)",25.155722,93.022778,,Slide,,21,TABLE_EXTRACTED,DUP_GROUP_040,Extracted from table on page 21
NER_00687,GSI,GSI_0687,Assam,Dima Hasao,Haflong – Gunjung road section,25.232306,93.033333,,Creep,,21,TABLE_EXTRACTED,DUP_GROUP_242,Extracted from table on page 21
NER_00688,GSI,GSI_0688,Assam,Kamrup (Metro),NH-31,26.210833,91.689444,,Slide,,21,TABLE_EXTRACTED,,Extracted from table on page 21
NER_00689,GSI,GSI_0689,Assam,Dima Hasao,New Haflong Railway Station,25.14264,93.03182,,Flow,,21,TABLE_EXTRACTED,,Extracted from table on page 21
NER_00690,GSI,GSI_0690,Assam,Dima Hasao,New Haflong Railway Station,25.14722,93.03128,,Slide,,21,TABLE_EXTRACTED,DUP_GROUP_032,Extracted from table on page 21
NER_00691,GSI,GSI_0691,Assam,Dima Hasao,New Haflong Railway Station,25.143408,93.02995,,Flow,,21,TABLE_EXTRACTED,,Extracted from table on page 21
NER_00692,GSI,GSI_0692,Assam,Dima Hasao,New Haflong Railway Station,25.14879,93.031636,,Slide,,21,TABLE_EXTRACTED,DUP_GROUP_034,Extracted from table on page 21
NER_00693,GSI,GSI_0693,Assam,Dima Hasao,New Haflong Railway Station,25.15144,93.0331,,Slide,,21,TABLE_EXTRACTED,,Extracted from table on page 21
NER_00694,GSI,GSI_0694,Assam,Dima Hasao (N.C. Hills),"Near Mahadev Tila, Haflong,",25.156694,93.017667,,Slide,,21,TABLE_EXTRACTED,DUP_GROUP_047,Extracted from table on page 21
NER_00695,GSI,GSI_0695,Assam,Dima Hasao (N.C. Hills),"Near Gunjung village road
section",25.205528,93.020139,,Slide,,21,TABLE_EXTRACTED,DUP_GROUP_097,Extracted from table on page 21
NER_00696,GSI,GSI_0696,Assam,Dima Hasao,Haflong – Gunjung road section,25.245972,93.028278,,Slide,,21,TABLE_EXTRACTED,DUP_GROUP_244,Extracted from table on page 21
NER_00697,GSI,GSI_0697,Assam,Dima Hasao (N.C. Hills),Near Gunjung village road,25.214944,93.021611,,Slide,,22,TABLE_EXTRACTED,DUP_GROUP_100,Extracted from table on page 22
NER_00698,GSI,GSI_0698,Assam,Dima Hasao (N.C. Hills),"Near Gunjung village road
section",25.2185,93.013111,,Slide,,22,TABLE_EXTRACTED,DUP_GROUP_102,Extracted from table on page 22
NER_00699,GSI,GSI_0699,Assam,Dima Hasao (N.C. Hills),"Haflong town, Dima Hasao (NC
Hills)",25.216944,93.011361,,Slide,,22,TABLE_EXTRACTED,DUP_GROUP_101,Extracted from table on page 22
NER_00700,GSI,GSI_0700,Assam,Dima Hasao (N.C. Hills),"Lower Haflong,",25.199722,93.016722,,Slide,,22,TABLE_EXTRACTED,DUP_GROUP_095,Extracted from table on page 22
NER_00701,GSI,GSI_0701,Assam,Kamrup (Metro),"Rudra Nagar, Near Rajohuwa
Namghar, Chandmari",26.19052,91.77499,,Slide,,22,TABLE_EXTRACTED,DUP_GROUP_216,Extracted from table on page 22
NER_00702,GSI,GSI_0702,Assam,Dima Hasao,"Haflong town, Dima Hasao (NC
Hills)",25.159333,93.017,,Slide,,22,TABLE_EXTRACTED,DUP_GROUP_066,Extracted from table on page 22
NER_00703,GSI,GSI_0703,Assam,Dima Hasao,Haflong – Gunjung road section,25.23925,93.031528,,Slide,,22,TABLE_EXTRACTED,DUP_GROUP_245,Extracted from table on page 22
NER_00704,GSI,GSI_0704,Assam,Dima Hasao,Haflong – Gunjung road section,25.232972,93.03325,,Slide,,22,TABLE_EXTRACTED,DUP_GROUP_242,Extracted from table on page 22
NER_00705,GSI,GSI_0705,Assam,Dima Hasao,"Haflong town, Dima Hasao (NC
Hills)",25.156389,93.018389,,Slide,,22,TABLE_EXTRACTED,DUP_GROUP_048,Extracted from table on page 22
NER_00706,GSI,GSI_0706,Assam,Dima Hasao,"Haflong town, Dima Hasao (NC
Hills)",25.157361,93.016083,,Slide,,22,TABLE_EXTRACTED,DUP_GROUP_065,Extracted from table on page 22
NER_00707,GSI,GSI_0707,Assam,Dima Hasao,Haflong – Gunjung road section,25.238806,93.032194,,Slide,,22,TABLE_EXTRACTED,DUP_GROUP_245,Extracted from table on page 22
NER_00708,GSI,GSI_0708,Assam,Dima Hasao (N.C. Hills),"-Haflong – Gunjung road section,
Lungkok village, Lower Haflong",25.196694,93.018583,,Slide,,22,TABLE_EXTRACTED,DUP_GROUP_094,Extracted from table on page 22
NER_00709,GSI,GSI_0709,Assam,Dima Hasao (N.C. Hills),"Haflong – Gunjung road section,
Lower Haflong",25.188444,93.019667,,Slide,,22,TABLE_EXTRACTED,DUP_GROUP_088,Extracted from table on page 22
NER_00710,GSI,GSI_0710,Assam,Dima Hasao (N.C. Hills),"NH 54, Heuwangberam,",25.207389,93.122778,,"Initially started
as a
subsidence,
now movement
of slope mass
has already
been initiated.",,22,TABLE_EXTRACTED,DUP_GROUP_098,Extracted from table on page 22
NER_00711,GSI,GSI_0711,Assam,Dima Hasao,"N.D Raji village, Haflong, Dima
Hasao (NC Hills)",25.175972,93.020167,,Slide,,22,TABLE_EXTRACTED,DUP_GROUP_074,Extracted from table on page 22
NER_00712,GSI,GSI_0712,Assam,Dima Hasao,"N.D Raji (Hamar)village,
Haflong, Dima Hasao (NC Hills)",25.175056,93.020417,,Slide,,22,TABLE_EXTRACTED,DUP_GROUP_073,Extracted from table on page 22
NER_00713,GSI,GSI_0713,Assam,Dima Hasao,"N.D Raji (Hmar)village, Haflong,
Dima Hasao (NC Hills)",25.171889,93.020611,,Slide,,22,TABLE_EXTRACTED,DUP_GROUP_228,Extracted from table on page 22
NER_00714,GSI,GSI_0714,Assam,Dima Hasao,"Songpiang village, Haflong,
Dima Hasao (NC Hills)",25.165639,93.025444,,Fall,,22,TABLE_EXTRACTED,DUP_GROUP_070,Extracted from table on page 22
NER_00715,GSI,GSI_0715,Assam,Dima Hasao,"Songpiang village, Haflong,
Dima Hasao (NC Hills)",25.163444,93.023167,,Slide,,22,TABLE_EXTRACTED,DUP_GROUP_067,Extracted from table on page 22
NER_00716,GSI,GSI_0716,Assam,Dima Hasao,"Near Boro Haflong village,
Haflong, Dima Hasao (NC Hills)",25.150694,93.025833,,slide,,22,TABLE_EXTRACTED,DUP_GROUP_035,Extracted from table on page 22
NER_00717,GSI,GSI_0717,Assam,Dima Hasao,"Boro Haflong, Haflong, Dima
Hasao (NC Hills)",25.145861,93.024194,,Slide,,22,TABLE_EXTRACTED,DUP_GROUP_030,Extracted from table on page 22
NER_00718,GSI,GSI_0718,Assam,Dima Hasao,"Boro Haflong, Haflong, Dima
Hasao (NC Hills)",25.140417,93.020389,,Slide,,23,TABLE_EXTRACTED,DUP_GROUP_027,Extracted from table on page 23
NER_00719,GSI,GSI_0719,Assam,Dima Hasao,"Jatinga-Haflong Road section,
Haflong, Dima Hasao (NC Hills)",25.139611,93.019556,,Slide,,23,TABLE_EXTRACTED,DUP_GROUP_026,Extracted from table on page 23
NER_00720,GSI,GSI_0720,Assam,Kamrup (Metro),Jonali path,26.150124,91.727915,,Slide,,23,TABLE_EXTRACTED,DUP_GROUP_151,Extracted from table on page 23
NER_00721,GSI,GSI_0721,Assam,Dima Hasao,"Newngalsong village, Mahur,
Dima Hasao (NC Hills)",25.184528,93.125639,,Slide,,23,TABLE_EXTRACTED,DUP_GROUP_086,Extracted from table on page 23
NER_00722,GSI,GSI_0722,Assam,Dima Hasao,"Heuwangaberam,village,Mahur,
Dima Hasao (NC Hills)",25.18725,93.120556,,Slide,,23,TABLE_EXTRACTED,DUP_GROUP_087,Extracted from table on page 23
NER_00723,GSI,GSI_0723,Assam,Dima Hasao,"Mahur, Dima Hasao (NC Hills)",25.176389,93.116139,,Slide,,23,TABLE_EXTRACTED,DUP_GROUP_075,Extracted from table on page 23
NER_00724,GSI,GSI_0724,Assam,Dima Hasao (N.C. Hills),"Khongsai village, Haflong,",25.1775,93.026222,,"Shallow
rotational",,23,TABLE_EXTRACTED,DUP_GROUP_077,Extracted from table on page 23
NER_00725,GSI,GSI_0725,Assam,Dima Hasao,"Khongsai village, Haflong, Dima
Hasao (NC Hills)",25.176917,93.026556,,Slide,,23,TABLE_EXTRACTED,DUP_GROUP_078,Extracted from table on page 23
NER_00726,GSI,GSI_0726,Assam,Dima Hasao,"Muolhoi /Gilgal village, Haflong,
Dima Hasao (NC Hills)",25.177028,93.020889,,Slide,,23,TABLE_EXTRACTED,DUP_GROUP_079,Extracted from table on page 23
NER_00727,GSI,GSI_0727,Assam,Dima Hasao,"Heuwangaberam village,
Mahur, Dima Hasao (NC Hills)",25.193083,93.120417,,Slide,,23,TABLE_EXTRACTED,DUP_GROUP_093,Extracted from table on page 23
NER_00728,GSI,GSI_0728,Assam,Dima Hasao,"Jatinga, Haflong, Dima Hasao
(NC Hills)",25.134472,93.018972,,Slide,,23,TABLE_EXTRACTED,DUP_GROUP_022,Extracted from table on page 23
NER_00729,GSI,GSI_0729,Assam,Kamrup (Metro),Tuinang colony,26.188417,91.85125,,Slide,,23,TABLE_EXTRACTED,DUP_GROUP_162,Extracted from table on page 23
NER_00730,GSI,GSI_0730,Assam,Kamrup (Metro),"Mandakini path, Kharghuli",26.192444,91.764222,,Slide,,23,TABLE_EXTRACTED,DUP_GROUP_169,Extracted from table on page 23
NER_00731,GSI,GSI_0731,Assam,Kamrup (Metro),Chandmari,26.192361,91.780806,,Subsidence,,23,TABLE_EXTRACTED,,Extracted from table on page 23
NER_00732,GSI,GSI_0732,Assam,Kamrup (Metro),"Nilachalpur, Bezbaruah Nagar",26.158056,91.712583,,Slide,,23,TABLE_EXTRACTED,,Extracted from table on page 23
NER_00733,GSI,GSI_0733,Assam,Kamrup (Metro),"Pub Sarania hill, Guwahati.",26.1755,91.76175,,Slide,,23,TABLE_EXTRACTED,DUP_GROUP_158,Extracted from table on page 23
NER_00734,GSI,GSI_0734,Assam,Kamrup (Metro),"Noonmati, Guwahati.",26.190389,91.809944,,Slide,,23,TABLE_EXTRACTED,DUP_GROUP_167,Extracted from table on page 23
NER_00735,GSI,GSI_0735,Assam,Kamrup (Metro),"SH: Chandmari Road. Localtiy:
Bapuji Nagar Housing Complex,
Guwahati.",26.188667,91.766944,,Flow,,23,TABLE_EXTRACTED,DUP_GROUP_163,Extracted from table on page 23
NER_00736,GSI,GSI_0736,Assam,West Karbi Anglong,"Hatidubi Dam site, Lengery,
Amtreng",25.91286,92.49797,,Slide,,23,TABLE_EXTRACTED,,Extracted from table on page 23
NER_00737,GSI,GSI_0737,Assam,Kamrup (Metro),"SH: Chandmari Road. Localtiy:
Bankuwar Nagar, Karghuli
Pahar, Guwahati.",26.196222,91.763361,,Flow,,23,TABLE_EXTRACTED,DUP_GROUP_172,Extracted from table on page 23
NER_00738,GSI,GSI_0738,Assam,West Karbi Anglong,"Hatidubi Dam Site, Lengery,
Amtreng",25.96664,92.51636,,Slide,,23,TABLE_EXTRACTED,DUP_GROUP_248,Extracted from table on page 23
NER_00739,GSI,GSI_0739,Assam,West Karbi Anglong,"Hatidubi Dam Site, Lengery,
Amtreng",25.967,92.51617,,Slide,,23,TABLE_EXTRACTED,DUP_GROUP_248,Extracted from table on page 23
NER_00740,GSI,GSI_0740,Assam,West Karbi Anglong,"Hatidubi Dam site, Lengery,
Amtreng",25.96458,92.52081,,Slide,,23,TABLE_EXTRACTED,,Extracted from table on page 23
NER_00741,GSI,GSI_0741,Assam,West Karbi Anglong,"Hatidubi Dam Site, Lengery,
Amtreng",25.96886,92.51572,,Slide,,23,TABLE_EXTRACTED,,Extracted from table on page 23
NER_00742,GSI,GSI_0742,Assam,West Karbi Anglong,"Hatidubi Dam Site, Lengery,
Amtreng",25.97461,92.51375,,Slide,,24,TABLE_EXTRACTED,,Extracted from table on page 24
NER_00743,GSI,GSI_0743,Assam,West Karbi Anglong,"Hatidubi Dam Site, Lengery,
Amtreng",25.97664,92.51283,,Slide,,24,TABLE_EXTRACTED,,Extracted from table on page 24
NER_00744,GSI,GSI_0744,Assam,West Karbi Anglong,"Hatidubi Dam Site, Lengery,
Amtreng",25.98214,92.51139,,Fall,,24,TABLE_EXTRACTED,,Extracted from table on page 24
NER_00745,GSI,GSI_0745,Assam,West Karbi Anglong,"Hatidubi Dam Site, Lengery,
Amtreng",25.91608,92.50203,,Slide,,24,TABLE_EXTRACTED,,Extracted from table on page 24
NER_00746,GSI,GSI_0746,Assam,West Karbi Anglong,"Hatidubi Dam, Lengery,
Amtreng",25.92153,92.50753,,Slide,,24,TABLE_EXTRACTED,DUP_GROUP_249,Extracted from table on page 24
NER_00747,GSI,GSI_0747,Assam,West Karbi Anglong,"Hatidubi Dam, Lengery,
Amtreng",25.92525,92.51031,,Slide,,24,TABLE_EXTRACTED,,Extracted from table on page 24
NER_00748,GSI,GSI_0748,Assam,West Karbi Anglong,"Hatidubi Dam, Lengery,
Amtreng",25.91936,92.50556,,Slide,,24,TABLE_EXTRACTED,,Extracted from table on page 24
NER_00749,GSI,GSI_0749,Assam,West Karbi Anglong,"Hatidubi Dam, Lengery,
Amtreng",25.92103,92.50708,,Slide,,24,TABLE_EXTRACTED,DUP_GROUP_249,Extracted from table on page 24
NER_00750,GSI,GSI_0750,Assam,West Karbi Anglong,"Hatidubi Dam, Lengery,
Amtreng",25.92233,92.50819,,Slide,,24,TABLE_EXTRACTED,,Extracted from table on page 24
NER_00751,GSI,GSI_0751,Assam,West Karbi Anglong,"Hatidubi Dam, Lengery,
Amtreng",25.924,92.50939,,Slide,,24,TABLE_EXTRACTED,,Extracted from table on page 24
NER_00752,GSI,GSI_0752,Assam,West Karbi Anglong,"Hatidubi Dam Site, Lengery,
Amtreng",25.95825,92.51414,,Slide,,24,TABLE_EXTRACTED,,Extracted from table on page 24
NER_00753,GSI,GSI_0753,Assam,West Karbi Anglong,"Hatidubi Dam Site, Lengery,
Amtreng",25.96403,92.51631,,Slide,,24,TABLE_EXTRACTED,,Extracted from table on page 24
NER_00754,GSI,GSI_0754,Assam,West Karbi Anglong,"Hatidubi Dam Site, Lengery,
Amtreng",25.91406,92.49897,,Slide,,24,TABLE_EXTRACTED,DUP_GROUP_250,Extracted from table on page 24
NER_00755,GSI,GSI_0755,Assam,West Karbi Anglong,"Hatidubi Dam Site, Lengery,
Amtreng",25.91422,92.49972,,Slide,,24,TABLE_EXTRACTED,DUP_GROUP_250,Extracted from table on page 24
NER_00756,GSI,GSI_0756,Assam,West Karbi Anglong,"Hatidubi Dam Site, Lengery,
Amtreng",25.95478,92.51386,,Slide,,24,TABLE_EXTRACTED,,Extracted from table on page 24
NER_00757,GSI,GSI_0757,Assam,West Karbi Anglong,"Hatidubi Dam Site, Lengery,
Amtreng",25.95317,92.51353,,Slide,,24,TABLE_EXTRACTED,,Extracted from table on page 24
NER_00758,GSI,GSI_0758,Assam,Kamrup (Metro),"Natun Basti, Matia Pahar, Dipar
Bil",26.105917,91.622833,,Slide,,24,TABLE_EXTRACTED,DUP_GROUP_144,Extracted from table on page 24
NER_00759,GSI,GSI_0759,Assam,Kamrup (Metro),"Katahbari, Garchuk,Near
Bethany High school",26.118167,91.713306,,Slide,,24,TABLE_EXTRACTED,,Extracted from table on page 24
NER_00760,GSI,GSI_0760,Assam,Kamrup (Metro),"Garo Basti Slide, 8th Mile,
Guwahati",26.11464,91.83886,,Slide,,24,TABLE_EXTRACTED,DUP_GROUP_215,Extracted from table on page 24
NER_00761,GSI,GSI_0761,Assam,Dima Hasao,"Between Kalachand and
Maibong, NH 54",25.320694,93.127333,,Slide,,24,TABLE_EXTRACTED,,Extracted from table on page 24
NER_00762,GSI,GSI_0762,Assam,Kamrup (Metro),Ganpat Mandir road,26.177556,91.765889,,Slide,,24,TABLE_EXTRACTED,DUP_GROUP_161,Extracted from table on page 24
NER_00763,GSI,GSI_0763,Assam,Kamrup (Metro),Ganpat Mandir road,26.176722,91.76525,,Slide,,24,TABLE_EXTRACTED,DUP_GROUP_160,Extracted from table on page 24
NER_00764,GSI,GSI_0764,Assam,Kamrup (Metro),Hengrabari,26.154278,91.792639,,Slide,,24,TABLE_EXTRACTED,DUP_GROUP_153,Extracted from table on page 24
NER_00765,GSI,GSI_0765,Assam,Kamrup (Metro),"Guwahati-Shillong Road
(Merges with NH-37),
Udayachal pahar, Near
Guwahati Medical College.",26.154778,91.774111,,Flow,,24,TABLE_EXTRACTED,DUP_GROUP_155,Extracted from table on page 24
NER_00766,GSI,GSI_0766,Assam,Kamrup (Metro),"SH: Zoo Tiniali-Narengi Road.
Localtiy: Bamunimaidan, South
Railway Colony (Near Hatigar),
Guwahati.",26.176722,91.786722,,Flow,,25,TABLE_EXTRACTED,DUP_GROUP_159,Extracted from table on page 25
NER_00767,GSI,GSI_0767,Assam,Kamrup (Metro),"Akashi Nagar, Jyoti Nagar,
Guwahati.",26.1895,91.787167,,Slide,,25,TABLE_EXTRACTED,DUP_GROUP_165,Extracted from table on page 25
NER_00768,GSI,GSI_0768,Assam,Dima Hasao (N.C. Hills),"Between Mupa and Dinhaku
Railway Station,",25.405861,93.110972,,Slide,,25,TABLE_EXTRACTED,,Extracted from table on page 25
NER_00769,GSI,GSI_0769,Assam,Dima Hasao (N.C. Hills),"Between Mupa and Dinhaku
Bridge approach no102, at km
51/9 as 52/1",25.391556,93.113167,,Subsidence,,25,TABLE_EXTRACTED,,Extracted from table on page 25
NER_00770,GSI,GSI_0770,Assam,Kamrup,"Hastinapur Near Jorabat
opposite of cow bazaar.",26.112667,91.853889,,Slide,,25,TABLE_EXTRACTED,DUP_GROUP_148,Extracted from table on page 25
NER_00771,GSI,GSI_0771,Assam,Cachar,"Kanakpur Pt. III, Lakhipur,
Joypur",24.92097,93.07306,,Slide,,25,TABLE_EXTRACTED,DUP_GROUP_001,Extracted from table on page 25
NER_00772,GSI,GSI_0772,Assam,Kamrup,"Kharghuli area, near Kharghuli
post office in Guwahati.",26.195306,91.765639,,Slide,,25,TABLE_EXTRACTED,DUP_GROUP_170,Extracted from table on page 25
NER_00773,GSI,GSI_0773,Assam,Kamrup,"About 200 m North of NH-31, In
north of IIT(G) approach",26.211111,91.684167,,"Toppled the
wedged
weathered
rocks blocks.",,25,TABLE_EXTRACTED,DUP_GROUP_173,Extracted from table on page 25
NER_00774,GSI,GSI_0774,Assam,Kamrup (Metro),Kharghuli,26.193306,91.77725,,Slide,,25,TABLE_EXTRACTED,,Extracted from table on page 25
NER_00775,GSI,GSI_0775,Assam,Kamrup (Metro),12th mile near Jorabat,26.091506,91.878986,,Slide,,25,TABLE_EXTRACTED,,Extracted from table on page 25
NER_00776,GSI,GSI_0776,Assam,Kamrup (Metro),NH-31,26.213056,91.6925,,Fall,,25,TABLE_EXTRACTED,,Extracted from table on page 25
NER_00777,GSI,GSI_0777,Assam,Kamrup (Metro),Near Noonmati bazaar road,26.1916,91.80361,,Slide,,25,TABLE_EXTRACTED,DUP_GROUP_168,Extracted from table on page 25
NER_00778,GSI,GSI_0778,Assam,Kamrup (Metro),Upper Luitpur,26.19322,91.77033,,Slide,,25,TABLE_EXTRACTED,,Extracted from table on page 25
NER_00779,GSI,GSI_0779,Assam,Kamrup (Metro),Anandanagar,26.18789,91.79493,,Slide,,25,TABLE_EXTRACTED,,Extracted from table on page 25
NER_00780,GSI,GSI_0780,Assam,Dima Hasao,"Disgao Raji, Haflong",25.17136,93.01102,,Slide,,25,TABLE_EXTRACTED,,Extracted from table on page 25
NER_00781,GSI,GSI_0781,Assam,Dima Hasao,"Fiangpui, Haflong",25.169861,93.002528,,Slide,,25,TABLE_EXTRACTED,,Extracted from table on page 25
NER_00782,GSI,GSI_0782,Assam,Dima Hasao,"Lower Haflong , Haflong",25.18972,93.02011,,Slide,,25,TABLE_EXTRACTED,,Extracted from table on page 25
NER_00783,GSI,GSI_0783,Assam,Dima Hasao,Lower Haflong Road,25.18625,93.01629,,Slide,,25,TABLE_EXTRACTED,,Extracted from table on page 25
NER_00784,GSI,GSI_0784,Assam,Dima Hasao,Merryland colony,25.177416,93.00975,,Slide,,25,TABLE_EXTRACTED,,Extracted from table on page 25
NER_00785,GSI,GSI_0785,Assam,Dima Hasao,Phiding–Daotuhaja rail section,25.231694,93.161417,,Slide,,25,TABLE_EXTRACTED,,Extracted from table on page 25
NER_00786,GSI,GSI_0786,Assam,Dima Hasao,Lower Haflong,25.18919,93.02118,,Slide,,25,TABLE_EXTRACTED,,Extracted from table on page 25
NER_00787,GSI,GSI_0787,Assam,Karimganj,"NH-44. Satkaragul Village near
Nilambazar, Nilambazar Circle,
Karimganj.",24.706194,92.289972,,Flow,,25,TABLE_EXTRACTED,,Extracted from table on page 25
NER_00788,GSI,GSI_0788,Assam,Dima Hasao,"Gilgal Veng, Moulhoi, Haflong",25.17623,93.01326,,Slide,,25,TABLE_EXTRACTED,,Extracted from table on page 25
NER_00789,GSI,GSI_0789,Assam,Kamrup (Metro),,26.159583,91.723889,,NIL,,25,TABLE_EXTRACTED,,Extracted from table on page 25
NER_00790,GSI,GSI_0790,Assam,Kamrup (Metro),,26.151667,91.731389,,NIL,,26,TABLE_EXTRACTED,,Extracted from table on page 26
NER_00791,GSI,GSI_0791,Assam,Kamrup (Metro),,26.155444,91.679,,NIL,,26,TABLE_EXTRACTED,,Extracted from table on page 26
NER_00792,GSI,GSI_0792,Assam,Dima Hasao,,25.107278,92.883139,,NIL,,26,TABLE_EXTRACTED,,Extracted from table on page 26
NER_00793,GSI,GSI_0793,Assam,Dima Hasao,,25.106222,92.8845,,NIL,,26,TABLE_EXTRACTED,,Extracted from table on page 26
NER_00794,GSI,GSI_0794,Assam,Kamrup,,26.149889,91.773944,,NIL,,26,TABLE_EXTRACTED,,Extracted from table on page 26
NER_00795,GSI,GSI_0795,Assam,Kamrup,,26.108917,91.74175,,NIL,,26,TABLE_EXTRACTED,,Extracted from table on page 26
NER_00796,GSI,GSI_0796,Assam,Kamrup,,26.129111,91.749111,,NIL,,26,TABLE_EXTRACTED,,Extracted from table on page 26
NER_00797,GSI,GSI_0797,Assam,Kamrup,,26.153333,91.777111,,NIL,,26,TABLE_EXTRACTED,,Extracted from table on page 26
NER_00798,GSI,GSI_0798,Assam,Kamrup,,26.150528,91.727667,,NIL,,26,TABLE_EXTRACTED,DUP_GROUP_152,Extracted from table on page 26
NER_00799,GSI,GSI_0799,Assam,Kamrup,,26.164056,91.728278,,NIL,,26,TABLE_EXTRACTED,,Extracted from table on page 26
NER_00800,GSI,GSI_0800,Assam,Kamrup,"Doimuguri,",26.191139,91.829611,,Slide,,26,TABLE_EXTRACTED,,Extracted from table on page 26
NER_00801,GSI,GSI_0801,Assam,Kamrup,,26.158193,91.755807,,Slide,,26,TABLE_EXTRACTED,,Extracted from table on page 26
NER_00802,GSI,GSI_0802,Assam,Kamrup,Kamakhya Road,26.166185,91.7147,,Slide,,26,TABLE_EXTRACTED,DUP_GROUP_157,Extracted from table on page 26
NER_00803,GSI,GSI_0803,Assam,Kamrup,Kamakhya Road,26.16616,91.713803,,Slide,,26,TABLE_EXTRACTED,DUP_GROUP_251,Extracted from table on page 26
NER_00804,GSI,GSI_0804,Assam,Kamrup,Kamakhya Road,26.16297,91.7059,,Slide,,26,TABLE_EXTRACTED,,Extracted from table on page 26
NER_00805,GSI,GSI_0805,Assam,Kamrup,Pandu,26.17027,91.698,,Slide,,26,TABLE_EXTRACTED,,Extracted from table on page 26
NER_00806,GSI,GSI_0806,Assam,Dima Hasao,Lower Boulsol,25.117665,92.847709,,Slide,,26,TABLE_EXTRACTED,,Extracted from table on page 26
NER_00807,GSI,GSI_0807,Assam,Dima Hasao,"Guilongam-Semkhor road
section",25.27898,93.241092,,Slide,,26,TABLE_EXTRACTED,,Extracted from table on page 26
NER_00808,GSI,GSI_0808,Assam,Dima Hasao,"Semkhor I-Semkhor II road
section",25.283672,93.301012,,Slide,,26,TABLE_EXTRACTED,,Extracted from table on page 26
NER_00809,GSI,GSI_0809,Assam,Dima Hasao,Old Sangbar,25.366255,92.823037,,Slide,,26,TABLE_EXTRACTED,,Extracted from table on page 26
NER_00810,GSI,GSI_0810,Assam,Dima Hasao,Duiring,25.1644,92.994643,,Slide,,26,TABLE_EXTRACTED,,Extracted from table on page 26
NER_00811,GSI,GSI_0811,Assam,Dima Hasao,Duiring,25.170425,92.989085,,Slide,,26,TABLE_EXTRACTED,,Extracted from table on page 26
NER_00812,GSI,GSI_0812,Assam,Dima Hasao,Kalachand,25.412958,93.242826,,Slide,,26,TABLE_EXTRACTED,,Extracted from table on page 26
NER_00813,GSI,GSI_0813,Assam,Dima Hasao,Kalachand,25.362612,93.216888,,Slide,,26,TABLE_EXTRACTED,,Extracted from table on page 26
NER_00814,GSI,GSI_0814,Assam,Dima Hasao,Gunjung,25.316197,93.006158,,Subsidence,,26,TABLE_EXTRACTED,,Extracted from table on page 26
NER_00815,GSI,GSI_0815,Assam,Dima Hasao,Hokai-Duiring road section,25.172918,92.995982,,Slide,,26,TABLE_EXTRACTED,,Extracted from table on page 26
NER_00816,GSI,GSI_0816,Assam,Dima Hasao,Maibang,25.319717,93.123028,,Slide,,26,TABLE_EXTRACTED,,Extracted from table on page 26
NER_00817,GSI,GSI_0817,Assam,Dima Hasao,Maibang-Gunjung road section,25.318433,93.115767,,Slide,,26,TABLE_EXTRACTED,,Extracted from table on page 26
NER_00818,GSI,GSI_0818,Assam,Dima Hasao,Maibang-Gunjung road section,25.313791,93.10552,,Slide,,26,TABLE_EXTRACTED,DUP_GROUP_252,Extracted from table on page 26
NER_00819,GSI,GSI_0819,Assam,Dima Hasao,Maibang-Gunjung road section,25.313929,93.10485,,Slide,,26,TABLE_EXTRACTED,DUP_GROUP_252,Extracted from table on page 26
NER_00820,GSI,GSI_0820,Assam,Dima Hasao,Maibang-Gunjung road section,25.314558,93.094195,,Slide,,26,TABLE_EXTRACTED,,Extracted from table on page 26
NER_00821,GSI,GSI_0821,Assam,Dima Hasao,Gunjung road section,25.22548,93.023783,,Slide,,26,TABLE_EXTRACTED,,Extracted from table on page 26
NER_00822,GSI,GSI_0822,Assam,Dima Hasao,Gunjung road section,25.24612,93.028292,,Slide,,26,TABLE_EXTRACTED,DUP_GROUP_244,Extracted from table on page 26
NER_00823,GSI,GSI_0823,Assam,Dima Hasao,Gunjung road section,25.23575,93.033317,,Slide,,26,TABLE_EXTRACTED,,Extracted from table on page 26
NER_00824,GSI,GSI_0824,Assam,Dima Hasao,Zion road section,25.18846,93.003768,,Slide,,26,TABLE_EXTRACTED,,Extracted from table on page 26
NER_00825,GSI,GSI_0825,Assam,Dima Hasao,"Lungkhok-Asiakrobi road
section",25.20006,92.9972,,Slide,,26,TABLE_EXTRACTED,DUP_GROUP_253,Extracted from table on page 26
NER_00826,GSI,GSI_0826,Assam,Dima Hasao,"Lungkhok-Asiakrobi road
section",25.19509,92.9995,,Slide,,27,TABLE_EXTRACTED,,Extracted from table on page 27
NER_00827,GSI,GSI_0827,Assam,Dima Hasao,"Lungkhok-Asiakrobi road
section",25.199617,92.997478,,Slide,,27,TABLE_EXTRACTED,DUP_GROUP_253,Extracted from table on page 27
NER_00828,GSI,GSI_0828,Assam,Dima Hasao,Gunjung-Maibang road section,25.325408,93.037147,,Slide,,27,TABLE_EXTRACTED,,Extracted from table on page 27
NER_00829,GSI,GSI_0829,Assam,Dima Hasao,Gunjung-Maibang road section,23.333165,93.057945,,Slide,,27,TABLE_EXTRACTED,,Extracted from table on page 27
NER_00830,GSI,GSI_0830,Assam,Dima Hasao,Belang road section,25.197888,93.02683,,Slide,,27,TABLE_EXTRACTED,,Extracted from table on page 27
NER_00831,GSI,GSI_0831,Assam,Dima Hasao,Khomunnom,25.18833,93.104922,,Slide,,27,TABLE_EXTRACTED,,Extracted from table on page 27
NER_00832,GSI,GSI_0832,Assam,Dima Hasao,Lasang Aam road section,25.147883,93.085354,,Slide,,27,TABLE_EXTRACTED,,Extracted from table on page 27
NER_00833,GSI,GSI_0833,Assam,Dima Hasao,Dehangi-Umrangso road section,25.425403,92.982053,,Slide,,27,TABLE_EXTRACTED,,Extracted from table on page 27
NER_00834,GSI,GSI_0834,Assam,Dima Hasao,Sampardisa-Gaijon road section,25.241135,93.007627,,Slide,,27,TABLE_EXTRACTED,,Extracted from table on page 27
NER_00835,GSI,GSI_0835,Assam,Dima Hasao,Sampardisa-Gaijon road section,25.245448,93.003937,,Slide,,27,TABLE_EXTRACTED,,Extracted from table on page 27
NER_00836,GSI,GSI_0836,Assam,Dima Hasao,"Lungkhok-Sampardisa road
section",25.211625,93.00113,,Slide,,27,TABLE_EXTRACTED,,Extracted from table on page 27
NER_00837,GSI,GSI_0837,Assam,Dima Hasao,"Lungkhok-Sampardisa road
section",25.21112,92.999782,,Slide,,27,TABLE_EXTRACTED,,Extracted from table on page 27
NER_00838,GSI,GSI_0838,Assam,Dima Hasao,"Maibang-Guilongkam road
section",25.267553,93.191317,,Slide,,27,TABLE_EXTRACTED,DUP_GROUP_254,Extracted from table on page 27
NER_00839,GSI,GSI_0839,Assam,Dima Hasao,"Maibang-Guilongkam road
section",25.266788,93.190998,,Slide,,27,TABLE_EXTRACTED,DUP_GROUP_254,Extracted from table on page 27
NER_00840,GSI,GSI_0840,Assam,Dima Hasao,"Maibang-Guilongkam road
section",25.26676,93.1964,,Slide,,27,TABLE_EXTRACTED,,Extracted from table on page 27
NER_00841,GSI,GSI_0841,Assam,Dima Hasao,"Maibang-Guilongkam road
section",25.266142,93.197997,,Slide,,27,TABLE_EXTRACTED,,Extracted from table on page 27
NER_00842,GSI,GSI_0842,Assam,Dima Hasao,"Maibang-Guilongkam road
section",25.265743,93.21778,,Slide,,27,TABLE_EXTRACTED,,Extracted from table on page 27
NER_00843,GSI,GSI_0843,Assam,Kamrup,,25.757752,91.252285,,flow,,27,TABLE_EXTRACTED,,Extracted from table on page 27
NER_00844,GSI,GSI_0844,Assam,Kamrup (Metro),,26.238016,91.945953,,slide,,27,TABLE_EXTRACTED,,Extracted from table on page 27
NER_00845,GSI,GSI_0845,Assam,Kamrup,,25.872268,91.213965,,flow,,27,TABLE_EXTRACTED,,Extracted from table on page 27
NER_00846,GSI,GSI_0846,Assam,Kamrup,,26.227261,91.692246,,slide,,27,TABLE_EXTRACTED,,Extracted from table on page 27
NER_00847,GSI,GSI_0847,Assam,Kamrup (Metro),,26.184324,91.855395,,slide,,27,TABLE_EXTRACTED,,Extracted from table on page 27
NER_00848,GSI,GSI_0848,Assam,Kamrup,,26.24698,91.964383,,slide,,27,TABLE_EXTRACTED,,Extracted from table on page 27
NER_00849,GSI,GSI_0849,Assam,Kamrup (Metro),,26.11956,92.052125,,slide,,27,TABLE_EXTRACTED,,Extracted from table on page 27
NER_00850,GSI,GSI_0850,Assam,Dima Hasao,,25.69814,93.129423,,slide,,27,TABLE_EXTRACTED,,Extracted from table on page 27
NER_00851,GSI,GSI_0851,Assam,Dima Hasao,,25.648512,93.121528,,slide,,27,TABLE_EXTRACTED,DUP_GROUP_126,Extracted from table on page 27
NER_00852,GSI,GSI_0852,Assam,Dima Hasao,,25.388977,93.121008,,slide,,27,TABLE_EXTRACTED,,Extracted from table on page 27
NER_00853,GSI,GSI_0853,Assam,West Khasi Hills,,25.740148,91.224044,,slide,,27,TABLE_EXTRACTED,,Extracted from table on page 27
NER_00854,GSI,GSI_0854,Assam,Dima Hasao,,25.341478,93.133718,,slide,,27,TABLE_EXTRACTED,,Extracted from table on page 27
NER_00855,GSI,GSI_0855,Assam,West Karbi Anglong,,25.888959,92.61669,,slide,,27,TABLE_EXTRACTED,,Extracted from table on page 27
NER_00856,GSI,GSI_0856,Assam,West Karbi Anglong,,25.890032,92.621245,,slide,,27,TABLE_EXTRACTED,,Extracted from table on page 27
NER_00857,GSI,GSI_0857,Assam,Kamrup (Metro),,26.156633,91.938576,,slide,,27,TABLE_EXTRACTED,,Extracted from table on page 27
NER_00858,GSI,GSI_0858,Assam,Kamrup (Metro),,26.1445,91.7362,,Flow,,27,TABLE_EXTRACTED,,Extracted from table on page 27
NER_00859,GSI,GSI_0859,Arunachal Pradesh,Longding,Longding-Konsa road,26.736494,95.261822,,Slide,,27,TABLE_EXTRACTED,,Extracted from table on page 27
NER_00860,GSI,GSI_0860,Arunachal Pradesh,Longding,Longding - Konsa road,26.799929,95.309533,,Slide,,27,TABLE_EXTRACTED,,Extracted from table on page 27
NER_00861,GSI,GSI_0861,Arunachal Pradesh,Longding,Longding-Khonsa road,26.849624,95.320878,,Slide,,27,TABLE_EXTRACTED,,Extracted from table on page 27
NER_00862,GSI,GSI_0862,Arunachal Pradesh,Longding,Longding-Khonsa road,26.87859,95.35234,,Slide,,27,TABLE_EXTRACTED,,Extracted from table on page 27
NER_00863,GSI,GSI_0863,Arunachal Pradesh,Longding,Longding-Khonsa road,26.881881,95.333027,,Slide,,28,TABLE_EXTRACTED,,Extracted from table on page 28
NER_00864,GSI,GSI_0864,Arunachal Pradesh,Tirap,Khonsa-Lazu road,26.885896,95.562013,,Slide,,28,TABLE_EXTRACTED,,Extracted from table on page 28
NER_00865,GSI,GSI_0865,Arunachal Pradesh,Tirap,Khonsa-Lazu road,26.897502,95.542612,,Fall,,28,TABLE_EXTRACTED,,Extracted from table on page 28
NER_00866,GSI,GSI_0866,Arunachal Pradesh,Tirap,Khonsa-Lazu road,26.904294,95.549313,,Slide,,28,TABLE_EXTRACTED,,Extracted from table on page 28
NER_00867,GSI,GSI_0867,Arunachal Pradesh,Longding,Longding-Khonsa road,26.904445,95.360399,,Slide,,28,TABLE_EXTRACTED,,Extracted from table on page 28
NER_00868,GSI,GSI_0868,Arunachal Pradesh,Tirap,Khonsa-Lazu road,26.919823,95.545421,,Slide,,28,TABLE_EXTRACTED,,Extracted from table on page 28
NER_00869,GSI,GSI_0869,Arunachal Pradesh,Longding,Longding-Khonsa road,26.925697,95.371448,,Slide,,28,TABLE_EXTRACTED,,Extracted from table on page 28
NER_00870,GSI,GSI_0870,Arunachal Pradesh,Tirap,Longding-Khonsa road,26.93529,95.37696,,Slide,,28,TABLE_EXTRACTED,,Extracted from table on page 28
NER_00871,GSI,GSI_0871,Arunachal Pradesh,Tirap,Longding-Khonsa road,26.936043,95.370996,,Slide,,28,TABLE_EXTRACTED,,Extracted from table on page 28
NER_00872,GSI,GSI_0872,Arunachal Pradesh,Tirap,Khonsa-Lazu road,26.939232,95.520994,,Slide,,28,TABLE_EXTRACTED,,Extracted from table on page 28
NER_00873,GSI,GSI_0873,Arunachal Pradesh,Tirap,Longding-Khonsa road,26.943433,95.385986,,Slide,,28,TABLE_EXTRACTED,,Extracted from table on page 28
NER_00874,GSI,GSI_0874,Arunachal Pradesh,Tirap,Khonsa-Lazu road,26.952173,95.519402,,Slide,,28,TABLE_EXTRACTED,,Extracted from table on page 28
NER_00875,GSI,GSI_0875,Arunachal Pradesh,Tirap,Longding-Khonsa road,26.976731,95.423103,,Slide,,28,TABLE_EXTRACTED,,Extracted from table on page 28
NER_00876,GSI,GSI_0876,Arunachal Pradesh,Tirap,"Khonsa-Changlang road, NH-
215",26.984318,95.510469,,Slide,,28,TABLE_EXTRACTED,,Extracted from table on page 28
NER_00877,GSI,GSI_0877,Arunachal Pradesh,Tirap,Longding-Khonsa road,26.994618,95.486818,,Slide,,28,TABLE_EXTRACTED,,Extracted from table on page 28
NER_00878,GSI,GSI_0878,Arunachal Pradesh,Tirap,Longding-Khonsa road,26.994942,95.474591,,Slide,,28,TABLE_EXTRACTED,,Extracted from table on page 28
NER_00879,GSI,GSI_0879,Arunachal Pradesh,West Kameng,NE of Bhalukpong Helipad,27.018342,92.6356,,Slide,,28,TABLE_EXTRACTED,DUP_GROUP_255,Extracted from table on page 28
NER_00880,GSI,GSI_0880,Arunachal Pradesh,West Kameng,Bhalukpong Circuit House,27.018583,92.635667,,Slide,,28,TABLE_EXTRACTED,DUP_GROUP_255,Extracted from table on page 28
NER_00881,GSI,GSI_0881,Arunachal Pradesh,Tirap,"Khonsa-Changlang road, NH-
215",27.019379,95.555899,,Slide,,28,TABLE_EXTRACTED,,Extracted from table on page 28
NER_00882,GSI,GSI_0882,Arunachal Pradesh,Papum Pare,N/A,27.03106,93.62292,,"Debris slide
and subsidence",,28,TABLE_EXTRACTED,DUP_GROUP_256,Extracted from table on page 28
NER_00883,GSI,GSI_0883,Arunachal Pradesh,Tirap,"Khonsa-Changlang road, NH-
215",27.032124,95.562208,,Slide,,28,TABLE_EXTRACTED,,Extracted from table on page 28
NER_00884,GSI,GSI_0884,Arunachal Pradesh,Tirap,"Khonsa-Changlang road, NH-
215",27.035069,95.56864,,Slide,,28,TABLE_EXTRACTED,,Extracted from table on page 28
NER_00885,GSI,GSI_0885,Arunachal Pradesh,West Kameng,,27.035278,92.610556,,Slide,,28,TABLE_EXTRACTED,,Extracted from table on page 28
NER_00886,GSI,GSI_0886,Arunachal Pradesh,West Kameng,NH 13/ Tippi,27.036111,92.603333,,Flow,,28,TABLE_EXTRACTED,,Extracted from table on page 28
NER_00887,GSI,GSI_0887,Arunachal Pradesh,Tirap,"Khonsa-Changlang road, NH-
215",27.036339,95.564677,,Slide,,28,TABLE_EXTRACTED,,Extracted from table on page 28
NER_00888,GSI,GSI_0888,Arunachal Pradesh,Changlang,Changlang-Khimioyng road,27.039914,95.73282,,Slide,,28,TABLE_EXTRACTED,,Extracted from table on page 28
NER_00889,GSI,GSI_0889,Arunachal Pradesh,Changlang,Changlang-Khimioyng road,27.043883,95.72822,,Slide,,28,TABLE_EXTRACTED,,Extracted from table on page 28
NER_00890,GSI,GSI_0890,Arunachal Pradesh,Tirap,"Khonsa-Changlang road, NH-
215",27.046252,95.592084,,Slide,,28,TABLE_EXTRACTED,,Extracted from table on page 28
NER_00891,GSI,GSI_0891,Arunachal Pradesh,Changlang,Changlang-Khimioyng road,27.047848,95.729657,,Slide,,28,TABLE_EXTRACTED,,Extracted from table on page 28
NER_00892,GSI,GSI_0892,Arunachal Pradesh,Changlang,Changlang-Khimioyng road,27.057191,95.716883,,Slide,,28,TABLE_EXTRACTED,,Extracted from table on page 28
NER_00893,GSI,GSI_0893,Arunachal Pradesh,Changlang,Changlang-Khimioyng road,27.0611,95.721024,,Slide,,28,TABLE_EXTRACTED,,Extracted from table on page 28
NER_00894,GSI,GSI_0894,Arunachal Pradesh,Tirap,"Khonsa-Changlang road, NH-
215",27.061845,95.614212,,Slide,,28,TABLE_EXTRACTED,,Extracted from table on page 28
NER_00895,GSI,GSI_0895,Arunachal Pradesh,West Kameng,NH-13,27.06658,92.59572,,Slide,,28,TABLE_EXTRACTED,,Extracted from table on page 28
NER_00896,GSI,GSI_0896,Arunachal Pradesh,Changlang,Changlang-Khimioyng road,27.068358,95.725306,,Slide,,28,TABLE_EXTRACTED,,Extracted from table on page 28
NER_00897,GSI,GSI_0897,Arunachal Pradesh,Tirap,"Khonsa-Changlang road, NH-
215",27.072206,95.634021,,Slide,,28,TABLE_EXTRACTED,,Extracted from table on page 28
NER_00898,GSI,GSI_0898,Arunachal Pradesh,Tirap,"Khonsa-Changlang road, NH-
215",27.074431,95.638118,,Slide,,28,TABLE_EXTRACTED,,Extracted from table on page 28
NER_00899,GSI,GSI_0899,Arunachal Pradesh,Papum Pare,,27.078472,93.605639,,Slide,,28,TABLE_EXTRACTED,,Extracted from table on page 28
NER_00900,GSI,GSI_0900,Arunachal Pradesh,Tirap,"Khonsa-Changlang road, NH-
215",27.079176,95.638023,,Slide,,28,TABLE_EXTRACTED,,Extracted from table on page 28
NER_00901,GSI,GSI_0901,Arunachal Pradesh,Papum Pare,N/A,27.081306,93.612833,,"Translation
(Debris flow)",,29,TABLE_EXTRACTED,DUP_GROUP_257,Extracted from table on page 29
NER_00902,GSI,GSI_0902,Arunachal Pradesh,Papum Pare,N/A,27.08155,93.61438,,Debris slide,,29,TABLE_EXTRACTED,DUP_GROUP_258,Extracted from table on page 29
NER_00903,GSI,GSI_0903,Arunachal Pradesh,Tirap,"Khonsa-Changlang road, NH-
215",27.083054,95.639328,,Slide,,29,TABLE_EXTRACTED,,Extracted from table on page 29
NER_00904,GSI,GSI_0904,Arunachal Pradesh,Papum Pare,N/A,27.083117,93.601735,,Debris slide,,29,TABLE_EXTRACTED,DUP_GROUP_259,Extracted from table on page 29
NER_00905,GSI,GSI_0905,Arunachal Pradesh,West Kameng,NH 13/ SW of Elephant Flat,27.086139,92.584361,,Slide,,29,TABLE_EXTRACTED,,Extracted from table on page 29
NER_00906,GSI,GSI_0906,Arunachal Pradesh,West Kameng,,27.086667,92.585278,,,,29,TABLE_EXTRACTED,,Extracted from table on page 29
NER_00907,GSI,GSI_0907,Arunachal Pradesh,Papum Pare,Near Papu nala,27.088278,93.66925,,Slide,,29,TABLE_EXTRACTED,,Extracted from table on page 29
NER_00908,GSI,GSI_0908,Arunachal Pradesh,Changlang,Changlang-Khimioyng road,27.089394,95.729849,,Slide,,29,TABLE_EXTRACTED,,Extracted from table on page 29
NER_00909,GSI,GSI_0909,Arunachal Pradesh,Papum Pare,,27.091139,93.615667,,Slide,,29,TABLE_EXTRACTED,,Extracted from table on page 29
NER_00910,GSI,GSI_0910,Arunachal Pradesh,West Kameng,Pinjori-Kimi Road,27.092028,92.597028,,Slide,,29,TABLE_EXTRACTED,,Extracted from table on page 29
NER_00911,GSI,GSI_0911,Arunachal Pradesh,Changlang,Changlang-Khimioyng road,27.093755,95.731806,,slide,,29,TABLE_EXTRACTED,,Extracted from table on page 29
NER_00912,GSI,GSI_0912,Arunachal Pradesh,West Kameng,,27.093889,92.591389,,,,29,TABLE_EXTRACTED,,Extracted from table on page 29
NER_00913,GSI,GSI_0913,Arunachal Pradesh,Papum Pare,,27.095278,93.615694,,Slide,,29,TABLE_EXTRACTED,,Extracted from table on page 29
NER_00914,GSI,GSI_0914,Arunachal Pradesh,Papum Pare,N/A,27.09589,93.62284,,Debris slide,,29,TABLE_EXTRACTED,DUP_GROUP_260,Extracted from table on page 29
NER_00915,GSI,GSI_0915,Arunachal Pradesh,Tirap,"Khonsa-Changlang road, NH-
215",27.095969,95.634872,,Slide,,29,TABLE_EXTRACTED,,Extracted from table on page 29
NER_00916,GSI,GSI_0916,Arunachal Pradesh,West Kameng,Pinjori-Kimi Road,27.099083,92.626306,,Slide,,29,TABLE_EXTRACTED,,Extracted from table on page 29
NER_00917,GSI,GSI_0917,Arunachal Pradesh,Tirap,"Khonsa-Changlang road, NH-
215",27.099707,95.641075,,Slide,,29,TABLE_EXTRACTED,,Extracted from table on page 29
NER_00918,GSI,GSI_0918,Arunachal Pradesh,Papum Pare,,27.101111,93.619222,,Slide,,29,TABLE_EXTRACTED,,Extracted from table on page 29
NER_00919,GSI,GSI_0919,Arunachal Pradesh,Papum Pare,N/A,27.10215,93.61371,,Debris slide,,29,TABLE_EXTRACTED,DUP_GROUP_261,Extracted from table on page 29
NER_00920,GSI,GSI_0920,Arunachal Pradesh,Tirap,"Khonsa-Changlang road, NH-
215",27.102163,95.644694,,Slide,,29,TABLE_EXTRACTED,,Extracted from table on page 29
NER_00921,GSI,GSI_0921,Arunachal Pradesh,Tirap,"Khonsa-Changlang road, NH-
215",27.102625,95.645631,,Slide,,29,TABLE_EXTRACTED,,Extracted from table on page 29
NER_00922,GSI,GSI_0922,Arunachal Pradesh,Papum Pare,NE of Itanagar,27.102944,93.640417,,Slide,,29,TABLE_EXTRACTED,,Extracted from table on page 29
NER_00923,GSI,GSI_0923,Arunachal Pradesh,Papum Pare,NE of Itanagar,27.103069,93.641778,,Slide,,29,TABLE_EXTRACTED,,Extracted from table on page 29
NER_00924,GSI,GSI_0924,Arunachal Pradesh,Papum Pare,"Bidyut Bhavan, Itanagar",27.103111,93.634019,,Slide,,29,TABLE_EXTRACTED,,Extracted from table on page 29
NER_00925,GSI,GSI_0925,Arunachal Pradesh,Papum Pare,NE of Bidyut Bhavan,27.103444,93.638722,,Slide,,29,TABLE_EXTRACTED,,Extracted from table on page 29
NER_00926,GSI,GSI_0926,Arunachal Pradesh,West Kameng,Pinjori-Kimi Road,27.103639,92.76025,,Slide,,29,TABLE_EXTRACTED,,Extracted from table on page 29
NER_00927,GSI,GSI_0927,Arunachal Pradesh,Papum Pare,N/A,27.10375,93.61529,,Debris slide,,29,TABLE_EXTRACTED,DUP_GROUP_262,Extracted from table on page 29
NER_00928,GSI,GSI_0928,Arunachal Pradesh,Papum Pare,"Bidyut Bhavan, Itanagar",27.103944,93.637611,,Slide,,29,TABLE_EXTRACTED,,Extracted from table on page 29
NER_00929,GSI,GSI_0929,Arunachal Pradesh,West Kameng,NH 13/ E of Sessa,27.105083,92.555222,,Slide,,29,TABLE_EXTRACTED,,Extracted from table on page 29
NER_00930,GSI,GSI_0930,Arunachal Pradesh,West Kameng,N130? of NH 13/ E of Sessa,27.1055,92.556278,,Slide,,29,TABLE_EXTRACTED,,Extracted from table on page 29
NER_00931,GSI,GSI_0931,Arunachal Pradesh,Papum Pare,,27.105556,93.699722,,Slide,,29,TABLE_EXTRACTED,,Extracted from table on page 29
NER_00932,GSI,GSI_0932,Arunachal Pradesh,Tirap,"Khonsa-Changlang road, NH-
215",27.105748,95.654176,,Slide,,29,TABLE_EXTRACTED,,Extracted from table on page 29
NER_00933,GSI,GSI_0933,Arunachal Pradesh,Papum Pare,,27.106472,93.663889,,Slide,,29,TABLE_EXTRACTED,,Extracted from table on page 29
NER_00934,GSI,GSI_0934,Arunachal Pradesh,Papum Pare,NE of Itanagar,27.106722,93.660111,,Slide,,29,TABLE_EXTRACTED,,Extracted from table on page 29
NER_00935,GSI,GSI_0935,Arunachal Pradesh,West Kameng,NH 13/ NW of Elephant Flat,27.106939,92.573544,,Slide,,29,TABLE_EXTRACTED,,Extracted from table on page 29
NER_00936,GSI,GSI_0936,Arunachal Pradesh,Papum Pare,NH- 415,27.10736,93.64975,,Slide,,30,TABLE_EXTRACTED,,Extracted from table on page 30
NER_00937,GSI,GSI_0937,Arunachal Pradesh,West Kameng,NH 13/ Sedal,27.1105,92.537444,,Slide,,30,TABLE_EXTRACTED,,Extracted from table on page 30
NER_00938,GSI,GSI_0938,Arunachal Pradesh,Papum Pare,,27.112222,93.694444,,Flow,,30,TABLE_EXTRACTED,,Extracted from table on page 30
NER_00939,GSI,GSI_0939,Arunachal Pradesh,Changlang,Changlang-Khimioyng road,27.112268,95.736125,,Slide,,30,TABLE_EXTRACTED,,Extracted from table on page 30
NER_00940,GSI,GSI_0940,Arunachal Pradesh,West Kameng,Seppa Road Section,27.112694,92.543472,,Slide,,30,TABLE_EXTRACTED,,Extracted from table on page 30
NER_00941,GSI,GSI_0941,Arunachal Pradesh,West Kameng,NH 13,27.11375,92.537583,,Slide,,30,TABLE_EXTRACTED,,Extracted from table on page 30
NER_00942,GSI,GSI_0942,Arunachal Pradesh,Changlang,"Khonsa-Changlang road, NH-
215",27.115246,95.670965,,Slide,,30,TABLE_EXTRACTED,,Extracted from table on page 30
NER_00943,GSI,GSI_0943,Arunachal Pradesh,Changlang,Changlang-Khimioyng road,27.115545,95.733337,,Slide,,30,TABLE_EXTRACTED,DUP_GROUP_263,Extracted from table on page 30
NER_00944,GSI,GSI_0944,Arunachal Pradesh,West Kameng,Pinjori-Kimi Road,27.115694,92.763028,,Slide,,30,TABLE_EXTRACTED,,Extracted from table on page 30
NER_00945,GSI,GSI_0945,Arunachal Pradesh,Changlang,Changlang-Khimioyng road,27.11587,95.733019,,Fall,,30,TABLE_EXTRACTED,DUP_GROUP_263,Extracted from table on page 30
NER_00946,GSI,GSI_0946,Arunachal Pradesh,West Kameng,NH 13/ Sedal,27.116194,92.543111,,Slide,,30,TABLE_EXTRACTED,,Extracted from table on page 30
NER_00947,GSI,GSI_0947,Arunachal Pradesh,Changlang,"Khonsa-Changlang road, NH-
215",27.116625,95.669825,,Slide,,30,TABLE_EXTRACTED,,Extracted from table on page 30
NER_00948,GSI,GSI_0948,Arunachal Pradesh,Changlang,"Khonsa-Changlang road, NH-
215",27.122408,95.678718,,Slide,,30,TABLE_EXTRACTED,,Extracted from table on page 30
NER_00949,GSI,GSI_0949,Arunachal Pradesh,Changlang,"Khonsa-Changlang road, NH-
215",27.122872,95.672546,,Slide,,30,TABLE_EXTRACTED,,Extracted from table on page 30
NER_00950,GSI,GSI_0950,Arunachal Pradesh,Papum Pare,NE of Naharlagun,27.123139,93.702139,,Slide,,30,TABLE_EXTRACTED,,Extracted from table on page 30
NER_00951,GSI,GSI_0951,Arunachal Pradesh,Papum Pare,,27.124444,93.742222,,Creep,,30,TABLE_EXTRACTED,,Extracted from table on page 30
NER_00952,GSI,GSI_0952,Arunachal Pradesh,Changlang,"Changlang-New Changalang
road",27.125767,95.745585,,Slide,,30,TABLE_EXTRACTED,,Extracted from table on page 30
NER_00953,GSI,GSI_0953,Arunachal Pradesh,Papum Pare,NH- 415,27.1275,93.73164,,Slide,,30,TABLE_EXTRACTED,DUP_GROUP_264,Extracted from table on page 30
NER_00954,GSI,GSI_0954,Arunachal Pradesh,Papum Pare,NH- 415,27.1275,93.73164,,Slide,,30,TABLE_EXTRACTED,DUP_GROUP_264,Extracted from table on page 30
NER_00955,GSI,GSI_0955,Arunachal Pradesh,Papum Pare,Near Naharlagun,27.128972,93.705333,,Slide,,30,TABLE_EXTRACTED,,Extracted from table on page 30
NER_00956,GSI,GSI_0956,Arunachal Pradesh,Changlang,"Khonsa-Changlang road, NH-
215",27.12922,95.684101,,Slide,,30,TABLE_EXTRACTED,,Extracted from table on page 30
NER_00957,GSI,GSI_0957,Arunachal Pradesh,Changlang,"Khonsa-Changlang road, NH-
215",27.131129,95.689613,,Slide,,30,TABLE_EXTRACTED,,Extracted from table on page 30
NER_00958,GSI,GSI_0958,Arunachal Pradesh,Changlang,"Khonsa-Changlang road, NH-
215",27.132794,95.687302,,Slide,,30,TABLE_EXTRACTED,,Extracted from table on page 30
NER_00959,GSI,GSI_0959,Arunachal Pradesh,Changlang,"Khonsa-Changlang road, NH-
215",27.132933,95.709803,,Slide,,30,TABLE_EXTRACTED,,Extracted from table on page 30
NER_00960,GSI,GSI_0960,Arunachal Pradesh,West Kameng,Pinjori-Kimi Road,27.134444,92.599611,,Slide,,30,TABLE_EXTRACTED,,Extracted from table on page 30
NER_00961,GSI,GSI_0961,Arunachal Pradesh,Papum Pare,N/A,27.134694,93.743472,,"Translation
(Debris flow)",,30,TABLE_EXTRACTED,DUP_GROUP_265,Extracted from table on page 30
NER_00962,GSI,GSI_0962,Arunachal Pradesh,Changlang,"NH-215, Changlang-Margherita
raod",27.143343,95.743034,,Slide,,30,TABLE_EXTRACTED,,Extracted from table on page 30
NER_00963,GSI,GSI_0963,Arunachal Pradesh,Changlang,"Changlang-Margherita road (NH-
215)",27.1448,95.742566,,Slide,,30,TABLE_EXTRACTED,,Extracted from table on page 30
NER_00964,GSI,GSI_0964,Arunachal Pradesh,West Kameng,Pinjori-Kimi Road,27.148056,92.613889,,Slide,,30,TABLE_EXTRACTED,,Extracted from table on page 30
NER_00965,GSI,GSI_0965,Arunachal Pradesh,Changlang,"Changlang-New Changalang
road",27.150127,95.780208,,Slide,,30,TABLE_EXTRACTED,,Extracted from table on page 30
NER_00966,GSI,GSI_0966,Arunachal Pradesh,West Kameng,NH 13,27.152417,92.561778,,Slide,,30,TABLE_EXTRACTED,DUP_GROUP_266,Extracted from table on page 30
NER_00967,GSI,GSI_0967,Arunachal Pradesh,West Kameng,NH 13,27.153056,92.56175,,Slide,,30,TABLE_EXTRACTED,DUP_GROUP_266,Extracted from table on page 30
NER_00968,GSI,GSI_0968,Arunachal Pradesh,Changlang,"Changlang-New Changalang
road",27.153826,95.77545,,Slide,,30,TABLE_EXTRACTED,,Extracted from table on page 30
NER_00969,GSI,GSI_0969,Arunachal Pradesh,Changlang,Changlang-Kengkhu road,27.15844,95.755292,,Slide,,30,TABLE_EXTRACTED,,Extracted from table on page 30
NER_00970,GSI,GSI_0970,Arunachal Pradesh,Changlang,Changlang-Kengkhu road,27.158837,95.750303,,Slide,,30,TABLE_EXTRACTED,,Extracted from table on page 30
NER_00971,GSI,GSI_0971,Arunachal Pradesh,Papum Pare,NE Naharlagun Railway station,27.16,93.739167,,Slide,,30,TABLE_EXTRACTED,DUP_GROUP_267,Extracted from table on page 30
NER_00972,GSI,GSI_0972,Arunachal Pradesh,Changlang,Changlang-Kengkhu road,27.160065,95.754919,,Fall,,31,TABLE_EXTRACTED,,Extracted from table on page 31
NER_00973,GSI,GSI_0973,Arunachal Pradesh,East Kameng,NH-36,27.161806,93.136194,,Slide,,31,TABLE_EXTRACTED,,Extracted from table on page 31
NER_00974,GSI,GSI_0974,Arunachal Pradesh,Changlang,Changlang-Kengkhu road,27.161858,95.757717,,Slide,,31,TABLE_EXTRACTED,,Extracted from table on page 31
NER_00975,GSI,GSI_0975,Arunachal Pradesh,Changlang,Changlang - Kengkhu road,27.163084,95.754775,,Slide,,31,TABLE_EXTRACTED,,Extracted from table on page 31
NER_00976,GSI,GSI_0976,Arunachal Pradesh,Changlang,"Changlang-Margherita road (NH-
215)",27.163388,95.746685,,Slide,,31,TABLE_EXTRACTED,,Extracted from table on page 31
NER_00977,GSI,GSI_0977,Arunachal Pradesh,Papum Pare,Doimukh petrol pump,27.163556,93.752306,,Slide,,31,TABLE_EXTRACTED,,Extracted from table on page 31
NER_00978,GSI,GSI_0978,Arunachal Pradesh,Papum Pare,NE Naharlagun Railway station,27.165806,93.751167,,Slide,,31,TABLE_EXTRACTED,DUP_GROUP_268,Extracted from table on page 31
NER_00979,GSI,GSI_0979,Arunachal Pradesh,West Kameng,Seppa Road Section,27.166306,92.587139,,Slide,,31,TABLE_EXTRACTED,,Extracted from table on page 31
NER_00980,GSI,GSI_0980,Arunachal Pradesh,West Kameng,Seppa Road Section,27.167139,92.587917,,Slide,,31,TABLE_EXTRACTED,,Extracted from table on page 31
NER_00981,GSI,GSI_0981,Arunachal Pradesh,Changlang,"NH-215, Changlang-Marigrehta
road",27.172066,95.754546,,Slide,,31,TABLE_EXTRACTED,,Extracted from table on page 31
NER_00982,GSI,GSI_0982,Arunachal Pradesh,Changlang,"Changlang-Margherita road (NH-
215)",27.175606,95.749935,,Slide,,31,TABLE_EXTRACTED,,Extracted from table on page 31
NER_00983,GSI,GSI_0983,Arunachal Pradesh,East Kameng,NH-35,27.177667,93.148694,,Slide,,31,TABLE_EXTRACTED,DUP_GROUP_269,Extracted from table on page 31
NER_00984,GSI,GSI_0984,Arunachal Pradesh,East Kameng,NH-35,27.177667,93.148694,,Slide,,31,TABLE_EXTRACTED,DUP_GROUP_269,Extracted from table on page 31
NER_00985,GSI,GSI_0985,Arunachal Pradesh,East Kameng,NH-35,27.177667,93.148694,,Slide,,31,TABLE_EXTRACTED,DUP_GROUP_270,Extracted from table on page 31
NER_00986,GSI,GSI_0986,Arunachal Pradesh,East Kameng,NH-35,27.177667,93.148694,,Slide,,31,TABLE_EXTRACTED,DUP_GROUP_271,Extracted from table on page 31
NER_00987,GSI,GSI_0987,Arunachal Pradesh,East Kameng,NH-35,27.177667,93.148694,,Slide,,31,TABLE_EXTRACTED,DUP_GROUP_272,Extracted from table on page 31
NER_00988,GSI,GSI_0988,Arunachal Pradesh,East Kameng,NH-35,27.177667,93.148694,,Slide,,31,TABLE_EXTRACTED,DUP_GROUP_273,Extracted from table on page 31
NER_00989,GSI,GSI_0989,Arunachal Pradesh,East Kameng,NH-35,27.177667,93.148694,,Slide,,31,TABLE_EXTRACTED,DUP_GROUP_274,Extracted from table on page 31
NER_00990,GSI,GSI_0990,Arunachal Pradesh,East Kameng,NH-35,27.177667,93.148694,,Slide,,31,TABLE_EXTRACTED,DUP_GROUP_275,Extracted from table on page 31
NER_00991,GSI,GSI_0991,Arunachal Pradesh,Changlang,"Changlang-Margherita road (NH-
215)",27.178695,95.735218,,Fall,,31,TABLE_EXTRACTED,,Extracted from table on page 31
NER_00992,GSI,GSI_0992,Arunachal Pradesh,West Kameng,Seppa Road Section,27.182278,92.599889,,Slide,,31,TABLE_EXTRACTED,,Extracted from table on page 31
NER_00993,GSI,GSI_0993,Arunachal Pradesh,West Kameng,Seppa Road Section,27.183833,92.599333,,Slide,,31,TABLE_EXTRACTED,,Extracted from table on page 31
NER_00994,GSI,GSI_0994,Arunachal Pradesh,Changlang,"Changlang-Margherita road (NH-
215)",27.187767,95.732008,,Slide,,31,TABLE_EXTRACTED,,Extracted from table on page 31
NER_00995,GSI,GSI_0995,Arunachal Pradesh,Changlang,"Changlang-Margherita road (NH-
215)",27.188551,95.703582,,Slide,,31,TABLE_EXTRACTED,,Extracted from table on page 31
NER_00996,GSI,GSI_0996,Arunachal Pradesh,East Kameng,NH-34,27.188694,93.136056,,Fall,,31,TABLE_EXTRACTED,,Extracted from table on page 31
NER_00997,GSI,GSI_0997,Arunachal Pradesh,Changlang,"Changlang-Margherita road (NH-
215)",27.190295,95.716317,,Rock fall,,31,TABLE_EXTRACTED,,Extracted from table on page 31
NER_00998,GSI,GSI_0998,Arunachal Pradesh,West Kameng,Seppa Road Section,27.190861,92.607806,,Slide,,31,TABLE_EXTRACTED,,Extracted from table on page 31
NER_00999,GSI,GSI_0999,Arunachal Pradesh,West Kameng,Seppa Road Section,27.191667,92.610111,,Slide,,31,TABLE_EXTRACTED,,Extracted from table on page 31
NER_01000,GSI,GSI_1000,Arunachal Pradesh,Lower Subansiri,National Highway 713-A,27.193425,93.780983,,Slide,,31,TABLE_EXTRACTED,DUP_GROUP_297,Extracted from table on page 31
NER_01001,GSI,GSI_1001,Arunachal Pradesh,Papum Pare,W of Doimukh,27.194111,93.780944,,Slide,,31,TABLE_EXTRACTED,DUP_GROUP_297,Extracted from table on page 31
NER_01002,GSI,GSI_1002,Arunachal Pradesh,East Kameng,NH-33,27.196944,93.139722,,Slide,,31,TABLE_EXTRACTED,,Extracted from table on page 31
NER_01003,GSI,GSI_1003,Arunachal Pradesh,West Kameng,NH 13,27.204139,92.529278,,Fall,,31,TABLE_EXTRACTED,,Extracted from table on page 31
NER_01004,GSI,GSI_1004,Arunachal Pradesh,West Kameng,NH 13,27.20675,92.537389,,Slide,,31,TABLE_EXTRACTED,DUP_GROUP_299,Extracted from table on page 31
NER_01005,GSI,GSI_1005,Arunachal Pradesh,West Kameng,NH 13,27.206917,92.537667,,Slide,,31,TABLE_EXTRACTED,DUP_GROUP_299,Extracted from table on page 31
NER_01006,GSI,GSI_1006,Arunachal Pradesh,Papum Pare,Peech-Hoj village,27.207583,93.615667,,Slide,,31,TABLE_EXTRACTED,DUP_GROUP_300,Extracted from table on page 31
NER_01007,GSI,GSI_1007,Arunachal Pradesh,Papum Pare,"Trans Arunachal Highway,
about 40 km south of the state
capital Itanagar",27.207659,93.615842,,Slide,,31,TABLE_EXTRACTED,DUP_GROUP_300,Extracted from table on page 31
NER_01008,GSI,GSI_1008,Arunachal Pradesh,Pakke Kessang,NH-31,27.208083,93.133472,,Slide,,31,TABLE_EXTRACTED,,Extracted from table on page 31
NER_01009,GSI,GSI_1009,Arunachal Pradesh,West Kameng,NH 13/ W of New Kaspi,27.208222,92.55475,,Slide,,31,TABLE_EXTRACTED,,Extracted from table on page 31
NER_01010,GSI,GSI_1010,Arunachal Pradesh,Papum Pare,W of Laptap village,27.210556,93.628556,,Slide,,31,TABLE_EXTRACTED,,Extracted from table on page 31
NER_01011,GSI,GSI_1011,Arunachal Pradesh,Papum Pare,Laptap village,27.214778,93.635667,,Slide,,31,TABLE_EXTRACTED,,Extracted from table on page 31
NER_01012,GSI,GSI_1012,Arunachal Pradesh,East Kameng,"NH-31, Ngoleko Village",27.215611,93.123139,,Slide,,31,TABLE_EXTRACTED,,Extracted from table on page 31
NER_01013,GSI,GSI_1013,Arunachal Pradesh,East Kameng,NH-31,27.215944,93.069222,,Slide,,31,TABLE_EXTRACTED,,Extracted from table on page 31
NER_01014,GSI,GSI_1014,Arunachal Pradesh,Papum Pare,49th K.M Camp-Sagalee section,27.216278,93.655639,,Slide,,32,TABLE_EXTRACTED,,Extracted from table on page 32
NER_01015,GSI,GSI_1015,Arunachal Pradesh,Papum Pare,Mep Soro-Jote road section,27.216639,93.691472,,Slide,,32,TABLE_EXTRACTED,,Extracted from table on page 32
NER_01016,GSI,GSI_1016,Arunachal Pradesh,East Kameng,NH-31,27.216778,93.074944,,Slide,,32,TABLE_EXTRACTED,,Extracted from table on page 32
NER_01017,GSI,GSI_1017,Arunachal Pradesh,East Kameng,NH-31,27.217333,93.064833,,Slide,,32,TABLE_EXTRACTED,,Extracted from table on page 32
NER_01018,GSI,GSI_1018,Arunachal Pradesh,Papum Pare,Mep Soro-Jote road section,27.218611,93.695278,,Slide,,32,TABLE_EXTRACTED,,Extracted from table on page 32
NER_01019,GSI,GSI_1019,Arunachal Pradesh,Papum Pare,Palapu village,27.22075,93.581167,,Slide,,32,TABLE_EXTRACTED,,Extracted from table on page 32
NER_01020,GSI,GSI_1020,Arunachal Pradesh,Papum Pare,Mep Soro-Jote road section,27.220833,93.698194,,Slide,,32,TABLE_EXTRACTED,,Extracted from table on page 32
NER_01021,GSI,GSI_1021,Arunachal Pradesh,Papum Pare,Mep Soro-Jote road section,27.223667,93.580417,,Slide,,32,TABLE_EXTRACTED,,Extracted from table on page 32
NER_01022,GSI,GSI_1022,Arunachal Pradesh,Papum Pare,Mep Soro-Jote road section,27.225361,93.570278,,Slide,,32,TABLE_EXTRACTED,,Extracted from table on page 32
NER_01023,GSI,GSI_1023,Arunachal Pradesh,Changlang,Jairampur-Walongtoi road,27.226901,95.905393,,Slide,,32,TABLE_EXTRACTED,,Extracted from table on page 32
NER_01024,GSI,GSI_1024,Arunachal Pradesh,Papum Pare,Mep Soro-Jote road section,27.228056,93.568972,,Slide,,32,TABLE_EXTRACTED,,Extracted from table on page 32
NER_01025,GSI,GSI_1025,Arunachal Pradesh,Papum Pare,N/A,27.228167,93.799111,,Slide,,32,TABLE_EXTRACTED,DUP_GROUP_301,Extracted from table on page 32
NER_01026,GSI,GSI_1026,Arunachal Pradesh,Papum Pare,W of Mep Soro,27.234139,93.707861,,Slide,,32,TABLE_EXTRACTED,,Extracted from table on page 32
NER_01027,GSI,GSI_1027,Arunachal Pradesh,Papum Pare,Mep Soro-Jote road section,27.234917,93.536139,,Slide,,32,TABLE_EXTRACTED,,Extracted from table on page 32
NER_01028,GSI,GSI_1028,Arunachal Pradesh,Papum Pare,Sagalee-Jote road section,27.235306,93.524389,,Slide,,32,TABLE_EXTRACTED,,Extracted from table on page 32
NER_01029,GSI,GSI_1029,Arunachal Pradesh,Papum Pare,W of Mep Soro,27.236139,93.715694,,Slide,,32,TABLE_EXTRACTED,,Extracted from table on page 32
NER_01030,GSI,GSI_1030,Arunachal Pradesh,Papum Pare,W of Doimukh,27.236306,93.807167,,Slide,,32,TABLE_EXTRACTED,DUP_GROUP_303,Extracted from table on page 32
NER_01031,GSI,GSI_1031,Arunachal Pradesh,Papum Pare,W of Doimukh,27.238222,93.806444,,Slide,,32,TABLE_EXTRACTED,DUP_GROUP_304,Extracted from table on page 32
NER_01032,GSI,GSI_1032,Arunachal Pradesh,Papum Pare,W of Doimukh,27.238917,93.806083,,Slide,,32,TABLE_EXTRACTED,DUP_GROUP_304,Extracted from table on page 32
NER_01033,GSI,GSI_1033,Arunachal Pradesh,Papum Pare,W of Dakte village,27.239333,93.745,,Slide,,32,TABLE_EXTRACTED,,Extracted from table on page 32
NER_01034,GSI,GSI_1034,Arunachal Pradesh,Lower Subansiri,National Highway 713-A,27.23995,93.806589,,Slide,,32,TABLE_EXTRACTED,DUP_GROUP_307,Extracted from table on page 32
NER_01035,GSI,GSI_1035,Arunachal Pradesh,Papum Pare,W of Dakte village,27.240083,93.745917,,Slide,,32,TABLE_EXTRACTED,,Extracted from table on page 32
NER_01036,GSI,GSI_1036,Arunachal Pradesh,East Kameng,NH-31,27.240444,93.064361,,Slide,,32,TABLE_EXTRACTED,,Extracted from table on page 32
NER_01037,GSI,GSI_1037,Arunachal Pradesh,Papum Pare,Mep Soro-Jote road section,27.240556,93.750417,,Slide,,32,TABLE_EXTRACTED,,Extracted from table on page 32
NER_01038,GSI,GSI_1038,Arunachal Pradesh,Papum Pare,W of Dakte village,27.241,93.731417,,Slide,,32,TABLE_EXTRACTED,,Extracted from table on page 32
NER_01039,GSI,GSI_1039,Arunachal Pradesh,Papum Pare,Mep Soro-Jote road section,27.241056,93.749306,,Slide,,32,TABLE_EXTRACTED,,Extracted from table on page 32
NER_01040,GSI,GSI_1040,Arunachal Pradesh,Papum Pare,W of Dakte village,27.24125,93.746889,,Slide,,32,TABLE_EXTRACTED,,Extracted from table on page 32
NER_01041,GSI,GSI_1041,Arunachal Pradesh,Papum Pare,Mep Soro-Jote road section,27.242917,93.757222,,Slide,,32,TABLE_EXTRACTED,,Extracted from table on page 32
NER_01042,GSI,GSI_1042,Arunachal Pradesh,Papum Pare,Jumpa village,27.246111,93.804667,,Slide,,32,TABLE_EXTRACTED,DUP_GROUP_308,Extracted from table on page 32
NER_01043,GSI,GSI_1043,Arunachal Pradesh,Lower Subansiri,National Highway 713-A,27.246131,93.804711,,Slide,,32,TABLE_EXTRACTED,DUP_GROUP_308,Extracted from table on page 32
NER_01044,GSI,GSI_1044,Arunachal Pradesh,Papum Pare,Mep Soro-Jote road section,27.24675,93.765333,,Slide,,32,TABLE_EXTRACTED,,Extracted from table on page 32
NER_01045,GSI,GSI_1045,Arunachal Pradesh,Papum Pare,Mep Soro-Jote road section,27.248167,93.765889,,Slide,,32,TABLE_EXTRACTED,,Extracted from table on page 32
NER_01046,GSI,GSI_1046,Arunachal Pradesh,West Kameng,Seppa Road Section,27.248722,92.737722,,Slide,,32,TABLE_EXTRACTED,DUP_GROUP_311,Extracted from table on page 32
NER_01047,GSI,GSI_1047,Arunachal Pradesh,Papum Pare,Sagalee-Jote road section,27.2495,93.507833,,Slide,,32,TABLE_EXTRACTED,,Extracted from table on page 32
NER_01048,GSI,GSI_1048,Arunachal Pradesh,Papum Pare,Sagalee-Jote road section,27.251806,93.504278,,Slide,,32,TABLE_EXTRACTED,,Extracted from table on page 32
NER_01049,GSI,GSI_1049,Arunachal Pradesh,Papum Pare,East of Sagalee,27.253778,93.507778,,Slide,,32,TABLE_EXTRACTED,,Extracted from table on page 32
NER_01050,GSI,GSI_1050,Arunachal Pradesh,Lower Subansiri,National Highway 713-A,27.254756,93.801303,,Slide,,32,TABLE_EXTRACTED,,Extracted from table on page 32
NER_01051,GSI,GSI_1051,Arunachal Pradesh,East Kameng,NH-31,27.256917,93.064472,,Slide,,32,TABLE_EXTRACTED,,Extracted from table on page 32
NER_01052,GSI,GSI_1052,Arunachal Pradesh,Changlang,"NH-315, Jairampur-Manmao
road section",27.257581,95.936353,,Slide,,33,TABLE_EXTRACTED,,Extracted from table on page 33
NER_01053,GSI,GSI_1053,Arunachal Pradesh,Papum Pare,Mep Soro-Jote road section,27.258556,93.778167,,Slide,,33,TABLE_EXTRACTED,,Extracted from table on page 33
NER_01054,GSI,GSI_1054,Arunachal Pradesh,Papum Pare,"NEEPCO office, Sagalee",27.260222,93.7895,,Slide,,33,TABLE_EXTRACTED,DUP_GROUP_312,Extracted from table on page 33
NER_01055,GSI,GSI_1055,Arunachal Pradesh,Papum Pare,"NEEPCO office, Sagalee",27.260222,93.7895,,Slide,,33,TABLE_EXTRACTED,DUP_GROUP_312,Extracted from table on page 33
NER_01056,GSI,GSI_1056,Arunachal Pradesh,Papum Pare,"NEEPCO office, Sagalee",27.260444,93.7895,,Slide,,33,TABLE_EXTRACTED,DUP_GROUP_313,Extracted from table on page 33
NER_01057,GSI,GSI_1057,Arunachal Pradesh,Papum Pare,Mep Soro-Jote road section,27.260722,93.780306,,Slide,,33,TABLE_EXTRACTED,,Extracted from table on page 33
NER_01058,GSI,GSI_1058,Arunachal Pradesh,West Kameng,W of Bomdila,27.266667,92.404389,,Slide,,33,TABLE_EXTRACTED,,Extracted from table on page 33
NER_01059,GSI,GSI_1059,Arunachal Pradesh,Papum Pare,Yajali,27.267722,93.80125,,Slide,,33,TABLE_EXTRACTED,DUP_GROUP_315,Extracted from table on page 33
NER_01060,GSI,GSI_1060,Arunachal Pradesh,Changlang,Longvi-hetlong road,27.268684,96.040751,,Slide,,33,TABLE_EXTRACTED,,Extracted from table on page 33
NER_01061,GSI,GSI_1061,Arunachal Pradesh,Changlang,Longvi-hetlong road,27.268973,96.037707,,Slide,,33,TABLE_EXTRACTED,,Extracted from table on page 33
NER_01062,GSI,GSI_1062,Arunachal Pradesh,Papum Pare,W of Shepa village,27.269861,93.802361,,Slide,,33,TABLE_EXTRACTED,DUP_GROUP_316,Extracted from table on page 33
NER_01063,GSI,GSI_1063,Arunachal Pradesh,Papum Pare,W of Shepa village,27.270019,93.799333,,Slide,,33,TABLE_EXTRACTED,DUP_GROUP_317,Extracted from table on page 33
NER_01064,GSI,GSI_1064,Arunachal Pradesh,Changlang,"NH-315, Jairampur-Manmao
road section",27.273999,95.975506,,Slide,,33,TABLE_EXTRACTED,,Extracted from table on page 33
NER_01065,GSI,GSI_1065,Arunachal Pradesh,Papum Pare,W of Shepa village,27.2745,93.797833,,Slide,,33,TABLE_EXTRACTED,DUP_GROUP_318,Extracted from table on page 33
NER_01066,GSI,GSI_1066,Arunachal Pradesh,Changlang,"NH-315, Jairampur-Manmao
road section",27.275542,95.965859,,Slide,,33,TABLE_EXTRACTED,,Extracted from table on page 33
NER_01067,GSI,GSI_1067,Arunachal Pradesh,Papum Pare,W of Shepa village,27.27625,93.795889,,Slide,,33,TABLE_EXTRACTED,,Extracted from table on page 33
NER_01068,GSI,GSI_1068,Arunachal Pradesh,West Kameng,NH 13/ NW of Bomdila,27.277417,92.425278,,Slide,,33,TABLE_EXTRACTED,,Extracted from table on page 33
NER_01069,GSI,GSI_1069,Arunachal Pradesh,West Kameng,NH 13/ NW of Bomdila,27.278417,92.426917,,Slide,,33,TABLE_EXTRACTED,,Extracted from table on page 33
NER_01070,GSI,GSI_1070,Arunachal Pradesh,Papum Pare,W of Shepa village,27.27925,93.796444,,Slide,,33,TABLE_EXTRACTED,,Extracted from table on page 33
NER_01071,GSI,GSI_1071,Arunachal Pradesh,Changlang,"NH-315, Nampong-Pangasu
Pass road",27.282921,96.122193,,Slide,,33,TABLE_EXTRACTED,,Extracted from table on page 33
NER_01072,GSI,GSI_1072,Arunachal Pradesh,Changlang,"NH-315, Jairampur-Manmao
road section",27.287781,95.978389,,Slide,,33,TABLE_EXTRACTED,DUP_GROUP_319,Extracted from table on page 33
NER_01073,GSI,GSI_1073,Arunachal Pradesh,Changlang,"NH-315, Jairampur-Manmao
road section",27.287855,95.977914,,Slide,,33,TABLE_EXTRACTED,DUP_GROUP_319,Extracted from table on page 33
NER_01074,GSI,GSI_1074,Arunachal Pradesh,Changlang,Jarampur- Nampong road,27.288125,96.075898,,Slide,,33,TABLE_EXTRACTED,,Extracted from table on page 33
NER_01075,GSI,GSI_1075,Arunachal Pradesh,Papum Pare,Hara Appa village,27.291083,93.796806,,Slide,,33,TABLE_EXTRACTED,,Extracted from table on page 33
NER_01076,GSI,GSI_1076,Arunachal Pradesh,West Kameng,NH 13/ S of Tinghei,27.291528,92.391778,,Slide,,33,TABLE_EXTRACTED,DUP_GROUP_320,Extracted from table on page 33
NER_01077,GSI,GSI_1077,Arunachal Pradesh,West Kameng,NH 13/ S of Tinghei,27.292167,92.391889,,Slide,,33,TABLE_EXTRACTED,DUP_GROUP_320,Extracted from table on page 33
NER_01078,GSI,GSI_1078,Arunachal Pradesh,West Kameng,NH 13/ S of Tinghei,27.292444,92.391861,,Slide,,33,TABLE_EXTRACTED,DUP_GROUP_321,Extracted from table on page 33
NER_01079,GSI,GSI_1079,Arunachal Pradesh,Changlang,"NH-315, Jairampur-Manmao
road",27.29268,96.024049,,Slide,,33,TABLE_EXTRACTED,,Extracted from table on page 33
NER_01080,GSI,GSI_1080,Arunachal Pradesh,West Kameng,NH 13/ S of Tinghei,27.293806,92.391694,,Slide,,33,TABLE_EXTRACTED,,Extracted from table on page 33
NER_01081,GSI,GSI_1081,Arunachal Pradesh,East Kameng,NH-37,27.293806,93.050139,,Slide,,33,TABLE_EXTRACTED,DUP_GROUP_322,Extracted from table on page 33
NER_01082,GSI,GSI_1082,Arunachal Pradesh,Papum Pare,NE of Hara Appa village,27.294278,93.802056,,Slide,,33,TABLE_EXTRACTED,,Extracted from table on page 33
NER_01083,GSI,GSI_1083,Arunachal Pradesh,Lower Subansiri,National Highway 713-A,27.294886,93.803328,,Slide,,33,TABLE_EXTRACTED,,Extracted from table on page 33
NER_01084,GSI,GSI_1084,Arunachal Pradesh,East Kameng,NH-38,27.294944,93.072417,,Slide,,33,TABLE_EXTRACTED,,Extracted from table on page 33
NER_01085,GSI,GSI_1085,Arunachal Pradesh,Changlang,"NH-315, Jairampur-Manmao
road",27.296223,96.013675,,Slide,,33,TABLE_EXTRACTED,,Extracted from table on page 33
NER_01086,GSI,GSI_1086,Arunachal Pradesh,East Kameng,NH-31,27.296611,93.099056,,Slide,,33,TABLE_EXTRACTED,,Extracted from table on page 33
NER_01087,GSI,GSI_1087,Arunachal Pradesh,East Kameng,"NH-31, Patiwa Village",27.297167,93.050889,,Slide,,33,TABLE_EXTRACTED,,Extracted from table on page 33
NER_01088,GSI,GSI_1088,Arunachal Pradesh,Changlang,"NH-315, Jairampur-Manmao
road section",27.297775,96.002314,,Slide,,33,TABLE_EXTRACTED,,Extracted from table on page 33
NER_01089,GSI,GSI_1089,Arunachal Pradesh,Changlang,"NH-315, Jairampur-Manmao
road",27.298972,96.046398,,Slide,,33,TABLE_EXTRACTED,,Extracted from table on page 33
NER_01090,GSI,GSI_1090,Arunachal Pradesh,Changlang,"NH-315, Jairampur-Manmao
road",27.299135,96.010349,,Slide,,33,TABLE_EXTRACTED,,Extracted from table on page 33
NER_01091,GSI,GSI_1091,Arunachal Pradesh,Changlang,"NH-315, Jairampur-Manmao
road section",27.299744,95.987092,,Slide,,34,TABLE_EXTRACTED,,Extracted from table on page 34
NER_01092,GSI,GSI_1092,Arunachal Pradesh,Changlang,"NH-315, Jairampur-Manmao
road",27.29976,96.012691,,Slide,,34,TABLE_EXTRACTED,,Extracted from table on page 34
NER_01093,GSI,GSI_1093,Arunachal Pradesh,Changlang,"NH-315, Jairampur-Manmao
road",27.300188,96.010838,,Slide,,34,TABLE_EXTRACTED,,Extracted from table on page 34
NER_01094,GSI,GSI_1094,Arunachal Pradesh,East Kameng,"NH-31, Patiwa Village",27.300611,93.093417,,Slide,,34,TABLE_EXTRACTED,,Extracted from table on page 34
NER_01095,GSI,GSI_1095,Arunachal Pradesh,West Kameng,NH 13/ N of Tinghei,27.300667,92.391833,,Slide,,34,TABLE_EXTRACTED,,Extracted from table on page 34
NER_01096,GSI,GSI_1096,Arunachal Pradesh,Papum Pare,NE of Hara Appa village,27.300833,93.802833,,Slide,,34,TABLE_EXTRACTED,,Extracted from table on page 34
NER_01097,GSI,GSI_1097,Arunachal Pradesh,Changlang,"NH-315, Jairampur-Manmao
road section",27.300945,95.992838,,Slide,,34,TABLE_EXTRACTED,,Extracted from table on page 34
NER_01098,GSI,GSI_1098,Arunachal Pradesh,East Kameng,NH-39,27.301139,93.091889,,Slide,,34,TABLE_EXTRACTED,,Extracted from table on page 34
NER_01099,GSI,GSI_1099,Arunachal Pradesh,East Kameng,NH-35,27.302389,93.055833,,Slide,,34,TABLE_EXTRACTED,,Extracted from table on page 34
NER_01100,GSI,GSI_1100,Arunachal Pradesh,East Kameng,NH-36,27.302861,93.050917,,Slide,,34,TABLE_EXTRACTED,DUP_GROUP_324,Extracted from table on page 34
NER_01101,GSI,GSI_1101,Arunachal Pradesh,Changlang,"NH-315, Nampong-Rima Road",27.302949,96.154621,,Slide,,34,TABLE_EXTRACTED,,Extracted from table on page 34
NER_01102,GSI,GSI_1102,Arunachal Pradesh,East Kameng,NH-34,27.304361,93.054611,,Slide,,34,TABLE_EXTRACTED,,Extracted from table on page 34
NER_01103,GSI,GSI_1103,Arunachal Pradesh,Changlang,"NH-315, Nampong-Rima Road",27.305527,96.224831,,Slide,,34,TABLE_EXTRACTED,,Extracted from table on page 34
NER_01104,GSI,GSI_1104,Arunachal Pradesh,Lower Subansiri,National Highway 713-A,27.307072,93.806008,,Slide,,34,TABLE_EXTRACTED,DUP_GROUP_326,Extracted from table on page 34
NER_01105,GSI,GSI_1105,Arunachal Pradesh,Papum Pare,Appa Village,27.307111,93.806306,,Slide,,34,TABLE_EXTRACTED,DUP_GROUP_326,Extracted from table on page 34
NER_01106,GSI,GSI_1106,Arunachal Pradesh,Changlang,"NH-315, Nampong-Rima Road",27.309012,96.158495,,Slide,,34,TABLE_EXTRACTED,,Extracted from table on page 34
NER_01107,GSI,GSI_1107,Arunachal Pradesh,Changlang,"NH-315, Nampong-Rima Road",27.313343,96.171327,,Slide,,34,TABLE_EXTRACTED,,Extracted from table on page 34
NER_01108,GSI,GSI_1108,Arunachal Pradesh,Changlang,"NH-315, Nampong-Rima Road",27.315904,96.18349,,Slide,,34,TABLE_EXTRACTED,,Extracted from table on page 34
NER_01109,GSI,GSI_1109,Arunachal Pradesh,East Kameng,NH-31,27.320083,93.050917,,Slide,,34,TABLE_EXTRACTED,,Extracted from table on page 34
NER_01110,GSI,GSI_1110,Arunachal Pradesh,East Kameng,NH-31,27.32025,93.053222,,Slide,,34,TABLE_EXTRACTED,,Extracted from table on page 34
NER_01111,GSI,GSI_1111,Arunachal Pradesh,West Kameng,NH 13/ N of Dharbu,27.325278,92.373722,,Slide,,34,TABLE_EXTRACTED,,Extracted from table on page 34
NER_01112,GSI,GSI_1112,Arunachal Pradesh,Papum Pare,"NE of Appa, Potin village",27.325806,93.822389,,Slide,,34,TABLE_EXTRACTED,,Extracted from table on page 34
NER_01113,GSI,GSI_1113,Arunachal Pradesh,East Kameng,NH-31,27.325861,93.055472,,Slide,,34,TABLE_EXTRACTED,,Extracted from table on page 34
NER_01114,GSI,GSI_1114,Arunachal Pradesh,East Kameng,NH-33,27.327333,93.043611,,Slide,,34,TABLE_EXTRACTED,,Extracted from table on page 34
NER_01115,GSI,GSI_1115,Arunachal Pradesh,Papum Pare,Potin-Yazali road,27.327583,93.813389,,Slide,,34,TABLE_EXTRACTED,,Extracted from table on page 34
NER_01116,GSI,GSI_1116,Arunachal Pradesh,Papum Pare,Potin-Yazali road,27.328528,93.812528,,Slide,,34,TABLE_EXTRACTED,,Extracted from table on page 34
NER_01117,GSI,GSI_1117,Arunachal Pradesh,East Kameng,NH-31,27.328611,93.056583,,"Planar/Wedge
failure",,34,TABLE_EXTRACTED,,Extracted from table on page 34
NER_01118,GSI,GSI_1118,Arunachal Pradesh,Papum Pare,Potin-Yazali road,27.334056,93.819417,,Slide,,34,TABLE_EXTRACTED,,Extracted from table on page 34
NER_01119,GSI,GSI_1119,Arunachal Pradesh,Papum Pare,Potin-Yazali road,27.336667,93.820722,,Slide,,34,TABLE_EXTRACTED,DUP_GROUP_327,Extracted from table on page 34
NER_01120,GSI,GSI_1120,Arunachal Pradesh,Papum Pare,North of Potin-Yazali road,27.337028,93.821306,,Slide,,34,TABLE_EXTRACTED,DUP_GROUP_327,Extracted from table on page 34
NER_01121,GSI,GSI_1121,Arunachal Pradesh,Lower Subansiri,National Highway 713-A,27.339267,93.802581,,Slide,,34,TABLE_EXTRACTED,,Extracted from table on page 34
NER_01122,GSI,GSI_1122,Arunachal Pradesh,Papum Pare,Potin-Yazali road,27.339833,93.805167,,Slide,,34,TABLE_EXTRACTED,,Extracted from table on page 34
NER_01123,GSI,GSI_1123,Arunachal Pradesh,West Kameng,NH 13/ SE of Dirang Village,27.340556,92.274944,,Slide,,34,TABLE_EXTRACTED,,Extracted from table on page 34
NER_01124,GSI,GSI_1124,Arunachal Pradesh,East Kameng,North Seppa,27.342139,93.041583,,Slide,,34,TABLE_EXTRACTED,,Extracted from table on page 34
NER_01125,GSI,GSI_1125,Arunachal Pradesh,West Kameng,,27.345556,92.266389,,Flow,,34,TABLE_EXTRACTED,,Extracted from table on page 34
NER_01126,GSI,GSI_1126,Arunachal Pradesh,East Kameng,Road to Rang Village,27.34675,93.018528,,Slide,,34,TABLE_EXTRACTED,DUP_GROUP_328,Extracted from table on page 34
NER_01127,GSI,GSI_1127,Arunachal Pradesh,East Kameng,Road to Rang Village,27.34675,93.018528,,Slide,,34,TABLE_EXTRACTED,DUP_GROUP_328,Extracted from table on page 34
NER_01128,GSI,GSI_1128,Arunachal Pradesh,East Kameng,Road to Rang Village,27.34675,93.018528,,Slide,,34,TABLE_EXTRACTED,DUP_GROUP_329,Extracted from table on page 34
NER_01129,GSI,GSI_1129,Arunachal Pradesh,East Kameng,Road to Rang Village,27.347917,93.012194,,Slide,,34,TABLE_EXTRACTED,DUP_GROUP_331,Extracted from table on page 34
NER_01130,GSI,GSI_1130,Arunachal Pradesh,East Kameng,Road to Rang Village,27.347917,93.012194,,Slide,,35,TABLE_EXTRACTED,DUP_GROUP_331,Extracted from table on page 35
NER_01131,GSI,GSI_1131,Arunachal Pradesh,East Kameng,Road to Rang Village,27.357083,93.026361,,Slide,,35,TABLE_EXTRACTED,,Extracted from table on page 35
NER_01132,GSI,GSI_1132,Arunachal Pradesh,West Kameng,NH 13,27.358194,92.24325,,Slide,,35,TABLE_EXTRACTED,,Extracted from table on page 35
NER_01133,GSI,GSI_1133,Arunachal Pradesh,East Kameng,NH-37,27.361222,93.035778,,Slide,,35,TABLE_EXTRACTED,,Extracted from table on page 35
NER_01134,GSI,GSI_1134,Arunachal Pradesh,West Kameng,"Dirang- Rungkhung Road
Section",27.362028,92.244028,,Slide,,35,TABLE_EXTRACTED,DUP_GROUP_332,Extracted from table on page 35
NER_01135,GSI,GSI_1135,Arunachal Pradesh,West Kameng,"Dirang- Rungkhung Road
Section",27.362444,92.243972,,Slide,,35,TABLE_EXTRACTED,DUP_GROUP_332,Extracted from table on page 35
NER_01136,GSI,GSI_1136,Arunachal Pradesh,West Kameng,Dirang-Rungkhung Road Section,27.363417,92.24375,,Slide,,35,TABLE_EXTRACTED,,Extracted from table on page 35
NER_01137,GSI,GSI_1137,Arunachal Pradesh,East Kameng,Road to Rang Village,27.363833,93.025139,,Slide,,35,TABLE_EXTRACTED,,Extracted from table on page 35
NER_01138,GSI,GSI_1138,Arunachal Pradesh,West Kameng,Dirang-Rungkhung Road Section,27.367611,92.2415,,Slide,,35,TABLE_EXTRACTED,DUP_GROUP_333,Extracted from table on page 35
NER_01139,GSI,GSI_1139,Arunachal Pradesh,West Kameng,Dirang-Rungkhung Road Section,27.368333,92.241583,,Slide,,35,TABLE_EXTRACTED,DUP_GROUP_333,Extracted from table on page 35
NER_01140,GSI,GSI_1140,Arunachal Pradesh,East Kameng,NH-38,27.391639,93.011861,,Slide,,35,TABLE_EXTRACTED,,Extracted from table on page 35
NER_01141,GSI,GSI_1141,Arunachal Pradesh,West Kameng,NH 13/ W of Milumkang,27.394306,92.157333,,Slide,,35,TABLE_EXTRACTED,,Extracted from table on page 35
NER_01142,GSI,GSI_1142,Arunachal Pradesh,West Kameng,NH 13/ W of Milumkang,27.395444,92.164167,,Slide,,35,TABLE_EXTRACTED,,Extracted from table on page 35
NER_01143,GSI,GSI_1143,Arunachal Pradesh,West Kameng,NH 13/ W of Milumkang,27.396722,92.163861,,Slide,,35,TABLE_EXTRACTED,,Extracted from table on page 35
NER_01144,GSI,GSI_1144,Arunachal Pradesh,West Kameng,NH 13/ NW of Milumkang,27.403722,92.141056,,Slide,,35,TABLE_EXTRACTED,,Extracted from table on page 35
NER_01145,GSI,GSI_1145,Arunachal Pradesh,West Kameng,NH 13/ S of Nyakmadung,27.405861,92.133778,,Slide,,35,TABLE_EXTRACTED,,Extracted from table on page 35
NER_01146,GSI,GSI_1146,Arunachal Pradesh,West Kameng,NH 13/ S of Nyakmadung,27.409778,92.132167,,Slide,,35,TABLE_EXTRACTED,,Extracted from table on page 35
NER_01147,GSI,GSI_1147,Arunachal Pradesh,East Kameng,NH-39,27.411944,93.010528,,Slide,,35,TABLE_EXTRACTED,DUP_GROUP_334,Extracted from table on page 35
NER_01148,GSI,GSI_1148,Arunachal Pradesh,East Kameng,NH-39,27.411944,93.010528,,Slide,,35,TABLE_EXTRACTED,DUP_GROUP_334,Extracted from table on page 35
NER_01149,GSI,GSI_1149,Arunachal Pradesh,East Kameng,North Seppa,27.420722,93.011083,,Slide,,35,TABLE_EXTRACTED,,Extracted from table on page 35
NER_01150,GSI,GSI_1150,Arunachal Pradesh,East Kameng,North Seppa,27.421139,93.017611,,Slide,,35,TABLE_EXTRACTED,,Extracted from table on page 35
NER_01151,GSI,GSI_1151,Arunachal Pradesh,East Kameng,North Seppa,27.422111,93.014639,,Slide,,35,TABLE_EXTRACTED,,Extracted from table on page 35
NER_01152,GSI,GSI_1152,Arunachal Pradesh,East Kameng,"NH-31, Patiwa Village",27.423722,93.007583,,Fall,,35,TABLE_EXTRACTED,,Extracted from table on page 35
NER_01153,GSI,GSI_1153,Arunachal Pradesh,East Kameng,North Seppa,27.428833,93.025306,,Slide,,35,TABLE_EXTRACTED,,Extracted from table on page 35
NER_01154,GSI,GSI_1154,Arunachal Pradesh,West Kameng,NH 13/ NW of Milumkang,27.433056,92.123583,,Slide,,35,TABLE_EXTRACTED,,Extracted from table on page 35
NER_01155,GSI,GSI_1155,Arunachal Pradesh,East Kameng,NH-32,27.436722,93.003639,,Slide,,35,TABLE_EXTRACTED,,Extracted from table on page 35
NER_01156,GSI,GSI_1156,Arunachal Pradesh,East Kameng,North Seppa,27.437333,93.029667,,Slide,,35,TABLE_EXTRACTED,,Extracted from table on page 35
NER_01157,GSI,GSI_1157,Arunachal Pradesh,East Kameng,North Seppa,27.441028,93.020389,,Slide,,35,TABLE_EXTRACTED,,Extracted from table on page 35
NER_01158,GSI,GSI_1158,Arunachal Pradesh,West Kameng,NH 13/ S of Shomtsher,27.441361,92.117417,,Slide,,35,TABLE_EXTRACTED,,Extracted from table on page 35
NER_01159,GSI,GSI_1159,Arunachal Pradesh,East Kameng,North Seppa,27.441694,93.021472,,Slide,,35,TABLE_EXTRACTED,,Extracted from table on page 35
NER_01160,GSI,GSI_1160,Arunachal Pradesh,Changlang,Miao-Vijyanagar road,27.447181,96.439865,,Slide,,35,TABLE_EXTRACTED,,Extracted from table on page 35
NER_01161,GSI,GSI_1161,Arunachal Pradesh,Changlang,Miao-Vijyanagar road,27.449807,96.444466,,Slide,,35,TABLE_EXTRACTED,,Extracted from table on page 35
NER_01162,GSI,GSI_1162,Arunachal Pradesh,Upper Siang,Pasighat-yingkiong road,27.452833,95.239,,slide,,35,TABLE_EXTRACTED,,Extracted from table on page 35
NER_01163,GSI,GSI_1163,Arunachal Pradesh,Changlang,Miao-Vijyanagar road,27.453197,96.444944,,Slide,,35,TABLE_EXTRACTED,,Extracted from table on page 35
NER_01164,GSI,GSI_1164,Arunachal Pradesh,Changlang,Miao-Vijyanagar road,27.455222,96.440908,,Slide,,35,TABLE_EXTRACTED,,Extracted from table on page 35
NER_01165,GSI,GSI_1165,Arunachal Pradesh,West Kameng,NH 13/ NE of Senge,27.456278,92.109556,,Slide,,35,TABLE_EXTRACTED,,Extracted from table on page 35
NER_01166,GSI,GSI_1166,Arunachal Pradesh,Changlang,Miao-Vijyanagar road,27.458768,96.440093,,Slide,,35,TABLE_EXTRACTED,,Extracted from table on page 35
NER_01167,GSI,GSI_1167,Arunachal Pradesh,Upper Siang,Pasighat-yingkiong road,27.459167,95.233639,,Slide,,35,TABLE_EXTRACTED,,Extracted from table on page 35
NER_01168,GSI,GSI_1168,Arunachal Pradesh,West Kameng,,27.460278,92.110278,,Fall,,35,TABLE_EXTRACTED,,Extracted from table on page 35
NER_01169,GSI,GSI_1169,Arunachal Pradesh,Changlang,Miao-Vijyanagar road,27.460656,96.412177,,Slide,,35,TABLE_EXTRACTED,,Extracted from table on page 35
NER_01170,GSI,GSI_1170,Arunachal Pradesh,Changlang,Miao-Vijyanagar road,27.460731,96.41975,,Slide,,35,TABLE_EXTRACTED,,Extracted from table on page 35
NER_01171,GSI,GSI_1171,Arunachal Pradesh,Changlang,Miao-Vijyanagar road,27.466137,96.407194,,Slide,,35,TABLE_EXTRACTED,,Extracted from table on page 35
NER_01172,GSI,GSI_1172,Arunachal Pradesh,Changlang,Miao-Vijyanagar road,27.467849,96.409616,,Slide,,35,TABLE_EXTRACTED,,Extracted from table on page 35
NER_01173,GSI,GSI_1173,Arunachal Pradesh,Changlang,Miao-Vijyanagar road,27.470221,96.407798,,Fall,,35,TABLE_EXTRACTED,,Extracted from table on page 35
NER_01174,GSI,GSI_1174,Arunachal Pradesh,Changlang,Miao-Vijyanagar road,27.474408,96.408773,,Slide,,35,TABLE_EXTRACTED,,Extracted from table on page 35
NER_01175,GSI,GSI_1175,Arunachal Pradesh,Changlang,Miao-Vijyanagar road,27.476285,96.40896,,Slide,,36,TABLE_EXTRACTED,DUP_GROUP_335,Extracted from table on page 36
NER_01176,GSI,GSI_1176,Arunachal Pradesh,Changlang,Miao-Vijyanagar road,27.476614,96.408544,,Fall,,36,TABLE_EXTRACTED,DUP_GROUP_335,Extracted from table on page 36
NER_01177,GSI,GSI_1177,Arunachal Pradesh,Changlang,Miao-Vijyanagar road,27.479141,96.403435,,Slide,,36,TABLE_EXTRACTED,,Extracted from table on page 36
NER_01178,GSI,GSI_1178,Arunachal Pradesh,West Kameng,NH 13/ N of Ngotengnang,27.483667,92.10925,,Slide,,36,TABLE_EXTRACTED,,Extracted from table on page 36
NER_01179,GSI,GSI_1179,Arunachal Pradesh,West Kameng,NH 13/ NW of Kalobtse Mani,27.496333,92.104333,,Slide,,36,TABLE_EXTRACTED,,Extracted from table on page 36
NER_01180,GSI,GSI_1180,Arunachal Pradesh,West Kameng,NH 13/ NW of Kalobtse Mani,27.497222,92.104667,,Slide,,36,TABLE_EXTRACTED,,Extracted from table on page 36
NER_01181,GSI,GSI_1181,Arunachal Pradesh,West Kameng,,27.512278,91.875556,,Flow,,36,TABLE_EXTRACTED,,Extracted from table on page 36
NER_01182,GSI,GSI_1182,Arunachal Pradesh,East Kameng,Pachhi-Pakke road section,27.520111,92.997139,,Slide,,36,TABLE_EXTRACTED,,Extracted from table on page 36
NER_01183,GSI,GSI_1183,Arunachal Pradesh,East Kameng,Pachhi-Pakke road section,27.521083,92.995444,,Slide,,36,TABLE_EXTRACTED,,Extracted from table on page 36
NER_01184,GSI,GSI_1184,Arunachal Pradesh,East Kameng,Bameng-Tayung Road,27.530556,92.959167,,Slide,,36,TABLE_EXTRACTED,,Extracted from table on page 36
NER_01185,GSI,GSI_1185,Arunachal Pradesh,East Kameng,Bameng-Tayung Road,27.5335,92.964861,,Slide,,36,TABLE_EXTRACTED,,Extracted from table on page 36
NER_01186,GSI,GSI_1186,Arunachal Pradesh,East Kameng,Lengri Riang road from Bameng,27.535806,92.930667,,Slide,,36,TABLE_EXTRACTED,,Extracted from table on page 36
NER_01187,GSI,GSI_1187,Arunachal Pradesh,East Kameng,Pachhi-Pakke road section,27.538778,92.988139,,Slide,,36,TABLE_EXTRACTED,,Extracted from table on page 36
NER_01188,GSI,GSI_1188,Arunachal Pradesh,East Kameng,Pachhi-Pakke road section,27.539694,92.991306,,Fall,,36,TABLE_EXTRACTED,,Extracted from table on page 36
NER_01189,GSI,GSI_1189,Arunachal Pradesh,East Kameng,N/A,27.540917,92.949333,,Slide,,36,TABLE_EXTRACTED,,Extracted from table on page 36
NER_01190,GSI,GSI_1190,Arunachal Pradesh,East Kameng,Bameng road,27.542083,92.946,,Slide,,36,TABLE_EXTRACTED,DUP_GROUP_336,Extracted from table on page 36
NER_01191,GSI,GSI_1191,Arunachal Pradesh,East Kameng,Bameng road,27.542389,92.946306,,Slide,,36,TABLE_EXTRACTED,DUP_GROUP_336,Extracted from table on page 36
NER_01192,GSI,GSI_1192,Arunachal Pradesh,East Kameng,Pakke-Bameng Road,27.542639,92.954417,,Slide,,36,TABLE_EXTRACTED,,Extracted from table on page 36
NER_01193,GSI,GSI_1193,Arunachal Pradesh,East Kameng,Pakke-Bameng Road,27.543472,92.95525,,Slide,,36,TABLE_EXTRACTED,,Extracted from table on page 36
NER_01194,GSI,GSI_1194,Arunachal Pradesh,East Kameng,Pachhi-Pakke road section,27.543778,92.982806,,Slide,,36,TABLE_EXTRACTED,,Extracted from table on page 36
NER_01195,GSI,GSI_1195,Arunachal Pradesh,East Kameng,Pakke-Bameng Road,27.544667,92.958806,,Slide,,36,TABLE_EXTRACTED,,Extracted from table on page 36
NER_01196,GSI,GSI_1196,Arunachal Pradesh,East Kameng,Pachhi-Pakke road section,27.546278,92.981472,,Slide,,36,TABLE_EXTRACTED,,Extracted from table on page 36
NER_01197,GSI,GSI_1197,Arunachal Pradesh,East Kameng,Pachhi-Pakke road section,27.549389,92.979028,,Slide,,36,TABLE_EXTRACTED,,Extracted from table on page 36
NER_01198,GSI,GSI_1198,Arunachal Pradesh,East Kameng,Pakke-Bameng Road,27.550389,92.964861,,Slide,,36,TABLE_EXTRACTED,,Extracted from table on page 36
NER_01199,GSI,GSI_1199,Arunachal Pradesh,East Kameng,Pakke-Bameng Road,27.552639,92.965861,,Slide,,36,TABLE_EXTRACTED,,Extracted from table on page 36
NER_01200,GSI,GSI_1200,Arunachal Pradesh,East Kameng,Pachhi-Pakke road section,27.553611,92.975583,,Fall,,36,TABLE_EXTRACTED,,Extracted from table on page 36
NER_01201,GSI,GSI_1201,Arunachal Pradesh,East Kameng,Pakke-Bameng Road,27.555194,92.966222,,Slide,,36,TABLE_EXTRACTED,,Extracted from table on page 36
NER_01202,GSI,GSI_1202,Arunachal Pradesh,East Kameng,Pakke-Bameng Road,27.555389,92.960778,,Slide,,36,TABLE_EXTRACTED,,Extracted from table on page 36
NER_01203,GSI,GSI_1203,Arunachal Pradesh,East Kameng,Pakke-Bameng Road,27.555583,92.963028,,Slide,,36,TABLE_EXTRACTED,DUP_GROUP_337,Extracted from table on page 36
NER_01204,GSI,GSI_1204,Arunachal Pradesh,East Kameng,Pakke-Bameng Road,27.555611,92.962194,,Slide,,36,TABLE_EXTRACTED,DUP_GROUP_337,Extracted from table on page 36
NER_01205,GSI,GSI_1205,Arunachal Pradesh,Kra Daadi,"State Highway, Deed to New
Palin road",27.5806,93.6348,,Flow,,36,TABLE_EXTRACTED,,Extracted from table on page 36
NER_01206,GSI,GSI_1206,Arunachal Pradesh,Papum Pare,NH713A,27.1929,93.7802,,Slide,,36,TABLE_EXTRACTED,DUP_GROUP_298,Extracted from table on page 36
NER_01207,GSI,GSI_1207,Arunachal Pradesh,Papum Pare,National Highway 415,27.1076,93.6413,,"Debris flow and
subsidence",,36,TABLE_EXTRACTED,,Extracted from table on page 36
NER_01208,GSI,GSI_1208,Arunachal Pradesh,Papum Pare,NH-415,27.07925,93.594306,,Mud flow,,36,TABLE_EXTRACTED,,Extracted from table on page 36
NER_01209,GSI,GSI_1209,Arunachal Pradesh,Papum Pare,"Yupia - Potin Road, about 4 km
from Doimukh town.",27.134694,93.743472,,"Translation
(Debris flow)",,37,TABLE_EXTRACTED,DUP_GROUP_265,Extracted from table on page 37
NER_01210,GSI,GSI_1210,Arunachal Pradesh,Papum Pare,"Near Jollang Road, 2.5 km east
of Itanagar City",27.081306,93.612833,,"Translation
(Debris flow)",,37,TABLE_EXTRACTED,DUP_GROUP_257,Extracted from table on page 37
NER_01211,GSI,GSI_1211,Arunachal Pradesh,East Siang,National Highway 229,28.14116,95.27472,,"Debris slide
and subsidence",,37,TABLE_EXTRACTED,DUP_GROUP_338,Extracted from table on page 37
NER_01212,GSI,GSI_1212,Arunachal Pradesh,East Siang,National Highway 229,28.14251,95.27439,,"Debris slide
and subsidence",,37,TABLE_EXTRACTED,DUP_GROUP_339,Extracted from table on page 37
NER_01213,GSI,GSI_1213,Arunachal Pradesh,Papum Pare,National Highway 415,27.03106,93.62292,,"Debris slide
and subsidence",,37,TABLE_EXTRACTED,DUP_GROUP_256,Extracted from table on page 37
NER_01214,GSI,GSI_1214,Arunachal Pradesh,Papum Pare,"NH415, Itanagar city",27.09589,93.62284,,Debris slide,,37,TABLE_EXTRACTED,DUP_GROUP_260,Extracted from table on page 37
NER_01215,GSI,GSI_1215,Arunachal Pradesh,Papum Pare,"NH415, Chandranagar, Itanagar",27.083117,93.601735,,Debris slide,,37,TABLE_EXTRACTED,DUP_GROUP_259,Extracted from table on page 37
NER_01216,GSI,GSI_1216,Arunachal Pradesh,Papum Pare,"Circular road, Ganga market-
Jollang circular",27.08155,93.61438,,Debris slide,,37,TABLE_EXTRACTED,DUP_GROUP_258,Extracted from table on page 37
NER_01217,GSI,GSI_1217,Arunachal Pradesh,Papum Pare,Mow2-Senkiview road section,27.10375,93.61529,,Debris slide,,37,TABLE_EXTRACTED,DUP_GROUP_262,Extracted from table on page 37
NER_01218,GSI,GSI_1218,Arunachal Pradesh,Papum Pare,MowII-Senkicircular road,27.10215,93.61371,,Debris slide,,37,TABLE_EXTRACTED,DUP_GROUP_261,Extracted from table on page 37
NER_01219,GSI,GSI_1219,Arunachal Pradesh,Tawang,,27.587417,91.886944,,Slide,,37,TABLE_EXTRACTED,DUP_GROUP_340,Extracted from table on page 37
NER_01220,GSI,GSI_1220,Arunachal Pradesh,Tawang,,27.587417,91.886944,,Slide,,37,TABLE_EXTRACTED,DUP_GROUP_340,Extracted from table on page 37
NER_01221,GSI,GSI_1221,Arunachal Pradesh,Tawang,,27.591528,91.880444,,Flows,,37,TABLE_EXTRACTED,DUP_GROUP_345,Extracted from table on page 37
NER_01222,GSI,GSI_1222,Arunachal Pradesh,Tawang,,27.586472,91.896361,,"Sinking/subside
nce",,37,TABLE_EXTRACTED,,Extracted from table on page 37
NER_01223,GSI,GSI_1223,Arunachal Pradesh,Tawang,,27.509944,91.854861,,Slide,,37,TABLE_EXTRACTED,,Extracted from table on page 37
NER_01224,GSI,GSI_1224,Arunachal Pradesh,Tawang,2016,27.561083,91.911528,,Slide,,37,TABLE_EXTRACTED,,Extracted from table on page 37
NER_01225,GSI,GSI_1225,Arunachal Pradesh,East Kameng,"Pakke-Bameng road, east of
Tara village",27.561111,92.965278,,Slide,,37,TABLE_EXTRACTED,,Extracted from table on page 37
NER_01226,GSI,GSI_1226,Arunachal Pradesh,East Kameng,Pakke-Chayang Tajo road,27.562917,92.983139,,Slide,,37,TABLE_EXTRACTED,,Extracted from table on page 37
NER_01227,GSI,GSI_1227,Arunachal Pradesh,East Kameng,Pakke-Bameng road section,27.563167,92.975139,,Slide,,37,TABLE_EXTRACTED,,Extracted from table on page 37
NER_01228,GSI,GSI_1228,Arunachal Pradesh,East Kameng,Pakke-Bameng road section,27.566131,92.973072,,Slide,,37,TABLE_EXTRACTED,,Extracted from table on page 37
NER_01229,GSI,GSI_1229,Arunachal Pradesh,East Kameng,Pakke-Bameng road section,27.566611,92.967639,,Slide,,37,TABLE_EXTRACTED,,Extracted from table on page 37
NER_01230,GSI,GSI_1230,Arunachal Pradesh,East Kameng,"Pachi-Chayang Tajo road
section",27.568028,92.993944,,Slide,,37,TABLE_EXTRACTED,,Extracted from table on page 37
NER_01231,GSI,GSI_1231,Arunachal Pradesh,East Kameng,Pakke-Bameng road section,27.568778,92.966583,,Slide,,37,TABLE_EXTRACTED,,Extracted from table on page 37
NER_01232,GSI,GSI_1232,Arunachal Pradesh,East Kameng,Pakke-Bameng road section,27.571111,92.965556,,Slide,,37,TABLE_EXTRACTED,,Extracted from table on page 37
NER_01233,GSI,GSI_1233,Arunachal Pradesh,East Kameng,"Pachi-Chayang Tajo road
section",27.574306,92.999556,,Slide,,37,TABLE_EXTRACTED,,Extracted from table on page 37
NER_01234,GSI,GSI_1234,Arunachal Pradesh,Tawang,NH 13,27.576806,91.993444,,Slide,,37,TABLE_EXTRACTED,,Extracted from table on page 37
NER_01235,GSI,GSI_1235,Arunachal Pradesh,Tawang,,27.579,91.868639,,Subsidence,,37,TABLE_EXTRACTED,,Extracted from table on page 37
NER_01236,GSI,GSI_1236,Arunachal Pradesh,Tawang,NH-13,27.58006,91.97728,,Slide,,37,TABLE_EXTRACTED,,Extracted from table on page 37
NER_01237,GSI,GSI_1237,Arunachal Pradesh,Tawang,NH 13,27.583611,91.973056,,Slide,,37,TABLE_EXTRACTED,,Extracted from table on page 37
NER_01238,GSI,GSI_1238,Arunachal Pradesh,Tawang,,27.584639,91.860917,,,,38,TABLE_EXTRACTED,DUP_GROUP_346,Extracted from table on page 38
NER_01239,GSI,GSI_1239,Arunachal Pradesh,Tawang,,27.584639,91.860917,,,,38,TABLE_EXTRACTED,DUP_GROUP_346,Extracted from table on page 38
NER_01240,GSI,GSI_1240,Arunachal Pradesh,Tawang,,27.584639,91.860917,,,,38,TABLE_EXTRACTED,DUP_GROUP_347,Extracted from table on page 38
NER_01241,GSI,GSI_1241,Arunachal Pradesh,Tawang,,27.586694,91.871444,,Slide,,38,TABLE_EXTRACTED,,Extracted from table on page 38
NER_01242,GSI,GSI_1242,Arunachal Pradesh,Tawang,,27.587417,91.886944,,Slide,,38,TABLE_EXTRACTED,DUP_GROUP_341,Extracted from table on page 38
NER_01243,GSI,GSI_1243,Arunachal Pradesh,Tawang,,27.587417,91.886944,,Slide,,38,TABLE_EXTRACTED,DUP_GROUP_342,Extracted from table on page 38
NER_01244,GSI,GSI_1244,Arunachal Pradesh,Tawang,,27.587611,91.894167,,Slide,,38,TABLE_EXTRACTED,,Extracted from table on page 38
NER_01245,GSI,GSI_1245,Arunachal Pradesh,Tawang,Locality,27.589,91.873194,,Slide,,38,TABLE_EXTRACTED,,Extracted from table on page 38
NER_01246,GSI,GSI_1246,Arunachal Pradesh,Tawang,,27.58925,91.795667,,Slide,,38,TABLE_EXTRACTED,,Extracted from table on page 38
NER_01247,GSI,GSI_1247,Arunachal Pradesh,Tawang,,27.589417,91.861444,,Slide,,38,TABLE_EXTRACTED,,Extracted from table on page 38
NER_01248,GSI,GSI_1248,Arunachal Pradesh,Tawang,,27.589889,91.881194,,Slide,,38,TABLE_EXTRACTED,,Extracted from table on page 38
NER_01249,GSI,GSI_1249,Arunachal Pradesh,Tawang,Locality,27.590556,91.867667,,Subsidence,,38,TABLE_EXTRACTED,,Extracted from table on page 38
NER_01250,GSI,GSI_1250,Arunachal Pradesh,Tawang,Locality,27.590639,91.876806,,Slide,,38,TABLE_EXTRACTED,DUP_GROUP_350,Extracted from table on page 38
NER_01251,GSI,GSI_1251,Arunachal Pradesh,Tawang,Locality,27.590639,91.876806,,Slide,,38,TABLE_EXTRACTED,DUP_GROUP_350,Extracted from table on page 38
NER_01252,GSI,GSI_1252,Arunachal Pradesh,Tawang,,27.591389,91.9025,,Slide,,38,TABLE_EXTRACTED,,Extracted from table on page 38
NER_01253,GSI,GSI_1253,Arunachal Pradesh,Tawang,NH 13/ S of Jangda,27.591417,91.973083,,Slide,,38,TABLE_EXTRACTED,,Extracted from table on page 38
NER_01254,GSI,GSI_1254,Arunachal Pradesh,Tawang,,27.591528,91.880444,,Flow,,38,TABLE_EXTRACTED,DUP_GROUP_345,Extracted from table on page 38
NER_01255,GSI,GSI_1255,Arunachal Pradesh,Tawang,,27.591806,91.865028,,Fall,,38,TABLE_EXTRACTED,DUP_GROUP_351,Extracted from table on page 38
NER_01256,GSI,GSI_1256,Arunachal Pradesh,Tawang,,27.591833,91.865056,,Flow,,38,TABLE_EXTRACTED,DUP_GROUP_351,Extracted from table on page 38
NER_01257,GSI,GSI_1257,Arunachal Pradesh,Tawang,,27.592639,91.867528,,Slide,,38,TABLE_EXTRACTED,,Extracted from table on page 38
NER_01258,GSI,GSI_1258,Arunachal Pradesh,Tawang,,27.592667,91.866222,,Flow,,38,TABLE_EXTRACTED,,Extracted from table on page 38
NER_01259,GSI,GSI_1259,Arunachal Pradesh,Tawang,,27.593139,91.873889,,Slide,,38,TABLE_EXTRACTED,,Extracted from table on page 38
NER_01260,GSI,GSI_1260,Arunachal Pradesh,Tawang,,27.593361,91.879444,,Subsidence,,38,TABLE_EXTRACTED,,Extracted from table on page 38
NER_01261,GSI,GSI_1261,Arunachal Pradesh,Tawang,,27.594833,91.866417,,Slide,,38,TABLE_EXTRACTED,DUP_GROUP_352,Extracted from table on page 38
NER_01262,GSI,GSI_1262,Arunachal Pradesh,Tawang,,27.594861,91.866444,,Fall,,38,TABLE_EXTRACTED,DUP_GROUP_352,Extracted from table on page 38
NER_01263,GSI,GSI_1263,Arunachal Pradesh,Tawang,,27.595167,91.895444,,Slide,,38,TABLE_EXTRACTED,,Extracted from table on page 38
NER_01264,GSI,GSI_1264,Arunachal Pradesh,Tawang,,27.596278,91.894333,,Slide,,38,TABLE_EXTRACTED,,Extracted from table on page 38
NER_01265,GSI,GSI_1265,Arunachal Pradesh,Tawang,,27.596639,91.878972,,Slide,,39,TABLE_EXTRACTED,DUP_GROUP_353,Extracted from table on page 39
NER_01266,GSI,GSI_1266,Arunachal Pradesh,Tawang,,27.596639,91.878972,,Slide,,39,TABLE_EXTRACTED,DUP_GROUP_353,Extracted from table on page 39
NER_01267,GSI,GSI_1267,Arunachal Pradesh,Tawang,Locality,27.599,91.876528,,Slide,,39,TABLE_EXTRACTED,DUP_GROUP_354,Extracted from table on page 39
NER_01268,GSI,GSI_1268,Arunachal Pradesh,Tawang,Locality,27.599806,91.876111,,Slide,,39,TABLE_EXTRACTED,DUP_GROUP_354,Extracted from table on page 39
NER_01269,GSI,GSI_1269,Arunachal Pradesh,Lower Subansiri,Ziro-Raga,27.62225,93.840778,,Slide,,39,TABLE_EXTRACTED,DUP_GROUP_355,Extracted from table on page 39
NER_01270,GSI,GSI_1270,Arunachal Pradesh,Lower Subansiri,Ziro-Raga,27.622972,93.841361,,Slide,,39,TABLE_EXTRACTED,DUP_GROUP_355,Extracted from table on page 39
NER_01271,GSI,GSI_1271,Arunachal Pradesh,Kra Daadi,Palin Road,27.637611,93.637722,,Slide,,39,TABLE_EXTRACTED,,Extracted from table on page 39
NER_01272,GSI,GSI_1272,Arunachal Pradesh,Lower Subansiri,Ziro-Raga,27.63825,93.857583,,Slide,,39,TABLE_EXTRACTED,DUP_GROUP_359,Extracted from table on page 39
NER_01273,GSI,GSI_1273,Arunachal Pradesh,Lower Subansiri,Ziro-Raga,27.649194,93.874,,Slide,,39,TABLE_EXTRACTED,DUP_GROUP_360,Extracted from table on page 39
NER_01274,GSI,GSI_1274,Arunachal Pradesh,Kra Daadi,Palin Road,27.652167,93.632417,,Slide,,39,TABLE_EXTRACTED,,Extracted from table on page 39
NER_01275,GSI,GSI_1275,Arunachal Pradesh,Lower Subansiri,North of Ziro,27.656,93.877472,,Slide,,39,TABLE_EXTRACTED,,Extracted from table on page 39
NER_01276,GSI,GSI_1276,Arunachal Pradesh,West Siang,Likabali petrol pump,27.662194,94.702667,,Slide,,39,TABLE_EXTRACTED,,Extracted from table on page 39
NER_01277,GSI,GSI_1277,Arunachal Pradesh,West Siang,Likabali road,27.664972,94.693861,,Slide,,39,TABLE_EXTRACTED,,Extracted from table on page 39
NER_01278,GSI,GSI_1278,Arunachal Pradesh,Lower Subansiri,Ziro-Raga,27.665417,93.892222,,Slide,,39,TABLE_EXTRACTED,,Extracted from table on page 39
NER_01279,GSI,GSI_1279,Arunachal Pradesh,Lower Subansiri,Ziro-Raga,27.666556,93.891861,,Slide,,39,TABLE_EXTRACTED,,Extracted from table on page 39
NER_01280,GSI,GSI_1280,Arunachal Pradesh,Kra Daadi,Palin-Yazuli road,27.668278,93.629472,,Slide,,39,TABLE_EXTRACTED,DUP_GROUP_361,Extracted from table on page 39
NER_01281,GSI,GSI_1281,Arunachal Pradesh,Kra Daadi,Potin-Ziro road,27.668611,93.63,,Slide,,39,TABLE_EXTRACTED,DUP_GROUP_361,Extracted from table on page 39
NER_01282,GSI,GSI_1282,Arunachal Pradesh,West Siang,Likabali road,27.683889,94.682444,,Slide,,39,TABLE_EXTRACTED,,Extracted from table on page 39
NER_01283,GSI,GSI_1283,Arunachal Pradesh,West Siang,Likabali road,27.688,94.67875,,Slide,,39,TABLE_EXTRACTED,,Extracted from table on page 39
NER_01284,GSI,GSI_1284,Arunachal Pradesh,West Siang,NE of Likabali Police check-post,27.688583,94.681,,Slide,,39,TABLE_EXTRACTED,,Extracted from table on page 39
NER_01285,GSI,GSI_1285,Arunachal Pradesh,Kra Daadi,Palin village,27.690111,93.632556,,Slide,,39,TABLE_EXTRACTED,,Extracted from table on page 39
NER_01286,GSI,GSI_1286,Arunachal Pradesh,West Siang,Magi-Likabali road section,27.703222,94.67275,,Slide,,39,TABLE_EXTRACTED,,Extracted from table on page 39
NER_01287,GSI,GSI_1287,Arunachal Pradesh,West Siang,Magi-Likabali road section,27.70625,94.673833,,Slide,,39,TABLE_EXTRACTED,,Extracted from table on page 39
NER_01288,GSI,GSI_1288,Arunachal Pradesh,West Siang,Garu-Siji road section,27.720444,94.721528,,Slide,,39,TABLE_EXTRACTED,,Extracted from table on page 39
NER_01289,GSI,GSI_1289,Arunachal Pradesh,Kamle,E of Tamen bridge,27.751917,94.023472,,Slide,,39,TABLE_EXTRACTED,,Extracted from table on page 39
NER_01290,GSI,GSI_1290,Arunachal Pradesh,West Siang,Garu-Siji road section,27.752611,94.7175,,Slide,,39,TABLE_EXTRACTED,,Extracted from table on page 39
NER_01291,GSI,GSI_1291,Arunachal Pradesh,Kamle,E of Tamen Suspension Bridge,27.754056,94.018528,,Slide,,39,TABLE_EXTRACTED,,Extracted from table on page 39
NER_01292,GSI,GSI_1292,Arunachal Pradesh,West Siang,Garu-Siji road section,27.754806,94.715444,,Slide,,39,TABLE_EXTRACTED,,Extracted from table on page 39
NER_01293,GSI,GSI_1293,Arunachal Pradesh,Kra Daadi,W of Taya,27.756511,93.417861,,Slide,,39,TABLE_EXTRACTED,,Extracted from table on page 39
NER_01294,GSI,GSI_1294,Arunachal Pradesh,Kra Daadi,W of Taya,27.756778,93.436761,,Slide,,39,TABLE_EXTRACTED,,Extracted from table on page 39
NER_01295,GSI,GSI_1295,Arunachal Pradesh,West Siang,NE of Siji Camp,27.757417,94.716167,,Slide,,39,TABLE_EXTRACTED,,Extracted from table on page 39
NER_01296,GSI,GSI_1296,Arunachal Pradesh,Lower Subansiri,Near Tamen,27.758611,93.997222,,Slide,,39,TABLE_EXTRACTED,,Extracted from table on page 39
NER_01297,GSI,GSI_1297,Arunachal Pradesh,Kra Daadi,Near Dabo,27.758806,93.609167,,Slide,,39,TABLE_EXTRACTED,,Extracted from table on page 39
NER_01298,GSI,GSI_1298,Arunachal Pradesh,Kamle,SE of Raga Village,27.758889,94.059833,,Slide,,39,TABLE_EXTRACTED,,Extracted from table on page 39
NER_01299,GSI,GSI_1299,Arunachal Pradesh,Kamle,S of Raga Village,27.759361,94.047083,,Slide,,39,TABLE_EXTRACTED,,Extracted from table on page 39
NER_01300,GSI,GSI_1300,Arunachal Pradesh,West Siang,Garu-Siji road section,27.759556,94.712333,,Slide,,39,TABLE_EXTRACTED,DUP_GROUP_362,Extracted from table on page 39
NER_01301,GSI,GSI_1301,Arunachal Pradesh,West Siang,Garu-Siji road section,27.760194,94.712278,,Slide,,39,TABLE_EXTRACTED,DUP_GROUP_362,Extracted from table on page 39
NER_01302,GSI,GSI_1302,Arunachal Pradesh,Lower Subansiri,Near Tamen,27.760889,93.990806,,Slide,,39,TABLE_EXTRACTED,,Extracted from table on page 39
NER_01303,GSI,GSI_1303,Arunachal Pradesh,Lower Subansiri,Near Tamen,27.760917,93.995583,,Slide,,39,TABLE_EXTRACTED,,Extracted from table on page 39
NER_01304,GSI,GSI_1304,Arunachal Pradesh,West Siang,Garu-Siji road section,27.762,94.712278,,Slide,,39,TABLE_EXTRACTED,,Extracted from table on page 39
NER_01305,GSI,GSI_1305,Arunachal Pradesh,Kra Daadi,Near Dabo,27.763444,93.608278,,Slide,,39,TABLE_EXTRACTED,,Extracted from table on page 39
NER_01306,GSI,GSI_1306,Arunachal Pradesh,Lower Subansiri,Near Tamen,27.763722,93.992333,,Slide,,39,TABLE_EXTRACTED,,Extracted from table on page 39
NER_01307,GSI,GSI_1307,Arunachal Pradesh,Kra Daadi,W of Upper Mer,27.772194,93.59325,,Slide,,39,TABLE_EXTRACTED,,Extracted from table on page 39
NER_01308,GSI,GSI_1308,Arunachal Pradesh,Lower Subansiri,Near Tamen,27.773556,93.969778,,Slide,,39,TABLE_EXTRACTED,,Extracted from table on page 39
NER_01309,GSI,GSI_1309,Arunachal Pradesh,Kra Daadi,Upper Mer,27.773847,93.595528,,Slide,,39,TABLE_EXTRACTED,,Extracted from table on page 39
NER_01310,GSI,GSI_1310,Arunachal Pradesh,West Siang,Garu-Siji road section,27.773972,94.7135,,Slide,,40,TABLE_EXTRACTED,,Extracted from table on page 40
NER_01311,GSI,GSI_1311,Arunachal Pradesh,West Siang,Garu-Siji road section,27.777278,94.715583,,Slide,,40,TABLE_EXTRACTED,,Extracted from table on page 40
NER_01312,GSI,GSI_1312,Arunachal Pradesh,Kra Daadi,Near Pitak,27.78,93.456231,,Slide,,40,TABLE_EXTRACTED,,Extracted from table on page 40
NER_01313,GSI,GSI_1313,Arunachal Pradesh,Kra Daadi,Near Pitak,27.781792,93.477942,,Slide,,40,TABLE_EXTRACTED,,Extracted from table on page 40
NER_01314,GSI,GSI_1314,Arunachal Pradesh,Kurung Kumey,Lower Gida,27.782139,93.546139,,Slide,,40,TABLE_EXTRACTED,,Extracted from table on page 40
NER_01315,GSI,GSI_1315,Arunachal Pradesh,Kra Daadi,N of Upper Mer,27.783667,93.600806,,Slide,,40,TABLE_EXTRACTED,,Extracted from table on page 40
NER_01316,GSI,GSI_1316,Arunachal Pradesh,West Siang,Garu-Siji road section,27.786833,94.720111,,Slide,,40,TABLE_EXTRACTED,,Extracted from table on page 40
NER_01317,GSI,GSI_1317,Arunachal Pradesh,West Siang,NE of Siji Camp,27.788194,94.724194,,Slide,,40,TABLE_EXTRACTED,,Extracted from table on page 40
NER_01318,GSI,GSI_1318,Arunachal Pradesh,Kurung Kumey,Powak Korar,27.788389,93.526528,,Slide,,40,TABLE_EXTRACTED,,Extracted from table on page 40
NER_01319,GSI,GSI_1319,Arunachal Pradesh,Kurung Kumey,Sangme,27.788639,93.539667,,Slide,,40,TABLE_EXTRACTED,,Extracted from table on page 40
NER_01320,GSI,GSI_1320,Arunachal Pradesh,Lower Siang,Old Deka road,27.790489,94.958147,,Slide,,40,TABLE_EXTRACTED,,Extracted from table on page 40
NER_01321,GSI,GSI_1321,Arunachal Pradesh,Upper Siang,Old Deka road,27.793761,94.959097,,Slide,,40,TABLE_EXTRACTED,,Extracted from table on page 40
NER_01322,GSI,GSI_1322,Arunachal Pradesh,West Siang,Garu-Siji road section,27.793917,94.728806,,Slide,,40,TABLE_EXTRACTED,,Extracted from table on page 40
NER_01323,GSI,GSI_1323,Arunachal Pradesh,West Siang,Garo-Basar road section,27.794333,94.73075,,Slide,,40,TABLE_EXTRACTED,,Extracted from table on page 40
NER_01324,GSI,GSI_1324,Arunachal Pradesh,Kra Daadi,N of Upper Mer,27.794583,93.597306,,Slide,,40,TABLE_EXTRACTED,,Extracted from table on page 40
NER_01325,GSI,GSI_1325,Arunachal Pradesh,West Siang,Garo-Basar road section,27.797389,94.735333,,Slide,,40,TABLE_EXTRACTED,,Extracted from table on page 40
NER_01326,GSI,GSI_1326,Arunachal Pradesh,Upper Subansiri,Belo village,27.797806,93.96175,,Slide,,40,TABLE_EXTRACTED,,Extracted from table on page 40
NER_01327,GSI,GSI_1327,Arunachal Pradesh,Kurung Kumey,Tachek,27.801194,93.541944,,Slide,,40,TABLE_EXTRACTED,DUP_GROUP_363,Extracted from table on page 40
NER_01328,GSI,GSI_1328,Arunachal Pradesh,Kurung Kumey,Byasi village,27.801194,93.541667,,Slide,,40,TABLE_EXTRACTED,DUP_GROUP_363,Extracted from table on page 40
NER_01329,GSI,GSI_1329,Arunachal Pradesh,Kurung Kumey,Byasi village,27.803972,93.543083,,Slide,,40,TABLE_EXTRACTED,,Extracted from table on page 40
NER_01330,GSI,GSI_1330,Arunachal Pradesh,West Siang,Garo-Basar road section,27.804361,94.715056,,Slide,,40,TABLE_EXTRACTED,,Extracted from table on page 40
NER_01331,GSI,GSI_1331,Arunachal Pradesh,West Siang,Ego-Basar road section,27.804944,94.719861,,Slide,,40,TABLE_EXTRACTED,,Extracted from table on page 40
NER_01332,GSI,GSI_1332,Arunachal Pradesh,Kamle,Hardampo,27.813833,94.134333,,Slide,,40,TABLE_EXTRACTED,,Extracted from table on page 40
NER_01333,GSI,GSI_1333,Arunachal Pradesh,Kurung Kumey,Near Rowa village,27.814806,93.521,,Slide,,40,TABLE_EXTRACTED,,Extracted from table on page 40
NER_01334,GSI,GSI_1334,Arunachal Pradesh,Kamle,Orokem,27.81975,94.138722,,Slide,,40,TABLE_EXTRACTED,,Extracted from table on page 40
NER_01335,GSI,GSI_1335,Arunachal Pradesh,Upper Subansiri,Gangte village,27.81975,93.945556,,Slide,,40,TABLE_EXTRACTED,,Extracted from table on page 40
NER_01336,GSI,GSI_1336,Arunachal Pradesh,West Siang,Garo-Basar road section,27.821278,94.730278,,Slide,,40,TABLE_EXTRACTED,DUP_GROUP_364,Extracted from table on page 40
NER_01337,GSI,GSI_1337,Arunachal Pradesh,Kamle,NE of Raga,27.821861,94.104806,,Slide,,40,TABLE_EXTRACTED,,Extracted from table on page 40
NER_01338,GSI,GSI_1338,Arunachal Pradesh,West Siang,Ego-Basar road section,27.821889,94.730417,,Slide,,40,TABLE_EXTRACTED,DUP_GROUP_364,Extracted from table on page 40
NER_01339,GSI,GSI_1339,Arunachal Pradesh,Kamle,Kemlico,27.822556,94.135417,,Slide,,40,TABLE_EXTRACTED,,Extracted from table on page 40
NER_01340,GSI,GSI_1340,Arunachal Pradesh,West Siang,Garo-Basar road section,27.823139,94.732972,,Slide,,40,TABLE_EXTRACTED,,Extracted from table on page 40
NER_01341,GSI,GSI_1341,Arunachal Pradesh,West Siang,Garo-Basar road section,27.824889,94.739556,,Slide,,40,TABLE_EXTRACTED,,Extracted from table on page 40
NER_01342,GSI,GSI_1342,Arunachal Pradesh,West Siang,Garo-Basar road section,27.825694,94.747,,Slide,,40,TABLE_EXTRACTED,,Extracted from table on page 40
NER_01343,GSI,GSI_1343,Arunachal Pradesh,Upper Subansiri,Radum village,27.827472,93.972556,,Slide,,40,TABLE_EXTRACTED,DUP_GROUP_365,Extracted from table on page 40
NER_01344,GSI,GSI_1344,Arunachal Pradesh,Upper Subansiri,Radum village,27.827806,93.972167,,Slide,,40,TABLE_EXTRACTED,DUP_GROUP_365,Extracted from table on page 40
NER_01345,GSI,GSI_1345,Arunachal Pradesh,Lower Subansiri,Near Riaga,27.82925,93.911194,,Slide,,40,TABLE_EXTRACTED,,Extracted from table on page 40
NER_01346,GSI,GSI_1346,Arunachal Pradesh,Kamle,NW of Godak Village,27.8305,94.157444,,Fall,,40,TABLE_EXTRACTED,,Extracted from table on page 40
NER_01347,GSI,GSI_1347,Arunachal Pradesh,Lower Subansiri,Near Riaga,27.830944,93.917028,,Slide,,40,TABLE_EXTRACTED,,Extracted from table on page 40
NER_01348,GSI,GSI_1348,Arunachal Pradesh,Kurung Kumey,Nibi village,27.83275,93.504417,,Slide,,40,TABLE_EXTRACTED,,Extracted from table on page 40
NER_01349,GSI,GSI_1349,Arunachal Pradesh,Upper Subansiri,Hebang village,27.833306,93.978611,,Slide,,40,TABLE_EXTRACTED,,Extracted from table on page 40
NER_01350,GSI,GSI_1350,Arunachal Pradesh,West Siang,Silapathar- Rilu road,27.834083,94.768972,,Slide,,40,TABLE_EXTRACTED,,Extracted from table on page 40
NER_01351,GSI,GSI_1351,Arunachal Pradesh,Lower Subansiri,Baring village,27.8345,93.933694,,Slide,,40,TABLE_EXTRACTED,,Extracted from table on page 40
NER_01352,GSI,GSI_1352,Arunachal Pradesh,Upper Subansiri,Luba village,27.83875,93.977278,,Slide,,40,TABLE_EXTRACTED,,Extracted from table on page 40
NER_01353,GSI,GSI_1353,Arunachal Pradesh,Upper Subansiri,Luba village,27.83975,93.977444,,Slide,,40,TABLE_EXTRACTED,,Extracted from table on page 40
NER_01354,GSI,GSI_1354,Arunachal Pradesh,West Siang,Near Rilu village,27.839817,94.778642,,Slide,,40,TABLE_EXTRACTED,,Extracted from table on page 40
NER_01355,GSI,GSI_1355,Arunachal Pradesh,Upper Subansiri,Luba village,27.840167,93.980861,,Slide,,40,TABLE_EXTRACTED,,Extracted from table on page 40
NER_01356,GSI,GSI_1356,Arunachal Pradesh,West Siang,Silapathar- Basar road,27.840972,94.771167,,Slide,,40,TABLE_EXTRACTED,,Extracted from table on page 40
NER_01357,GSI,GSI_1357,Arunachal Pradesh,Upper Subansiri,Luba village,27.844444,93.973944,,Slide,,40,TABLE_EXTRACTED,,Extracted from table on page 40
NER_01358,GSI,GSI_1358,Arunachal Pradesh,West Siang,Silapathar- Basar road,27.847111,94.783139,,Slide,,40,TABLE_EXTRACTED,,Extracted from table on page 40
NER_01359,GSI,GSI_1359,Arunachal Pradesh,Kurung Kumey,Dillang new,27.854583,93.484722,,Slide,,40,TABLE_EXTRACTED,,Extracted from table on page 40
NER_01360,GSI,GSI_1360,Arunachal Pradesh,West Siang,Likabali-Aalo road,27.858889,94.78875,,Slide,,40,TABLE_EXTRACTED,DUP_GROUP_366,Extracted from table on page 40
NER_01361,GSI,GSI_1361,Arunachal Pradesh,West Siang,Likabali-Aalo road,27.858972,94.783917,,Slide,,41,TABLE_EXTRACTED,,Extracted from table on page 41
NER_01362,GSI,GSI_1362,Arunachal Pradesh,West Siang,Likabali-Aalo road,27.859444,94.789222,,Slide,,41,TABLE_EXTRACTED,DUP_GROUP_366,Extracted from table on page 41
NER_01363,GSI,GSI_1363,Arunachal Pradesh,Kurung Kumey,Relung New camp,27.863722,93.473389,,Slide,,41,TABLE_EXTRACTED,,Extracted from table on page 41
NER_01364,GSI,GSI_1364,Arunachal Pradesh,Kurung Kumey,NW of Relung New camp,27.866083,93.467306,,Slide,,41,TABLE_EXTRACTED,,Extracted from table on page 41
NER_01365,GSI,GSI_1365,Arunachal Pradesh,Kurung Kumey,Nainital Kathgodam,27.86775,93.465861,,Slide,,41,TABLE_EXTRACTED,,Extracted from table on page 41
NER_01366,GSI,GSI_1366,Arunachal Pradesh,West Siang,Likabali-Aalo road,27.868667,94.787083,,Slide,,41,TABLE_EXTRACTED,,Extracted from table on page 41
NER_01367,GSI,GSI_1367,Arunachal Pradesh,West Siang,Daring road,27.870361,94.817861,,Slide,,41,TABLE_EXTRACTED,,Extracted from table on page 41
NER_01368,GSI,GSI_1368,Arunachal Pradesh,Kurung Kumey,Kele Village,27.872722,93.456306,,Slide,,41,TABLE_EXTRACTED,,Extracted from table on page 41
NER_01369,GSI,GSI_1369,Arunachal Pradesh,Kurung Kumey,Kele Village,27.874667,93.452917,,Slide,,41,TABLE_EXTRACTED,,Extracted from table on page 41
NER_01370,GSI,GSI_1370,Arunachal Pradesh,Lohit,NH 52,27.87469,96.35986,,Slide,,41,TABLE_EXTRACTED,,Extracted from table on page 41
NER_01371,GSI,GSI_1371,Arunachal Pradesh,Lohit,NH 52,27.87825,96.36614,,Fall,,41,TABLE_EXTRACTED,,Extracted from table on page 41
NER_01372,GSI,GSI_1372,Arunachal Pradesh,Kurung Kumey,NW of Kele village,27.882056,93.444333,,Slide,,41,TABLE_EXTRACTED,,Extracted from table on page 41
NER_01373,GSI,GSI_1373,Arunachal Pradesh,Lohit,NH 52,27.89311,96.36336,,Fall,,41,TABLE_EXTRACTED,,Extracted from table on page 41
NER_01374,GSI,GSI_1374,Arunachal Pradesh,West Siang,Daring road,27.893389,94.842194,,Slide,,41,TABLE_EXTRACTED,,Extracted from table on page 41
NER_01375,GSI,GSI_1375,Arunachal Pradesh,West Siang,Daring road,27.897361,94.844111,,Slide,,41,TABLE_EXTRACTED,,Extracted from table on page 41
NER_01376,GSI,GSI_1376,Arunachal Pradesh,Kurung Kumey,East of Koloriang,27.897722,93.406306,,Slide,,41,TABLE_EXTRACTED,,Extracted from table on page 41
NER_01377,GSI,GSI_1377,Arunachal Pradesh,Kurung Kumey,East of Koloriang,27.898806,93.408444,,Slide,,41,TABLE_EXTRACTED,,Extracted from table on page 41
NER_01378,GSI,GSI_1378,Arunachal Pradesh,Kurung Kumey,Near Koloriang,27.903389,93.370361,,Slide,,41,TABLE_EXTRACTED,,Extracted from table on page 41
NER_01379,GSI,GSI_1379,Arunachal Pradesh,Kurung Kumey,Near Koloriang,27.903417,93.371722,,Slide,,41,TABLE_EXTRACTED,,Extracted from table on page 41
NER_01380,GSI,GSI_1380,Arunachal Pradesh,Lohit,NH 52,27.90417,96.35869,,Slide,,41,TABLE_EXTRACTED,DUP_GROUP_367,Extracted from table on page 41
NER_01381,GSI,GSI_1381,Arunachal Pradesh,Lohit,NH-52,27.90467,96.35917,,Slide,,41,TABLE_EXTRACTED,DUP_GROUP_367,Extracted from table on page 41
NER_01382,GSI,GSI_1382,Arunachal Pradesh,Lohit,NH-52,27.90475,96.34811,,Fall,,41,TABLE_EXTRACTED,,Extracted from table on page 41
NER_01383,GSI,GSI_1383,Arunachal Pradesh,Lohit,NH 52,27.90581,96.35933,,Fall,,41,TABLE_EXTRACTED,DUP_GROUP_368,Extracted from table on page 41
NER_01384,GSI,GSI_1384,Arunachal Pradesh,Lohit,NH-52,27.90664,96.35964,,Slide,,41,TABLE_EXTRACTED,DUP_GROUP_368,Extracted from table on page 41
NER_01385,GSI,GSI_1385,Arunachal Pradesh,Lohit,NH 52,27.90772,96.34517,,Fall,,41,TABLE_EXTRACTED,,Extracted from table on page 41
NER_01386,GSI,GSI_1386,Arunachal Pradesh,Lohit,NH-52,27.90814,96.36028,,Slide,,41,TABLE_EXTRACTED,,Extracted from table on page 41
NER_01387,GSI,GSI_1387,Arunachal Pradesh,Lepa rada,Ego-Yamin Basar road section,27.909278,94.736111,,Slide,,41,TABLE_EXTRACTED,,Extracted from table on page 41
NER_01388,GSI,GSI_1388,Arunachal Pradesh,Lepa rada,Ego-Yamin Basar road section,27.910417,94.739528,,Slide,,41,TABLE_EXTRACTED,,Extracted from table on page 41
NER_01389,GSI,GSI_1389,Arunachal Pradesh,Lohit,Tohangam-Hayuliang Road,27.91164,96.34269,,Slide,,41,TABLE_EXTRACTED,,Extracted from table on page 41
NER_01390,GSI,GSI_1390,Arunachal Pradesh,Lepa rada,Garo to Basar road,27.912806,94.726972,,Slide,,41,TABLE_EXTRACTED,,Extracted from table on page 41
NER_01391,GSI,GSI_1391,Arunachal Pradesh,Lepa rada,Ego-Yamin Basar road section,27.913333,94.737472,,Slide,,41,TABLE_EXTRACTED,,Extracted from table on page 41
NER_01392,GSI,GSI_1392,Arunachal Pradesh,Lepa rada,Kamdak-Basar road section,27.914944,94.721806,,Slide,,41,TABLE_EXTRACTED,,Extracted from table on page 41
NER_01393,GSI,GSI_1393,Arunachal Pradesh,Lohit,NH-52,27.91636,96.33392,,Fall,,41,TABLE_EXTRACTED,,Extracted from table on page 41
NER_01394,GSI,GSI_1394,Arunachal Pradesh,Lohit,NH-52,27.91647,96.33161,,Slide,,41,TABLE_EXTRACTED,,Extracted from table on page 41
NER_01395,GSI,GSI_1395,Arunachal Pradesh,Lohit,NH-52,27.91669,96.33833,,Slide,,41,TABLE_EXTRACTED,,Extracted from table on page 41
NER_01396,GSI,GSI_1396,Arunachal Pradesh,Lohit,Tohangam-Hayuliang Road,27.91886,96.33156,,Slide,,41,TABLE_EXTRACTED,DUP_GROUP_369,Extracted from table on page 41
NER_01397,GSI,GSI_1397,Arunachal Pradesh,Lohit,Tezu-Hayuliang road,27.91897,96.33108,,Slide,,41,TABLE_EXTRACTED,DUP_GROUP_369,Extracted from table on page 41
NER_01398,GSI,GSI_1398,Arunachal Pradesh,Lepa rada,Pagi- Basar road section,27.933611,94.703472,,Slide,,41,TABLE_EXTRACTED,,Extracted from table on page 41
NER_01399,GSI,GSI_1399,Arunachal Pradesh,Lepa rada,Garo- Basar road section,27.937861,94.702139,,Slide,,41,TABLE_EXTRACTED,,Extracted from table on page 41
NER_01400,GSI,GSI_1400,Arunachal Pradesh,Lepa rada,Garo- Basar road section,27.938056,94.700306,,Slide,,41,TABLE_EXTRACTED,,Extracted from table on page 41
NER_01401,GSI,GSI_1401,Arunachal Pradesh,Lohit,Tohangam-Hayuliang Road,27.93967,96.38097,,Slide,,41,TABLE_EXTRACTED,,Extracted from table on page 41
NER_01402,GSI,GSI_1402,Arunachal Pradesh,Lohit,Tezu-Hayuliang road,27.94083,96.38161,,Subsidence,,41,TABLE_EXTRACTED,,Extracted from table on page 41
NER_01403,GSI,GSI_1403,Arunachal Pradesh,Lepa rada,Garo- Basar road section,27.94175,94.695694,,Slide,,41,TABLE_EXTRACTED,,Extracted from table on page 41
NER_01404,GSI,GSI_1404,Arunachal Pradesh,Lepa rada,Garo- Basar road section,27.942917,94.694528,,Slide,,41,TABLE_EXTRACTED,,Extracted from table on page 41
NER_01405,GSI,GSI_1405,Arunachal Pradesh,Lower dibang valley,Naer to Ledum village,27.944389,95.117586,,Slide,,41,TABLE_EXTRACTED,,Extracted from table on page 41
NER_01406,GSI,GSI_1406,Arunachal Pradesh,Lepa rada,Garo- Basar road section,27.944444,94.692528,,Slide,,41,TABLE_EXTRACTED,,Extracted from table on page 41
NER_01407,GSI,GSI_1407,Arunachal Pradesh,Lohit,Tezu-Hayuliang road,27.94903,96.39158,,"Slide and
topple",,41,TABLE_EXTRACTED,,Extracted from table on page 41
NER_01408,GSI,GSI_1408,Arunachal Pradesh,Lower dibang valley,Naer to Ledum village,27.951306,95.074056,,slide,,42,TABLE_EXTRACTED,,Extracted from table on page 42
NER_01409,GSI,GSI_1409,Arunachal Pradesh,Lohit,Tohangam-Hayuliang Road,27.95603,96.40267,,Slide,,42,TABLE_EXTRACTED,,Extracted from table on page 42
NER_01410,GSI,GSI_1410,Arunachal Pradesh,Lohit,Tohangam-Hayuliang Road,27.95672,96.39697,,Slide,,42,TABLE_EXTRACTED,,Extracted from table on page 42
NER_01411,GSI,GSI_1411,Arunachal Pradesh,Lepa rada,"Rete Potu, towards Basar",27.957306,94.68625,,Slide,,42,TABLE_EXTRACTED,,Extracted from table on page 42
NER_01412,GSI,GSI_1412,Arunachal Pradesh,Lohit,Tohangam-Hayuliang Road,27.95964,96.40178,,Flow,,42,TABLE_EXTRACTED,,Extracted from table on page 42
NER_01413,GSI,GSI_1413,Arunachal Pradesh,Lohit,Tohangam-Hayuliang Road,27.96325,96.40097,,Slide,,42,TABLE_EXTRACTED,,Extracted from table on page 42
NER_01414,GSI,GSI_1414,Arunachal Pradesh,Upper Subansiri,NE of Daporijo town,27.965819,94.293672,,Slide,,42,TABLE_EXTRACTED,,Extracted from table on page 42
NER_01415,GSI,GSI_1415,Arunachal Pradesh,Lohit,Tezu-Hayuliang road,27.96756,96.40189,,Slide,,42,TABLE_EXTRACTED,DUP_GROUP_370,Extracted from table on page 42
NER_01416,GSI,GSI_1416,Arunachal Pradesh,Lohit,Tezu-Hayuliang road,27.96756,96.40214,,Slide,,42,TABLE_EXTRACTED,DUP_GROUP_370,Extracted from table on page 42
NER_01417,GSI,GSI_1417,Arunachal Pradesh,Lohit,"Tohangam-Hayuliang Road (at
Tidding bridge)",27.968,96.39822,,Flow,,42,TABLE_EXTRACTED,,Extracted from table on page 42
NER_01418,GSI,GSI_1418,Arunachal Pradesh,Shi-Yomi,Near Mechuka town,27.979306,94.228528,,Slide,,42,TABLE_EXTRACTED,,Extracted from table on page 42
NER_01419,GSI,GSI_1419,Arunachal Pradesh,Anjaw,Tezu-Hayuliang road,27.98333,96.40433,,Slide,,42,TABLE_EXTRACTED,,Extracted from table on page 42
NER_01420,GSI,GSI_1420,Arunachal Pradesh,Anjaw,Tezu-Hayuliang road,27.98728,96.41208,,Slide,,42,TABLE_EXTRACTED,DUP_GROUP_371,Extracted from table on page 42
NER_01421,GSI,GSI_1421,Arunachal Pradesh,Anjaw,Tohangam-Hayuliang Road,27.98747,96.41133,,Flow,,42,TABLE_EXTRACTED,DUP_GROUP_371,Extracted from table on page 42
NER_01422,GSI,GSI_1422,Arunachal Pradesh,Lepa rada,Tai-Daporijo Road,27.995889,94.525941,,Slide,,42,TABLE_EXTRACTED,,Extracted from table on page 42
NER_01423,GSI,GSI_1423,Arunachal Pradesh,Upper Subansiri,E of Daporijo,28.003861,94.201944,,Slide,,42,TABLE_EXTRACTED,,Extracted from table on page 42
NER_01424,GSI,GSI_1424,Arunachal Pradesh,Upper Subansiri,E of Daporijo town,28.005389,94.201306,,Slide,,42,TABLE_EXTRACTED,,Extracted from table on page 42
NER_01425,GSI,GSI_1425,Arunachal Pradesh,Anjaw,Tohangam-Hayuliang Road,28.00611,96.42872,,Slide,,42,TABLE_EXTRACTED,,Extracted from table on page 42
NER_01426,GSI,GSI_1426,Arunachal Pradesh,Upper Siang,Yagrung village,28.013167,95.239333,,slide,,42,TABLE_EXTRACTED,,Extracted from table on page 42
NER_01427,GSI,GSI_1427,Arunachal Pradesh,Lepa rada,South of Tirbin-Tai Road,28.013577,94.568456,,Slide,,42,TABLE_EXTRACTED,,Extracted from table on page 42
NER_01428,GSI,GSI_1428,Arunachal Pradesh,Lepa rada,South of Tirbin-Tai Road,28.014765,94.569467,,Slide,,42,TABLE_EXTRACTED,,Extracted from table on page 42
NER_01429,GSI,GSI_1429,Arunachal Pradesh,Anjaw,Tezu-Hayuliang road,28.01661,96.44172,,Complex,,42,TABLE_EXTRACTED,,Extracted from table on page 42
NER_01430,GSI,GSI_1430,Arunachal Pradesh,Anjaw,Tohangam-Hayuliang Road,28.01781,96.44275,,Slide,,42,TABLE_EXTRACTED,,Extracted from table on page 42
NER_01431,GSI,GSI_1431,Arunachal Pradesh,Anjaw,Tohangam-Hayuliang Road,28.01992,96.443,,Slide,,42,TABLE_EXTRACTED,,Extracted from table on page 42
NER_01432,GSI,GSI_1432,Arunachal Pradesh,West Siang,Tai-Liromoba Road,28.021678,94.536256,,Slide,,42,TABLE_EXTRACTED,DUP_GROUP_372,Extracted from table on page 42
NER_01433,GSI,GSI_1433,Arunachal Pradesh,West Siang,Daba Gamlin-Yomcha Road,28.022249,94.535672,,Slide,,42,TABLE_EXTRACTED,DUP_GROUP_372,Extracted from table on page 42
NER_01434,GSI,GSI_1434,Arunachal Pradesh,Anjaw,NH-13 (Anjaw-Tezu road),28.022471,96.440489,,Slide,,42,TABLE_EXTRACTED,,Extracted from table on page 42
NER_01435,GSI,GSI_1435,Arunachal Pradesh,Lepa rada,Within Tirbin Township,28.022667,94.574294,,Slide,,42,TABLE_EXTRACTED,,Extracted from table on page 42
NER_01436,GSI,GSI_1436,Arunachal Pradesh,Anjaw,NH-13 (Anjaw-Tezu road),28.023491,96.440972,,Slide,,42,TABLE_EXTRACTED,,Extracted from table on page 42
NER_01437,GSI,GSI_1437,Arunachal Pradesh,Lepa rada,Tirbin-Basar Road,28.024169,94.582184,,Slide,,42,TABLE_EXTRACTED,,Extracted from table on page 42
NER_01438,GSI,GSI_1438,Arunachal Pradesh,Lepa rada,Tirbin-Tai Road,28.024691,94.553634,,Slide,,42,TABLE_EXTRACTED,,Extracted from table on page 42
NER_01439,GSI,GSI_1439,Arunachal Pradesh,East Siang,"NH-13, Komlighat-Pasighat",28.025611,95.271179,,Slide,,42,TABLE_EXTRACTED,,Extracted from table on page 42
NER_01440,GSI,GSI_1440,Arunachal Pradesh,Lepa rada,Tirbin-Basar Road,28.026515,94.590918,,Slide,,42,TABLE_EXTRACTED,,Extracted from table on page 42
NER_01441,GSI,GSI_1441,Arunachal Pradesh,Lepa rada,Tirbin-Basar Road,28.026733,94.593471,,Slide,,42,TABLE_EXTRACTED,,Extracted from table on page 42
NER_01442,GSI,GSI_1442,Arunachal Pradesh,Lepa rada,Tirbin-Basar Road,28.029848,94.616455,,Slide,,42,TABLE_EXTRACTED,,Extracted from table on page 42
NER_01443,GSI,GSI_1443,Arunachal Pradesh,East Siang,Yagrung village,28.033278,95.235383,,Flow,,42,TABLE_EXTRACTED,,Extracted from table on page 42
NER_01444,GSI,GSI_1444,Arunachal Pradesh,Anjaw,Tezu-Hayuliang road,28.05939,96.48397,,Slide,,42,TABLE_EXTRACTED,,Extracted from table on page 42
NER_01445,GSI,GSI_1445,Arunachal Pradesh,Lohit,HMC road,28.05989,96.46281,,Slide,,42,TABLE_EXTRACTED,DUP_GROUP_373,Extracted from table on page 42
NER_01446,GSI,GSI_1446,Arunachal Pradesh,Lohit,HMC road,28.05989,96.46281,,Slide,,42,TABLE_EXTRACTED,DUP_GROUP_373,Extracted from table on page 42
NER_01447,GSI,GSI_1447,Arunachal Pradesh,Anjaw,Tohangam-Hayuliang Road,28.05997,96.48664,,Slide,,42,TABLE_EXTRACTED,,Extracted from table on page 42
NER_01448,GSI,GSI_1448,Arunachal Pradesh,Anjaw,Tohangam-Hayuliang Road,28.06006,96.44636,,Slide,,42,TABLE_EXTRACTED,,Extracted from table on page 42
NER_01449,GSI,GSI_1449,Arunachal Pradesh,Anjaw,Tohangam-Hayuliang Road,28.06131,96.49256,,Slide,,42,TABLE_EXTRACTED,,Extracted from table on page 42
NER_01450,GSI,GSI_1450,Arunachal Pradesh,Anjaw,Tohangam-Hayuliang Road,28.06244,96.49775,,Slide,,42,TABLE_EXTRACTED,,Extracted from table on page 42
NER_01451,GSI,GSI_1451,Arunachal Pradesh,Anjaw,Tohangam-Hayuliang road,28.063,96.49914,,Slide,,42,TABLE_EXTRACTED,,Extracted from table on page 42
NER_01452,GSI,GSI_1452,Arunachal Pradesh,Anjaw,Tezu-Hayuliang road,28.06356,96.50075,,Slide,,42,TABLE_EXTRACTED,,Extracted from table on page 42
NER_01453,GSI,GSI_1453,Arunachal Pradesh,Anjaw,Tohangam-Hayuliang Road,28.06964,96.50025,,Slide,,42,TABLE_EXTRACTED,,Extracted from table on page 42
NER_01454,GSI,GSI_1454,Arunachal Pradesh,Anjaw,"Hunli-Metengliang-Hayuliang
(HMH) road",28.079818,96.46838,,Slide,,42,TABLE_EXTRACTED,,Extracted from table on page 42
NER_01455,GSI,GSI_1455,Arunachal Pradesh,Anjaw,HMC road,28.08014,96.52356,,Topple,,43,TABLE_EXTRACTED,,Extracted from table on page 43
NER_01456,GSI,GSI_1456,Arunachal Pradesh,Anjaw,"Hunli-Metengliang-Hayuliang
(HMH) road",28.080151,96.472541,,Slide,,43,TABLE_EXTRACTED,DUP_GROUP_374,Extracted from table on page 43
NER_01457,GSI,GSI_1457,Arunachal Pradesh,Anjaw,Hayuliang-Wallong road,28.08019,96.54483,,Flow,,43,TABLE_EXTRACTED,,Extracted from table on page 43
NER_01458,GSI,GSI_1458,Arunachal Pradesh,Anjaw,"Hunli-Metengliang-Hayuliang
(HMH) road",28.080301,96.472247,,Slide,,43,TABLE_EXTRACTED,DUP_GROUP_374,Extracted from table on page 43
NER_01459,GSI,GSI_1459,Arunachal Pradesh,Anjaw,Tohangam-Hayuliang Road,28.08061,96.51294,,Fall,,43,TABLE_EXTRACTED,,Extracted from table on page 43
NER_01460,GSI,GSI_1460,Arunachal Pradesh,Anjaw,"Hunli-Metengliang-Hayuliang
(HMH) road",28.082576,96.464869,,Slide,,43,TABLE_EXTRACTED,DUP_GROUP_375,Extracted from table on page 43
NER_01461,GSI,GSI_1461,Arunachal Pradesh,Anjaw,"Hunli-Metengliang-Hayuliang
(HMH) road",28.082618,96.465189,,Slide,,43,TABLE_EXTRACTED,DUP_GROUP_375,Extracted from table on page 43
NER_01462,GSI,GSI_1462,Arunachal Pradesh,Anjaw,"Hunli-Metengliang-Hayuliang
(HMH) road",28.083417,96.461433,,Slide,,43,TABLE_EXTRACTED,,Extracted from table on page 43
NER_01463,GSI,GSI_1463,Arunachal Pradesh,Anjaw,"Hunli-Metengliang-Hayuliang
(HMH) road",28.084252,96.459672,,Slide,,43,TABLE_EXTRACTED,,Extracted from table on page 43
NER_01464,GSI,GSI_1464,Arunachal Pradesh,Anjaw,"Hunli-Metengliang-Hayuliang
(HMH) road",28.088159,96.458999,,Slide,,43,TABLE_EXTRACTED,,Extracted from table on page 43
NER_01465,GSI,GSI_1465,Arunachal Pradesh,Anjaw,"Hunli-Metengliang-Hayuliang
(HMH) road",28.089549,96.457818,,Slide,,43,TABLE_EXTRACTED,,Extracted from table on page 43
NER_01466,GSI,GSI_1466,Arunachal Pradesh,Anjaw,"Hunli-Metengliang-Hayuliang
(HMH) road",28.090087,96.454067,,Slide,,43,TABLE_EXTRACTED,,Extracted from table on page 43
NER_01467,GSI,GSI_1467,Arunachal Pradesh,Anjaw,"Hunli-Metengliang-Hayuliang
(HMH) road",28.0907,96.45238,,Slide,,43,TABLE_EXTRACTED,,Extracted from table on page 43
NER_01468,GSI,GSI_1468,Arunachal Pradesh,Anjaw,"Road from Hayuliang to
Hamaliang",28.09311,96.53622,,Slide,,43,TABLE_EXTRACTED,,Extracted from table on page 43
NER_01469,GSI,GSI_1469,Arunachal Pradesh,East Siang,Lenging Village (NH-13),28.093514,95.272526,,Slide,,43,TABLE_EXTRACTED,,Extracted from table on page 43
NER_01470,GSI,GSI_1470,Arunachal Pradesh,East Siang,"NH-13, Rengging Slide",28.094144,95.282568,,Slide,,43,TABLE_EXTRACTED,,Extracted from table on page 43
NER_01471,GSI,GSI_1471,Arunachal Pradesh,Anjaw,"Hunli-Metengliang-Hayuliang
(HMH) road",28.094359,96.453058,,Slide,,43,TABLE_EXTRACTED,,Extracted from table on page 43
NER_01472,GSI,GSI_1472,Arunachal Pradesh,Anjaw,"Hunli-Metengliang-Hayuliang
(HMH) road",28.095602,96.453246,,Slide,,43,TABLE_EXTRACTED,,Extracted from table on page 43
NER_01473,GSI,GSI_1473,Arunachal Pradesh,East Siang,"NH-13, towards Rengging village",28.095632,95.281371,,Slide,,43,TABLE_EXTRACTED,,Extracted from table on page 43
NER_01474,GSI,GSI_1474,Arunachal Pradesh,East Siang,Towards Legging Village (NH-13),28.097043,95.274751,,Slide,,43,TABLE_EXTRACTED,,Extracted from table on page 43
NER_01475,GSI,GSI_1475,Arunachal Pradesh,East Siang,NW of LS-2 (400 m),28.097163,95.270824,,Wedge failure,,43,TABLE_EXTRACTED,,Extracted from table on page 43
NER_01476,GSI,GSI_1476,Arunachal Pradesh,East Siang,"NH-13, Rengging Slide",28.097285,95.28003,,Slide,,43,TABLE_EXTRACTED,,Extracted from table on page 43
NER_01477,GSI,GSI_1477,Arunachal Pradesh,East Siang,LS-4,28.099376,95.27268,,Wedge failure,,43,TABLE_EXTRACTED,,Extracted from table on page 43
NER_01478,GSI,GSI_1478,Arunachal Pradesh,East Siang,NH-13,28.099647,95.28567,,Slide,,43,TABLE_EXTRACTED,DUP_GROUP_376,Extracted from table on page 43
NER_01479,GSI,GSI_1479,Arunachal Pradesh,East Siang,Rengging Landslide,28.099657,95.287831,,Slide,,43,TABLE_EXTRACTED,,Extracted from table on page 43
NER_01480,GSI,GSI_1480,Arunachal Pradesh,East Siang,NH-13,28.099705,95.284891,,Slide,,43,TABLE_EXTRACTED,DUP_GROUP_376,Extracted from table on page 43
NER_01481,GSI,GSI_1481,Arunachal Pradesh,East Siang,"Rengging, NH-13",28.099858,95.282975,,Slide,,43,TABLE_EXTRACTED,,Extracted from table on page 43
NER_01482,GSI,GSI_1482,Arunachal Pradesh,Anjaw,"Hunli-Metengliang-Hayuliang
(HMH) road",28.100244,96.448173,,Slide,,43,TABLE_EXTRACTED,,Extracted from table on page 43
NER_01483,GSI,GSI_1483,Arunachal Pradesh,Anjaw,"Hunli-Metengliang-Hayuliang
(HMH) road",28.100284,96.449538,,Slide,,43,TABLE_EXTRACTED,DUP_GROUP_377,Extracted from table on page 43
NER_01484,GSI,GSI_1484,Arunachal Pradesh,Anjaw,"Hunli-Metengliang-Hayuliang
(HMH) road",28.100914,96.449162,,Slide,,44,TABLE_EXTRACTED,DUP_GROUP_377,Extracted from table on page 44
NER_01485,GSI,GSI_1485,Arunachal Pradesh,East Siang,NH-13,28.101031,95.282364,,Slide,,44,TABLE_EXTRACTED,,Extracted from table on page 44
NER_01486,GSI,GSI_1486,Arunachal Pradesh,East Siang,NH-13,28.101692,95.271861,,Slide,,44,TABLE_EXTRACTED,,Extracted from table on page 44
NER_01487,GSI,GSI_1487,Arunachal Pradesh,Anjaw,"Hunli-Metengliang-Hayuliang
(HMH) road",28.102005,96.448473,,Slide,,44,TABLE_EXTRACTED,,Extracted from table on page 44
NER_01488,GSI,GSI_1488,Arunachal Pradesh,East Siang,"Mebo to Jeru road, NH-513,",28.103902,95.27946,,Slide,,44,TABLE_EXTRACTED,,Extracted from table on page 44
NER_01489,GSI,GSI_1489,Arunachal Pradesh,Anjaw,"Hunli-Metengliang-Hayuliang
(HMH) road",28.105572,96.447685,,Slide,,44,TABLE_EXTRACTED,DUP_GROUP_378,Extracted from table on page 44
NER_01490,GSI,GSI_1490,Arunachal Pradesh,Anjaw,"Hunli-Metengliang-Hayuliang
(HMH) road",28.105952,96.447724,,Slide,,44,TABLE_EXTRACTED,DUP_GROUP_378,Extracted from table on page 44
NER_01491,GSI,GSI_1491,Arunachal Pradesh,Anjaw,"Hunli-Metengliang-Hayuliang
(HMH) road",28.106321,96.447245,,Slide,,44,TABLE_EXTRACTED,DUP_GROUP_379,Extracted from table on page 44
NER_01492,GSI,GSI_1492,Arunachal Pradesh,East Siang,"Towards Takilalung, NH-513",28.106358,95.268592,,Slide,,44,TABLE_EXTRACTED,,Extracted from table on page 44
NER_01493,GSI,GSI_1493,Arunachal Pradesh,Anjaw,HMC road,28.10714,96.54489,,Fall,,44,TABLE_EXTRACTED,,Extracted from table on page 44
NER_01494,GSI,GSI_1494,Arunachal Pradesh,East Siang,"Romdung, NH-52",28.109161,95.269084,,Slide,,44,TABLE_EXTRACTED,,Extracted from table on page 44
NER_01495,GSI,GSI_1495,Arunachal Pradesh,Anjaw,H.M.C. Road,28.11142,96.54528,,Slide,,44,TABLE_EXTRACTED,,Extracted from table on page 44
NER_01496,GSI,GSI_1496,Arunachal Pradesh,East Siang,"Towards Aholi from Mebo, NH-
52",28.113119,95.270938,,Slide,,44,TABLE_EXTRACTED,,Extracted from table on page 44
NER_01497,GSI,GSI_1497,Arunachal Pradesh,East Siang,NH-52,28.113846,95.273389,,Slide,,44,TABLE_EXTRACTED,DUP_GROUP_381,Extracted from table on page 44
NER_01498,GSI,GSI_1498,Arunachal Pradesh,East Siang,NH-52,28.114617,95.273722,,Slide,,44,TABLE_EXTRACTED,DUP_GROUP_381,Extracted from table on page 44
NER_01499,GSI,GSI_1499,Arunachal Pradesh,East Siang,"NH-13, Rengging Slide",28.114742,95.273582,,Slide,,44,TABLE_EXTRACTED,DUP_GROUP_382,Extracted from table on page 44
NER_01500,GSI,GSI_1500,Arunachal Pradesh,Anjaw,H.M.C. Road,28.11594,96.54689,,Slide,,44,TABLE_EXTRACTED,,Extracted from table on page 44
NER_01501,GSI,GSI_1501,Arunachal Pradesh,East Siang,NH-52,28.117222,95.273075,,Slide,,44,TABLE_EXTRACTED,,Extracted from table on page 44
NER_01502,GSI,GSI_1502,Arunachal Pradesh,Anjaw,HMC road,28.11781,96.54906,,Flow,,44,TABLE_EXTRACTED,,Extracted from table on page 44
NER_01503,GSI,GSI_1503,Arunachal Pradesh,East Siang,NH-13,28.131694,95.136186,,slide,,44,TABLE_EXTRACTED,,Extracted from table on page 44
NER_01504,GSI,GSI_1504,Arunachal Pradesh,West Siang,NH-13,28.133611,95.11125,,Slide,,44,TABLE_EXTRACTED,DUP_GROUP_383,Extracted from table on page 44
NER_01505,GSI,GSI_1505,Arunachal Pradesh,Siang,NH-13,28.133611,95.11125,,Slide,,44,TABLE_EXTRACTED,DUP_GROUP_383,Extracted from table on page 44
NER_01506,GSI,GSI_1506,Arunachal Pradesh,West Siang,NH-13,28.133778,94.788,,Slide,,44,TABLE_EXTRACTED,,Extracted from table on page 44
NER_01507,GSI,GSI_1507,Arunachal Pradesh,West Siang,Yomcha-Aalo Road,28.133963,94.611953,,Slide,,44,TABLE_EXTRACTED,,Extracted from table on page 44
NER_01508,GSI,GSI_1508,Arunachal Pradesh,West Siang,Yomcha-Aalo Road,28.134238,94.620133,,Slide,,44,TABLE_EXTRACTED,,Extracted from table on page 44
NER_01509,GSI,GSI_1509,Arunachal Pradesh,East Siang,NH-13,28.135056,95.145444,,slide,,44,TABLE_EXTRACTED,,Extracted from table on page 44
NER_01510,GSI,GSI_1510,Arunachal Pradesh,West Siang,Yomcha-Aalo Road,28.137762,94.62431,,Topple,,44,TABLE_EXTRACTED,,Extracted from table on page 44
NER_01511,GSI,GSI_1511,Arunachal Pradesh,East Siang,NH-52,28.138811,95.254821,,Slide,,44,TABLE_EXTRACTED,,Extracted from table on page 44
NER_01512,GSI,GSI_1512,Arunachal Pradesh,East Siang,NH-52,28.14005,95.266592,,Slide,,44,TABLE_EXTRACTED,,Extracted from table on page 44
NER_01513,GSI,GSI_1513,Arunachal Pradesh,East Siang,NH-52,28.140639,95.292122,,Wedge failure,,44,TABLE_EXTRACTED,,Extracted from table on page 44
NER_01514,GSI,GSI_1514,Arunachal Pradesh,East Siang,NH-52,28.140915,95.266966,,Wedge failure,,44,TABLE_EXTRACTED,,Extracted from table on page 44
NER_01515,GSI,GSI_1515,Arunachal Pradesh,West Siang,NH-13,28.141139,94.786583,,Slide,,44,TABLE_EXTRACTED,,Extracted from table on page 44
NER_01516,GSI,GSI_1516,Arunachal Pradesh,East Siang,N/A,28.14116,95.27472,,"Debris slide
and subsidence",,44,TABLE_EXTRACTED,DUP_GROUP_338,Extracted from table on page 44
NER_01517,GSI,GSI_1517,Arunachal Pradesh,East Siang,"NH-13, Towards Rengging",28.141514,95.289198,,Slide,,44,TABLE_EXTRACTED,,Extracted from table on page 44
NER_01518,GSI,GSI_1518,Arunachal Pradesh,East Siang,"NH-13, Rengging Slide",28.142304,95.288126,,Slide,,44,TABLE_EXTRACTED,DUP_GROUP_384,Extracted from table on page 44
NER_01519,GSI,GSI_1519,Arunachal Pradesh,East Siang,NH-13,28.1425,95.239194,,Slide,,44,TABLE_EXTRACTED,,Extracted from table on page 44
NER_01520,GSI,GSI_1520,Arunachal Pradesh,East Siang,N/A,28.14251,95.27439,,"Debris slide
and subsidence",,45,TABLE_EXTRACTED,DUP_GROUP_339,Extracted from table on page 45
NER_01521,GSI,GSI_1521,Arunachal Pradesh,East Siang,NH-13,28.142551,95.287886,,Slide,,45,TABLE_EXTRACTED,DUP_GROUP_384,Extracted from table on page 45
NER_01522,GSI,GSI_1522,Arunachal Pradesh,East Siang,NH-13,28.143839,95.285971,,Slide,,45,TABLE_EXTRACTED,,Extracted from table on page 45
NER_01523,GSI,GSI_1523,Arunachal Pradesh,East Siang,NH-13,28.145306,95.239167,,Slide,,45,TABLE_EXTRACTED,,Extracted from table on page 45
NER_01524,GSI,GSI_1524,Arunachal Pradesh,Anjaw,HMC road,28.14531,96.54897,,Slide,,45,TABLE_EXTRACTED,,Extracted from table on page 45
NER_01525,GSI,GSI_1525,Arunachal Pradesh,East Siang,NH-13,28.145629,95.275805,,Slide,,45,TABLE_EXTRACTED,,Extracted from table on page 45
NER_01526,GSI,GSI_1526,Arunachal Pradesh,East Siang,NH-13,28.145847,95.273686,,Wedge failure,,45,TABLE_EXTRACTED,,Extracted from table on page 45
NER_01527,GSI,GSI_1527,Arunachal Pradesh,East Siang,NH-13,28.147806,95.224833,,Slide,,45,TABLE_EXTRACTED,,Extracted from table on page 45
NER_01528,GSI,GSI_1528,Arunachal Pradesh,East Siang,NH-13,28.14787,95.279987,,Slide,,45,TABLE_EXTRACTED,,Extracted from table on page 45
NER_01529,GSI,GSI_1529,Arunachal Pradesh,East Siang,"NH-13, Dambuk area",28.148417,95.277964,,Slide,,45,TABLE_EXTRACTED,,Extracted from table on page 45
NER_01530,GSI,GSI_1530,Arunachal Pradesh,East Siang,NH-13 Dambuk,28.149568,95.277177,,Slide,,45,TABLE_EXTRACTED,,Extracted from table on page 45
NER_01531,GSI,GSI_1531,Arunachal Pradesh,East Siang,"NH-13, Dambuk",28.150741,95.275122,,Slide,,45,TABLE_EXTRACTED,,Extracted from table on page 45
NER_01532,GSI,GSI_1532,Arunachal Pradesh,Anjaw,HMC road,28.15292,96.53858,,Slide,,45,TABLE_EXTRACTED,,Extracted from table on page 45
NER_01533,GSI,GSI_1533,Arunachal Pradesh,East Siang,NH-13,28.153028,95.218294,,slide,,45,TABLE_EXTRACTED,,Extracted from table on page 45
NER_01534,GSI,GSI_1534,Arunachal Pradesh,East Siang,NH-13,28.154111,95.181694,,Slide,,45,TABLE_EXTRACTED,,Extracted from table on page 45
NER_01535,GSI,GSI_1535,Arunachal Pradesh,East Siang,NH-13,28.160664,95.446755,,Slide,,45,TABLE_EXTRACTED,DUP_GROUP_385,Extracted from table on page 45
NER_01536,GSI,GSI_1536,Arunachal Pradesh,East Siang,"NH-13, Kapang Valley, near 602
mile stone",28.160853,95.446925,,Slide,,45,TABLE_EXTRACTED,DUP_GROUP_385,Extracted from table on page 45
NER_01537,GSI,GSI_1537,Arunachal Pradesh,Anjaw,H. M. C. Road,28.16206,96.53061,,Topple,,45,TABLE_EXTRACTED,,Extracted from table on page 45
NER_01538,GSI,GSI_1538,Arunachal Pradesh,East Siang,"NH-13, Towards Roing- Dambuk",28.162497,95.441244,,Slide,,45,TABLE_EXTRACTED,,Extracted from table on page 45
NER_01539,GSI,GSI_1539,Arunachal Pradesh,East Siang,NH-13,28.16317,95.450433,,Slide,,45,TABLE_EXTRACTED,,Extracted from table on page 45
NER_01540,GSI,GSI_1540,Arunachal Pradesh,East Siang,"NH-13, Aohali",28.163322,95.459813,,Slide,,45,TABLE_EXTRACTED,,Extracted from table on page 45
NER_01541,GSI,GSI_1541,Arunachal Pradesh,East Siang,NH-13,28.163691,95.458,,Slide,,45,TABLE_EXTRACTED,,Extracted from table on page 45
NER_01542,GSI,GSI_1542,Arunachal Pradesh,West Siang,NH-13,28.16425,94.792417,,Slide,,45,TABLE_EXTRACTED,,Extracted from table on page 45
NER_01543,GSI,GSI_1543,Arunachal Pradesh,East Siang,"NH-13, Mebo- 50km mile stone",28.165684,95.462909,,Slide,,45,TABLE_EXTRACTED,DUP_GROUP_386,Extracted from table on page 45
NER_01544,GSI,GSI_1544,Arunachal Pradesh,East Siang,NH-13,28.165711,95.46208,,Slide,,45,TABLE_EXTRACTED,DUP_GROUP_386,Extracted from table on page 45
NER_01545,GSI,GSI_1545,Arunachal Pradesh,East Siang,NH-13,28.167982,95.431764,,Slide,,45,TABLE_EXTRACTED,,Extracted from table on page 45
NER_01546,GSI,GSI_1546,Arunachal Pradesh,East Siang,"NH-13 (Pasighat-Yingkiong
road)",28.169389,95.235722,,slide,,45,TABLE_EXTRACTED,,Extracted from table on page 45
NER_01547,GSI,GSI_1547,Arunachal Pradesh,Anjaw,HMC road,28.16939,96.52578,,Slide,,45,TABLE_EXTRACTED,,Extracted from table on page 45
NER_01548,GSI,GSI_1548,Arunachal Pradesh,East Siang,NH-513,28.169583,95.223917,,slide,,45,TABLE_EXTRACTED,,Extracted from table on page 45
NER_01549,GSI,GSI_1549,Arunachal Pradesh,East Siang,"NH-13 (Pasighat-Yingkiong
road)",28.169611,95.240639,,slide,,45,TABLE_EXTRACTED,,Extracted from table on page 45
NER_01550,GSI,GSI_1550,Arunachal Pradesh,Lower Dibang Valley,NH-313 (Roing-Anini road),28.171187,95.833166,,Slide,,45,TABLE_EXTRACTED,,Extracted from table on page 45
NER_01551,GSI,GSI_1551,Arunachal Pradesh,Lower Dibang Valley,NH-313 (Roing-Anini road),28.173434,95.836605,,Slide,,45,TABLE_EXTRACTED,,Extracted from table on page 45
NER_01552,GSI,GSI_1552,Arunachal Pradesh,West Siang,NH-13,28.174806,95.025111,,Slide,,45,TABLE_EXTRACTED,DUP_GROUP_387,Extracted from table on page 45
NER_01553,GSI,GSI_1553,Arunachal Pradesh,Siang,NH-13,28.174806,95.025111,,slide,,45,TABLE_EXTRACTED,DUP_GROUP_387,Extracted from table on page 45
NER_01554,GSI,GSI_1554,Arunachal Pradesh,East Siang,"Anini-Etalin road section, NH-
313",28.174973,95.469402,,Slide,,45,TABLE_EXTRACTED,DUP_GROUP_388,Extracted from table on page 45
NER_01555,GSI,GSI_1555,Arunachal Pradesh,East Siang,"Anini-Etalin road section, NH-
313",28.175079,95.469602,,Slide,,45,TABLE_EXTRACTED,DUP_GROUP_388,Extracted from table on page 45
NER_01556,GSI,GSI_1556,Arunachal Pradesh,East Siang,NH-513,28.175556,95.221861,,slide,,45,TABLE_EXTRACTED,,Extracted from table on page 45
NER_01557,GSI,GSI_1557,Arunachal Pradesh,East Siang,"Anini-Etalin road section, NH-
313",28.175659,95.470804,,Slide,,45,TABLE_EXTRACTED,,Extracted from table on page 45
NER_01558,GSI,GSI_1558,Arunachal Pradesh,Upper Siang,N/A,28.178861,95.228056,,Slide,,46,TABLE_EXTRACTED,,Extracted from table on page 46
NER_01559,GSI,GSI_1559,Arunachal Pradesh,East Siang,Anini-Etalin road section,28.179262,95.477068,,Slide,,46,TABLE_EXTRACTED,,Extracted from table on page 46
NER_01560,GSI,GSI_1560,Arunachal Pradesh,Upper Siang,NH-513,28.181139,95.225944,,slide,,46,TABLE_EXTRACTED,,Extracted from table on page 46
NER_01561,GSI,GSI_1561,Arunachal Pradesh,East Siang,NH-13,28.181365,95.470102,,Wedge failure,,46,TABLE_EXTRACTED,DUP_GROUP_389,Extracted from table on page 46
NER_01562,GSI,GSI_1562,Arunachal Pradesh,East Siang,"NH-13, near bridge",28.181834,95.469828,,Slide,,46,TABLE_EXTRACTED,DUP_GROUP_389,Extracted from table on page 46
NER_01563,GSI,GSI_1563,Arunachal Pradesh,Anjaw,HMC road,28.18439,96.53453,,Slide,,46,TABLE_EXTRACTED,,Extracted from table on page 46
NER_01564,GSI,GSI_1564,Arunachal Pradesh,Anjaw,H. M. C. Road,28.18525,96.53256,,Slide,,46,TABLE_EXTRACTED,,Extracted from table on page 46
NER_01565,GSI,GSI_1565,Arunachal Pradesh,East Siang,NH-13,28.186582,95.471126,,Wedge failure,,46,TABLE_EXTRACTED,,Extracted from table on page 46
NER_01566,GSI,GSI_1566,Arunachal Pradesh,Upper Siang,"NH-13 (Pasighat-Yingkiong
road)",28.1915,95.225917,,Slide,,46,TABLE_EXTRACTED,,Extracted from table on page 46
NER_01567,GSI,GSI_1567,Arunachal Pradesh,West Siang,Aalo-Kaying Highway,28.192217,94.713927,,Slide,,46,TABLE_EXTRACTED,,Extracted from table on page 46
NER_01568,GSI,GSI_1568,Arunachal Pradesh,Siang,NH-13,28.192444,94.984917,,Slide,,46,TABLE_EXTRACTED,,Extracted from table on page 46
NER_01569,GSI,GSI_1569,Arunachal Pradesh,Lower Dibang Valley,NH-313 (Roing-Anini road),28.192581,95.804085,,slide,,46,TABLE_EXTRACTED,,Extracted from table on page 46
NER_01570,GSI,GSI_1570,Arunachal Pradesh,Lower Dibang Valley,NH-313 (Roing-Anini road),28.193864,95.805469,,Slide,,46,TABLE_EXTRACTED,,Extracted from table on page 46
NER_01571,GSI,GSI_1571,Arunachal Pradesh,Upper Siang,NH-513,28.1945,95.227917,,Slide,,46,TABLE_EXTRACTED,,Extracted from table on page 46
NER_01572,GSI,GSI_1572,Arunachal Pradesh,Lower Dibang Valley,NH-313 (Roing-Anini road),28.194651,95.807085,,Slide,,46,TABLE_EXTRACTED,DUP_GROUP_390,Extracted from table on page 46
NER_01573,GSI,GSI_1573,Arunachal Pradesh,Anjaw,HMC road,28.19597,96.53733,,Slide,,46,TABLE_EXTRACTED,,Extracted from table on page 46
NER_01574,GSI,GSI_1574,Arunachal Pradesh,Lower Dibang Valley,NH-313 (Roing-Anini road),28.198018,95.810448,,Slide,,46,TABLE_EXTRACTED,,Extracted from table on page 46
NER_01575,GSI,GSI_1575,Arunachal Pradesh,Upper Siang,NH-513,28.199389,95.230278,,Slide,,46,TABLE_EXTRACTED,,Extracted from table on page 46
NER_01576,GSI,GSI_1576,Arunachal Pradesh,Lower Dibang Valley,NH-313 (Roing-Anini road),28.199873,95.811883,,Slide,,46,TABLE_EXTRACTED,DUP_GROUP_391,Extracted from table on page 46
NER_01577,GSI,GSI_1577,Arunachal Pradesh,Lower Dibang Valley,NH-313 (Roing-Anini road),28.201838,95.812004,,Slide,,46,TABLE_EXTRACTED,,Extracted from table on page 46
NER_01578,GSI,GSI_1578,Arunachal Pradesh,West Siang,NH-13,28.202667,94.828417,,Slide,,46,TABLE_EXTRACTED,,Extracted from table on page 46
NER_01579,GSI,GSI_1579,Arunachal Pradesh,Lower Dibang Valley,NH-313 (Roing-Anini road),28.202844,95.811201,,Slide,,46,TABLE_EXTRACTED,,Extracted from table on page 46
NER_01580,GSI,GSI_1580,Arunachal Pradesh,Lower Dibang Valley,NH-313 (Roing-Anini road),28.205003,95.813193,,Slide,,46,TABLE_EXTRACTED,,Extracted from table on page 46
NER_01581,GSI,GSI_1581,Arunachal Pradesh,Lower Dibang Valley,NH-313 (Roing-Anini road),28.20737,95.81005,,Slide,,46,TABLE_EXTRACTED,DUP_GROUP_392,Extracted from table on page 46
NER_01582,GSI,GSI_1582,Arunachal Pradesh,Lower Dibang Valley,NH-313 (Roing-Anini road),28.207699,95.809197,,Fall,,46,TABLE_EXTRACTED,DUP_GROUP_392,Extracted from table on page 46
NER_01583,GSI,GSI_1583,Arunachal Pradesh,Lower Dibang Valley,NH-313 (Roing-Anini road),28.207796,95.807742,,Slide,,46,TABLE_EXTRACTED,,Extracted from table on page 46
NER_01584,GSI,GSI_1584,Arunachal Pradesh,West Siang,NH-13,28.208389,94.830667,,Slide,,46,TABLE_EXTRACTED,,Extracted from table on page 46
NER_01585,GSI,GSI_1585,Arunachal Pradesh,Anjaw,H. M. C. Road,28.20867,96.53222,,Slide,,46,TABLE_EXTRACTED,,Extracted from table on page 46
NER_01586,GSI,GSI_1586,Arunachal Pradesh,Lower Dibang Valley,"Newly connstruct15ing Roing-
Hunli/ Anini road NH-313",28.209018,95.80348,,Slide,,46,TABLE_EXTRACTED,,Extracted from table on page 46
NER_01587,GSI,GSI_1587,Arunachal Pradesh,Lower Dibang Valley,NH-313 (Roing-Anini road),28.209062,95.806755,,Slide,,46,TABLE_EXTRACTED,,Extracted from table on page 46
NER_01588,GSI,GSI_1588,Arunachal Pradesh,Lower Dibang Valley,"Newly connstructing Roing-
Hunli/ Anini road NH-313",28.212211,95.801273,,Slide,,46,TABLE_EXTRACTED,,Extracted from table on page 46
NER_01589,GSI,GSI_1589,Arunachal Pradesh,Lower Dibang Valley,"Newly connstructing Roing-
Hunli/ Anini road NH-313",28.212275,95.802589,,Slide,,46,TABLE_EXTRACTED,DUP_GROUP_393,Extracted from table on page 46
NER_01590,GSI,GSI_1590,Arunachal Pradesh,Lower Dibang Valley,NH-313 (Roing-Anini road),28.21267,95.803194,,Slide,,46,TABLE_EXTRACTED,DUP_GROUP_393,Extracted from table on page 46
NER_01591,GSI,GSI_1591,Arunachal Pradesh,Upper Siang,NH-513,28.213028,95.232528,,Slide,,47,TABLE_EXTRACTED,,Extracted from table on page 47
NER_01592,GSI,GSI_1592,Arunachal Pradesh,Anjaw,HMC road,28.21483,96.53911,,Slide,,47,TABLE_EXTRACTED,,Extracted from table on page 47
NER_01593,GSI,GSI_1593,Arunachal Pradesh,Lower Dibang Valley,"Newly connstructing Roing-
Hunli/ Anini road NH-313",28.215014,95.799764,,Slide,,47,TABLE_EXTRACTED,,Extracted from table on page 47
NER_01594,GSI,GSI_1594,Arunachal Pradesh,Lower Dibang Valley,"Newly connstructing Roing-
Hunli/ Anini road NH-313",28.215206,95.793704,,Slide,,47,TABLE_EXTRACTED,,Extracted from table on page 47
NER_01595,GSI,GSI_1595,Arunachal Pradesh,Lower Dibang Valley,NH-313 (Roing-Anini road),28.215862,95.795227,,Slide,,47,TABLE_EXTRACTED,,Extracted from table on page 47
NER_01596,GSI,GSI_1596,Arunachal Pradesh,Lower Dibang Valley,NH-313 (Roing-Anini road),28.215926,95.799557,,Slide,,47,TABLE_EXTRACTED,,Extracted from table on page 47
NER_01597,GSI,GSI_1597,Arunachal Pradesh,Lower Dibang Valley,NH-313 (Roing-Anini road),28.216253,95.796393,,Slide,,47,TABLE_EXTRACTED,,Extracted from table on page 47
NER_01598,GSI,GSI_1598,Arunachal Pradesh,Lower Dibang Valley,"Newly connstructing Roing-
Hunli/ Anini road NH-313",28.216997,95.790585,,Slide,,47,TABLE_EXTRACTED,DUP_GROUP_394,Extracted from table on page 47
NER_01599,GSI,GSI_1599,Arunachal Pradesh,Lower Dibang Valley,"Newly connstructing Roing-
Hunli/ Anini road NH-313",28.217204,95.789599,,Slide,,47,TABLE_EXTRACTED,DUP_GROUP_394,Extracted from table on page 47
NER_01600,GSI,GSI_1600,Arunachal Pradesh,Lower Dibang Valley,"Newly connstructing Roing-
Hunli/ Anini road NH-313",28.217543,95.792489,,Slide,,47,TABLE_EXTRACTED,DUP_GROUP_395,Extracted from table on page 47
NER_01601,GSI,GSI_1601,Arunachal Pradesh,Lower Dibang Valley,"Newly connstructing Roing-
Hunli/ Anini road NH-313",28.217595,95.793032,,Slide,,47,TABLE_EXTRACTED,DUP_GROUP_395,Extracted from table on page 47
NER_01602,GSI,GSI_1602,Arunachal Pradesh,Lower Dibang Valley,NH-313 (Roing-Anini road),28.218539,95.794022,,Slide,,47,TABLE_EXTRACTED,,Extracted from table on page 47
NER_01603,GSI,GSI_1603,Arunachal Pradesh,Lower Dibang Valley,"Newly connstructing Roing-
Hunli/ Anini road NH-313",28.21909,95.791084,,Slide,,47,TABLE_EXTRACTED,,Extracted from table on page 47
NER_01604,GSI,GSI_1604,Arunachal Pradesh,Lower Dibang Valley,NH-313 (Roing-Anini road),28.219976,95.799065,,Slide,,47,TABLE_EXTRACTED,,Extracted from table on page 47
NER_01605,GSI,GSI_1605,Arunachal Pradesh,Anjaw,HMC road,28.22328,96.55303,,Slide,,47,TABLE_EXTRACTED,,Extracted from table on page 47
NER_01606,GSI,GSI_1606,Arunachal Pradesh,Anjaw,HMC road,28.22381,96.53644,,Slide,,47,TABLE_EXTRACTED,,Extracted from table on page 47
NER_01607,GSI,GSI_1607,Arunachal Pradesh,Lower Dibang Valley,NH-313 (Roing-Anini road),28.223825,95.829105,,Slide,,47,TABLE_EXTRACTED,,Extracted from table on page 47
NER_01608,GSI,GSI_1608,Arunachal Pradesh,Anjaw,HMC road,28.22408,96.55872,,Slide,,47,TABLE_EXTRACTED,,Extracted from table on page 47
NER_01609,GSI,GSI_1609,Arunachal Pradesh,West Siang,NH-13,28.225583,94.889167,,Slide,,47,TABLE_EXTRACTED,,Extracted from table on page 47
NER_01610,GSI,GSI_1610,Arunachal Pradesh,West Siang,NH-13,28.226722,94.895611,,Slide,,47,TABLE_EXTRACTED,,Extracted from table on page 47
NER_01611,GSI,GSI_1611,Arunachal Pradesh,Siang,NH-13,28.22675,94.225111,,slide,,47,TABLE_EXTRACTED,,Extracted from table on page 47
NER_01612,GSI,GSI_1612,Arunachal Pradesh,Lower Dibang Valley,"Newly connstructing Roing-
Hunli/ Anini road NH-313",28.227703,95.781369,,Slide,,47,TABLE_EXTRACTED,,Extracted from table on page 47
NER_01613,GSI,GSI_1613,Arunachal Pradesh,East Siang,NH-313 (Roing-Pasighat road),28.227891,95.541082,,Slide,,47,TABLE_EXTRACTED,,Extracted from table on page 47
NER_01614,GSI,GSI_1614,Arunachal Pradesh,Anjaw,H. M. C. Road,28.22797,96.54606,,Slide,,47,TABLE_EXTRACTED,,Extracted from table on page 47
NER_01615,GSI,GSI_1615,Arunachal Pradesh,West Siang,NH-13,28.228528,94.904278,,Slide,,47,TABLE_EXTRACTED,,Extracted from table on page 47
NER_01616,GSI,GSI_1616,Arunachal Pradesh,Lower Dibang Valley,"Newly connstructing Roing-
Hunli/ Anini road NH-313",28.229114,95.780019,,Slide,,47,TABLE_EXTRACTED,DUP_GROUP_396,Extracted from table on page 47
NER_01617,GSI,GSI_1617,Arunachal Pradesh,Lower Dibang Valley,"Newly connstructing Roing-
Hunli/ Anini road NH-313",28.229809,95.779855,,Slide,,47,TABLE_EXTRACTED,DUP_GROUP_396,Extracted from table on page 47
NER_01618,GSI,GSI_1618,Arunachal Pradesh,Anjaw,H. M. C. Road,28.23153,96.54272,,Slide,,47,TABLE_EXTRACTED,,Extracted from table on page 47
NER_01619,GSI,GSI_1619,Arunachal Pradesh,West Siang,NH-13,28.232472,94.914889,,Slide,,47,TABLE_EXTRACTED,,Extracted from table on page 47
NER_01620,GSI,GSI_1620,Arunachal Pradesh,Lower Dibang Valley,"Newly connstructing Roing-
Hunli/ Anini road NH-313",28.234199,95.777037,,Slide,,47,TABLE_EXTRACTED,,Extracted from table on page 47
NER_01621,GSI,GSI_1621,Arunachal Pradesh,West Siang,NH-13,28.234833,94.972278,,Slide,,47,TABLE_EXTRACTED,,Extracted from table on page 47
NER_01622,GSI,GSI_1622,Arunachal Pradesh,West Siang,NH-13,28.235361,94.933333,,Slide,,47,TABLE_EXTRACTED,,Extracted from table on page 47
NER_01623,GSI,GSI_1623,Arunachal Pradesh,Lower Dibang Valley,"Newly connstructing Roing-
Hunli/ Anini road NH-313",28.237008,95.776204,,Slide,,47,TABLE_EXTRACTED,,Extracted from table on page 47
NER_01624,GSI,GSI_1624,Arunachal Pradesh,West Siang,NH-13,28.237361,94.954808,,Slide,,47,TABLE_EXTRACTED,,Extracted from table on page 47
NER_01625,GSI,GSI_1625,Arunachal Pradesh,Lower Dibang Valley,NH-313 (Roing-Anini road),28.237425,95.897823,,Slide,,48,TABLE_EXTRACTED,,Extracted from table on page 48
NER_01626,GSI,GSI_1626,Arunachal Pradesh,East Siang,NH-313 (Roing-Pasighat road),28.237716,95.535611,,Slide,,48,TABLE_EXTRACTED,,Extracted from table on page 48
NER_01627,GSI,GSI_1627,Arunachal Pradesh,Lower Dibang Valley,"Newly connstructing Roing-
Hunli/ Anini road NH-313",28.238144,95.774758,,Slide,,48,TABLE_EXTRACTED,,Extracted from table on page 48
NER_01628,GSI,GSI_1628,Arunachal Pradesh,Lower Dibang Valley,NH-313 (Roing-Anini road),28.238615,95.893348,,Slide,,48,TABLE_EXTRACTED,DUP_GROUP_397,Extracted from table on page 48
NER_01629,GSI,GSI_1629,Arunachal Pradesh,Lower Dibang Valley,NH-313 (Roing-Anini road),28.238692,95.892681,,Slide,,48,TABLE_EXTRACTED,DUP_GROUP_397,Extracted from table on page 48
NER_01630,GSI,GSI_1630,Arunachal Pradesh,Lower Dibang Valley,"Newly connstructing Roing-
Hunli/ Anini road NH-313",28.239482,95.774559,,Slide,,48,TABLE_EXTRACTED,,Extracted from table on page 48
NER_01631,GSI,GSI_1631,Arunachal Pradesh,Anjaw,H. M. C. Road,28.23969,96.52778,,Topple,,48,TABLE_EXTRACTED,,Extracted from table on page 48
NER_01632,GSI,GSI_1632,Arunachal Pradesh,Lower Dibang Valley,"Newly connstructing Roing-
Hunli/ Anini road NH-313",28.240442,95.774201,,Slide,,48,TABLE_EXTRACTED,,Extracted from table on page 48
NER_01633,GSI,GSI_1633,Arunachal Pradesh,Lower Dibang Valley,NH-313 (Roing-Anini road),28.240521,95.866592,,Slide,,48,TABLE_EXTRACTED,DUP_GROUP_398,Extracted from table on page 48
NER_01634,GSI,GSI_1634,Arunachal Pradesh,Lower Dibang Valley,NH-313 (Roing-Anini road),28.241041,95.866387,,Slide,,48,TABLE_EXTRACTED,DUP_GROUP_398,Extracted from table on page 48
NER_01635,GSI,GSI_1635,Arunachal Pradesh,Lower Dibang Valley,NH-313 (Roing-Anini road),28.24175,95.925012,,Slide,,48,TABLE_EXTRACTED,,Extracted from table on page 48
NER_01636,GSI,GSI_1636,Arunachal Pradesh,Lower Dibang Valley,NH-313 (Roing-Anini road),28.242214,95.923556,,Slide,,48,TABLE_EXTRACTED,,Extracted from table on page 48
NER_01637,GSI,GSI_1637,Arunachal Pradesh,Upper Siang,NH-513,28.242389,94.220861,,Slide,,48,TABLE_EXTRACTED,,Extracted from table on page 48
NER_01638,GSI,GSI_1638,Arunachal Pradesh,East Siang,NH-313 (Roing-Pasighat road),28.242444,95.536828,,Fall,,48,TABLE_EXTRACTED,DUP_GROUP_399,Extracted from table on page 48
NER_01639,GSI,GSI_1639,Arunachal Pradesh,Lower Dibang Valley,NH-313 (Roing-Anini road),28.242782,95.922731,,Slide,,48,TABLE_EXTRACTED,,Extracted from table on page 48
NER_01640,GSI,GSI_1640,Arunachal Pradesh,East Siang,NH-313 (Roing-Pasighat road),28.242969,95.537549,,Slide,,48,TABLE_EXTRACTED,DUP_GROUP_399,Extracted from table on page 48
NER_01641,GSI,GSI_1641,Arunachal Pradesh,Lower Dibang Valley,"Newly connstructing Roing-
Hunli/ Anini road NH-313",28.242997,95.772144,,Slide,,48,TABLE_EXTRACTED,,Extracted from table on page 48
NER_01642,GSI,GSI_1642,Arunachal Pradesh,Lower Dibang Valley,NH-313 (Roing-Anini road),28.243182,95.921338,,Slide,,48,TABLE_EXTRACTED,DUP_GROUP_401,Extracted from table on page 48
NER_01643,GSI,GSI_1643,Arunachal Pradesh,Lower Dibang Valley,NH-313 (Roing-Anini road),28.243322,95.921911,,Slide,,48,TABLE_EXTRACTED,DUP_GROUP_401,Extracted from table on page 48
NER_01644,GSI,GSI_1644,Arunachal Pradesh,East Siang,NH-313 (Roing-Pasighat road),28.243417,95.538216,,Slide,,48,TABLE_EXTRACTED,DUP_GROUP_400,Extracted from table on page 48
NER_01645,GSI,GSI_1645,Arunachal Pradesh,Lower Dibang Valley,NH-313 (Roing-Anini road),28.243461,95.894049,,Slide,,48,TABLE_EXTRACTED,,Extracted from table on page 48
NER_01646,GSI,GSI_1646,Arunachal Pradesh,Lower Dibang Valley,"Newly connstructing Roing-
Hunli/ Anini road NH-313",28.244851,95.773499,,Slide,,48,TABLE_EXTRACTED,DUP_GROUP_402,Extracted from table on page 48
NER_01647,GSI,GSI_1647,Arunachal Pradesh,Lower Dibang Valley,NH-313 (Roing-Anini road),28.244966,95.914872,,Slide,,48,TABLE_EXTRACTED,DUP_GROUP_404,Extracted from table on page 48
NER_01648,GSI,GSI_1648,Arunachal Pradesh,Lower Dibang Valley,NH-313 (Roing-Anini road),28.244975,95.914094,,Slide,,48,TABLE_EXTRACTED,DUP_GROUP_404,Extracted from table on page 48
NER_01649,GSI,GSI_1649,Arunachal Pradesh,Lower Dibang Valley,"Newly connstructing Roing-
Hunli/ Anini road NH-313",28.245016,95.77363,,Slide,,48,TABLE_EXTRACTED,DUP_GROUP_402,Extracted from table on page 48
NER_01650,GSI,GSI_1650,Arunachal Pradesh,Lower Dibang Valley,"Newly connstructing Roing-
Hunli/ Anini road NH-313",28.245371,95.774057,,Slide,,49,TABLE_EXTRACTED,DUP_GROUP_403,Extracted from table on page 49
NER_01651,GSI,GSI_1651,Arunachal Pradesh,Lower Dibang Valley,NH-313 (Roing-Anini road),28.246304,95.889037,,Slide,,49,TABLE_EXTRACTED,,Extracted from table on page 49
NER_01652,GSI,GSI_1652,Arunachal Pradesh,Lower Dibang Valley,NH-313 (Roing-Pasighat road),28.246512,95.541646,,Slide,,49,TABLE_EXTRACTED,,Extracted from table on page 49
NER_01653,GSI,GSI_1653,Arunachal Pradesh,Lower Dibang Valley,NH-313 (Roing-Pasighat road),28.249718,95.546273,,Slide,,49,TABLE_EXTRACTED,,Extracted from table on page 49
NER_01654,GSI,GSI_1654,Arunachal Pradesh,Lower Dibang Valley,"NH-13, towards sisseri bridge",28.251139,95.55011,,Slide,,49,TABLE_EXTRACTED,,Extracted from table on page 49
NER_01655,GSI,GSI_1655,Arunachal Pradesh,Anjaw,H. M. C. Road,28.25203,96.54264,,Slide,,49,TABLE_EXTRACTED,,Extracted from table on page 49
NER_01656,GSI,GSI_1656,Arunachal Pradesh,Lower Dibang Valley,"Newly connstructing Roing-
Hunli/ Anini road NH-313",28.252176,95.775797,,Slide,,49,TABLE_EXTRACTED,,Extracted from table on page 49
NER_01657,GSI,GSI_1657,Arunachal Pradesh,Lower Dibang Valley,"Newly connstructing Roing-
Hunli/ Anini road NH-313",28.252507,95.781741,,Slide,,49,TABLE_EXTRACTED,,Extracted from table on page 49
NER_01658,GSI,GSI_1658,Arunachal Pradesh,Lower Dibang Valley,NH-313 (Roing-Anini road),28.253453,95.908055,,Slide,,49,TABLE_EXTRACTED,,Extracted from table on page 49
NER_01659,GSI,GSI_1659,Arunachal Pradesh,Lower Dibang Valley,"NH-13, towards Sesseri bridge",28.253915,95.578439,,Slide,,49,TABLE_EXTRACTED,,Extracted from table on page 49
NER_01660,GSI,GSI_1660,Arunachal Pradesh,Lower Dibang Valley,"NH-13, near Sesseri bridge",28.254509,95.581558,,Slide,,49,TABLE_EXTRACTED,,Extracted from table on page 49
NER_01661,GSI,GSI_1661,Arunachal Pradesh,Lower Dibang Valley,"NH-13, Sesseri Bridge",28.255059,95.576996,,Slide,,49,TABLE_EXTRACTED,,Extracted from table on page 49
NER_01662,GSI,GSI_1662,Arunachal Pradesh,Lower Dibang Valley,NH-13,28.255261,95.582613,,Wedge failure,,49,TABLE_EXTRACTED,,Extracted from table on page 49
NER_01663,GSI,GSI_1663,Arunachal Pradesh,Lower Dibang Valley,NH-13,28.255355,95.551658,,Slide,,49,TABLE_EXTRACTED,,Extracted from table on page 49
NER_01664,GSI,GSI_1664,Arunachal Pradesh,Lower Dibang Valley,"NH-13, towards Rengging",28.255703,95.55061,,Wedge failure,,49,TABLE_EXTRACTED,DUP_GROUP_406,Extracted from table on page 49
NER_01665,GSI,GSI_1665,Arunachal Pradesh,Lower Dibang Valley,NH-313 (Roing-Anini road),28.255967,95.907144,,Slide,,49,TABLE_EXTRACTED,,Extracted from table on page 49
NER_01666,GSI,GSI_1666,Arunachal Pradesh,Lower Dibang Valley,NH-13,28.256126,95.576152,,Slide,,49,TABLE_EXTRACTED,,Extracted from table on page 49
NER_01667,GSI,GSI_1667,Arunachal Pradesh,Lower Dibang Valley,NH-13,28.256397,95.550978,,Slide,,49,TABLE_EXTRACTED,DUP_GROUP_406,Extracted from table on page 49
NER_01668,GSI,GSI_1668,Arunachal Pradesh,Lower Dibang Valley,"NH-13, towards Sesseri bridge",28.256434,95.57515,,Slide,,49,TABLE_EXTRACTED,,Extracted from table on page 49
NER_01669,GSI,GSI_1669,Arunachal Pradesh,Lower Dibang Valley,"NH-13, Sesseri Bridge",28.25701,95.551656,,Slide,,49,TABLE_EXTRACTED,DUP_GROUP_407,Extracted from table on page 49
NER_01670,GSI,GSI_1670,Arunachal Pradesh,Lower Dibang Valley,"Newly connstructing Roing-
Hunli/ Anini road NH-313",28.257258,95.777764,,Slide,,49,TABLE_EXTRACTED,,Extracted from table on page 49
NER_01671,GSI,GSI_1671,Arunachal Pradesh,Lower Dibang Valley,"NH-513, towards Bodak village",28.25736,95.55087,,Slide,,49,TABLE_EXTRACTED,DUP_GROUP_408,Extracted from table on page 49
NER_01672,GSI,GSI_1672,Arunachal Pradesh,Lower Dibang Valley,"Newly connstructing Roing-
Hunli/ Anini road NH-313",28.257991,95.781619,,Slide,,49,TABLE_EXTRACTED,,Extracted from table on page 49
NER_01673,GSI,GSI_1673,Arunachal Pradesh,Lower Dibang Valley,Sisseri Bridge.,28.258122,95.55209,,Slide,,49,TABLE_EXTRACTED,DUP_GROUP_410,Extracted from table on page 49
NER_01674,GSI,GSI_1674,Arunachal Pradesh,Lower Dibang Valley,Sisseri bridge,28.258144,95.551252,,Slide,,49,TABLE_EXTRACTED,DUP_GROUP_409,Extracted from table on page 49
NER_01675,GSI,GSI_1675,Arunachal Pradesh,Anjaw,H.M.C. Road,28.25897,96.54433,,Topple,,49,TABLE_EXTRACTED,,Extracted from table on page 49
NER_01676,GSI,GSI_1676,Arunachal Pradesh,Lower Dibang Valley,"Newly connstructing Roing-
Hunli/ Anini road NH-313",28.259524,95.780336,,Slide,,49,TABLE_EXTRACTED,,Extracted from table on page 49
NER_01677,GSI,GSI_1677,Arunachal Pradesh,Lower Dibang Valley,Sisseri bridge.,28.259561,95.568965,,Slide,,49,TABLE_EXTRACTED,,Extracted from table on page 49
NER_01678,GSI,GSI_1678,Arunachal Pradesh,East Siang,Sangram Bridge-Boleng Road,28.260051,94.984752,,Slide,,49,TABLE_EXTRACTED,,Extracted from table on page 49
NER_01679,GSI,GSI_1679,Arunachal Pradesh,Lower Dibang Valley,NH-313 (Roing-Anini road),28.26053,95.904556,,Slide,,49,TABLE_EXTRACTED,,Extracted from table on page 49
NER_01680,GSI,GSI_1680,Arunachal Pradesh,Lower Dibang Valley,Sisseri bridge,28.261147,95.567331,,Slide,,49,TABLE_EXTRACTED,DUP_GROUP_411,Extracted from table on page 49
NER_01681,GSI,GSI_1681,Arunachal Pradesh,Lower Dibang Valley,Sisseri bridge,28.261379,95.566909,,Wedge failure,,49,TABLE_EXTRACTED,DUP_GROUP_411,Extracted from table on page 49
NER_01682,GSI,GSI_1682,Arunachal Pradesh,Lower Dibang Valley,Near Sisseri bridge,28.261999,95.56626,,Slide,,49,TABLE_EXTRACTED,DUP_GROUP_412,Extracted from table on page 49
NER_01683,GSI,GSI_1683,Arunachal Pradesh,Lower Dibang Valley,West ofSisseri bridge slide.,28.262338,95.565698,,Slide,,50,TABLE_EXTRACTED,DUP_GROUP_413,Extracted from table on page 50
NER_01684,GSI,GSI_1684,Arunachal Pradesh,Anjaw,H. M. C. Road,28.2625,96.5465,,Slide,,50,TABLE_EXTRACTED,,Extracted from table on page 50
NER_01685,GSI,GSI_1685,Arunachal Pradesh,Lower Dibang Valley,NH-13.,28.262806,95.565421,,Slide,,50,TABLE_EXTRACTED,DUP_GROUP_414,Extracted from table on page 50
NER_01686,GSI,GSI_1686,Arunachal Pradesh,Lower Dibang Valley,NH-13,28.262879,95.551911,,Slide,,50,TABLE_EXTRACTED,,Extracted from table on page 50
NER_01687,GSI,GSI_1687,Arunachal Pradesh,Lower Dibang Valley,Western bank of Sisseri river,28.262989,95.59932,,Slide,,50,TABLE_EXTRACTED,,Extracted from table on page 50
NER_01688,GSI,GSI_1688,Arunachal Pradesh,Lower Dibang Valley,NH-513,28.263228,95.570962,,Slide,,50,TABLE_EXTRACTED,DUP_GROUP_415,Extracted from table on page 50
NER_01689,GSI,GSI_1689,Arunachal Pradesh,Lower Dibang Valley,NH-13,28.263468,95.570661,,Wedge failure,,50,TABLE_EXTRACTED,DUP_GROUP_415,Extracted from table on page 50
NER_01690,GSI,GSI_1690,Arunachal Pradesh,Lower Dibang Valley,NH-13,28.263731,95.551326,,Slide,,50,TABLE_EXTRACTED,,Extracted from table on page 50
NER_01691,GSI,GSI_1691,Arunachal Pradesh,Lower Dibang Valley,NH-313,28.264331,95.565798,,Slide,,50,TABLE_EXTRACTED,,Extracted from table on page 50
NER_01692,GSI,GSI_1692,Arunachal Pradesh,Lower Dibang Valley,"NH-13, NE of Mebo village",28.2646,95.571519,,Slide,,50,TABLE_EXTRACTED,,Extracted from table on page 50
NER_01693,GSI,GSI_1693,Arunachal Pradesh,Lower Dibang Valley,NH-513,28.264888,95.550575,,Wedge failure,,50,TABLE_EXTRACTED,,Extracted from table on page 50
NER_01694,GSI,GSI_1694,Arunachal Pradesh,Anjaw,H. M. C. Road,28.26522,96.57889,,Flow,,50,TABLE_EXTRACTED,,Extracted from table on page 50
NER_01695,GSI,GSI_1695,Arunachal Pradesh,Lower Dibang Valley,"NH-13, NE of Mebo village",28.265266,95.56964,,Slide,,50,TABLE_EXTRACTED,,Extracted from table on page 50
NER_01696,GSI,GSI_1696,Arunachal Pradesh,Lower Dibang Valley,"NH-13, NE of Mebo village",28.265532,95.549321,,Slide,,50,TABLE_EXTRACTED,,Extracted from table on page 50
NER_01697,GSI,GSI_1697,Arunachal Pradesh,Lower Dibang Valley,NH-313,28.265561,95.562854,,Slide,,50,TABLE_EXTRACTED,DUP_GROUP_416,Extracted from table on page 50
NER_01698,GSI,GSI_1698,Arunachal Pradesh,Lower Dibang Valley,NH-313,28.265563,95.563438,,Slide,,50,TABLE_EXTRACTED,DUP_GROUP_416,Extracted from table on page 50
NER_01699,GSI,GSI_1699,Arunachal Pradesh,Lower Dibang Valley,Anini-Etalin road section,28.265803,95.570892,,Slide,,50,TABLE_EXTRACTED,,Extracted from table on page 50
NER_01700,GSI,GSI_1700,Arunachal Pradesh,Lower Dibang Valley,"NH-13, NE of Mebo village",28.265836,95.563875,,Slide,,50,TABLE_EXTRACTED,DUP_GROUP_417,Extracted from table on page 50
NER_01701,GSI,GSI_1701,Arunachal Pradesh,East Siang,Sangram Bridge-Boleng Road,28.265963,94.983464,,Slide,,50,TABLE_EXTRACTED,,Extracted from table on page 50
NER_01702,GSI,GSI_1702,Arunachal Pradesh,Lower Dibang Valley,NH-313,28.265965,95.560934,,Slide,,50,TABLE_EXTRACTED,,Extracted from table on page 50
NER_01703,GSI,GSI_1703,Arunachal Pradesh,Lower Dibang Valley,NH-313,28.266271,95.609385,,Slide,,50,TABLE_EXTRACTED,,Extracted from table on page 50
NER_01704,GSI,GSI_1704,Arunachal Pradesh,Lower Dibang Valley,NH-313,28.266795,95.607261,,Slide,,50,TABLE_EXTRACTED,,Extracted from table on page 50
NER_01705,GSI,GSI_1705,Arunachal Pradesh,Lower Dibang Valley,"Newly connstructing Roing-
Hunli/ Anini road NH-313",28.266807,95.789109,,Slide,,50,TABLE_EXTRACTED,,Extracted from table on page 50
NER_01706,GSI,GSI_1706,Arunachal Pradesh,Upper Siang,NH-513,28.266889,95.21425,,Slide,,50,TABLE_EXTRACTED,,Extracted from table on page 50
NER_01707,GSI,GSI_1707,Arunachal Pradesh,Lower Dibang Valley,"NH-13, Etalin to Anini",28.267216,95.559542,,Slide,,50,TABLE_EXTRACTED,,Extracted from table on page 50
NER_01708,GSI,GSI_1708,Arunachal Pradesh,Lower Dibang Valley,"NH-13, nE of Mebo village",28.267526,95.561048,,Slide,,50,TABLE_EXTRACTED,,Extracted from table on page 50
NER_01709,GSI,GSI_1709,Arunachal Pradesh,Lower Dibang Valley,"NH-13, Etalin to Anini",28.267726,95.551477,,Slide,,50,TABLE_EXTRACTED,,Extracted from table on page 50
NER_01710,GSI,GSI_1710,Arunachal Pradesh,Anjaw,HMC road,28.26786,96.55781,,Flow,,50,TABLE_EXTRACTED,DUP_GROUP_418,Extracted from table on page 50
NER_01711,GSI,GSI_1711,Arunachal Pradesh,Anjaw,H. M. C. Road,28.26814,96.55728,,Slide,,50,TABLE_EXTRACTED,DUP_GROUP_418,Extracted from table on page 50
NER_01712,GSI,GSI_1712,Arunachal Pradesh,Lower Dibang Valley,"NH-13, nE of Mebo village,
upstream of River",28.26825,95.555457,,Slide,,50,TABLE_EXTRACTED,,Extracted from table on page 50
NER_01713,GSI,GSI_1713,Arunachal Pradesh,Lower Dibang Valley,"NH-13, NE of Siluk village",28.269062,95.610767,,Slide,,50,TABLE_EXTRACTED,DUP_GROUP_419,Extracted from table on page 50
NER_01714,GSI,GSI_1714,Arunachal Pradesh,East Siang,Boleng Road,28.269497,94.982531,,Slide,,50,TABLE_EXTRACTED,,Extracted from table on page 50
NER_01715,GSI,GSI_1715,Arunachal Pradesh,Lower Dibang Valley,"NH-13, Sesseri Bridge",28.26986,95.610757,,Slide,,50,TABLE_EXTRACTED,DUP_GROUP_419,Extracted from table on page 50
NER_01716,GSI,GSI_1716,Arunachal Pradesh,Lower Dibang Valley,N/A,28.27138,95.90606,,Slide,,50,TABLE_EXTRACTED,,Extracted from table on page 50
NER_01717,GSI,GSI_1717,Arunachal Pradesh,Upper Siang,NH-513,28.272,95.208417,,Slide,,50,TABLE_EXTRACTED,,Extracted from table on page 50
NER_01718,GSI,GSI_1718,Arunachal Pradesh,Lower Dibang Valley,"Newly connstructing Roing-
Hunli/ Anini road NH-313",28.273544,95.789425,,Slide,,50,TABLE_EXTRACTED,,Extracted from table on page 50
NER_01719,GSI,GSI_1719,Arunachal Pradesh,Anjaw,HMC road,28.27378,96.57031,,Slide,,50,TABLE_EXTRACTED,,Extracted from table on page 50
NER_01720,GSI,GSI_1720,Arunachal Pradesh,East Siang,Sangram Bridge-Boleng Road,28.274019,94.962496,,Slide,,50,TABLE_EXTRACTED,,Extracted from table on page 50
NER_01721,GSI,GSI_1721,Arunachal Pradesh,Lower Dibang Valley,"Newly connstructing Roing-
Hunli/ Anini road NH-313",28.277716,95.789358,,Slide,,50,TABLE_EXTRACTED,,Extracted from table on page 50
NER_01722,GSI,GSI_1722,Arunachal Pradesh,East Siang,Sangram Bridge-Boleng Road,28.280246,94.953896,,Slide,,50,TABLE_EXTRACTED,,Extracted from table on page 50
NER_01723,GSI,GSI_1723,Arunachal Pradesh,Upper Siang,NH-513,28.2805,95.201556,,Slide,,50,TABLE_EXTRACTED,,Extracted from table on page 50
NER_01724,GSI,GSI_1724,Arunachal Pradesh,West Siang,Gebo-Rumgog Road,28.2823,94.863031,,Slide,,50,TABLE_EXTRACTED,,Extracted from table on page 50
NER_01725,GSI,GSI_1725,Arunachal Pradesh,Anjaw,HMC road,28.28331,96.58094,,"Slide and
topple",,51,TABLE_EXTRACTED,,Extracted from table on page 51
NER_01726,GSI,GSI_1726,Arunachal Pradesh,Anjaw,HMC road,28.28386,96.58275,,Slide,,51,TABLE_EXTRACTED,,Extracted from table on page 51
NER_01727,GSI,GSI_1727,Arunachal Pradesh,Lower Dibang Valley,NH-313 (Roing-Anini road),28.286447,95.920837,,Slide,,51,TABLE_EXTRACTED,,Extracted from table on page 51
NER_01728,GSI,GSI_1728,Arunachal Pradesh,East Siang,Sangram Bridge-Boleng Road,28.287317,94.947651,,Slide,,51,TABLE_EXTRACTED,,Extracted from table on page 51
NER_01729,GSI,GSI_1729,Arunachal Pradesh,Anjaw,H. M. C. Road,28.28778,96.57928,,Slide,,51,TABLE_EXTRACTED,,Extracted from table on page 51
NER_01730,GSI,GSI_1730,Arunachal Pradesh,Lower Dibang Valley,"Newly connstructing Roing-
Hunli/ Anini road NH-313",28.289254,95.785468,,Slide,,51,TABLE_EXTRACTED,,Extracted from table on page 51
NER_01731,GSI,GSI_1731,Arunachal Pradesh,Upper Siang,NH-513,28.291556,95.199111,,Slide,,51,TABLE_EXTRACTED,,Extracted from table on page 51
NER_01732,GSI,GSI_1732,Arunachal Pradesh,Dibang Valley,"Newly connstructing Roing-
Hunli/ Anini road NH-313",28.291703,95.77618,,Slide,,51,TABLE_EXTRACTED,,Extracted from table on page 51
NER_01733,GSI,GSI_1733,Arunachal Pradesh,Lower Dibang Valley,NH-313 (Roing-Anini road),28.296668,95.92282,,Slide,,51,TABLE_EXTRACTED,,Extracted from table on page 51
NER_01734,GSI,GSI_1734,Arunachal Pradesh,Dibang Valley,"Newly connstructing Roing-
Hunli/ Anini road NH-313",28.297476,95.791016,,Slide,,51,TABLE_EXTRACTED,,Extracted from table on page 51
NER_01735,GSI,GSI_1735,Arunachal Pradesh,Upper Siang,NH-513,28.301694,95.195361,,Slide,,51,TABLE_EXTRACTED,,Extracted from table on page 51
NER_01736,GSI,GSI_1736,Arunachal Pradesh,East Siang,Sangram Bridge-Boleng Road,28.303771,94.948727,,Slide,,51,TABLE_EXTRACTED,,Extracted from table on page 51
NER_01737,GSI,GSI_1737,Arunachal Pradesh,Lower Dibang Valley,"Hunli-Metengliang-Hayuliang
(HMH) road",28.308592,95.971041,,Slide,,51,TABLE_EXTRACTED,,Extracted from table on page 51
NER_01738,GSI,GSI_1738,Arunachal Pradesh,Lower Dibang Valley,"Hunli-Metengliang-Hayuliang
(HMH) road",28.308841,95.973238,,Slide,,51,TABLE_EXTRACTED,,Extracted from table on page 51
NER_01739,GSI,GSI_1739,Arunachal Pradesh,Lower Dibang Valley,"Hunli-Metengliang-Hayuliang
(HMH) road",28.308943,95.966462,,Slide,,51,TABLE_EXTRACTED,,Extracted from table on page 51
NER_01740,GSI,GSI_1740,Arunachal Pradesh,Dibang Valley,NH-313 (Roing-Pasighat road),28.309002,95.754702,,Slide,,51,TABLE_EXTRACTED,,Extracted from table on page 51
NER_01741,GSI,GSI_1741,Arunachal Pradesh,Lower Dibang Valley,"Hunli-Metengliang-Hayuliang
(HMH) road",28.309676,95.967453,,Slide,,51,TABLE_EXTRACTED,,Extracted from table on page 51
NER_01742,GSI,GSI_1742,Arunachal Pradesh,Lower Dibang Valley,"Hunli-Metengliang-Hayuliang
(HMH) road",28.30984,95.984084,,Slide,,51,TABLE_EXTRACTED,,Extracted from table on page 51
NER_01743,GSI,GSI_1743,Arunachal Pradesh,Lower Dibang Valley,NH-313 (Roing-Anini road),28.309975,95.952909,,Fall,,51,TABLE_EXTRACTED,,Extracted from table on page 51
NER_01744,GSI,GSI_1744,Arunachal Pradesh,Upper Siang,NH-513,28.3105,95.197472,,Slide,,51,TABLE_EXTRACTED,,Extracted from table on page 51
NER_01745,GSI,GSI_1745,Arunachal Pradesh,West Siang,Aalo-Kaying Highway,28.310626,94.675637,,Slide,,51,TABLE_EXTRACTED,,Extracted from table on page 51
NER_01746,GSI,GSI_1746,Arunachal Pradesh,Lower Dibang Valley,"Hunli-Metengliang-Hayuliang
(HMH) road",28.31085,95.979868,,Slide,,51,TABLE_EXTRACTED,,Extracted from table on page 51
NER_01747,GSI,GSI_1747,Arunachal Pradesh,Anjaw,Village road,28.31211,96.61719,,Topple,,51,TABLE_EXTRACTED,,Extracted from table on page 51
NER_01748,GSI,GSI_1748,Arunachal Pradesh,Lower Dibang Valley,"Hunli-Metengliang-Hayuliang
(HMH) road",28.312731,95.975665,,Slide,,51,TABLE_EXTRACTED,DUP_GROUP_420,Extracted from table on page 51
NER_01749,GSI,GSI_1749,Arunachal Pradesh,Lower Dibang Valley,"Hunli-Metengliang-Hayuliang
(HMH) road",28.312795,95.97654,,Slide,,51,TABLE_EXTRACTED,DUP_GROUP_420,Extracted from table on page 51
NER_01750,GSI,GSI_1750,Arunachal Pradesh,Lower Dibang Valley,"Hunli-Metengliang-Hayuliang
(HMH) road",28.313528,95.966611,,Slide,,51,TABLE_EXTRACTED,,Extracted from table on page 51
NER_01751,GSI,GSI_1751,Arunachal Pradesh,Lower Dibang Valley,"Hunli-Metengliang-Hayuliang
(HMH) road",28.314581,95.966345,,Slide,,51,TABLE_EXTRACTED,,Extracted from table on page 51
NER_01752,GSI,GSI_1752,Arunachal Pradesh,Lower Dibang Valley,N/A,28.315484,95.982181,,Slide,,51,TABLE_EXTRACTED,,Extracted from table on page 51
NER_01753,GSI,GSI_1753,Arunachal Pradesh,Anjaw,H.M.C. Road,28.31658,96.61508,,Slide,,51,TABLE_EXTRACTED,,Extracted from table on page 51
NER_01754,GSI,GSI_1754,Arunachal Pradesh,Lower Dibang Valley,"Hunli-Metengliang-Hayuliang
(HMH) road",28.31731,95.956718,,Slide,,51,TABLE_EXTRACTED,,Extracted from table on page 51
NER_01755,GSI,GSI_1755,Arunachal Pradesh,Lower Dibang Valley,"Hunli-Metengliang-Hayuliang
(HMH) road",28.319141,95.956918,,Slide,,52,TABLE_EXTRACTED,,Extracted from table on page 52
NER_01756,GSI,GSI_1756,Arunachal Pradesh,Dibang Valley,"Newly connstructing Roing-
Hunli/ Anini road NH-313",28.321143,95.779346,,Slide,,52,TABLE_EXTRACTED,,Extracted from table on page 52
NER_01757,GSI,GSI_1757,Arunachal Pradesh,Dibang Valley,"Newly connstructing Roing-
Hunli/ Anini road NH-313",28.32225,95.780295,,Fall,,52,TABLE_EXTRACTED,,Extracted from table on page 52
NER_01758,GSI,GSI_1758,Arunachal Pradesh,Upper Siang,NH-513,28.322889,95.203694,,Slide,,52,TABLE_EXTRACTED,,Extracted from table on page 52
NER_01759,GSI,GSI_1759,Arunachal Pradesh,Dibang Valley,"Newly connstructing Roing-
Hunli/ Anini road NH-313",28.327545,95.783923,,Slide,,52,TABLE_EXTRACTED,,Extracted from table on page 52
NER_01760,GSI,GSI_1760,Arunachal Pradesh,Dibang Valley,"Newly connstructing Roing-
Hunli/ Anini road NH-313",28.330336,95.794313,,Fall,,52,TABLE_EXTRACTED,,Extracted from table on page 52
NER_01761,GSI,GSI_1761,Arunachal Pradesh,Dibang Valley,"Newly connstructing Roing-
Hunli/ Anini road NH-313",28.335249,95.788465,,Slide,,52,TABLE_EXTRACTED,,Extracted from table on page 52
NER_01762,GSI,GSI_1762,Arunachal Pradesh,East Siang,Boleng-Dite Dime Road,28.335376,94.956509,,Slide,,52,TABLE_EXTRACTED,,Extracted from table on page 52
NER_01763,GSI,GSI_1763,Arunachal Pradesh,Dibang Valley,"Newly connstructing Roing-
Hunli/ Anini road NH-313",28.33836,95.781715,,Slide,,52,TABLE_EXTRACTED,,Extracted from table on page 52
NER_01764,GSI,GSI_1764,Arunachal Pradesh,East Siang,Boleng-Dite Dime Road,28.342551,94.987136,,Slide,,52,TABLE_EXTRACTED,,Extracted from table on page 52
NER_01765,GSI,GSI_1765,Arunachal Pradesh,West Siang,Aalo-Kaying Highway,28.355501,94.679544,,Slide,,52,TABLE_EXTRACTED,,Extracted from table on page 52
NER_01766,GSI,GSI_1766,Arunachal Pradesh,Lower Dibang Valley,NH-313 (Roing-Anini road),28.359553,95.948576,,Fall,,52,TABLE_EXTRACTED,,Extracted from table on page 52
NER_01767,GSI,GSI_1767,Arunachal Pradesh,Upper Siang,NH-513,28.366417,95.221194,,Slide,,52,TABLE_EXTRACTED,,Extracted from table on page 52
NER_01768,GSI,GSI_1768,Arunachal Pradesh,Upper Siang,NH-513,28.378694,95.230667,,Slide,,52,TABLE_EXTRACTED,,Extracted from table on page 52
NER_01769,GSI,GSI_1769,Arunachal Pradesh,Upper Siang,NH-513,28.384833,95.233806,,Slide,,52,TABLE_EXTRACTED,,Extracted from table on page 52
NER_01770,GSI,GSI_1770,Arunachal Pradesh,Upper Siang,NH 513,28.386722,95.240833,,Slide,,52,TABLE_EXTRACTED,DUP_GROUP_421,Extracted from table on page 52
NER_01771,GSI,GSI_1771,Arunachal Pradesh,Upper Siang,NH 513,28.386806,95.240111,,Slide,,52,TABLE_EXTRACTED,DUP_GROUP_421,Extracted from table on page 52
NER_01772,GSI,GSI_1772,Arunachal Pradesh,Lower Dibang Valley,N/A,28.389197,95.927761,,flow,,52,TABLE_EXTRACTED,DUP_GROUP_422,Extracted from table on page 52
NER_01773,GSI,GSI_1773,Arunachal Pradesh,Upper Siang,NH 513,28.399111,95.241361,,slide,,52,TABLE_EXTRACTED,,Extracted from table on page 52
NER_01774,GSI,GSI_1774,Arunachal Pradesh,Upper Siang,NH 513,28.402139,95.243944,,slide,,52,TABLE_EXTRACTED,,Extracted from table on page 52
NER_01775,GSI,GSI_1775,Arunachal Pradesh,Upper Siang,NH 513,28.402417,95.245944,,slide,,52,TABLE_EXTRACTED,,Extracted from table on page 52
NER_01776,GSI,GSI_1776,Arunachal Pradesh,Upper Siang,NH 513,28.412722,95.247722,,slide,,52,TABLE_EXTRACTED,,Extracted from table on page 52
NER_01777,GSI,GSI_1777,Arunachal Pradesh,Upper Siang,NH 513,28.415028,95.247083,,slide,,52,TABLE_EXTRACTED,,Extracted from table on page 52
NER_01778,GSI,GSI_1778,Arunachal Pradesh,West Siang,Kaying-Thumbin road,28.42636,94.6774,,Slide,,52,TABLE_EXTRACTED,,Extracted from table on page 52
NER_01779,GSI,GSI_1779,Arunachal Pradesh,West Siang,Kaying-Thumbin road,28.427393,94.674582,,Slide,,52,TABLE_EXTRACTED,,Extracted from table on page 52
NER_01780,GSI,GSI_1780,Arunachal Pradesh,West Siang,Kaying-Thumbin road,28.429931,94.6778,,Slide,,52,TABLE_EXTRACTED,,Extracted from table on page 52
NER_01781,GSI,GSI_1781,Arunachal Pradesh,West Siang,Kaying-Thumbin road,28.430622,94.674225,,Slide,,52,TABLE_EXTRACTED,,Extracted from table on page 52
NER_01782,GSI,GSI_1782,Arunachal Pradesh,Dibang Valley,NH-313 (Roing-Anini road),28.434292,95.876106,,Slide,,52,TABLE_EXTRACTED,,Extracted from table on page 52
NER_01783,GSI,GSI_1783,Arunachal Pradesh,West Siang,Kaying-Thumbin road,28.436019,94.668744,,Slide,,52,TABLE_EXTRACTED,,Extracted from table on page 52
NER_01784,GSI,GSI_1784,Arunachal Pradesh,Dibang Valley,NH-313 (Roing-Anini road),28.438898,95.85009,,Slide,,52,TABLE_EXTRACTED,,Extracted from table on page 52
NER_01785,GSI,GSI_1785,Arunachal Pradesh,West Siang,Kaying-Thumbin road,28.439344,94.669332,,Slide,,52,TABLE_EXTRACTED,DUP_GROUP_423,Extracted from table on page 52
NER_01786,GSI,GSI_1786,Arunachal Pradesh,West Siang,Kaying-Thumbin road,28.440082,94.66913,,Slide,,52,TABLE_EXTRACTED,DUP_GROUP_423,Extracted from table on page 52
NER_01787,GSI,GSI_1787,Arunachal Pradesh,West Siang,Aalo-Tato Road,28.443016,94.664795,,Slide,,52,TABLE_EXTRACTED,,Extracted from table on page 52
NER_01788,GSI,GSI_1788,Arunachal Pradesh,West Siang,Aalo-tato Road,28.443033,94.668074,,Slide,,52,TABLE_EXTRACTED,,Extracted from table on page 52
NER_01789,GSI,GSI_1789,Arunachal Pradesh,Dibang Valley,NH-313 (Roing-Anini road),28.448428,95.855303,,Slide,,52,TABLE_EXTRACTED,,Extracted from table on page 52
NER_01790,GSI,GSI_1790,Arunachal Pradesh,Dibang Valley,NH-313 (Roing-Anini road),28.450374,95.855884,,Slide,,52,TABLE_EXTRACTED,,Extracted from table on page 52
NER_01791,GSI,GSI_1791,Arunachal Pradesh,Upper Siang,Pasighat-yingkiong road,28.452528,95.239333,,Slide,,52,TABLE_EXTRACTED,,Extracted from table on page 52
NER_01792,GSI,GSI_1792,Arunachal Pradesh,Dibang Valley,NH-313 (Roing-Anini road),28.454481,95.854029,,Slide,,52,TABLE_EXTRACTED,DUP_GROUP_424,Extracted from table on page 52
NER_01793,GSI,GSI_1793,Arunachal Pradesh,Dibang Valley,NH-313 (Roing-Anini road),28.455284,95.854018,,Slide,,53,TABLE_EXTRACTED,DUP_GROUP_424,Extracted from table on page 53
NER_01794,GSI,GSI_1794,Arunachal Pradesh,West Siang,Aalo-Tato Road,28.455655,94.680282,,Slide,,53,TABLE_EXTRACTED,DUP_GROUP_425,Extracted from table on page 53
NER_01795,GSI,GSI_1795,Arunachal Pradesh,West Siang,Aalo-Tato Road,28.455769,94.680664,,Slide,,53,TABLE_EXTRACTED,DUP_GROUP_425,Extracted from table on page 53
NER_01796,GSI,GSI_1796,Arunachal Pradesh,Dibang Valley,NH-313 (Roing-Anini road),28.457775,95.853489,,Slide,,53,TABLE_EXTRACTED,,Extracted from table on page 53
NER_01797,GSI,GSI_1797,Arunachal Pradesh,West Siang,Aalo-Tato Road,28.459267,94.680108,,Slide,,53,TABLE_EXTRACTED,,Extracted from table on page 53
NER_01798,GSI,GSI_1798,Arunachal Pradesh,Dibang Valley,NH-313 (Roing-Anini road),28.462314,95.849136,,Fall,,53,TABLE_EXTRACTED,,Extracted from table on page 53
NER_01799,GSI,GSI_1799,Arunachal Pradesh,Dibang Valley,NH-313 (Roing-Anini road),28.464936,95.852312,,Slide,,53,TABLE_EXTRACTED,,Extracted from table on page 53
NER_01800,GSI,GSI_1800,Arunachal Pradesh,Dibang Valley,NH-313 (Roing-Anini road),28.469481,95.849951,,Fall,,53,TABLE_EXTRACTED,,Extracted from table on page 53
NER_01801,GSI,GSI_1801,Arunachal Pradesh,Upper Siang,NH-513,28.470167,95.233333,,Slide,,53,TABLE_EXTRACTED,,Extracted from table on page 53
NER_01802,GSI,GSI_1802,Arunachal Pradesh,Dibang Valley,NH-313 (Roing-Anini road),28.471388,95.852234,,Fall,,53,TABLE_EXTRACTED,,Extracted from table on page 53
NER_01803,GSI,GSI_1803,Arunachal Pradesh,Dibang Valley,NH-313 (Roing-Anini road),28.472858,95.858449,,Fall,,53,TABLE_EXTRACTED,DUP_GROUP_426,Extracted from table on page 53
NER_01804,GSI,GSI_1804,Arunachal Pradesh,Dibang Valley,NH-313 (Roing-Anini road),28.472863,95.858934,,Fall,,53,TABLE_EXTRACTED,DUP_GROUP_426,Extracted from table on page 53
NER_01805,GSI,GSI_1805,Arunachal Pradesh,Dibang Valley,NH-313 (Roing-Anini road),28.472919,95.857932,,Slide,,53,TABLE_EXTRACTED,DUP_GROUP_427,Extracted from table on page 53
NER_01806,GSI,GSI_1806,Arunachal Pradesh,Dibang Valley,NH-313 (Roing-Anini road),28.472966,95.857242,,Slide,,53,TABLE_EXTRACTED,DUP_GROUP_429,Extracted from table on page 53
NER_01807,GSI,GSI_1807,Arunachal Pradesh,Dibang Valley,NH-313 (Roing-Anini road),28.474093,95.847423,,Slide,,53,TABLE_EXTRACTED,,Extracted from table on page 53
NER_01808,GSI,GSI_1808,Arunachal Pradesh,Dibang Valley,NH-313 (Roing-Anini road),28.476722,95.841356,,Fall,,53,TABLE_EXTRACTED,,Extracted from table on page 53
NER_01809,GSI,GSI_1809,Arunachal Pradesh,Dibang Valley,NH-313 (Roing-Anini road),28.479902,95.839317,,Fall,,53,TABLE_EXTRACTED,,Extracted from table on page 53
NER_01810,GSI,GSI_1810,Arunachal Pradesh,Dibang Valley,NH-313 (Roing-Anini road),28.481108,95.838317,,Slide,,53,TABLE_EXTRACTED,,Extracted from table on page 53
NER_01811,GSI,GSI_1811,Arunachal Pradesh,Upper Siang,NH-513,28.484056,95.207056,,Slide,,53,TABLE_EXTRACTED,,Extracted from table on page 53
NER_01812,GSI,GSI_1812,Arunachal Pradesh,Dibang Valley,NH-313 (Roing-Anini road),28.487041,95.848265,,Slide,,53,TABLE_EXTRACTED,,Extracted from table on page 53
NER_01813,GSI,GSI_1813,Arunachal Pradesh,Upper Siang,NH-513,28.4875,95.213417,,Flow,,53,TABLE_EXTRACTED,,Extracted from table on page 53
NER_01814,GSI,GSI_1814,Arunachal Pradesh,Lower Dibang Valley,"Hunli-Metengliang-Hayuliang
(HMH) road",28.487904,95.84071,,Slide,,53,TABLE_EXTRACTED,,Extracted from table on page 53
NER_01815,GSI,GSI_1815,Arunachal Pradesh,Dibang Valley,NH-313 (Roing-Anini road),28.488264,95.842761,,Slide,,53,TABLE_EXTRACTED,,Extracted from table on page 53
NER_01816,GSI,GSI_1816,Arunachal Pradesh,Dibang Valley,NH-313 (Roing-Anini road),28.489492,95.845459,,Fall,,53,TABLE_EXTRACTED,,Extracted from table on page 53
NER_01817,GSI,GSI_1817,Arunachal Pradesh,Upper Siang,NH-513,28.490278,95.203194,,Slide,,53,TABLE_EXTRACTED,,Extracted from table on page 53
NER_01818,GSI,GSI_1818,Arunachal Pradesh,Dibang Valley,NH-313 (Roing-Anini road),28.490519,95.832301,,Slide,,53,TABLE_EXTRACTED,,Extracted from table on page 53
NER_01819,GSI,GSI_1819,Arunachal Pradesh,Dibang Valley,NH-313 (Roing-Anini road),28.490727,95.833473,,Slide,,53,TABLE_EXTRACTED,,Extracted from table on page 53
NER_01820,GSI,GSI_1820,Arunachal Pradesh,Upper Siang,NH-513,28.4915,95.202944,,Slide,,53,TABLE_EXTRACTED,,Extracted from table on page 53
NER_01821,GSI,GSI_1821,Arunachal Pradesh,Dibang Valley,NH-313 (Roing-Anini road),28.494378,95.825225,,Fall,,53,TABLE_EXTRACTED,,Extracted from table on page 53
NER_01822,GSI,GSI_1822,Arunachal Pradesh,Dibang Valley,NH-313 (Roing-Anini road),28.497294,95.827044,,Slide,,53,TABLE_EXTRACTED,,Extracted from table on page 53
NER_01823,GSI,GSI_1823,Arunachal Pradesh,Upper Siang,NH-513,28.497917,95.191639,,Slide,,54,TABLE_EXTRACTED,,Extracted from table on page 54
NER_01824,GSI,GSI_1824,Arunachal Pradesh,Dibang Valley,NH-313 (Roing-Anini road),28.498405,95.827217,,Slide,,54,TABLE_EXTRACTED,,Extracted from table on page 54
NER_01825,GSI,GSI_1825,Arunachal Pradesh,Dibang Valley,NH-313 (Roing-Anini road),28.498464,95.828278,,Slide,,54,TABLE_EXTRACTED,,Extracted from table on page 54
NER_01826,GSI,GSI_1826,Arunachal Pradesh,West Siang,NH-13,28.506306,94.873361,,Slide,,54,TABLE_EXTRACTED,,Extracted from table on page 54
NER_01827,GSI,GSI_1827,Arunachal Pradesh,Upper Siang,NH-513,28.509,95.177639,,Slide,,54,TABLE_EXTRACTED,,Extracted from table on page 54
NER_01828,GSI,GSI_1828,Arunachal Pradesh,Upper Siang,NH-513,28.510528,95.177722,,Slide,,54,TABLE_EXTRACTED,,Extracted from table on page 54
NER_01829,GSI,GSI_1829,Arunachal Pradesh,Upper Siang,NH-513,28.512056,95.1805,,Slide,,54,TABLE_EXTRACTED,,Extracted from table on page 54
NER_01830,GSI,GSI_1830,Arunachal Pradesh,Upper Siang,NH-513,28.514083,95.178278,,Slide,,54,TABLE_EXTRACTED,,Extracted from table on page 54
NER_01831,GSI,GSI_1831,Arunachal Pradesh,Upper Siang,NH-513,28.516083,95.178028,,Slide,,54,TABLE_EXTRACTED,,Extracted from table on page 54
NER_01832,GSI,GSI_1832,Arunachal Pradesh,Upper Siang,NH-513,28.522806,95.172639,,Slide,,54,TABLE_EXTRACTED,,Extracted from table on page 54
NER_01833,GSI,GSI_1833,Arunachal Pradesh,Upper Siang,NH-513,28.527722,95.173556,,Fall,,54,TABLE_EXTRACTED,,Extracted from table on page 54
NER_01834,GSI,GSI_1834,Arunachal Pradesh,Shi-Yomi,Near Mechuka town,28.527944,94.309444,,Slide,,54,TABLE_EXTRACTED,,Extracted from table on page 54
NER_01835,GSI,GSI_1835,Arunachal Pradesh,Upper Siang,NH-513,28.528778,95.173278,,Slide,,54,TABLE_EXTRACTED,,Extracted from table on page 54
NER_01836,GSI,GSI_1836,Arunachal Pradesh,Upper Siang,NH-513,28.531528,95.050417,,Slide,,54,TABLE_EXTRACTED,,Extracted from table on page 54
NER_01837,GSI,GSI_1837,Arunachal Pradesh,West Siang,Kaying-Tato Road,28.535474,94.597063,,Slide,,54,TABLE_EXTRACTED,,Extracted from table on page 54
NER_01838,GSI,GSI_1838,Arunachal Pradesh,Upper Siang,"NH-513(Mariyang-Yingkiong
road)",28.540139,95.168667,,Slide,,54,TABLE_EXTRACTED,,Extracted from table on page 54
NER_01839,GSI,GSI_1839,Arunachal Pradesh,West Siang,Kaying Tato Road,28.543178,94.633991,,Slide,,54,TABLE_EXTRACTED,,Extracted from table on page 54
NER_01840,GSI,GSI_1840,Arunachal Pradesh,Upper Siang,NH-513,28.550472,95.06325,,Slide,,54,TABLE_EXTRACTED,,Extracted from table on page 54
NER_01841,GSI,GSI_1841,Arunachal Pradesh,Upper Siang,"NH-513 (Mariyang-Yingkiong
road)",28.550694,95.158333,,Slide,,54,TABLE_EXTRACTED,,Extracted from table on page 54
NER_01842,GSI,GSI_1842,Arunachal Pradesh,Upper Siang,"NH-513 (Mariyang-Yingkiong
road)",28.560139,95.149472,,slide,,54,TABLE_EXTRACTED,,Extracted from table on page 54
NER_01843,GSI,GSI_1843,Arunachal Pradesh,Upper Siang,NH-513,28.56525,95.148333,,Slide,,54,TABLE_EXTRACTED,,Extracted from table on page 54
NER_01844,GSI,GSI_1844,Arunachal Pradesh,Upper Siang,N/A,28.568694,95.143556,,Slide,,54,TABLE_EXTRACTED,,Extracted from table on page 54
NER_01845,GSI,GSI_1845,Arunachal Pradesh,Upper Siang,NH-513,28.605528,95.105528,,slide,,54,TABLE_EXTRACTED,,Extracted from table on page 54
NER_01846,GSI,GSI_1846,Arunachal Pradesh,Dibang Valley,NH-313Etalin to Annini village.,28.606804,95.864088,,Slide,,54,TABLE_EXTRACTED,,Extracted from table on page 54
NER_01847,GSI,GSI_1847,Arunachal Pradesh,Dibang Valley,"NH-13, Pasighat river slide",28.608016,95.854035,,Slide,,54,TABLE_EXTRACTED,,Extracted from table on page 54
NER_01848,GSI,GSI_1848,Arunachal Pradesh,Dibang Valley,"NH-13, Dambuk slide",28.609263,95.856878,,Slide,,54,TABLE_EXTRACTED,,Extracted from table on page 54
NER_01849,GSI,GSI_1849,Arunachal Pradesh,Upper Siang,NH-513,28.609361,95.088583,,Slide,,54,TABLE_EXTRACTED,,Extracted from table on page 54
NER_01850,GSI,GSI_1850,Arunachal Pradesh,Upper Siang,NH-513,28.614667,95.063611,,Slide,,54,TABLE_EXTRACTED,,Extracted from table on page 54
NER_01851,GSI,GSI_1851,Arunachal Pradesh,Upper Siang,NH-513,28.615028,95.053306,,Slide,,54,TABLE_EXTRACTED,,Extracted from table on page 54
NER_01852,GSI,GSI_1852,Arunachal Pradesh,Dibang Valley,NH-13,28.615893,95.859914,,Slide,,54,TABLE_EXTRACTED,,Extracted from table on page 54
NER_01853,GSI,GSI_1853,Arunachal Pradesh,Upper Siang,NH-513,28.617333,95.049556,,Slide,,54,TABLE_EXTRACTED,,Extracted from table on page 54
NER_01854,GSI,GSI_1854,Arunachal Pradesh,Upper Siang,NH-513,28.617667,95.056444,,Slide,,54,TABLE_EXTRACTED,,Extracted from table on page 54
NER_01855,GSI,GSI_1855,Arunachal Pradesh,Dibang Valley,NN-313,28.618542,95.858124,,Slide,,54,TABLE_EXTRACTED,,Extracted from table on page 54
NER_01856,GSI,GSI_1856,Arunachal Pradesh,Upper Siang,NH-513,28.619917,95.057583,,Slide,,54,TABLE_EXTRACTED,,Extracted from table on page 54
NER_01857,GSI,GSI_1857,Arunachal Pradesh,Dibang Valley,NH- 313.,28.621593,95.855998,,Slide,,54,TABLE_EXTRACTED,,Extracted from table on page 54
NER_01858,GSI,GSI_1858,Arunachal Pradesh,Dibang Valley,NH-13,28.62267,95.856377,,Slide,,54,TABLE_EXTRACTED,,Extracted from table on page 54
NER_01859,GSI,GSI_1859,Arunachal Pradesh,Upper Siang,NH-513,28.622722,95.043528,,Slide,,54,TABLE_EXTRACTED,,Extracted from table on page 54
NER_01860,GSI,GSI_1860,Arunachal Pradesh,Dibang Valley,Anini to Mipi,28.625048,95.857251,,Slide,,54,TABLE_EXTRACTED,,Extracted from table on page 54
NER_01861,GSI,GSI_1861,Arunachal Pradesh,Dibang Valley,"NH-13, Pasighat bridge slide",28.625114,95.852703,,Slide,,54,TABLE_EXTRACTED,,Extracted from table on page 54
NER_01862,GSI,GSI_1862,Arunachal Pradesh,Upper Siang,NH-513,28.626972,95.035722,,Slide,,54,TABLE_EXTRACTED,,Extracted from table on page 54
NER_01863,GSI,GSI_1863,Arunachal Pradesh,Dibang Valley,South of Mipi Village.,28.628208,95.85647,,Slide,,54,TABLE_EXTRACTED,,Extracted from table on page 54
NER_01864,GSI,GSI_1864,Arunachal Pradesh,Upper Siang,NH-513,28.632361,95.037917,,Slide,,54,TABLE_EXTRACTED,,Extracted from table on page 54
NER_01865,GSI,GSI_1865,Arunachal Pradesh,Upper Siang,NH-513,28.633861,95.023806,,Slide,,54,TABLE_EXTRACTED,,Extracted from table on page 54
NER_01866,GSI,GSI_1866,Arunachal Pradesh,Dibang Valley,NH-13,28.638336,95.856331,,Slide,,55,TABLE_EXTRACTED,,Extracted from table on page 55
NER_01867,GSI,GSI_1867,Arunachal Pradesh,Upper Siang,NH-513,28.639389,95.033639,,Slide,,55,TABLE_EXTRACTED,,Extracted from table on page 55
NER_01868,GSI,GSI_1868,Arunachal Pradesh,Upper Siang,Yingkiong-Tuting Road,28.693837,94.973784,,Slide,,55,TABLE_EXTRACTED,,Extracted from table on page 55
NER_01869,GSI,GSI_1869,Arunachal Pradesh,Upper Siang,Gette-Pugging Road,28.694531,95.001999,,Slide,,55,TABLE_EXTRACTED,DUP_GROUP_430,Extracted from table on page 55
NER_01870,GSI,GSI_1870,Arunachal Pradesh,Upper Siang,Gette-Pugging Road,28.694778,95.001887,,Slide,,55,TABLE_EXTRACTED,DUP_GROUP_430,Extracted from table on page 55
NER_01871,GSI,GSI_1871,Arunachal Pradesh,Upper Siang,Gette-Pugging Road,28.706748,94.985298,,Slide,,55,TABLE_EXTRACTED,,Extracted from table on page 55
NER_01872,GSI,GSI_1872,Arunachal Pradesh,Upper Siang,Gette-Palling Road,28.716426,94.969346,,Slide,,55,TABLE_EXTRACTED,,Extracted from table on page 55
NER_01873,GSI,GSI_1873,Arunachal Pradesh,Upper Siang,Gette-Pugging Road,28.720187,94.971636,,Slide,,55,TABLE_EXTRACTED,,Extracted from table on page 55
NER_01874,GSI,GSI_1874,Arunachal Pradesh,Upper Siang,Gette-Palling Road,28.723166,94.959687,,Slide,,55,TABLE_EXTRACTED,,Extracted from table on page 55
NER_01875,GSI,GSI_1875,Arunachal Pradesh,Upper Siang,Yingkiong-Tuting Road,28.729371,94.92012,,Slide,,55,TABLE_EXTRACTED,,Extracted from table on page 55
NER_01876,GSI,GSI_1876,Arunachal Pradesh,Upper Siang,Bomdo- Migging Road,28.740576,94.867317,,Slide,,55,TABLE_EXTRACTED,DUP_GROUP_431,Extracted from table on page 55
NER_01877,GSI,GSI_1877,Arunachal Pradesh,Upper Siang,Bomdo- Migging Road,28.740874,94.866397,,Slide,,55,TABLE_EXTRACTED,DUP_GROUP_431,Extracted from table on page 55
NER_01878,GSI,GSI_1878,Arunachal Pradesh,Upper Siang,Bomdo- Migging Road,28.744078,94.86976,,Slide,,55,TABLE_EXTRACTED,,Extracted from table on page 55
NER_01879,GSI,GSI_1879,Arunachal Pradesh,Upper Siang,Bomdo- Migging Road,28.752815,94.893869,,Slide,,55,TABLE_EXTRACTED,,Extracted from table on page 55
NER_01880,GSI,GSI_1880,Arunachal Pradesh,Upper Siang,Yingkiong-Tuting Road,28.754928,94.8954,,Slide,,55,TABLE_EXTRACTED,,Extracted from table on page 55
NER_01881,GSI,GSI_1881,Arunachal Pradesh,Dibang Valley,"NH-13, Komlighat park, Pasighat
bridge slide",28.760937,95.865649,,Slide,,55,TABLE_EXTRACTED,,Extracted from table on page 55
NER_01882,GSI,GSI_1882,Arunachal Pradesh,Upper Siang,Bomdo- Migging Road,28.762661,94.860138,,Slide,,55,TABLE_EXTRACTED,,Extracted from table on page 55
NER_01883,GSI,GSI_1883,Arunachal Pradesh,Dibang Valley,"NH-13, Komlighat park, Pasighat
bridge slide",28.763514,95.868872,,Slide,,55,TABLE_EXTRACTED,DUP_GROUP_432,Extracted from table on page 55
NER_01884,GSI,GSI_1884,Arunachal Pradesh,Dibang Valley,South of Mipi village,28.763802,95.868513,,Slide,,55,TABLE_EXTRACTED,DUP_GROUP_432,Extracted from table on page 55
NER_01885,GSI,GSI_1885,Arunachal Pradesh,Dibang Valley,South West of Mipi village,28.772473,95.867921,,Slide,,55,TABLE_EXTRACTED,,Extracted from table on page 55
NER_01886,GSI,GSI_1886,Arunachal Pradesh,Dibang Valley,TwoardMipi village,28.77363,95.869239,,Slide,,55,TABLE_EXTRACTED,,Extracted from table on page 55
NER_01887,GSI,GSI_1887,Arunachal Pradesh,Dibang Valley,South of Mipi Village.,28.774623,95.89086,,Slide,,55,TABLE_EXTRACTED,,Extracted from table on page 55
NER_01888,GSI,GSI_1888,Arunachal Pradesh,Dibang Valley,Annini-Mipi road,28.775381,95.898382,,Slide,,55,TABLE_EXTRACTED,,Extracted from table on page 55
NER_01889,GSI,GSI_1889,Arunachal Pradesh,Dibang Valley,Marwali village.,28.775779,95.890362,,Slide,,55,TABLE_EXTRACTED,,Extracted from table on page 55
NER_01890,GSI,GSI_1890,Arunachal Pradesh,Dibang Valley,Towards Mipi village.,28.775918,95.874296,,Slide,,55,TABLE_EXTRACTED,,Extracted from table on page 55
NER_01891,GSI,GSI_1891,Arunachal Pradesh,Upper Siang,Bomdo- Migging Road,28.779408,94.859327,,Slide,,55,TABLE_EXTRACTED,,Extracted from table on page 55
NER_01892,GSI,GSI_1892,Arunachal Pradesh,Upper Siang,Janbo-Mosing Road,28.782426,94.810546,,Slide,,55,TABLE_EXTRACTED,,Extracted from table on page 55
NER_01893,GSI,GSI_1893,Arunachal Pradesh,Dibang Valley,"NH-13, komlighat park, Pasighat
bridge slide",28.783517,95.904106,,Slide,,55,TABLE_EXTRACTED,,Extracted from table on page 55
NER_01894,GSI,GSI_1894,Arunachal Pradesh,Dibang Valley,Annini-Mipi road.,28.784231,95.906188,,Slide,,55,TABLE_EXTRACTED,,Extracted from table on page 55
NER_01895,GSI,GSI_1895,Arunachal Pradesh,Dibang Valley,South of Mipi village.,28.785391,95.892707,,Slide,,55,TABLE_EXTRACTED,,Extracted from table on page 55
NER_01896,GSI,GSI_1896,Arunachal Pradesh,Dibang Valley,"NH-13, Komlighat park",28.786868,95.908637,,Slide,,55,TABLE_EXTRACTED,,Extracted from table on page 55
NER_01897,GSI,GSI_1897,Arunachal Pradesh,Upper Siang,Janbo-Mosing Road,28.787001,94.81686,,Slide,,55,TABLE_EXTRACTED,,Extracted from table on page 55
NER_01898,GSI,GSI_1898,Arunachal Pradesh,Upper Siang,Janbo-Mosing Road,28.787486,94.819425,,Slide,,55,TABLE_EXTRACTED,DUP_GROUP_433,Extracted from table on page 55
NER_01899,GSI,GSI_1899,Arunachal Pradesh,Upper Siang,Janbo-Mosing Road,28.787937,94.820098,,Slide,,55,TABLE_EXTRACTED,DUP_GROUP_433,Extracted from table on page 55
NER_01900,GSI,GSI_1900,Arunachal Pradesh,East Siang,"NH-13, towards Sesseri bridge",28.789647,95.894965,,Slide,,55,TABLE_EXTRACTED,,Extracted from table on page 55
NER_01901,GSI,GSI_1901,Arunachal Pradesh,Upper Siang,Janbo-Migging Road,28.793279,94.848477,,Slide,,55,TABLE_EXTRACTED,,Extracted from table on page 55
NER_01902,GSI,GSI_1902,Arunachal Pradesh,Upper Siang,Janbo-Mosing Road,28.800083,94.842265,,Slide,,55,TABLE_EXTRACTED,,Extracted from table on page 55
NER_01903,GSI,GSI_1903,Arunachal Pradesh,Dibang Valley,South of Mipi village.,28.808133,95.926984,,Slide,,55,TABLE_EXTRACTED,,Extracted from table on page 55
NER_01904,GSI,GSI_1904,Arunachal Pradesh,Dibang Valley,South of Mipi Village.,28.809244,95.92821,,Slide,,55,TABLE_EXTRACTED,,Extracted from table on page 55
NER_01905,GSI,GSI_1905,Arunachal Pradesh,Upper Siang,Mosing-Tuting Road,28.810126,94.785508,,Slide,,55,TABLE_EXTRACTED,,Extracted from table on page 55
NER_01906,GSI,GSI_1906,Arunachal Pradesh,Dibang Valley,Near Mipi Village,28.813805,95.919362,,Slide,,55,TABLE_EXTRACTED,,Extracted from table on page 55
NER_01907,GSI,GSI_1907,Arunachal Pradesh,Dibang Valley,"Below GREF camp, Mipi Village.",28.813905,95.920439,,Slide,,56,TABLE_EXTRACTED,,Extracted from table on page 56
NER_01908,GSI,GSI_1908,Arunachal Pradesh,Upper Siang,Mosing-Tuting Road,28.816882,94.791032,,Slide,,56,TABLE_EXTRACTED,DUP_GROUP_434,Extracted from table on page 56
NER_01909,GSI,GSI_1909,Arunachal Pradesh,Upper Siang,Janbo-Mosing-Tuting Road,28.817009,94.791755,,Slide,,56,TABLE_EXTRACTED,DUP_GROUP_434,Extracted from table on page 56
NER_01910,GSI,GSI_1910,Arunachal Pradesh,Dibang Valley,Near Mipi Village.,28.817477,95.922181,,Slide,,56,TABLE_EXTRACTED,,Extracted from table on page 56
NER_01911,GSI,GSI_1911,Arunachal Pradesh,Dibang Valley,Mipi Village road,28.822521,95.92931,,Slide,,56,TABLE_EXTRACTED,,Extracted from table on page 56
NER_01912,GSI,GSI_1912,Arunachal Pradesh,Dibang Valley,Anini to Dambuen road section,28.822525,95.93415,,Slide,,56,TABLE_EXTRACTED,,Extracted from table on page 56
NER_01913,GSI,GSI_1913,Arunachal Pradesh,Dibang Valley,"Etabe bridge, Anini",28.823558,95.882966,,Slide,,56,TABLE_EXTRACTED,,Extracted from table on page 56
NER_01914,GSI,GSI_1914,Arunachal Pradesh,Dibang Valley,Dembuen Acheso Village,28.823766,95.922046,,Slide,,56,TABLE_EXTRACTED,,Extracted from table on page 56
NER_01915,GSI,GSI_1915,Arunachal Pradesh,Dibang Valley,Dembuen Acheso Village,28.824703,95.93119,,Slide,,56,TABLE_EXTRACTED,,Extracted from table on page 56
NER_01916,GSI,GSI_1916,Arunachal Pradesh,Dibang Valley,"NH-13, Komlighat park",28.827069,95.9225,,Slide,,56,TABLE_EXTRACTED,,Extracted from table on page 56
NER_01917,GSI,GSI_1917,Arunachal Pradesh,Upper Siang,Likor-Palling Road,28.830097,94.874715,,Slide,,56,TABLE_EXTRACTED,,Extracted from table on page 56
NER_01918,GSI,GSI_1918,Arunachal Pradesh,Dibang Valley,Dembuen to Anini Village,28.830316,95.877843,,Slide,,56,TABLE_EXTRACTED,,Extracted from table on page 56
NER_01919,GSI,GSI_1919,Arunachal Pradesh,Dibang Valley,Dembuen to Anini Village,28.830919,95.880901,,Slide,,56,TABLE_EXTRACTED,,Extracted from table on page 56
NER_01920,GSI,GSI_1920,Arunachal Pradesh,Dibang Valley,"Mile stone Anini 9 km Dembuen-
Anini road",28.831619,95.882949,,Slide,,56,TABLE_EXTRACTED,DUP_GROUP_435,Extracted from table on page 56
NER_01921,GSI,GSI_1921,Arunachal Pradesh,Dibang Valley,Dembuen-Anini road corridor,28.831826,95.882841,,Sldies,,56,TABLE_EXTRACTED,DUP_GROUP_435,Extracted from table on page 56
NER_01922,GSI,GSI_1922,Arunachal Pradesh,Dibang Valley,Dembuen-Anini road corridor,28.836083,95.963806,,Slide,,56,TABLE_EXTRACTED,,Extracted from table on page 56
NER_01923,GSI,GSI_1923,Arunachal Pradesh,Dibang Valley,"Dembuen-Anini road corridor -
6 km mile stone",28.846067,95.865922,,Slide,,56,TABLE_EXTRACTED,,Extracted from table on page 56
NER_01924,GSI,GSI_1924,Arunachal Pradesh,Dibang Valley,"Anini-Dambuen road corridor 8
km mile stone",28.852213,95.863907,,Slide,,56,TABLE_EXTRACTED,,Extracted from table on page 56
NER_01925,GSI,GSI_1925,Arunachal Pradesh,Dibang Valley,NH-13,28.85641,95.859872,,Slide,,56,TABLE_EXTRACTED,,Extracted from table on page 56
NER_01926,GSI,GSI_1926,Arunachal Pradesh,Dibang Valley,Dembuen-Anini road corridor,28.858358,95.858469,,Slide,,56,TABLE_EXTRACTED,,Extracted from table on page 56
NER_01927,GSI,GSI_1927,Arunachal Pradesh,Dibang Valley,"Anini-Dambuen road corridor 4
km mile stone",28.863017,95.856703,,Slide,,56,TABLE_EXTRACTED,,Extracted from table on page 56
NER_01928,GSI,GSI_1928,Arunachal Pradesh,Dibang Valley,Anini-Etalin road section,28.868037,95.983398,,Slide,,56,TABLE_EXTRACTED,,Extracted from table on page 56
NER_01929,GSI,GSI_1929,Arunachal Pradesh,Dibang Valley,Anini-Etalin road section,28.871556,95.852732,,Slide,,56,TABLE_EXTRACTED,,Extracted from table on page 56
NER_01930,GSI,GSI_1930,Arunachal Pradesh,Dibang Valley,Anini-Etalin road section,28.873622,95.850285,,Slide,,56,TABLE_EXTRACTED,,Extracted from table on page 56
NER_01931,GSI,GSI_1931,Arunachal Pradesh,Dibang Valley,Anini-Etalin road section,28.874939,95.981911,,Slide,,56,TABLE_EXTRACTED,,Extracted from table on page 56
NER_01932,GSI,GSI_1932,Arunachal Pradesh,Dibang Valley,Anini-Etalin road section,28.87826,95.847156,,Slide,,56,TABLE_EXTRACTED,,Extracted from table on page 56
NER_01933,GSI,GSI_1933,Arunachal Pradesh,Dibang Valley,"Anini-Etalin road section, NH-
313",28.937833,95.820661,,Slide,,56,TABLE_EXTRACTED,,Extracted from table on page 56
NER_01934,GSI,GSI_1934,Arunachal Pradesh,Dibang Valley,Anini-Etalin road section,28.940482,95.82044,,Slide,,56,TABLE_EXTRACTED,DUP_GROUP_436,Extracted from table on page 56
NER_01935,GSI,GSI_1935,Arunachal Pradesh,Dibang Valley,"Anini-Etalin road section, NH-
313",28.9407,95.82058,,Slide,,56,TABLE_EXTRACTED,DUP_GROUP_436,Extracted from table on page 56
NER_01936,GSI,GSI_1936,Arunachal Pradesh,Dibang Valley,Anini-Etalin road section,28.963981,95.808627,,Slide,,56,TABLE_EXTRACTED,,Extracted from table on page 56
NER_01937,GSI,GSI_1937,Arunachal Pradesh,Papum Pare,NULL,27.257541,93.796397,,Slide,,56,TABLE_EXTRACTED,DUP_GROUP_437,Extracted from table on page 56
NER_01938,GSI,GSI_1938,Arunachal Pradesh,Papum Pare,NULL,27.285858,93.798472,,Slide,,56,TABLE_EXTRACTED,,Extracted from table on page 56
NER_01939,GSI,GSI_1939,Arunachal Pradesh,Papum Pare,NH 415,27.105253,93.825399,,Slide,,56,TABLE_EXTRACTED,,Extracted from table on page 56
NER_01940,GSI,GSI_1940,Arunachal Pradesh,Papum Pare,"Banderdewa-Nirjuli Road (NH-
415)",27.121136,93.762164,,Flow,,56,TABLE_EXTRACTED,DUP_GROUP_438,Extracted from table on page 56
NER_01941,GSI,GSI_1941,Arunachal Pradesh,Papum Pare,Yupia-Possa Road (NH-713A),27.121136,93.762164,,Slide,,56,TABLE_EXTRACTED,DUP_GROUP_438,Extracted from table on page 56
NER_01942,GSI,GSI_1942,Arunachal Pradesh,Lower Dibang Valley,Hunli-Anini Road (NH313),28.389197,95.927761,,flow,,57,TABLE_EXTRACTED,DUP_GROUP_422,Extracted from table on page 57
NER_01943,GSI,GSI_1943,Arunachal Pradesh,West Kameng,NULL,27.092699,92.58314,,Slide,,57,TABLE_EXTRACTED,,Extracted from table on page 57
NER_01944,GSI,GSI_1944,Arunachal Pradesh,Papum Pare,NULL,27.059755,93.522666,,Slide,,57,TABLE_EXTRACTED,DUP_GROUP_439,Extracted from table on page 57
NER_01945,GSI,GSI_1945,Arunachal Pradesh,East Kameng,NH 13,27.322582,93.048256,,Slide,,57,TABLE_EXTRACTED,DUP_GROUP_440,Extracted from table on page 57
NER_01946,GSI,GSI_1946,Arunachal Pradesh,East Kameng,NH 13,27.313874,93.045623,,Slide,,57,TABLE_EXTRACTED,DUP_GROUP_441,Extracted from table on page 57
NER_01947,GSI,GSI_1947,Arunachal Pradesh,East Kameng,NH 13,27.311231,93.04677,,Slide,,57,TABLE_EXTRACTED,DUP_GROUP_442,Extracted from table on page 57
NER_01948,GSI,GSI_1948,Arunachal Pradesh,Papum Pare,Itanagar-Jote Road,27.059755,93.522666,,Slide,,57,TABLE_EXTRACTED,DUP_GROUP_439,Extracted from table on page 57
NER_01949,GSI,GSI_1949,Arunachal Pradesh,East Kameng,NH 13,27.309745,93.047722,,Slide,,57,TABLE_EXTRACTED,DUP_GROUP_445,Extracted from table on page 57
NER_01950,GSI,GSI_1950,Arunachal Pradesh,East Kameng,NH 13,27.304291,93.052835,,Slide,,57,TABLE_EXTRACTED,DUP_GROUP_446,Extracted from table on page 57
NER_01951,GSI,GSI_1951,Arunachal Pradesh,East Kameng,NH 13,27.304291,93.052835,,Slide,,57,TABLE_EXTRACTED,DUP_GROUP_446,Extracted from table on page 57
NER_01952,GSI,GSI_1952,Arunachal Pradesh,East Kameng,NH 13,27.308143,93.059302,,Slide,,57,TABLE_EXTRACTED,DUP_GROUP_449,Extracted from table on page 57
NER_01953,GSI,GSI_1953,Arunachal Pradesh,East Kameng,NH 13,27.301468,93.053244,,Slide,,57,TABLE_EXTRACTED,DUP_GROUP_450,Extracted from table on page 57
NER_01954,GSI,GSI_1954,Arunachal Pradesh,East Kameng,NH 13,27.302253,93.050932,,Slide,,57,TABLE_EXTRACTED,DUP_GROUP_324,Extracted from table on page 57
NER_01955,GSI,GSI_1955,Arunachal Pradesh,East Kameng,NH 13,27.293539,93.050398,,Slide,,57,TABLE_EXTRACTED,DUP_GROUP_322,Extracted from table on page 57
NER_01956,GSI,GSI_1956,Arunachal Pradesh,East Kameng,NH 13,27.296928,93.088111,,Slide,,57,TABLE_EXTRACTED,DUP_GROUP_453,Extracted from table on page 57
NER_01957,GSI,GSI_1957,Arunachal Pradesh,East Kameng,NH 13,27.296928,93.088111,,Slide,,57,TABLE_EXTRACTED,DUP_GROUP_453,Extracted from table on page 57
NER_01958,GSI,GSI_1958,Arunachal Pradesh,East Kameng,NH 13,27.296928,93.088111,,Slide,,57,TABLE_EXTRACTED,DUP_GROUP_454,Extracted from table on page 57
NER_01959,GSI,GSI_1959,Arunachal Pradesh,East Kameng,NH 13,27.296928,93.088111,,Slide,,57,TABLE_EXTRACTED,DUP_GROUP_455,Extracted from table on page 57
NER_01960,GSI,GSI_1960,Arunachal Pradesh,East Kameng,NH 13,27.296928,93.088111,,Slide,,57,TABLE_EXTRACTED,DUP_GROUP_456,Extracted from table on page 57
NER_01961,GSI,GSI_1961,Arunachal Pradesh,East Kameng,NH 13,27.296928,93.088111,,Slide,,57,TABLE_EXTRACTED,DUP_GROUP_457,Extracted from table on page 57
NER_01962,GSI,GSI_1962,Arunachal Pradesh,East Kameng,NH 13,27.301412,93.051563,,Slide,,57,TABLE_EXTRACTED,DUP_GROUP_510,Extracted from table on page 57
NER_01963,GSI,GSI_1963,Arunachal Pradesh,East Kameng,NH 13,27.311571,93.046703,,Slide,,57,TABLE_EXTRACTED,DUP_GROUP_442,Extracted from table on page 57
NER_01964,GSI,GSI_1964,Arunachal Pradesh,Pakke Kessang,NH 13,27.216933,93.066329,,Slide,,57,TABLE_EXTRACTED,DUP_GROUP_513,Extracted from table on page 57
NER_01965,GSI,GSI_1965,Arunachal Pradesh,Pakke Kessang,NH 13,27.216933,93.066329,,Slide,,57,TABLE_EXTRACTED,DUP_GROUP_513,Extracted from table on page 57
NER_01966,GSI,GSI_1966,Arunachal Pradesh,East Kameng,NH 13,27.296928,93.088111,,Slide,,57,TABLE_EXTRACTED,DUP_GROUP_458,Extracted from table on page 57
NER_01967,GSI,GSI_1967,Arunachal Pradesh,East Kameng,NH 13,27.296928,93.088111,,Slide,,57,TABLE_EXTRACTED,DUP_GROUP_459,Extracted from table on page 57
NER_01968,GSI,GSI_1968,Arunachal Pradesh,East Kameng,NH 13,27.296928,93.088111,,Slide,,57,TABLE_EXTRACTED,DUP_GROUP_460,Extracted from table on page 57
NER_01969,GSI,GSI_1969,Arunachal Pradesh,East Kameng,NH 13,27.296928,93.088111,,Slide,,57,TABLE_EXTRACTED,DUP_GROUP_461,Extracted from table on page 57
NER_01970,GSI,GSI_1970,Arunachal Pradesh,Papum Pare,Itanagar-Jote Road,27.053976,93.494166,,Slide,,57,TABLE_EXTRACTED,DUP_GROUP_534,Extracted from table on page 57
NER_01971,GSI,GSI_1971,Arunachal Pradesh,East Kameng,NH 13,27.296928,93.088111,,Slide,,57,TABLE_EXTRACTED,DUP_GROUP_462,Extracted from table on page 57
NER_01972,GSI,GSI_1972,Arunachal Pradesh,East Kameng,NH 13,27.296928,93.088111,,Slide,,57,TABLE_EXTRACTED,DUP_GROUP_463,Extracted from table on page 57
NER_01973,GSI,GSI_1973,Arunachal Pradesh,Papum Pare,NH-13,27.213127,92.652213,,Slide,,57,TABLE_EXTRACTED,DUP_GROUP_538,Extracted from table on page 57
NER_01974,GSI,GSI_1974,Arunachal Pradesh,Papum Pare,NH-13,27.062298,93.531487,,Slide,,57,TABLE_EXTRACTED,DUP_GROUP_539,Extracted from table on page 57
NER_01975,GSI,GSI_1975,Arunachal Pradesh,Papum Pare,NH- 415,27.109398,93.61692,,Slide,,57,TABLE_EXTRACTED,DUP_GROUP_540,Extracted from table on page 57
NER_01976,GSI,GSI_1976,Arunachal Pradesh,West Kameng,Just before pinjuli bridge,27.084417,92.586622,,slide,,57,TABLE_EXTRACTED,,Extracted from table on page 57
NER_01977,GSI,GSI_1977,Arunachal Pradesh,Lower Dibang Valley,Beside NH 313,28.199641,95.811903,,slide,,57,TABLE_EXTRACTED,DUP_GROUP_391,Extracted from table on page 57
NER_01978,GSI,GSI_1978,Arunachal Pradesh,Lower Dibang Valley,Beside NH 313,28.198566,95.813206,,flow,,57,TABLE_EXTRACTED,,Extracted from table on page 57
NER_01979,GSI,GSI_1979,Arunachal Pradesh,Lower Dibang Valley,Beside NH 313,28.194898,95.807336,,slide,,57,TABLE_EXTRACTED,DUP_GROUP_390,Extracted from table on page 57
NER_01980,GSI,GSI_1980,Arunachal Pradesh,West Kameng,,27.08386,92.587656,,slide,,57,TABLE_EXTRACTED,,Extracted from table on page 57
NER_01981,GSI,GSI_1981,Arunachal Pradesh,Lower Dibang Valley,Beside Mayodiya-Anini Road,28.244256,95.920559,,slide,,57,TABLE_EXTRACTED,,Extracted from table on page 57
NER_01982,GSI,GSI_1982,Arunachal Pradesh,East Kameng,,27.322582,93.048256,,slide,,57,TABLE_EXTRACTED,DUP_GROUP_440,Extracted from table on page 57
NER_01983,GSI,GSI_1983,Arunachal Pradesh,East Kameng,,27.313874,93.045623,,slide,,57,TABLE_EXTRACTED,DUP_GROUP_441,Extracted from table on page 57
NER_01984,GSI,GSI_1984,Arunachal Pradesh,East Kameng,,27.311231,93.04677,,slide,,57,TABLE_EXTRACTED,DUP_GROUP_443,Extracted from table on page 57
NER_01985,GSI,GSI_1985,Arunachal Pradesh,Papum Pare,,27.160636,93.738873,,Slide,,57,TABLE_EXTRACTED,DUP_GROUP_267,Extracted from table on page 57
NER_01986,GSI,GSI_1986,Arunachal Pradesh,East Kameng,,27.309745,93.047722,,slide,,57,TABLE_EXTRACTED,DUP_GROUP_445,Extracted from table on page 57
NER_01987,GSI,GSI_1987,Arunachal Pradesh,East Kameng,,27.304291,93.052835,,slide,,57,TABLE_EXTRACTED,DUP_GROUP_447,Extracted from table on page 57
NER_01988,GSI,GSI_1988,Arunachal Pradesh,East Kameng,,27.308143,93.059302,,slide,,57,TABLE_EXTRACTED,DUP_GROUP_449,Extracted from table on page 57
NER_01989,GSI,GSI_1989,Arunachal Pradesh,East Kameng,,27.301468,93.053244,,slide,,57,TABLE_EXTRACTED,DUP_GROUP_450,Extracted from table on page 57
NER_01990,GSI,GSI_1990,Arunachal Pradesh,East Kameng,,27.302253,93.050932,,slide,,57,TABLE_EXTRACTED,DUP_GROUP_325,Extracted from table on page 57
NER_01991,GSI,GSI_1991,Arunachal Pradesh,East Kameng,,27.293539,93.050398,,slide,,57,TABLE_EXTRACTED,DUP_GROUP_323,Extracted from table on page 57
NER_01992,GSI,GSI_1992,Arunachal Pradesh,East Kameng,,27.296928,93.088111,,slide,,57,TABLE_EXTRACTED,DUP_GROUP_464,Extracted from table on page 57
NER_01993,GSI,GSI_1993,Arunachal Pradesh,East Kameng,,27.301412,93.051563,,slide,,58,TABLE_EXTRACTED,DUP_GROUP_510,Extracted from table on page 58
NER_01994,GSI,GSI_1994,Arunachal Pradesh,East Kameng,,27.311571,93.046703,,slide,,58,TABLE_EXTRACTED,DUP_GROUP_444,Extracted from table on page 58
NER_01995,GSI,GSI_1995,Arunachal Pradesh,Papum Pare,,27.157291,93.739896,,Slide,,58,TABLE_EXTRACTED,,Extracted from table on page 58
NER_01996,GSI,GSI_1996,Arunachal Pradesh,East Kameng,,27.216933,93.066329,,slide,,58,TABLE_EXTRACTED,DUP_GROUP_514,Extracted from table on page 58
NER_01997,GSI,GSI_1997,Arunachal Pradesh,Papum Pare,,27.158579,93.74103,,Slide,,58,TABLE_EXTRACTED,,Extracted from table on page 58
NER_01998,GSI,GSI_1998,Arunachal Pradesh,Papum Pare,,27.162502,93.746553,,Slide,,58,TABLE_EXTRACTED,,Extracted from table on page 58
NER_01999,GSI,GSI_1999,Arunachal Pradesh,Papum Pare,,27.16186,93.747535,,Slide,,58,TABLE_EXTRACTED,,Extracted from table on page 58
NER_02000,GSI,GSI_2000,Arunachal Pradesh,Papum Pare,,27.166107,93.750907,,Slide,,58,TABLE_EXTRACTED,DUP_GROUP_268,Extracted from table on page 58
NER_02001,GSI,GSI_2001,Arunachal Pradesh,Papum Pare,,27.166864,93.755668,,Slide,,58,TABLE_EXTRACTED,,Extracted from table on page 58
NER_02002,GSI,GSI_2002,Arunachal Pradesh,Papum Pare,,27.169659,93.756277,,Slide,,58,TABLE_EXTRACTED,,Extracted from table on page 58
NER_02003,GSI,GSI_2003,Arunachal Pradesh,Papum Pare,,27.184921,93.782324,,Slide,,58,TABLE_EXTRACTED,,Extracted from table on page 58
NER_02004,GSI,GSI_2004,Arunachal Pradesh,Papum Pare,,27.188151,93.78308,,Slide,,58,TABLE_EXTRACTED,,Extracted from table on page 58
NER_02005,GSI,GSI_2005,Arunachal Pradesh,Papum Pare,,27.192865,93.781908,,Slide,,58,TABLE_EXTRACTED,,Extracted from table on page 58
NER_02006,GSI,GSI_2006,Arunachal Pradesh,Papum Pare,,27.194916,93.778683,,Slide,,58,TABLE_EXTRACTED,,Extracted from table on page 58
NER_02007,GSI,GSI_2007,Arunachal Pradesh,Papum Pare,,27.197293,93.782341,,Slide,,58,TABLE_EXTRACTED,,Extracted from table on page 58
NER_02008,GSI,GSI_2008,Arunachal Pradesh,Papum Pare,,27.20833,93.794568,,Slide,,58,TABLE_EXTRACTED,,Extracted from table on page 58
NER_02009,GSI,GSI_2009,Arunachal Pradesh,Papum Pare,,27.227449,93.798727,,Slide,,58,TABLE_EXTRACTED,DUP_GROUP_301,Extracted from table on page 58
NER_02010,GSI,GSI_2010,Arunachal Pradesh,Papum Pare,,27.228061,93.797954,,Slide,,58,TABLE_EXTRACTED,,Extracted from table on page 58
NER_02011,GSI,GSI_2011,Arunachal Pradesh,Papum Pare,,27.228511,93.799206,,Slide,,58,TABLE_EXTRACTED,DUP_GROUP_302,Extracted from table on page 58
NER_02012,GSI,GSI_2012,Arunachal Pradesh,Papum Pare,,27.229356,93.800968,,Slide,,58,TABLE_EXTRACTED,,Extracted from table on page 58
NER_02013,GSI,GSI_2013,Arunachal Pradesh,Papum Pare,,27.23616,93.807069,,Slide,,58,TABLE_EXTRACTED,DUP_GROUP_303,Extracted from table on page 58
NER_02014,GSI,GSI_2014,Arunachal Pradesh,Papum Pare,,27.23719,93.80556,,Slide,,58,TABLE_EXTRACTED,,Extracted from table on page 58
NER_02015,GSI,GSI_2015,Arunachal Pradesh,Papum Pare,,27.238406,93.806341,,Slide,,58,TABLE_EXTRACTED,DUP_GROUP_305,Extracted from table on page 58
NER_02016,GSI,GSI_2016,Arunachal Pradesh,Papum Pare,,27.239998,93.807194,,Slide,,58,TABLE_EXTRACTED,DUP_GROUP_307,Extracted from table on page 58
NER_02017,GSI,GSI_2017,Arunachal Pradesh,Papum Pare,,27.246268,93.804628,,Slide,,58,TABLE_EXTRACTED,DUP_GROUP_309,Extracted from table on page 58
NER_02018,GSI,GSI_2018,Arunachal Pradesh,Papum Pare,,27.248114,93.805987,,Slide,,58,TABLE_EXTRACTED,,Extracted from table on page 58
NER_02019,GSI,GSI_2019,Arunachal Pradesh,Papum Pare,,27.252527,93.804341,,Slide,,58,TABLE_EXTRACTED,,Extracted from table on page 58
NER_02020,GSI,GSI_2020,Arunachal Pradesh,Papum Pare,,27.25649,93.795077,,Slide,,58,TABLE_EXTRACTED,,Extracted from table on page 58
NER_02021,GSI,GSI_2021,Arunachal Pradesh,Papum Pare,,27.257603,93.796335,,Slide,,58,TABLE_EXTRACTED,DUP_GROUP_437,Extracted from table on page 58
NER_02022,GSI,GSI_2022,Arunachal Pradesh,West Kameng,,27.177138,92.576909,,slide,,58,TABLE_EXTRACTED,DUP_GROUP_542,Extracted from table on page 58
NER_02023,GSI,GSI_2023,Arunachal Pradesh,West Kameng,,27.178567,92.583154,,slide,,58,TABLE_EXTRACTED,,Extracted from table on page 58
NER_02024,GSI,GSI_2024,Arunachal Pradesh,West Kameng,,27.177138,92.576909,,slide,,58,TABLE_EXTRACTED,DUP_GROUP_542,Extracted from table on page 58
NER_02025,GSI,GSI_2025,Arunachal Pradesh,West Kameng,,27.184248,92.579624,,slide,,58,TABLE_EXTRACTED,,Extracted from table on page 58
NER_02026,GSI,GSI_2026,Arunachal Pradesh,Papum Pare,,27.109398,93.61692,,slide,,58,TABLE_EXTRACTED,DUP_GROUP_540,Extracted from table on page 58
NER_02027,GSI,GSI_2027,Arunachal Pradesh,Papum Pare,,27.113024,93.606339,,slide,,58,TABLE_EXTRACTED,,Extracted from table on page 58
NER_02028,GSI,GSI_2028,Arunachal Pradesh,East Kameng,,27.307958,93.498326,,slide,,58,TABLE_EXTRACTED,,Extracted from table on page 58
NER_02029,GSI,GSI_2029,Arunachal Pradesh,West Kameng,Taken from opposite slope/road,27.318647,92.77855,,slide,,58,TABLE_EXTRACTED,,Extracted from table on page 58
NER_02030,GSI,GSI_2030,Arunachal Pradesh,West Kameng,,27.24867,92.737685,,slide,,58,TABLE_EXTRACTED,DUP_GROUP_311,Extracted from table on page 58
NER_02031,GSI,GSI_2031,Arunachal Pradesh,West Kameng,,27.288425,92.769407,,slide,,58,TABLE_EXTRACTED,,Extracted from table on page 58
NER_02032,GSI,GSI_2032,Arunachal Pradesh,Papum Pare,,27.080299,93.574089,,slide,,58,TABLE_EXTRACTED,DUP_GROUP_543,Extracted from table on page 58
NER_02033,GSI,GSI_2033,Arunachal Pradesh,Papum Pare,,27.079763,93.573921,,slide,,58,TABLE_EXTRACTED,DUP_GROUP_543,Extracted from table on page 58
NER_02034,GSI,GSI_2034,Arunachal Pradesh,Papum Pare,,27.078192,93.572402,,slide,,58,TABLE_EXTRACTED,DUP_GROUP_544,Extracted from table on page 58
NER_02035,GSI,GSI_2035,Arunachal Pradesh,Papum Pare,,27.077728,93.57163,,slide,,58,TABLE_EXTRACTED,DUP_GROUP_544,Extracted from table on page 58
NER_02036,GSI,GSI_2036,Arunachal Pradesh,Papum Pare,near Ganga lake entrance,27.076582,93.569035,,slide,,58,TABLE_EXTRACTED,,Extracted from table on page 58
NER_02037,GSI,GSI_2037,Arunachal Pradesh,Papum Pare,,27.069837,93.5542,,slide,,58,TABLE_EXTRACTED,,Extracted from table on page 58
NER_02038,GSI,GSI_2038,Arunachal Pradesh,Papum Pare,"way to NIT, AP",27.069615,93.550726,,slide,,58,TABLE_EXTRACTED,,Extracted from table on page 58
NER_02039,GSI,GSI_2039,Arunachal Pradesh,Papum Pare,way to NIT,27.066648,93.536536,,slide,,58,TABLE_EXTRACTED,,Extracted from table on page 58
NER_02040,GSI,GSI_2040,Arunachal Pradesh,West Kameng,way to NIT,27.213127,92.652213,,slide,,58,TABLE_EXTRACTED,DUP_GROUP_538,Extracted from table on page 58
NER_02041,GSI,GSI_2041,Arunachal Pradesh,Papum Pare,way to NIT,27.062298,93.531487,,slide,,58,TABLE_EXTRACTED,DUP_GROUP_539,Extracted from table on page 58
NER_02042,GSI,GSI_2042,Arunachal Pradesh,Papum Pare,way to NIT,27.053976,93.494166,,slide,,58,TABLE_EXTRACTED,DUP_GROUP_534,Extracted from table on page 58
NER_02043,GSI,GSI_2043,Arunachal Pradesh,Papum Pare,,27.2594,93.796312,,Slide,,59,TABLE_EXTRACTED,,Extracted from table on page 59
NER_02044,GSI,GSI_2044,Arunachal Pradesh,Papum Pare,,27.267809,93.801259,,Slide,,59,TABLE_EXTRACTED,DUP_GROUP_315,Extracted from table on page 59
NER_02045,GSI,GSI_2045,Arunachal Pradesh,Papum Pare,,27.269714,93.802353,,Slide,,59,TABLE_EXTRACTED,DUP_GROUP_316,Extracted from table on page 59
NER_02046,GSI,GSI_2046,Arunachal Pradesh,Papum Pare,,27.270257,93.798647,,Slide,,59,TABLE_EXTRACTED,DUP_GROUP_317,Extracted from table on page 59
NER_02047,GSI,GSI_2047,Arunachal Pradesh,Papum Pare,,27.274387,93.797815,,Slide,,59,TABLE_EXTRACTED,DUP_GROUP_318,Extracted from table on page 59
NER_02048,GSI,GSI_2048,Arunachal Pradesh,East Siang,,28.139996,95.259634,,slide,,59,TABLE_EXTRACTED,,Extracted from table on page 59
NER_02049,GSI,GSI_2049,Arunachal Pradesh,East Siang,NH-13,28.136244,95.245136,,slide,,59,TABLE_EXTRACTED,,Extracted from table on page 59
NER_02050,GSI,GSI_2050,Arunachal Pradesh,Lower Subansiri,Near BRO Dett,27.622016,93.841176,,slide,,59,TABLE_EXTRACTED,DUP_GROUP_356,Extracted from table on page 59
NER_02051,GSI,GSI_2051,Arunachal Pradesh,Lower Subansiri,,27.622973,93.841316,,slide,,59,TABLE_EXTRACTED,DUP_GROUP_357,Extracted from table on page 59
NER_02052,GSI,GSI_2052,Arunachal Pradesh,Lower Subansiri,,27.623829,93.841776,,slide,,59,TABLE_EXTRACTED,DUP_GROUP_545,Extracted from table on page 59
NER_02053,GSI,GSI_2053,Arunachal Pradesh,Lower Subansiri,,27.623885,93.841824,,slide,,59,TABLE_EXTRACTED,DUP_GROUP_545,Extracted from table on page 59
NER_02054,GSI,GSI_2054,Arunachal Pradesh,Lower Subansiri,,27.631,93.8465,,Slide,,59,TABLE_EXTRACTED,,Extracted from table on page 59
NER_02055,GSI,GSI_2055,Arunachal Pradesh,Lower Subansiri,,27.633,93.8464,,Slide,,59,TABLE_EXTRACTED,,Extracted from table on page 59
NER_02056,GSI,GSI_2056,Arunachal Pradesh,Lower Subansiri,,27.636624,93.8485,,Slide,,59,TABLE_EXTRACTED,,Extracted from table on page 59
NER_02057,GSI,GSI_2057,Arunachal Pradesh,Lower Subansiri,,27.6369,93.853,,Slide,,59,TABLE_EXTRACTED,,Extracted from table on page 59
NER_02058,GSI,GSI_2058,Arunachal Pradesh,Lower Subansiri,,27.6375,93.8555,,Slide,,59,TABLE_EXTRACTED,,Extracted from table on page 59
NER_02059,GSI,GSI_2059,Arunachal Pradesh,Lower Subansiri,Near Cabbage Garden,27.6387,93.8551,,Slide,,59,TABLE_EXTRACTED,,Extracted from table on page 59
NER_02060,GSI,GSI_2060,Arunachal Pradesh,Lower Subansiri,,27.6384,93.8578,,Slide,,59,TABLE_EXTRACTED,DUP_GROUP_359,Extracted from table on page 59
NER_02061,GSI,GSI_2061,Arunachal Pradesh,Lower Subansiri,Near Cabbage Garden,27.64,93.858,,Slide,,59,TABLE_EXTRACTED,,Extracted from table on page 59
NER_02062,GSI,GSI_2062,Arunachal Pradesh,Lower Subansiri,,27.6478,93.8737,,Slide,,59,TABLE_EXTRACTED,,Extracted from table on page 59
NER_02063,GSI,GSI_2063,Arunachal Pradesh,Lower Subansiri,Near to Cabbage Garden,27.6402,93.8628,,Slide,,59,TABLE_EXTRACTED,,Extracted from table on page 59
NER_02064,GSI,GSI_2064,Arunachal Pradesh,Lower Subansiri,8 Mile Location,27.6394,93.8708,,Slide,,59,TABLE_EXTRACTED,,Extracted from table on page 59
NER_02065,GSI,GSI_2065,Arunachal Pradesh,Lower Subansiri,,27.6451,93.8706,,Slide,,59,TABLE_EXTRACTED,,Extracted from table on page 59
NER_02066,GSI,GSI_2066,Arunachal Pradesh,Lower Subansiri,,27.649,93.8744,,Slide,,59,TABLE_EXTRACTED,DUP_GROUP_360,Extracted from table on page 59
NER_02067,GSI,GSI_2067,Arunachal Pradesh,Lower Subansiri,,27.6549,93.8759,,Slide,,59,TABLE_EXTRACTED,,Extracted from table on page 59
NER_02068,GSI,GSI_2068,Arunachal Pradesh,Lower Subansiri,,27.66,93.8799,,Slide,,59,TABLE_EXTRACTED,,Extracted from table on page 59
NER_02069,GSI,GSI_2069,Arunachal Pradesh,Lower Subansiri,,27.6607,93.8833,,Slide,,59,TABLE_EXTRACTED,,Extracted from table on page 59
NER_02070,GSI,GSI_2070,Arunachal Pradesh,Lower Subansiri,,27.6756,93.8837,,Slide,,59,TABLE_EXTRACTED,,Extracted from table on page 59
NER_02071,GSI,GSI_2071,Arunachal Pradesh,Lower Subansiri,,27.6784,93.9026,,Slide,,59,TABLE_EXTRACTED,,Extracted from table on page 59
NER_02072,GSI,GSI_2072,Arunachal Pradesh,Lower Subansiri,,27.6712,93.8974,,Slide,,59,TABLE_EXTRACTED,,Extracted from table on page 59
NER_02073,GSI,GSI_2073,Arunachal Pradesh,Kamle,,27.7621,94.0563,,Slide,,59,TABLE_EXTRACTED,,Extracted from table on page 59
NER_02074,GSI,GSI_2074,Arunachal Pradesh,Kamle,,27.763,94.037,,Slide,,59,TABLE_EXTRACTED,,Extracted from table on page 59
NER_02075,GSI,GSI_2075,Arunachal Pradesh,Lower Subansiri,,27.7306,93.9767,,Slide,,59,TABLE_EXTRACTED,,Extracted from table on page 59
NER_02076,GSI,GSI_2076,Arunachal Pradesh,Lower Subansiri,,27.7257,93.9656,,Slide,,59,TABLE_EXTRACTED,,Extracted from table on page 59
NER_02077,GSI,GSI_2077,Arunachal Pradesh,Lower Subansiri,,27.7231,93.9587,,Slide,,59,TABLE_EXTRACTED,,Extracted from table on page 59
NER_02078,GSI,GSI_2078,Arunachal Pradesh,Lower Subansiri,,27.7182,93.947,,Slide,,59,TABLE_EXTRACTED,,Extracted from table on page 59
NER_02079,GSI,GSI_2079,Arunachal Pradesh,Papum Pare,,27.099285,93.614766,,subsidence,,59,TABLE_EXTRACTED,,Extracted from table on page 59
NER_02080,GSI,GSI_2080,Arunachal Pradesh,Papum Pare,,27.086102,93.596625,,fall,,59,TABLE_EXTRACTED,,Extracted from table on page 59
NER_02081,GSI,GSI_2081,Arunachal Pradesh,Lower Siang,"Roadside landslide near Magi
basti",27.715081,94.692035,,slide,,59,TABLE_EXTRACTED,,Extracted from table on page 59
NER_02082,GSI,GSI_2082,Andhra Pradesh,Visakhapatanam,Along SH-39,,,,Slide,,59,NO_COORDINATES,,Extracted from table on page 59
NER_02083,GSI,GSI_2083,Andhra Pradesh,Visakhapatanam,South west of Pulaguda Village,,,,Fall,,59,NO_COORDINATES,,Extracted from table on page 59
NER_02084,GSI,GSI_2084,Andhra Pradesh,Visakhapatanam,"Muliaguda (opposite SH-39, fifty
meters away from SH )",,,,Slide,,59,NO_COORDINATES,,Extracted from table on page 59
NER_02085,GSI,GSI_2085,Andhra Pradesh,Visakhapatanam,1km north of Mardaguda,,,,Slide,,59,NO_COORDINATES,,Extracted from table on page 59
NER_02086,GSI,GSI_2086,Andhra Pradesh,Visakhapatanam,Anantagiri,,,,Slide,,59,NO_COORDINATES,,Extracted from table on page 59
NER_02087,GSI,GSI_2087,Andhra Pradesh,Visakhapatanam,Along SH-39,,,,Fall,,59,NO_COORDINATES,,Extracted from table on page 59
NER_02088,GSI,GSI_2088,Andhra Pradesh,Visakhapatanam,Galikonda (Beespuram),,,,Fall,,59,NO_COORDINATES,,Extracted from table on page 59
NER_02089,GSI,GSI_2089,Andhra Pradesh,Visakhapatanam,NW of Beespuram,,,,Fall,,59,NO_COORDINATES,,Extracted from table on page 59
NER_02090,GSI,GSI_2090,Andhra Pradesh,Visakhapatanam,"Galikonda (Culvert ΓÇô
92/1)",,,,Fall,,60,NO_COORDINATES,,Extracted from table on page 60
NER_02091,GSI,GSI_2091,Andhra Pradesh,Visakhapatanam,Along SH 39,,,,Slide,,60,NO_COORDINATES,,Extracted from table on page 60
NER_02092,GSI,GSI_2092,Andhra Pradesh,Visakhapatanam,Along SH 39,,,,Slide,,60,NO_COORDINATES,,Extracted from table on page 60
NER_02093,GSI,GSI_2093,Andhra Pradesh,Visakhapatanam,Along SH-39,,,,Slide,,60,NO_COORDINATES,,Extracted from table on page 60
NER_02094,GSI,GSI_2094,Andhra Pradesh,Visakhapatanam,NW of Beespuram,,,,Fall,,60,NO_COORDINATES,,Extracted from table on page 60
NER_02095,GSI,GSI_2095,Andhra Pradesh,Visakhapatanam,NW of Beespuram,,,,Slide,,60,NO_COORDINATES,,Extracted from table on page 60
NER_02096,GSI,GSI_2096,Andhra Pradesh,Visakhapatanam,"Galikonda, Near Hanuman
temple",,,,Slide,,60,NO_COORDINATES,,Extracted from table on page 60
NER_02097,GSI,GSI_2097,Andhra Pradesh,Visakhapatanam,Galikonda,,,,Slide,,60,NO_COORDINATES,,Extracted from table on page 60
NER_02098,GSI,GSI_2098,Andhra Pradesh,Visakhapatanam,"200m east of Sunkarmeta view
point",,,,Fall,,60,NO_COORDINATES,,Extracted from table on page 60
NER_02099,GSI,GSI_2099,Andhra Pradesh,Visakhapatanam,Galikonda Area,,,,Slide,,60,NO_COORDINATES,,Extracted from table on page 60
NER_02100,GSI,GSI_2100,Andhra Pradesh,Visakhapatanam,1km north of Bispuram village,,,,Slide,,60,NO_COORDINATES,,Extracted from table on page 60
NER_02101,GSI,GSI_2101,Andhra Pradesh,Visakhapatanam,Beespuram,,,,Fall,,60,NO_COORDINATES,,Extracted from table on page 60
NER_02102,GSI,GSI_2102,Andhra Pradesh,Visakhapatanam,On the way to Katki waterfall,,,,Slide,,60,NO_COORDINATES,,Extracted from table on page 60
NER_02103,GSI,GSI_2103,Andhra Pradesh,Visakhapatanam,600m East of Balluguda village,,,,Flow,,60,NO_COORDINATES,,Extracted from table on page 60
NER_02104,GSI,GSI_2104,Andhra Pradesh,Visakhapatanam,500m East of Balluguda village,,,,Fall,,60,NO_COORDINATES,,Extracted from table on page 60
NER_02105,GSI,GSI_2105,Andhra Pradesh,Visakhapatanam,Araku,,,,Slide,,60,NO_COORDINATES,,Extracted from table on page 60
NER_02106,GSI,GSI_2106,Andhra Pradesh,Visakhapatanam,1km north of Mardaguda,,,,Slide,,60,NO_COORDINATES,,Extracted from table on page 60
NER_02107,GSI,GSI_2107,Andhra Pradesh,Visakhapatanam,Kodipunjuvalasa Slide,,,,Slide,,60,NO_COORDINATES,,Extracted from table on page 60
NER_02108,GSI,GSI_2108,Andhra Pradesh,Visakhapatanam,Jangadivalasa,,,,Slide,,60,NO_COORDINATES,,Extracted from table on page 60
NER_02109,GSI,GSI_2109,Andhra Pradesh,Visakhapatanam,Tiklibida Landslide,,,,Slide,,60,NO_COORDINATES,,Extracted from table on page 60
NER_02110,GSI,GSI_2110,Andhra Pradesh,Visakhapatanam,"SH-39, 300 meters ahead of
Araku Railway Crossing",,,,Slide,,60,NO_COORDINATES,,Extracted from table on page 60
NER_02111,GSI,GSI_2111,Himachal Pradesh,Sirmur,"Marug, MDR3",,,,Slide,,60,NO_COORDINATES,,Extracted from table on page 60
NER_02112,GSI,GSI_2112,Himachal Pradesh,Solan,"NH22/ RD: 70+750 to
70+950/Dattyar Village,",,,,Slide,,60,NO_COORDINATES,,Extracted from table on page 60
NER_02113,GSI,GSI_2113,Himachal Pradesh,Solan,"NH22/ RD: 71+100 to
71+200/Dattyar Village, near
ChakiMorh",,,,Slide,,60,NO_COORDINATES,,Extracted from table on page 60
NER_02114,GSI,GSI_2114,Himachal Pradesh,Solan,"NH22/ RD: 71+300 to
71+420/ChakkiMorh",,,,Slide,,60,NO_COORDINATES,,Extracted from table on page 60
NER_02115,GSI,GSI_2115,Himachal Pradesh,Solan,"NH22/ RD: 87+480/3km away
from Kumarhatti to Chandigarh
on ShimlaChandigarh Road.",,,,Slide,,60,NO_COORDINATES,,Extracted from table on page 60
NER_02116,GSI,GSI_2116,Himachal Pradesh,Sirmur,Mehtawala,,,,Slide,,60,NO_COORDINATES,,Extracted from table on page 60
NER_02117,GSI,GSI_2117,Himachal Pradesh,Sirmur,Mehtawala,,,,Slide,,60,NO_COORDINATES,,Extracted from table on page 60
NER_02118,GSI,GSI_2118,Himachal Pradesh,Sirmur,Mehtawala,,,,Slide,,60,NO_COORDINATES,,Extracted from table on page 60
NER_02119,GSI,GSI_2119,Himachal Pradesh,Sirmur,Mehtawala,,,,Slide,,60,NO_COORDINATES,,Extracted from table on page 60
NER_02120,GSI,GSI_2120,Himachal Pradesh,Sirmur,Mehtawala,,,,Slide,,60,NO_COORDINATES,,Extracted from table on page 60
NER_02121,GSI,GSI_2121,Himachal Pradesh,Sirmur,Mehtawala,,,,Slide,,60,NO_COORDINATES,,Extracted from table on page 60
NER_02122,GSI,GSI_2122,Himachal Pradesh,Sirmur,Sout of Haripur,,,,Slide,,60,NO_COORDINATES,,Extracted from table on page 60
NER_02123,GSI,GSI_2123,Himachal Pradesh,Sirmur,Mehtawala,,,,Slide,,60,NO_COORDINATES,,Extracted from table on page 60
NER_02124,GSI,GSI_2124,Himachal Pradesh,Sirmur,Mehtawala,,,,Slide,,60,NO_COORDINATES,,Extracted from table on page 60
NER_02125,GSI,GSI_2125,Himachal Pradesh,Sirmur,Mehtawala,,,,Slide,,60,NO_COORDINATES,,Extracted from table on page 60
NER_02126,GSI,GSI_2126,Himachal Pradesh,Sirmur,Mehtawala,,,,Slide,,60,NO_COORDINATES,,Extracted from table on page 60
NER_02127,GSI,GSI_2127,Himachal Pradesh,Sirmur,Singhauli,,,,Slide,,61,NO_COORDINATES,,Extracted from table on page 61
NER_02128,GSI,GSI_2128,Himachal Pradesh,Sirmur,North of Haripur,,,,Slide,,61,NO_COORDINATES,,Extracted from table on page 61
NER_02129,GSI,GSI_2129,Himachal Pradesh,Sirmur,North of Haripur,,,,Slide,,61,NO_COORDINATES,,Extracted from table on page 61
NER_02130,GSI,GSI_2130,Himachal Pradesh,Sirmur,North of Haripur,,,,Slide,,61,NO_COORDINATES,,Extracted from table on page 61
NER_02131,GSI,GSI_2131,Himachal Pradesh,Sirmur,Mahronwala,,,,Slide,,61,NO_COORDINATES,,Extracted from table on page 61
NER_02132,GSI,GSI_2132,Himachal Pradesh,Sirmur,Mahronwala,,,,Slide,,61,NO_COORDINATES,,Extracted from table on page 61
NER_02133,GSI,GSI_2133,Himachal Pradesh,Sirmur,BanogKaulawala bhood road,,,,Slide,,61,NO_COORDINATES,,Extracted from table on page 61
NER_02134,GSI,GSI_2134,Himachal Pradesh,Sirmur,,,,,Slide,,61,NO_COORDINATES,,Extracted from table on page 61
NER_02135,GSI,GSI_2135,Himachal Pradesh,Sirmur,,,,,Slide,,61,NO_COORDINATES,,Extracted from table on page 61
NER_02136,GSI,GSI_2136,Himachal Pradesh,Sirmur,Khadri,,,,Slide,,61,NO_COORDINATES,,Extracted from table on page 61
NER_02137,GSI,GSI_2137,Himachal Pradesh,Sirmur,Shambhuwala,,,,Slide,,61,NO_COORDINATES,,Extracted from table on page 61
NER_02138,GSI,GSI_2138,Himachal Pradesh,Sirmur,Dhaduwala,,,,Slide,,61,NO_COORDINATES,,Extracted from table on page 61
NER_02139,GSI,GSI_2139,Himachal Pradesh,Sirmur,Dewni,,,,Slide,,61,NO_COORDINATES,,Extracted from table on page 61
NER_02140,GSI,GSI_2140,Himachal Pradesh,Sirmur,Dewni,,,,Slide,,61,NO_COORDINATES,,Extracted from table on page 61
NER_02141,GSI,GSI_2141,Himachal Pradesh,Sirmur,Dhaduwala,,,,Slide,,61,NO_COORDINATES,,Extracted from table on page 61
NER_02142,GSI,GSI_2142,Himachal Pradesh,Sirmur,Dewni,,,,Slide,,61,NO_COORDINATES,,Extracted from table on page 61
NER_02143,GSI,GSI_2143,Himachal Pradesh,Sirmur,Dhaduwala,,,,Slide,,61,NO_COORDINATES,,Extracted from table on page 61
NER_02144,GSI,GSI_2144,Himachal Pradesh,Sirmur,Dewni,,,,Slide,,61,NO_COORDINATES,,Extracted from table on page 61
NER_02145,GSI,GSI_2145,Himachal Pradesh,Sirmur,Ambwala R.F.,,,,Slide,,61,NO_COORDINATES,,Extracted from table on page 61
NER_02146,GSI,GSI_2146,Himachal Pradesh,Sirmur,Ambwala R.F.,,,,Slide,,61,NO_COORDINATES,,Extracted from table on page 61
NER_02147,GSI,GSI_2147,Himachal Pradesh,Sirmur,Bikram Bag R.F.,,,,Slide,,61,NO_COORDINATES,,Extracted from table on page 61
NER_02148,GSI,GSI_2148,Himachal Pradesh,Sirmur,Bikram Bag R.F.,,,,Slide,,61,NO_COORDINATES,,Extracted from table on page 61
NER_02149,GSI,GSI_2149,Himachal Pradesh,Sirmur,Bikram Bag R.F.,,,,Slide,,61,NO_COORDINATES,,Extracted from table on page 61
NER_02150,GSI,GSI_2150,Himachal Pradesh,Sirmur,Bikram Bag R.F.,,,,Slide,,61,NO_COORDINATES,,Extracted from table on page 61
NER_02151,GSI,GSI_2151,Himachal Pradesh,Sirmur,Bikram Bag R.F.,,,,Slide,,61,NO_COORDINATES,,Extracted from table on page 61
NER_02152,GSI,GSI_2152,Himachal Pradesh,Sirmur,Bikram Bag R.F.,,,,Slide,,61,NO_COORDINATES,,Extracted from table on page 61
NER_02153,GSI,GSI_2153,Himachal Pradesh,Sirmur,Bikram Bag R.F.,,,,Slide,,61,NO_COORDINATES,,Extracted from table on page 61
NER_02154,GSI,GSI_2154,Himachal Pradesh,Sirmur,Ambwala R.F.,,,,Slide,,61,NO_COORDINATES,,Extracted from table on page 61
NER_02155,GSI,GSI_2155,Himachal Pradesh,Sirmur,Dhaduwala,,,,Slide,,61,NO_COORDINATES,,Extracted from table on page 61
NER_02156,GSI,GSI_2156,Himachal Pradesh,Sirmur,Dhaduwala,,,,Slide,,61,NO_COORDINATES,,Extracted from table on page 61
NER_02157,GSI,GSI_2157,Himachal Pradesh,Sirmur,Ganyoni R.F.,,,,Slide,,61,NO_COORDINATES,,Extracted from table on page 61
NER_02158,GSI,GSI_2158,Himachal Pradesh,Sirmur,Bikram Bag R.F.,,,,Slide,,61,NO_COORDINATES,,Extracted from table on page 61
NER_02159,GSI,GSI_2159,Himachal Pradesh,Sirmur,Shalahat R.F.,,,,Slide,,61,NO_COORDINATES,,Extracted from table on page 61
NER_02160,GSI,GSI_2160,Himachal Pradesh,Sirmur,Ganyoni R.F.,,,,Slide,,61,NO_COORDINATES,,Extracted from table on page 61
NER_02161,GSI,GSI_2161,Himachal Pradesh,Sirmur,Ganyoni R.F.,,,,Slide,,61,NO_COORDINATES,,Extracted from table on page 61
NER_02162,GSI,GSI_2162,Himachal Pradesh,Sirmur,Ganyoni R.F.,,,,Slide,,61,NO_COORDINATES,,Extracted from table on page 61
NER_02163,GSI,GSI_2163,Himachal Pradesh,Sirmur,Ganyoni R.F.,,,,Slide,,61,NO_COORDINATES,,Extracted from table on page 61
NER_02164,GSI,GSI_2164,Himachal Pradesh,Sirmur,Shambhuwala,,,,Slide,,61,NO_COORDINATES,,Extracted from table on page 61
NER_02165,GSI,GSI_2165,Himachal Pradesh,Sirmur,Ganyoni R.F.,,,,Slide,,61,NO_COORDINATES,,Extracted from table on page 61
NER_02166,GSI,GSI_2166,Himachal Pradesh,Sirmur,Dhaduwala,,,,Slide,,61,NO_COORDINATES,,Extracted from table on page 61
NER_02167,GSI,GSI_2167,Himachal Pradesh,Sirmur,Ganyoni R.F.,,,,Slide,,61,NO_COORDINATES,,Extracted from table on page 61
NER_02168,GSI,GSI_2168,Himachal Pradesh,Sirmur,Shalahat R.F.,,,,Slide,,61,NO_COORDINATES,,Extracted from table on page 61
NER_02169,GSI,GSI_2169,Himachal Pradesh,Sirmur,Bank of Mazar ki Nadi,,,,Slide,,61,NO_COORDINATES,,Extracted from table on page 61
NER_02170,GSI,GSI_2170,Himachal Pradesh,Sirmur,Ganyoni R.F.,,,,Slide,,61,NO_COORDINATES,,Extracted from table on page 61
NER_02171,GSI,GSI_2171,Himachal Pradesh,Sirmur,,,,,Fall,,61,NO_COORDINATES,,Extracted from table on page 61
NER_02172,GSI,GSI_2172,Himachal Pradesh,Sirmur,Ganyoni R.F.,,,,Slide,,61,NO_COORDINATES,,Extracted from table on page 61
NER_02173,GSI,GSI_2173,Himachal Pradesh,Sirmur,Dhaduwala,,,,Slide,,61,NO_COORDINATES,,Extracted from table on page 61
NER_02174,GSI,GSI_2174,Himachal Pradesh,Sirmur,Ganyoni R.F.,,,,Slide,,61,NO_COORDINATES,,Extracted from table on page 61
NER_02175,GSI,GSI_2175,Himachal Pradesh,Sirmur,South of Bhur,,,,Slide,,61,NO_COORDINATES,,Extracted from table on page 61
NER_02176,GSI,GSI_2176,Himachal Pradesh,Sirmur,Ganyoni R.F.,,,,Slide,,61,NO_COORDINATES,,Extracted from table on page 61
NER_02177,GSI,GSI_2177,Himachal Pradesh,Sirmur,Ganyoni R.F.,,,,Slide,,62,NO_COORDINATES,,Extracted from table on page 62
NER_02178,GSI,GSI_2178,Himachal Pradesh,Sirmur,South of Bhur,,,,Slide,,62,NO_COORDINATES,,Extracted from table on page 62
NER_02179,GSI,GSI_2179,Himachal Pradesh,Sirmur,South of Bhur,,,,Slide,,62,NO_COORDINATES,,Extracted from table on page 62
NER_02180,GSI,GSI_2180,Himachal Pradesh,Sirmur,South of Bhur,,,,Slide,,62,NO_COORDINATES,,Extracted from table on page 62
NER_02181,GSI,GSI_2181,Himachal Pradesh,Sirmur,BurmaParaliNahan road,,,,Slide,,62,NO_COORDINATES,,Extracted from table on page 62
NER_02182,GSI,GSI_2182,Himachal Pradesh,Sirmur,North of Dhaduwala,,,,Slide,,62,NO_COORDINATES,,Extracted from table on page 62
NER_02183,GSI,GSI_2183,Himachal Pradesh,Sirmur,North of Dhaduwala,,,,Slide,,62,NO_COORDINATES,,Extracted from table on page 62
NER_02184,GSI,GSI_2184,Himachal Pradesh,Sirmur,North of Dhaduwala,,,,Slide,,62,NO_COORDINATES,,Extracted from table on page 62
NER_02185,GSI,GSI_2185,Himachal Pradesh,Sirmur,BurmaParaliNahan road,,,,Slide,,62,NO_COORDINATES,,Extracted from table on page 62
NER_02186,GSI,GSI_2186,Himachal Pradesh,Sirmur,BurmaParaliNahan road,,,,Slide,,62,NO_COORDINATES,,Extracted from table on page 62
NER_02187,GSI,GSI_2187,Himachal Pradesh,Sirmur,BurmaParaliNahan road,,,,Slide,,62,NO_COORDINATES,,Extracted from table on page 62
NER_02188,GSI,GSI_2188,Himachal Pradesh,Sirmur,BurmaParaliNahan road,,,,Slide,,62,NO_COORDINATES,,Extracted from table on page 62
NER_02189,GSI,GSI_2189,Himachal Pradesh,Sirmur,Bank of Mazar ki Nadi,,,,Slide,,62,NO_COORDINATES,,Extracted from table on page 62
NER_02190,GSI,GSI_2190,Himachal Pradesh,Sirmur,North of Dhaduwala,,,,Slide,,62,NO_COORDINATES,,Extracted from table on page 62
NER_02191,GSI,GSI_2191,Himachal Pradesh,Sirmur,North of Dhaduwala,,,,Slide,,62,NO_COORDINATES,,Extracted from table on page 62
NER_02192,GSI,GSI_2192,Himachal Pradesh,Sirmur,BurmaParaliNahan road,,,,Slide,,62,NO_COORDINATES,,Extracted from table on page 62
NER_02193,GSI,GSI_2193,Himachal Pradesh,Sirmur,Along NH72,,,,Slide,,62,NO_COORDINATES,,Extracted from table on page 62
NER_02194,GSI,GSI_2194,Himachal Pradesh,Sirmur,Bank of Mazar ki Nadi,,,,Slide,,62,NO_COORDINATES,,Extracted from table on page 62
NER_02195,GSI,GSI_2195,Himachal Pradesh,Sirmur,BurmaParaliNahan road,,,,Slide,,62,NO_COORDINATES,,Extracted from table on page 62
NER_02196,GSI,GSI_2196,Himachal Pradesh,Sirmur,KalaambTrilokpur link road,,,,Slide,,62,NO_COORDINATES,,Extracted from table on page 62
NER_02197,GSI,GSI_2197,Himachal Pradesh,Sirmur,Rajpur,,,,Slide,,62,NO_COORDINATES,,Extracted from table on page 62
NER_02198,GSI,GSI_2198,Himachal Pradesh,Sirmur,Along NH72,,,,Slide,,62,NO_COORDINATES,,Extracted from table on page 62
NER_02199,GSI,GSI_2199,Himachal Pradesh,Sirmur,South of Kulthiana,,,,Slide,,62,NO_COORDINATES,,Extracted from table on page 62
NER_02200,GSI,GSI_2200,Himachal Pradesh,Sirmur,Tauru,,,,Slide,,62,NO_COORDINATES,,Extracted from table on page 62
NER_02201,GSI,GSI_2201,Himachal Pradesh,Sirmur,Danda,,,,Slide,,62,NO_COORDINATES,,Extracted from table on page 62
NER_02202,GSI,GSI_2202,Himachal Pradesh,Sirmur,Rajpur,,,,Slide,,62,NO_COORDINATES,,Extracted from table on page 62
NER_02203,GSI,GSI_2203,Himachal Pradesh,Sirmur,South of Kulthiana,,,,Slide,,62,NO_COORDINATES,,Extracted from table on page 62
NER_02204,GSI,GSI_2204,Himachal Pradesh,Sirmur,Rajpur,,,,Slide,,62,NO_COORDINATES,,Extracted from table on page 62
NER_02205,GSI,GSI_2205,Himachal Pradesh,Sirmur,Rajpur,,,,Slide,,62,NO_COORDINATES,,Extracted from table on page 62
NER_02206,GSI,GSI_2206,Himachal Pradesh,Sirmur,North of Kalawar,,,,Slide,,62,NO_COORDINATES,,Extracted from table on page 62
NER_02207,GSI,GSI_2207,Himachal Pradesh,Sirmur,Rajpur,,,,Slide,,62,NO_COORDINATES,,Extracted from table on page 62
NER_02208,GSI,GSI_2208,Himachal Pradesh,Sirmur,Janjli R.F.,,,,Slide,,62,NO_COORDINATES,,Extracted from table on page 62
NER_02209,GSI,GSI_2209,Himachal Pradesh,Sirmur,South of Kulthiana,,,,Slide,,62,NO_COORDINATES,,Extracted from table on page 62
NER_02210,GSI,GSI_2210,Himachal Pradesh,Sirmur,Bhatrog,,,,Slide,,62,NO_COORDINATES,,Extracted from table on page 62
NER_02211,GSI,GSI_2211,Himachal Pradesh,Sirmur,Bhatrog,,,,Slide,,62,NO_COORDINATES,,Extracted from table on page 62
NER_02212,GSI,GSI_2212,Himachal Pradesh,Sirmur,Rajpur,,,,Slide,,62,NO_COORDINATES,,Extracted from table on page 62
NER_02213,GSI,GSI_2213,Himachal Pradesh,Sirmur,South of Kulthiana,,,,Slide,,62,NO_COORDINATES,,Extracted from table on page 62
NER_02214,GSI,GSI_2214,Himachal Pradesh,Sirmur,"Sataun, SataunPaonta road",,,,Slide,,62,NO_COORDINATES,,Extracted from table on page 62
NER_02215,GSI,GSI_2215,Himachal Pradesh,Sirmur,North of Dhamaun,,,,Slide,,62,NO_COORDINATES,,Extracted from table on page 62
NER_02216,GSI,GSI_2216,Himachal Pradesh,Sirmur,North of Dhamaun,,,,Slide,,62,NO_COORDINATES,,Extracted from table on page 62
NER_02217,GSI,GSI_2217,Himachal Pradesh,Sirmur,North of Kalatha,,,,Slide,,62,NO_COORDINATES,,Extracted from table on page 62
NER_02218,GSI,GSI_2218,Himachal Pradesh,Sirmur,West of Navi,,,,Slide,,62,NO_COORDINATES,,Extracted from table on page 62
NER_02219,GSI,GSI_2219,Himachal Pradesh,Sirmur,West of Navi,,,,Slide,,62,NO_COORDINATES,,Extracted from table on page 62
NER_02220,GSI,GSI_2220,Himachal Pradesh,Sirmur,Sataun,,,,Slide,,62,NO_COORDINATES,,Extracted from table on page 62
NER_02221,GSI,GSI_2221,Himachal Pradesh,Sirmur,Sataun,,,,Slide,,62,NO_COORDINATES,,Extracted from table on page 62
NER_02222,GSI,GSI_2222,Himachal Pradesh,Sirmur,South of Kandon,,,,Slide,,62,NO_COORDINATES,,Extracted from table on page 62
NER_02223,GSI,GSI_2223,Himachal Pradesh,Sirmur,North of Kalawar,,,,Slide,,62,NO_COORDINATES,,Extracted from table on page 62
NER_02224,GSI,GSI_2224,Himachal Pradesh,Sirmur,North of Kalawar,,,,Slide,,62,NO_COORDINATES,,Extracted from table on page 62
NER_02225,GSI,GSI_2225,Himachal Pradesh,Sirmur,Janjli R.F.,,,,Slide,,62,NO_COORDINATES,,Extracted from table on page 62
NER_02226,GSI,GSI_2226,Himachal Pradesh,Sirmur,Janjli R.F.,,,,Slide,,62,NO_COORDINATES,,Extracted from table on page 62
NER_02227,GSI,GSI_2227,Himachal Pradesh,Sirmur,Janjli R.F.,,,,Slide,,62,NO_COORDINATES,,Extracted from table on page 62
NER_02228,GSI,GSI_2228,Himachal Pradesh,Sirmur,North of Kalatha,,,,Slide,,63,NO_COORDINATES,,Extracted from table on page 63
NER_02229,GSI,GSI_2229,Himachal Pradesh,Sirmur,South of Kulthiana,,,,Slide,,63,NO_COORDINATES,,Extracted from table on page 63
NER_02230,GSI,GSI_2230,Himachal Pradesh,Sirmur,Janjli R.F.,,,,Slide,,63,NO_COORDINATES,,Extracted from table on page 63
NER_02231,GSI,GSI_2231,Himachal Pradesh,Sirmur,"Sataun, SataunPaonta road",,,,Slide,,63,NO_COORDINATES,,Extracted from table on page 63
NER_02232,GSI,GSI_2232,Himachal Pradesh,Sirmur,"Sataun, SataunPaonta road",,,,Slide,,63,NO_COORDINATES,,Extracted from table on page 63
NER_02233,GSI,GSI_2233,Himachal Pradesh,Sirmur,North of Kalatha,,,,Slide,,63,NO_COORDINATES,,Extracted from table on page 63
NER_02234,GSI,GSI_2234,Himachal Pradesh,Sirmur,"Sataun, SataunPaonta road",,,,Slide,,63,NO_COORDINATES,,Extracted from table on page 63
NER_02235,GSI,GSI_2235,Himachal Pradesh,Sirmur,North of Kalawar,,,,Slide,,63,NO_COORDINATES,,Extracted from table on page 63
NER_02236,GSI,GSI_2236,Himachal Pradesh,Sirmur,Janjli R.F.,,,,Slide,,63,NO_COORDINATES,,Extracted from table on page 63
NER_02237,GSI,GSI_2237,Himachal Pradesh,Sirmur,Janjli R.F.,,,,Slide,,63,NO_COORDINATES,,Extracted from table on page 63
NER_02238,GSI,GSI_2238,Himachal Pradesh,Sirmur,Janjli R.F.,,,,Slide,,63,NO_COORDINATES,,Extracted from table on page 63
NER_02239,GSI,GSI_2239,Himachal Pradesh,Sirmur,West of Sataun,,,,Slide,,63,NO_COORDINATES,,Extracted from table on page 63
NER_02240,GSI,GSI_2240,Himachal Pradesh,Sirmur,Kandon,,,,Slide,,63,NO_COORDINATES,,Extracted from table on page 63
NER_02241,GSI,GSI_2241,Himachal Pradesh,Sirmur,West of Sataun,,,,Slide,,63,NO_COORDINATES,,Extracted from table on page 63
NER_02242,GSI,GSI_2242,Himachal Pradesh,Sirmur,Kandon,,,,Slide,,63,NO_COORDINATES,,Extracted from table on page 63
NER_02243,GSI,GSI_2243,Himachal Pradesh,Sirmur,West of Sataun,,,,Slide,,63,NO_COORDINATES,,Extracted from table on page 63
NER_02244,GSI,GSI_2244,Himachal Pradesh,Sirmur,West of Sataun,,,,Slide,,63,NO_COORDINATES,,Extracted from table on page 63
NER_02245,GSI,GSI_2245,Himachal Pradesh,Sirmur,West of Sataun,,,,Slide,,63,NO_COORDINATES,,Extracted from table on page 63
NER_02246,GSI,GSI_2246,Himachal Pradesh,Sirmur,West of Sataun,,,,Slide,,63,NO_COORDINATES,,Extracted from table on page 63
NER_02247,GSI,GSI_2247,Himachal Pradesh,Sirmur,West of Sataun,,,,Slide,,63,NO_COORDINATES,,Extracted from table on page 63
NER_02248,GSI,GSI_2248,Himachal Pradesh,Sirmur,West of Sataun,,,,Slide,,63,NO_COORDINATES,,Extracted from table on page 63
NER_02249,GSI,GSI_2249,Himachal Pradesh,Sirmur,North of Kalawar,,,,Slide,,63,NO_COORDINATES,,Extracted from table on page 63
NER_02250,GSI,GSI_2250,Himachal Pradesh,Sirmur,West of Sataun,,,,Slide,,63,NO_COORDINATES,,Extracted from table on page 63
NER_02251,GSI,GSI_2251,Himachal Pradesh,Sirmur,West of Sataun,,,,Slide,,63,NO_COORDINATES,,Extracted from table on page 63
NER_02252,GSI,GSI_2252,Himachal Pradesh,Sirmur,Left bank of Mazar ki Nadi,,,,Slide,,63,NO_COORDINATES,,Extracted from table on page 63
NER_02253,GSI,GSI_2253,Himachal Pradesh,Sirmur,West of Sataun,,,,Slide,,63,NO_COORDINATES,,Extracted from table on page 63
NER_02254,GSI,GSI_2254,Himachal Pradesh,Sirmur,West of Sataun,,,,Slide,,63,NO_COORDINATES,,Extracted from table on page 63
NER_02255,GSI,GSI_2255,Himachal Pradesh,Sirmur,Kandon,,,,Slide,,63,NO_COORDINATES,,Extracted from table on page 63
NER_02256,GSI,GSI_2256,Himachal Pradesh,Sirmur,Rajpur R.F.,,,,Slide,,63,NO_COORDINATES,,Extracted from table on page 63
NER_02257,GSI,GSI_2257,Himachal Pradesh,Sirmur,"Daghat, NahanRama Don road",,,,Slide,,63,NO_COORDINATES,,Extracted from table on page 63
NER_02258,GSI,GSI_2258,Himachal Pradesh,Sirmur,West of Sataun,,,,Slide,,63,NO_COORDINATES,,Extracted from table on page 63
NER_02259,GSI,GSI_2259,Himachal Pradesh,Sirmur,West of Sataun,,,,Slide,,63,NO_COORDINATES,,Extracted from table on page 63
NER_02260,GSI,GSI_2260,Himachal Pradesh,Sirmur,Kandon,,,,Slide,,63,NO_COORDINATES,,Extracted from table on page 63
NER_02261,GSI,GSI_2261,Himachal Pradesh,Sirmur,"Daghat, NahanRama Don road",,,,Slide,,63,NO_COORDINATES,,Extracted from table on page 63
NER_02262,GSI,GSI_2262,Himachal Pradesh,Sirmur,North of Kalawar,,,,Slide,,63,NO_COORDINATES,,Extracted from table on page 63
NER_02263,GSI,GSI_2263,Himachal Pradesh,Sirmur,West of Sataun,,,,Slide,,63,NO_COORDINATES,,Extracted from table on page 63
NER_02264,GSI,GSI_2264,Himachal Pradesh,Sirmur,"Daghat, NahanRama Don road",,,,Slide,,63,NO_COORDINATES,,Extracted from table on page 63
NER_02265,GSI,GSI_2265,Himachal Pradesh,Sirmur,Dharnogh,,,,Slide,,63,NO_COORDINATES,,Extracted from table on page 63
NER_02266,GSI,GSI_2266,Himachal Pradesh,Sirmur,Rajpur R.F.,,,,Slide,,63,NO_COORDINATES,,Extracted from table on page 63
NER_02267,GSI,GSI_2267,Himachal Pradesh,Sirmur,West of Sataun,,,,Slide,,63,NO_COORDINATES,,Extracted from table on page 63
NER_02268,GSI,GSI_2268,Himachal Pradesh,Sirmur,Dharnogh,,,,Slide,,63,NO_COORDINATES,,Extracted from table on page 63
NER_02269,GSI,GSI_2269,Himachal Pradesh,Sirmur,West of Sataun,,,,Slide,,63,NO_COORDINATES,,Extracted from table on page 63
NER_02270,GSI,GSI_2270,Himachal Pradesh,Sirmur,Dharnogh,,,,Slide,,63,NO_COORDINATES,,Extracted from table on page 63
NER_02271,GSI,GSI_2271,Himachal Pradesh,Sirmur,Dharnogh,,,,Slide,,63,NO_COORDINATES,,Extracted from table on page 63
NER_02272,GSI,GSI_2272,Himachal Pradesh,Sirmur,South of Detar,,,,Slide,,63,NO_COORDINATES,,Extracted from table on page 63
NER_02273,GSI,GSI_2273,Himachal Pradesh,Sirmur,"Daghat, NahanRama Don road",,,,Slide,,63,NO_COORDINATES,,Extracted from table on page 63
NER_02274,GSI,GSI_2274,Himachal Pradesh,Sirmur,BurmaParaliNahan road,,,,Slide,,63,NO_COORDINATES,,Extracted from table on page 63
NER_02275,GSI,GSI_2275,Himachal Pradesh,Sirmur,"Rama, NahanRama Don road",,,,Slide,,64,NO_COORDINATES,,Extracted from table on page 64
NER_02276,GSI,GSI_2276,Himachal Pradesh,Sirmur,Kanyon,,,,Slide,,64,NO_COORDINATES,,Extracted from table on page 64
NER_02277,GSI,GSI_2277,Himachal Pradesh,Sirmur,South of Tapri,,,,Slide,,64,NO_COORDINATES,,Extracted from table on page 64
NER_02278,GSI,GSI_2278,Himachal Pradesh,Sirmur,South of Rudane,,,,Slide,,64,NO_COORDINATES,,Extracted from table on page 64
NER_02279,GSI,GSI_2279,Himachal Pradesh,Sirmur,"Rama, NahanRama Don road",,,,Slide,,64,NO_COORDINATES,,Extracted from table on page 64
NER_02280,GSI,GSI_2280,Himachal Pradesh,Sirmur,South of Rudane,,,,Slide,,64,NO_COORDINATES,,Extracted from table on page 64
NER_02281,GSI,GSI_2281,Himachal Pradesh,Sirmur,South of Detar,,,,Slide,,64,NO_COORDINATES,,Extracted from table on page 64
NER_02282,GSI,GSI_2282,Himachal Pradesh,Sirmur,South of Detar,,,,Slide,,64,NO_COORDINATES,,Extracted from table on page 64
NER_02283,GSI,GSI_2283,Himachal Pradesh,Sirmur,Ambheta,,,,Slide,,64,NO_COORDINATES,,Extracted from table on page 64
NER_02284,GSI,GSI_2284,Himachal Pradesh,Sirmur,South of Detar,,,,Slide,,64,NO_COORDINATES,,Extracted from table on page 64
NER_02285,GSI,GSI_2285,Himachal Pradesh,Sirmur,South of Rudane,,,,Slide,,64,NO_COORDINATES,,Extracted from table on page 64
NER_02286,GSI,GSI_2286,Himachal Pradesh,Sirmur,"Khakari, NahanRama Don road",,,,Slide,,64,NO_COORDINATES,,Extracted from table on page 64
NER_02287,GSI,GSI_2287,Himachal Pradesh,Sirmur,South of Tapri,,,,Slide,,64,NO_COORDINATES,,Extracted from table on page 64
NER_02288,GSI,GSI_2288,Himachal Pradesh,Sirmur,South of Tapri,,,,Slide,,64,NO_COORDINATES,,Extracted from table on page 64
NER_02289,GSI,GSI_2289,Himachal Pradesh,Sirmur,South of Detar,,,,Slide,,64,NO_COORDINATES,,Extracted from table on page 64
NER_02290,GSI,GSI_2290,Himachal Pradesh,Sirmur,Ambheta,,,,Slide,,64,NO_COORDINATES,,Extracted from table on page 64
NER_02291,GSI,GSI_2291,Himachal Pradesh,Sirmur,,,,,Slide,,64,NO_COORDINATES,,Extracted from table on page 64
NER_02292,GSI,GSI_2292,Himachal Pradesh,Sirmur,Sadiyar,,,,Slide,,64,NO_COORDINATES,,Extracted from table on page 64
NER_02293,GSI,GSI_2293,Himachal Pradesh,Sirmur,Kanyon,,,,Slide,,64,NO_COORDINATES,,Extracted from table on page 64
NER_02294,GSI,GSI_2294,Himachal Pradesh,Sirmur,,,,,Slide,,64,NO_COORDINATES,,Extracted from table on page 64
NER_02295,GSI,GSI_2295,Himachal Pradesh,Sirmur,Kansar R.F.,,,,Slide,,64,NO_COORDINATES,,Extracted from table on page 64
NER_02296,GSI,GSI_2296,Himachal Pradesh,Sirmur,,,,,Slide,,64,NO_COORDINATES,,Extracted from table on page 64
NER_02297,GSI,GSI_2297,Himachal Pradesh,Sirmur,Haldwari,,,,Slide,,64,NO_COORDINATES,,Extracted from table on page 64
NER_02298,GSI,GSI_2298,Himachal Pradesh,Sirmur,Bhujon,,,,Slide,,64,NO_COORDINATES,,Extracted from table on page 64
NER_02299,GSI,GSI_2299,Himachal Pradesh,Sirmur,Haldwari,,,,Slide,,64,NO_COORDINATES,,Extracted from table on page 64
NER_02300,GSI,GSI_2300,Himachal Pradesh,Sirmur,Kansar R.F.,,,,Slide,,64,NO_COORDINATES,,Extracted from table on page 64
NER_02301,GSI,GSI_2301,Himachal Pradesh,Sirmur,,,,,Slide,,64,NO_COORDINATES,,Extracted from table on page 64
NER_02302,GSI,GSI_2302,Himachal Pradesh,Sirmur,Bhujon,,,,Slide,,64,NO_COORDINATES,,Extracted from table on page 64
NER_02303,GSI,GSI_2303,Himachal Pradesh,Sirmur,Haldwari,,,,Slide,,64,NO_COORDINATES,,Extracted from table on page 64
NER_02304,GSI,GSI_2304,Himachal Pradesh,Sirmur,Sadiyar,,,,Slide,,64,NO_COORDINATES,,Extracted from table on page 64
NER_02305,GSI,GSI_2305,Himachal Pradesh,Sirmur,,,,,Slide,,64,NO_COORDINATES,,Extracted from table on page 64
NER_02306,GSI,GSI_2306,Himachal Pradesh,Sirmur,,,,,Slide,,64,NO_COORDINATES,,Extracted from table on page 64
NER_02307,GSI,GSI_2307,Himachal Pradesh,Sirmur,Bhujon,,,,Slide,,64,NO_COORDINATES,,Extracted from table on page 64
NER_02308,GSI,GSI_2308,Himachal Pradesh,Sirmur,Haryal,,,,Slide,,64,NO_COORDINATES,,Extracted from table on page 64
NER_02309,GSI,GSI_2309,Himachal Pradesh,Sirmur,Rohas,,,,Slide,,64,NO_COORDINATES,,Extracted from table on page 64
NER_02310,GSI,GSI_2310,Himachal Pradesh,Sirmur,Left bank of Mazar ki Nadi,,,,Slide,,64,NO_COORDINATES,,Extracted from table on page 64
NER_02311,GSI,GSI_2311,Himachal Pradesh,Sirmur,"Daghera R.F., NahanBirla road",,,,Slide,,64,NO_COORDINATES,,Extracted from table on page 64
NER_02312,GSI,GSI_2312,Himachal Pradesh,Sirmur,,,,,Slide,,64,NO_COORDINATES,,Extracted from table on page 64
NER_02313,GSI,GSI_2313,Himachal Pradesh,Sirmur,Dadua,,,,Slide,,64,NO_COORDINATES,,Extracted from table on page 64
NER_02314,GSI,GSI_2314,Himachal Pradesh,Sirmur,South of Rudane,,,,Slide,,64,NO_COORDINATES,,Extracted from table on page 64
NER_02315,GSI,GSI_2315,Himachal Pradesh,Sirmur,"Daghera R.F., NahanBirla road",,,,Slide,,64,NO_COORDINATES,,Extracted from table on page 64
NER_02316,GSI,GSI_2316,Himachal Pradesh,Sirmur,"Chilon, PaontaShillai road",,,,Slide,,64,NO_COORDINATES,,Extracted from table on page 64
NER_02317,GSI,GSI_2317,Himachal Pradesh,Sirmur,,,,,Slide,,64,NO_COORDINATES,,Extracted from table on page 64
NER_02318,GSI,GSI_2318,Himachal Pradesh,Sirmur,Left bank of River,,,,Slide,,64,NO_COORDINATES,,Extracted from table on page 64
NER_02319,GSI,GSI_2319,Himachal Pradesh,Sirmur,,,,,Slide,,64,NO_COORDINATES,,Extracted from table on page 64
NER_02320,GSI,GSI_2320,Himachal Pradesh,Sirmur,Rohas,,,,Slide,,64,NO_COORDINATES,,Extracted from table on page 64
NER_02321,GSI,GSI_2321,Himachal Pradesh,Sirmur,Rohas,,,,Slide,,64,NO_COORDINATES,,Extracted from table on page 64
NER_02322,GSI,GSI_2322,Himachal Pradesh,Sirmur,Salri,,,,Slide,,65,NO_COORDINATES,,Extracted from table on page 65
NER_02323,GSI,GSI_2323,Himachal Pradesh,Sirmur,Torwali,,,,Slide,,65,NO_COORDINATES,,Extracted from table on page 65
NER_02324,GSI,GSI_2324,Himachal Pradesh,Sirmur,"Daghera R.F., NahanBirla road",,,,Slide,,65,NO_COORDINATES,,Extracted from table on page 65
NER_02325,GSI,GSI_2325,Himachal Pradesh,Sirmur,,,,,Slide,,65,NO_COORDINATES,,Extracted from table on page 65
NER_02326,GSI,GSI_2326,Himachal Pradesh,Sirmur,Left bank of Mazar ki Nadi,,,,Slide,,65,NO_COORDINATES,,Extracted from table on page 65
NER_02327,GSI,GSI_2327,Himachal Pradesh,Sirmur,"Sataun, DadahuSataun road",,,,Slide,,65,NO_COORDINATES,,Extracted from table on page 65
NER_02328,GSI,GSI_2328,Himachal Pradesh,Sirmur,"Rama, NahanRama Don road",,,,Slide,,65,NO_COORDINATES,,Extracted from table on page 65
NER_02329,GSI,GSI_2329,Himachal Pradesh,Sirmur,Rohas,,,,Slide,,65,NO_COORDINATES,,Extracted from table on page 65
NER_02330,GSI,GSI_2330,Himachal Pradesh,Sirmur,Rohas,,,,Slide,,65,NO_COORDINATES,,Extracted from table on page 65
NER_02331,GSI,GSI_2331,Himachal Pradesh,Sirmur,Rohas,,,,Slide,,65,NO_COORDINATES,,Extracted from table on page 65
NER_02332,GSI,GSI_2332,Himachal Pradesh,Sirmur,Bahar link road,,,,Slide,,65,NO_COORDINATES,,Extracted from table on page 65
NER_02333,GSI,GSI_2333,Himachal Pradesh,Sirmur,,,,,Slide,,65,NO_COORDINATES,,Extracted from table on page 65
NER_02334,GSI,GSI_2334,Himachal Pradesh,Sirmur,"Rama, NahanRama Don road",,,,Slide,,65,NO_COORDINATES,,Extracted from table on page 65
NER_02335,GSI,GSI_2335,Himachal Pradesh,Sirmur,North of Barwa,,,,Slide,,65,NO_COORDINATES,,Extracted from table on page 65
NER_02336,GSI,GSI_2336,Himachal Pradesh,Sirmur,Torwali,,,,Slide,,65,NO_COORDINATES,,Extracted from table on page 65
NER_02337,GSI,GSI_2337,Himachal Pradesh,Sirmur,"Daghera R.F., NahanBirla road",,,,Slide,,65,NO_COORDINATES,,Extracted from table on page 65
NER_02338,GSI,GSI_2338,Himachal Pradesh,Sirmur,Nigali R.F.,,,,Slide,,65,NO_COORDINATES,,Extracted from table on page 65
NER_02339,GSI,GSI_2339,Himachal Pradesh,Sirmur,Rohas,,,,Slide,,65,NO_COORDINATES,,Extracted from table on page 65
NER_02340,GSI,GSI_2340,Himachal Pradesh,Sirmur,Near Lehi village,,,,Slide,,65,NO_COORDINATES,,Extracted from table on page 65
NER_02341,GSI,GSI_2341,Himachal Pradesh,Sirmur,Rohas,,,,Slide,,65,NO_COORDINATES,,Extracted from table on page 65
NER_02342,GSI,GSI_2342,Himachal Pradesh,Sirmur,Rohas,,,,Slide,,65,NO_COORDINATES,,Extracted from table on page 65
NER_02343,GSI,GSI_2343,Himachal Pradesh,Sirmur,Rohas,,,,Slide,,65,NO_COORDINATES,,Extracted from table on page 65
NER_02344,GSI,GSI_2344,Himachal Pradesh,Sirmur,Rohas,,,,Slide,,65,NO_COORDINATES,,Extracted from table on page 65
NER_02345,GSI,GSI_2345,Himachal Pradesh,Sirmur,"Sataun, DadahuSataun road",,,,Slide,,65,NO_COORDINATES,,Extracted from table on page 65
NER_02346,GSI,GSI_2346,Himachal Pradesh,Sirmur,Rohas,,,,Slide,,65,NO_COORDINATES,,Extracted from table on page 65
NER_02347,GSI,GSI_2347,Himachal Pradesh,Sirmur,LehiKaulawala bhood road,,,,Slide,,65,NO_COORDINATES,,Extracted from table on page 65
NER_02348,GSI,GSI_2348,Himachal Pradesh,Sirmur,Dabra,,,,Slide,,65,NO_COORDINATES,,Extracted from table on page 65
NER_02349,GSI,GSI_2349,Himachal Pradesh,Sirmur,Kansar R.F.,,,,Slide,,65,NO_COORDINATES,,Extracted from table on page 65
NER_02350,GSI,GSI_2350,Himachal Pradesh,Sirmur,LehiKaulawala bhood road,,,,Slide,,65,NO_COORDINATES,,Extracted from table on page 65
NER_02351,GSI,GSI_2351,Himachal Pradesh,Sirmur,North of Baneri,,,,Slide,,65,NO_COORDINATES,,Extracted from table on page 65
NER_02352,GSI,GSI_2352,Himachal Pradesh,Sirmur,"Sataun, DadahuSataun road",,,,Slide,,65,NO_COORDINATES,,Extracted from table on page 65
NER_02353,GSI,GSI_2353,Himachal Pradesh,Sirmur,North of Baneri,,,,Slide,,65,NO_COORDINATES,,Extracted from table on page 65
NER_02354,GSI,GSI_2354,Himachal Pradesh,Sirmur,"Jhankar, DadahuSataun road",,,,Slide,,65,NO_COORDINATES,,Extracted from table on page 65
NER_02355,GSI,GSI_2355,Himachal Pradesh,Sirmur,"Sataun, DadahuSataun road",,,,Slide,,65,NO_COORDINATES,,Extracted from table on page 65
NER_02356,GSI,GSI_2356,Himachal Pradesh,Sirmur,Torwali,,,,Slide,,65,NO_COORDINATES,,Extracted from table on page 65
NER_02357,GSI,GSI_2357,Himachal Pradesh,Sirmur,BurmaParaliNahan road,,,,Slide,,65,NO_COORDINATES,,Extracted from table on page 65
NER_02358,GSI,GSI_2358,Himachal Pradesh,Sirmur,KumarhattiNahan road,,,,Slide,,65,NO_COORDINATES,,Extracted from table on page 65
NER_02359,GSI,GSI_2359,Himachal Pradesh,Sirmur,North of Baneri,,,,Slide,,65,NO_COORDINATES,,Extracted from table on page 65
NER_02360,GSI,GSI_2360,Himachal Pradesh,Sirmur,"Dadua, DadahuSataun road",,,,Slide,,65,NO_COORDINATES,,Extracted from table on page 65
NER_02361,GSI,GSI_2361,Himachal Pradesh,Sirmur,"Dadua, DadahuSataun road",,,,Slide,,65,NO_COORDINATES,,Extracted from table on page 65
NER_02362,GSI,GSI_2362,Himachal Pradesh,Sirmur,"Sataun, DadahuSataun road",,,,Slide,,65,NO_COORDINATES,,Extracted from table on page 65
NER_02363,GSI,GSI_2363,Himachal Pradesh,Sirmur,Torwali,,,,Slide,,65,NO_COORDINATES,,Extracted from table on page 65
NER_02364,GSI,GSI_2364,Himachal Pradesh,Sirmur,"Dadua, DadahuSataun road",,,,Slide,,65,NO_COORDINATES,,Extracted from table on page 65
NER_02365,GSI,GSI_2365,Himachal Pradesh,Sirmur,"North of Manal,
DadahuSataun road",,,,Slide,,65,NO_COORDINATES,,Extracted from table on page 65
NER_02366,GSI,GSI_2366,Himachal Pradesh,Sirmur,NarayangadMajara road,,,,Slide,,65,NO_COORDINATES,,Extracted from table on page 65
NER_02367,GSI,GSI_2367,Himachal Pradesh,Sirmur,Bahar link road,,,,Slide,,65,NO_COORDINATES,,Extracted from table on page 65
NER_02368,GSI,GSI_2368,Himachal Pradesh,Sirmur,North of Baneri,,,,Slide,,66,NO_COORDINATES,,Extracted from table on page 66
NER_02369,GSI,GSI_2369,Himachal Pradesh,Sirmur,"Kanaun, NahanRama Don road",,,,Slide,,66,NO_COORDINATES,,Extracted from table on page 66
NER_02370,GSI,GSI_2370,Himachal Pradesh,Sirmur,"Dadua, DadahuSataun road",,,,Slide,,66,NO_COORDINATES,,Extracted from table on page 66
NER_02371,GSI,GSI_2371,Himachal Pradesh,Sirmur,,,,,Slide,,66,NO_COORDINATES,,Extracted from table on page 66
NER_02372,GSI,GSI_2372,Himachal Pradesh,Sirmur,"Sataun, DadahuSataun road",,,,Slide,,66,NO_COORDINATES,,Extracted from table on page 66
NER_02373,GSI,GSI_2373,Himachal Pradesh,Sirmur,"Daghera R.F., NahanBirla road",,,,Slide,,66,NO_COORDINATES,,Extracted from table on page 66
NER_02374,GSI,GSI_2374,Himachal Pradesh,Sirmur,Jandnian,,,,Slide,,66,NO_COORDINATES,,Extracted from table on page 66
NER_02375,GSI,GSI_2375,Himachal Pradesh,Sirmur,"North of Manal,
DadahuSataun road",,,,Slide,,66,NO_COORDINATES,,Extracted from table on page 66
NER_02376,GSI,GSI_2376,Himachal Pradesh,Sirmur,"Kanaun, NahanRama Don road",,,,Slide,,66,NO_COORDINATES,,Extracted from table on page 66
NER_02377,GSI,GSI_2377,Himachal Pradesh,Sirmur,"Sataun, DadahuSataun road",,,,Slide,,66,NO_COORDINATES,,Extracted from table on page 66
NER_02378,GSI,GSI_2378,Himachal Pradesh,Sirmur,"Sataun, DadahuSataun road",,,,Slide,,66,NO_COORDINATES,,Extracted from table on page 66
NER_02379,GSI,GSI_2379,Himachal Pradesh,Sirmur,"Talo, NahanRama Don road",,,,Slide,,66,NO_COORDINATES,,Extracted from table on page 66
NER_02380,GSI,GSI_2380,Himachal Pradesh,Sirmur,Salag R.F.,,,,Slide,,66,NO_COORDINATES,,Extracted from table on page 66
NER_02381,GSI,GSI_2381,Himachal Pradesh,Sirmur,"Bhujon, DadahuSataun road",,,,Slide,,66,NO_COORDINATES,,Extracted from table on page 66
NER_02382,GSI,GSI_2382,Himachal Pradesh,Sirmur,"Banog, NahanDadahu road",,,,Slide,,66,NO_COORDINATES,,Extracted from table on page 66
NER_02383,GSI,GSI_2383,Himachal Pradesh,Sirmur,Nigali R.F.,,,,Slide,,66,NO_COORDINATES,,Extracted from table on page 66
NER_02384,GSI,GSI_2384,Himachal Pradesh,Sirmur,Salag R.F.,,,,Slide,,66,NO_COORDINATES,,Extracted from table on page 66
NER_02385,GSI,GSI_2385,Himachal Pradesh,Sirmur,Rohas,,,,Slide,,66,NO_COORDINATES,,Extracted from table on page 66
NER_02386,GSI,GSI_2386,Himachal Pradesh,Sirmur,BanogKaulawala bhood road,,,,Slide,,66,NO_COORDINATES,,Extracted from table on page 66
NER_02387,GSI,GSI_2387,Himachal Pradesh,Sirmur,"North of Chilon,
PaontaShillai road",,,,Slide,,66,NO_COORDINATES,,Extracted from table on page 66
NER_02388,GSI,GSI_2388,Himachal Pradesh,Sirmur,North of Baneri,,,,Slide,,66,NO_COORDINATES,,Extracted from table on page 66
NER_02389,GSI,GSI_2389,Himachal Pradesh,Sirmur,"Banog, NahanDadahu road",,,,Slide,,66,NO_COORDINATES,,Extracted from table on page 66
NER_02390,GSI,GSI_2390,Himachal Pradesh,Sirmur,Rohas,,,,Slide,,66,NO_COORDINATES,,Extracted from table on page 66
NER_02391,GSI,GSI_2391,Himachal Pradesh,Sirmur,"Jhankar, DadahuSataun road",,,,Slide,,66,NO_COORDINATES,,Extracted from table on page 66
NER_02392,GSI,GSI_2392,Himachal Pradesh,Sirmur,"Banog, NahanDadahu road",,,,Slide,,66,NO_COORDINATES,,Extracted from table on page 66
NER_02393,GSI,GSI_2393,Himachal Pradesh,Sirmur,"Talo, NahanRama Don road",,,,Slide,,66,NO_COORDINATES,,Extracted from table on page 66
NER_02394,GSI,GSI_2394,Himachal Pradesh,Sirmur,Tanlog,,,,Slide,,66,NO_COORDINATES,,Extracted from table on page 66
NER_02395,GSI,GSI_2395,Himachal Pradesh,Sirmur,Rohas,,,,Slide,,66,NO_COORDINATES,,Extracted from table on page 66
NER_02396,GSI,GSI_2396,Himachal Pradesh,Sirmur,Nigali R.F.,,,,Slide,,66,NO_COORDINATES,,Extracted from table on page 66
NER_02397,GSI,GSI_2397,Himachal Pradesh,Sirmur,Tanlog,,,,Slide,,66,NO_COORDINATES,,Extracted from table on page 66
NER_02398,GSI,GSI_2398,Himachal Pradesh,Sirmur,"Serta, NahanRamaDon road",,,,Slide,,66,NO_COORDINATES,,Extracted from table on page 66
NER_02399,GSI,GSI_2399,Himachal Pradesh,Sirmur,Kufar,,,,Slide,,66,NO_COORDINATES,,Extracted from table on page 66
NER_02400,GSI,GSI_2400,Himachal Pradesh,Sirmur,Rohas,,,,Slide,,66,NO_COORDINATES,,Extracted from table on page 66
NER_02401,GSI,GSI_2401,Himachal Pradesh,Sirmur,"Sadiyar, DadahuSataun road",,,,Slide,,66,NO_COORDINATES,,Extracted from table on page 66
NER_02402,GSI,GSI_2402,Himachal Pradesh,Sirmur,Kufar,,,,Slide,,66,NO_COORDINATES,,Extracted from table on page 66
NER_02403,GSI,GSI_2403,Himachal Pradesh,Sirmur,Rohas,,,,Slide,,66,NO_COORDINATES,,Extracted from table on page 66
NER_02404,GSI,GSI_2404,Himachal Pradesh,Sirmur,"Sadiyar, DadahuSataun road",,,,Slide,,66,NO_COORDINATES,,Extracted from table on page 66
NER_02405,GSI,GSI_2405,Himachal Pradesh,Sirmur,Nigali R.F.,,,,Slide,,66,NO_COORDINATES,,Extracted from table on page 66
NER_02406,GSI,GSI_2406,Himachal Pradesh,Sirmur,"Sadiyar, DadahuSataun road",,,,Slide,,66,NO_COORDINATES,,Extracted from table on page 66
NER_02407,GSI,GSI_2407,Himachal Pradesh,Sirmur,"Serta, NahanRamaDon road",,,,Slide,,66,NO_COORDINATES,,Extracted from table on page 66
NER_02408,GSI,GSI_2408,Himachal Pradesh,Sirmur,"Banog, NahanDadahu road",,,,Slide,,66,NO_COORDINATES,,Extracted from table on page 66
NER_02409,GSI,GSI_2409,Himachal Pradesh,Sirmur,,,,,Slide,,66,NO_COORDINATES,,Extracted from table on page 66
NER_02410,GSI,GSI_2410,Himachal Pradesh,Sirmur,Rohas,,,,Slide,,66,NO_COORDINATES,,Extracted from table on page 66
NER_02411,GSI,GSI_2411,Himachal Pradesh,Sirmur,"Serta, NahanRamaDon road",,,,Slide,,66,NO_COORDINATES,,Extracted from table on page 66
NER_02412,GSI,GSI_2412,Himachal Pradesh,Sirmur,Nigali R.F.,,,,Slide,,66,NO_COORDINATES,,Extracted from table on page 66
NER_02413,GSI,GSI_2413,Himachal Pradesh,Sirmur,,,,,Slide,,67,NO_COORDINATES,,Extracted from table on page 67
NER_02414,GSI,GSI_2414,Himachal Pradesh,Sirmur,"Sadiyar, DadahuSataun road",,,,Slide,,67,NO_COORDINATES,,Extracted from table on page 67
NER_02415,GSI,GSI_2415,Himachal Pradesh,Sirmur,"Bhujon, DadahuSataun road",,,,Slide,,67,NO_COORDINATES,,Extracted from table on page 67
NER_02416,GSI,GSI_2416,Himachal Pradesh,Sirmur,"Birpa, Paontashillai road",,,,Slide,,67,NO_COORDINATES,,Extracted from table on page 67
NER_02417,GSI,GSI_2417,Himachal Pradesh,Sirmur,,,,,Slide,,67,NO_COORDINATES,,Extracted from table on page 67
NER_02418,GSI,GSI_2418,Himachal Pradesh,Sirmur,Kufar,,,,Slide,,67,NO_COORDINATES,,Extracted from table on page 67
NER_02419,GSI,GSI_2419,Himachal Pradesh,Sirmur,Tanlog,,,,Slide,,67,NO_COORDINATES,,Extracted from table on page 67
NER_02420,GSI,GSI_2420,Himachal Pradesh,Sirmur,"Serta, NahanRamaDon road",,,,Slide,,67,NO_COORDINATES,,Extracted from table on page 67
NER_02421,GSI,GSI_2421,Himachal Pradesh,Sirmur,Tanlog,,,,Slide,,67,NO_COORDINATES,,Extracted from table on page 67
NER_02422,GSI,GSI_2422,Himachal Pradesh,Sirmur,Kufar,,,,Slide,,67,NO_COORDINATES,,Extracted from table on page 67
NER_02423,GSI,GSI_2423,Himachal Pradesh,Sirmur,Kandon Bhaila R.F.,,,,Slide,,67,NO_COORDINATES,,Extracted from table on page 67
NER_02424,GSI,GSI_2424,Himachal Pradesh,Sirmur,Kandon Bhaila R.F.,,,,Slide,,67,NO_COORDINATES,,Extracted from table on page 67
NER_02425,GSI,GSI_2425,Himachal Pradesh,Sirmur,North of Kufar,,,,Slide,,67,NO_COORDINATES,,Extracted from table on page 67
NER_02426,GSI,GSI_2426,Himachal Pradesh,Sirmur,Kandon Bhaila R.F.,,,,Slide,,67,NO_COORDINATES,,Extracted from table on page 67
NER_02427,GSI,GSI_2427,Himachal Pradesh,Sirmur,Jadhaun,,,,Slide,,67,NO_COORDINATES,,Extracted from table on page 67
NER_02428,GSI,GSI_2428,Himachal Pradesh,Sirmur,North of Kufar,,,,Slide,,67,NO_COORDINATES,,Extracted from table on page 67
NER_02429,GSI,GSI_2429,Himachal Pradesh,Sirmur,Tanlog,,,,Slide,,67,NO_COORDINATES,,Extracted from table on page 67
NER_02430,GSI,GSI_2430,Himachal Pradesh,Sirmur,"Serta, NahanRamaDon road",,,,Slide,,67,NO_COORDINATES,,Extracted from table on page 67
NER_02431,GSI,GSI_2431,Himachal Pradesh,Sirmur,North of Bhujon,,,,Slide,,67,NO_COORDINATES,,Extracted from table on page 67
NER_02432,GSI,GSI_2432,Himachal Pradesh,Sirmur,North of Kufar,,,,Slide,,67,NO_COORDINATES,,Extracted from table on page 67
NER_02433,GSI,GSI_2433,Himachal Pradesh,Sirmur,Tanlog,,,,Slide,,67,NO_COORDINATES,,Extracted from table on page 67
NER_02434,GSI,GSI_2434,Himachal Pradesh,Sirmur,North of Kufar,,,,Slide,,67,NO_COORDINATES,,Extracted from table on page 67
NER_02435,GSI,GSI_2435,Himachal Pradesh,Sirmur,"Talon, nahanDadahu road",,,,Slide,,67,NO_COORDINATES,,Extracted from table on page 67
NER_02436,GSI,GSI_2436,Himachal Pradesh,Sirmur,,,,,Slide,,67,NO_COORDINATES,,Extracted from table on page 67
NER_02437,GSI,GSI_2437,Himachal Pradesh,Sirmur,"Serta, NahanRamaDon road",,,,Slide,,67,NO_COORDINATES,,Extracted from table on page 67
NER_02438,GSI,GSI_2438,Himachal Pradesh,Sirmur,North of Kufar,,,,Slide,,67,NO_COORDINATES,,Extracted from table on page 67
NER_02439,GSI,GSI_2439,Himachal Pradesh,Sirmur,KumarhattiNahan road,,,,Slide,,67,NO_COORDINATES,,Extracted from table on page 67
NER_02440,GSI,GSI_2440,Himachal Pradesh,Sirmur,"Talon, nahanDadahu road",,,,Slide,,67,NO_COORDINATES,,Extracted from table on page 67
NER_02441,GSI,GSI_2441,Himachal Pradesh,Sirmur,Abra,,,,Slide,,67,NO_COORDINATES,,Extracted from table on page 67
NER_02442,GSI,GSI_2442,Himachal Pradesh,Sirmur,Chaur,,,,Slide,,67,NO_COORDINATES,,Extracted from table on page 67
NER_02443,GSI,GSI_2443,Himachal Pradesh,Sirmur,North of Kufar,,,,Slide,,67,NO_COORDINATES,,Extracted from table on page 67
NER_02444,GSI,GSI_2444,Himachal Pradesh,Sirmur,KumarhattiNahan road,,,,Slide,,67,NO_COORDINATES,,Extracted from table on page 67
NER_02445,GSI,GSI_2445,Himachal Pradesh,Sirmur,Chaur,,,,Slide,,67,NO_COORDINATES,,Extracted from table on page 67
NER_02446,GSI,GSI_2446,Himachal Pradesh,Sirmur,Chandni,,,,Slide,,67,NO_COORDINATES,,Extracted from table on page 67
NER_02447,GSI,GSI_2447,Himachal Pradesh,Sirmur,Abra,,,,Slide,,67,NO_COORDINATES,,Extracted from table on page 67
NER_02448,GSI,GSI_2448,Himachal Pradesh,Sirmur,Abra,,,,Slide,,67,NO_COORDINATES,,Extracted from table on page 67
NER_02449,GSI,GSI_2449,Himachal Pradesh,Sirmur,Banor,,,,Slide,,67,NO_COORDINATES,,Extracted from table on page 67
NER_02450,GSI,GSI_2450,Himachal Pradesh,Sirmur,Abra,,,,Slide,,67,NO_COORDINATES,,Extracted from table on page 67
NER_02451,GSI,GSI_2451,Himachal Pradesh,Sirmur,"Jangirub, Nahan
Dadahu road",,,,Slide,,67,NO_COORDINATES,,Extracted from table on page 67
NER_02452,GSI,GSI_2452,Himachal Pradesh,Sirmur,Abra,,,,Slide,,67,NO_COORDINATES,,Extracted from table on page 67
NER_02453,GSI,GSI_2453,Himachal Pradesh,Sirmur,Mehat,,,,Slide,,67,NO_COORDINATES,,Extracted from table on page 67
NER_02454,GSI,GSI_2454,Himachal Pradesh,Sirmur,Mehat,,,,Slide,,67,NO_COORDINATES,,Extracted from table on page 67
NER_02455,GSI,GSI_2455,Himachal Pradesh,Sirmur,Nigali,,,,Slide,,67,NO_COORDINATES,,Extracted from table on page 67
NER_02456,GSI,GSI_2456,Himachal Pradesh,Sirmur,Nigali R.F.,,,,Slide,,67,NO_COORDINATES,,Extracted from table on page 67
NER_02457,GSI,GSI_2457,Himachal Pradesh,Sirmur,Nigali R.F.,,,,Slide,,67,NO_COORDINATES,,Extracted from table on page 67
NER_02458,GSI,GSI_2458,Himachal Pradesh,Sirmur,Chaur,,,,Slide,,67,NO_COORDINATES,,Extracted from table on page 67
NER_02459,GSI,GSI_2459,Himachal Pradesh,Sirmur,NH72,,,,Slide,,67,NO_COORDINATES,,Extracted from table on page 67
NER_02460,GSI,GSI_2460,Himachal Pradesh,Sirmur,South of Jangirug,,,,Slide,,67,NO_COORDINATES,,Extracted from table on page 67
NER_02461,GSI,GSI_2461,Himachal Pradesh,Sirmur,South of Jangirug,,,,Slide,,67,NO_COORDINATES,,Extracted from table on page 67
NER_02462,GSI,GSI_2462,Himachal Pradesh,Sirmur,Nigali,,,,Slide,,67,NO_COORDINATES,,Extracted from table on page 67
NER_02463,GSI,GSI_2463,Himachal Pradesh,Sirmur,Chaur,,,,Slide,,68,NO_COORDINATES,,Extracted from table on page 68
NER_02464,GSI,GSI_2464,Himachal Pradesh,Sirmur,Banor,,,,Slide,,68,NO_COORDINATES,,Extracted from table on page 68
NER_02465,GSI,GSI_2465,Himachal Pradesh,Sirmur,Okhaltu,,,,Slide,,68,NO_COORDINATES,,Extracted from table on page 68
NER_02466,GSI,GSI_2466,Himachal Pradesh,Sirmur,Chaur,,,,Slide,,68,NO_COORDINATES,,Extracted from table on page 68
NER_02467,GSI,GSI_2467,Himachal Pradesh,Sirmur,"Jangirub, Nahan
Dadahu road",,,,Slide,,68,NO_COORDINATES,,Extracted from table on page 68
NER_02468,GSI,GSI_2468,Himachal Pradesh,Sirmur,Guana,,,,Slide,,68,NO_COORDINATES,,Extracted from table on page 68
NER_02469,GSI,GSI_2469,Himachal Pradesh,Sirmur,Nigali,,,,Slide,,68,NO_COORDINATES,,Extracted from table on page 68
NER_02470,GSI,GSI_2470,Himachal Pradesh,Sirmur,Okhaltu,,,,Slide,,68,NO_COORDINATES,,Extracted from table on page 68
NER_02471,GSI,GSI_2471,Himachal Pradesh,Sirmur,NH72,,,,Slide,,68,NO_COORDINATES,,Extracted from table on page 68
NER_02472,GSI,GSI_2472,Himachal Pradesh,Sirmur,Chaur,,,,Slide,,68,NO_COORDINATES,,Extracted from table on page 68
NER_02473,GSI,GSI_2473,Himachal Pradesh,Sirmur,Okhaltu,,,,Slide,,68,NO_COORDINATES,,Extracted from table on page 68
NER_02474,GSI,GSI_2474,Himachal Pradesh,Sirmur,Nigali,,,,Slide,,68,NO_COORDINATES,,Extracted from table on page 68
NER_02475,GSI,GSI_2475,Himachal Pradesh,Sirmur,Banor,,,,Slide,,68,NO_COORDINATES,,Extracted from table on page 68
NER_02476,GSI,GSI_2476,Himachal Pradesh,Sirmur,Mehat,,,,Slide,,68,NO_COORDINATES,,Extracted from table on page 68
NER_02477,GSI,GSI_2477,Himachal Pradesh,Sirmur,Chaur,,,,Slide,,68,NO_COORDINATES,,Extracted from table on page 68
NER_02478,GSI,GSI_2478,Himachal Pradesh,Sirmur,Chandni,,,,Slide,,68,NO_COORDINATES,,Extracted from table on page 68
NER_02479,GSI,GSI_2479,Himachal Pradesh,Sirmur,Chandni,,,,Slide,,68,NO_COORDINATES,,Extracted from table on page 68
NER_02480,GSI,GSI_2480,Himachal Pradesh,Sirmur,Banor,,,,Slide,,68,NO_COORDINATES,,Extracted from table on page 68
NER_02481,GSI,GSI_2481,Himachal Pradesh,Sirmur,,,,,Slide,,68,NO_COORDINATES,,Extracted from table on page 68
NER_02482,GSI,GSI_2482,Himachal Pradesh,Sirmur,Chaur,,,,Slide,,68,NO_COORDINATES,,Extracted from table on page 68
NER_02483,GSI,GSI_2483,Himachal Pradesh,Sirmur,"Jangirub, Nahan
Dadahu road",,,,Slide,,68,NO_COORDINATES,,Extracted from table on page 68
NER_02484,GSI,GSI_2484,Himachal Pradesh,Sirmur,South of Khala,,,,Slide,,68,NO_COORDINATES,,Extracted from table on page 68
NER_02485,GSI,GSI_2485,Himachal Pradesh,Sirmur,Guana,,,,Slide,,68,NO_COORDINATES,,Extracted from table on page 68
NER_02486,GSI,GSI_2486,Himachal Pradesh,Sirmur,NH72,,,,Slide,,68,NO_COORDINATES,,Extracted from table on page 68
NER_02487,GSI,GSI_2487,Himachal Pradesh,Sirmur,Chandni,,,,Slide,,68,NO_COORDINATES,,Extracted from table on page 68
NER_02488,GSI,GSI_2488,Himachal Pradesh,Sirmur,"NE of Mehat, DadahuSataun
road",,,,Slide,,68,NO_COORDINATES,,Extracted from table on page 68
NER_02489,GSI,GSI_2489,Himachal Pradesh,Sirmur,Okhaltu,,,,Slide,,68,NO_COORDINATES,,Extracted from table on page 68
NER_02490,GSI,GSI_2490,Himachal Pradesh,Sirmur,Banor,,,,Slide,,68,NO_COORDINATES,,Extracted from table on page 68
NER_02491,GSI,GSI_2491,Himachal Pradesh,Sirmur,"South of Deolan,
PaontaShillai road",,,,Slide,,68,NO_COORDINATES,,Extracted from table on page 68
NER_02492,GSI,GSI_2492,Himachal Pradesh,Sirmur,Nigali,,,,Slide,,68,NO_COORDINATES,,Extracted from table on page 68
NER_02493,GSI,GSI_2493,Himachal Pradesh,Sirmur,Tikar,,,,Slide,,68,NO_COORDINATES,,Extracted from table on page 68
NER_02494,GSI,GSI_2494,Himachal Pradesh,Sirmur,"NE of Mehat, DadahuSataun
road",,,,Slide,,68,NO_COORDINATES,,Extracted from table on page 68
NER_02495,GSI,GSI_2495,Himachal Pradesh,Sirmur,"South of Deolan,
PaontaShillai road",,,,Slide,,68,NO_COORDINATES,,Extracted from table on page 68
NER_02496,GSI,GSI_2496,Himachal Pradesh,Sirmur,Banor,,,,Slide,,68,NO_COORDINATES,,Extracted from table on page 68
NER_02497,GSI,GSI_2497,Himachal Pradesh,Sirmur,"South of Khala,
DadahuSataun road",,,,Slide,,68,NO_COORDINATES,,Extracted from table on page 68
NER_02498,GSI,GSI_2498,Himachal Pradesh,Sirmur,Banor,,,,Slide,,68,NO_COORDINATES,,Extracted from table on page 68
NER_02499,GSI,GSI_2499,Himachal Pradesh,Sirmur,"Jangirub, NahanDadahu road",,,,Slide,,68,NO_COORDINATES,,Extracted from table on page 68
NER_02500,GSI,GSI_2500,Himachal Pradesh,Sirmur,Banor,,,,Slide,,68,NO_COORDINATES,,Extracted from table on page 68
NER_02501,GSI,GSI_2501,Himachal Pradesh,Sirmur,"North of Chandni,
DadahuSataun road",,,,Slide,,68,NO_COORDINATES,,Extracted from table on page 68
NER_02502,GSI,GSI_2502,Himachal Pradesh,Sirmur,South of Khala,,,,Slide,,68,NO_COORDINATES,,Extracted from table on page 68
NER_02503,GSI,GSI_2503,Himachal Pradesh,Sirmur,"South of Deolan,
PaontaShillai road",,,,Slide,,68,NO_COORDINATES,,Extracted from table on page 68
NER_02504,GSI,GSI_2504,Himachal Pradesh,Sirmur,Tikar,,,,Slide,,68,NO_COORDINATES,,Extracted from table on page 68
NER_02505,GSI,GSI_2505,Himachal Pradesh,Sirmur,"South of Pharuwala Falls,
DadahuSataun road",,,,Slide,,69,NO_COORDINATES,,Extracted from table on page 69
NER_02506,GSI,GSI_2506,Himachal Pradesh,Sirmur,Pipal,,,,Slide,,69,NO_COORDINATES,,Extracted from table on page 69
NER_02507,GSI,GSI_2507,Himachal Pradesh,Sirmur,KumarhattiNahan road,,,,Slide,,69,NO_COORDINATES,,Extracted from table on page 69
NER_02508,GSI,GSI_2508,Himachal Pradesh,Sirmur,NH72,,,,Slide,,69,NO_COORDINATES,,Extracted from table on page 69
NER_02509,GSI,GSI_2509,Himachal Pradesh,Sirmur,"North of Guana,
DadhuSataun road",,,,Slide,,69,NO_COORDINATES,,Extracted from table on page 69
NER_02510,GSI,GSI_2510,Himachal Pradesh,Sirmur,"South of Deolan,
PaontaShillai road",,,,Slide,,69,NO_COORDINATES,,Extracted from table on page 69
NER_02511,GSI,GSI_2511,Himachal Pradesh,Sirmur,"South of Lupu,
Sataun road",,,,Slide,,69,NO_COORDINATES,,Extracted from table on page 69
NER_02512,GSI,GSI_2512,Himachal Pradesh,Sirmur,North of Chandni,,,,Slide,,69,NO_COORDINATES,,Extracted from table on page 69
NER_02513,GSI,GSI_2513,Himachal Pradesh,Sirmur,Deolan,,,,Slide,,69,NO_COORDINATES,,Extracted from table on page 69
NER_02514,GSI,GSI_2514,Himachal Pradesh,Sirmur,NH72,,,,Slide,,69,NO_COORDINATES,,Extracted from table on page 69
NER_02515,GSI,GSI_2515,Himachal Pradesh,Sirmur,Deolan,,,,Slide,,69,NO_COORDINATES,,Extracted from table on page 69
NER_02516,GSI,GSI_2516,Himachal Pradesh,Sirmur,South of Renuka Ji,,,,Slide,,69,NO_COORDINATES,,Extracted from table on page 69
NER_02517,GSI,GSI_2517,Himachal Pradesh,Sirmur,Along NH72,,,,Slide,,69,NO_COORDINATES,,Extracted from table on page 69
NER_02518,GSI,GSI_2518,Himachal Pradesh,Sirmur,Duhlia,,,,Slide,,69,NO_COORDINATES,,Extracted from table on page 69
NER_02519,GSI,GSI_2519,Himachal Pradesh,Sirmur,"Baicha, Dadahu
Sataun road",,,,Slide,,69,NO_COORDINATES,,Extracted from table on page 69
NER_02520,GSI,GSI_2520,Himachal Pradesh,Sirmur,"Pharuwala Falls,
DadahuSataun road",,,,Slide,,69,NO_COORDINATES,,Extracted from table on page 69
NER_02521,GSI,GSI_2521,Himachal Pradesh,Sirmur,"Chawahan, Nahan
Dadahu road",,,,Slide,,69,NO_COORDINATES,,Extracted from table on page 69
NER_02522,GSI,GSI_2522,Himachal Pradesh,Sirmur,"Pharuwala Falls,
DadahuSataun road",,,,Slide,,69,NO_COORDINATES,,Extracted from table on page 69
NER_02523,GSI,GSI_2523,Himachal Pradesh,Sirmur,South of Renuka Ji,,,,Slide,,69,NO_COORDINATES,,Extracted from table on page 69
NER_02524,GSI,GSI_2524,Himachal Pradesh,Sirmur,Bahar link road,,,,Fall,,69,NO_COORDINATES,,Extracted from table on page 69
NER_02525,GSI,GSI_2525,Himachal Pradesh,Sirmur,Deolan,,,,Slide,,69,NO_COORDINATES,,Extracted from table on page 69
NER_02526,GSI,GSI_2526,Himachal Pradesh,Sirmur,NainatikkarSarahan road,,,,Fall,,69,NO_COORDINATES,,Extracted from table on page 69
NER_02527,GSI,GSI_2527,Himachal Pradesh,Sirmur,South of Renuka Ji,,,,Slide,,69,NO_COORDINATES,,Extracted from table on page 69
NER_02528,GSI,GSI_2528,Himachal Pradesh,Sirmur,Pamta P.F.,,,,Slide,,69,NO_COORDINATES,,Extracted from table on page 69
NER_02529,GSI,GSI_2529,Himachal Pradesh,Sirmur,BanogKaulawala bhood road,,,,Slide,,69,NO_COORDINATES,,Extracted from table on page 69
NER_02530,GSI,GSI_2530,Himachal Pradesh,Sirmur,Pamta P.F.,,,,Slide,,69,NO_COORDINATES,,Extracted from table on page 69
NER_02531,GSI,GSI_2531,Himachal Pradesh,Sirmur,"Chawahan, Nahan
Dadahu road",,,,Slide,,69,NO_COORDINATES,,Extracted from table on page 69
NER_02532,GSI,GSI_2532,Himachal Pradesh,Sirmur,Baicha,,,,Slide,,69,NO_COORDINATES,,Extracted from table on page 69
NER_02533,GSI,GSI_2533,Himachal Pradesh,Sirmur,,,,,Slide,,69,NO_COORDINATES,,Extracted from table on page 69
NER_02534,GSI,GSI_2534,Himachal Pradesh,Sirmur,KumarhattiNahan road,,,,Slide,,69,NO_COORDINATES,,Extracted from table on page 69
NER_02535,GSI,GSI_2535,Himachal Pradesh,Sirmur,Khala,,,,Slide,,69,NO_COORDINATES,,Extracted from table on page 69
NER_02536,GSI,GSI_2536,Himachal Pradesh,Sirmur,South of Renuka Ji,,,,Slide,,69,NO_COORDINATES,,Extracted from table on page 69
NER_02537,GSI,GSI_2537,Himachal Pradesh,Sirmur,Pamta P.F.,,,,Slide,,69,NO_COORDINATES,,Extracted from table on page 69
NER_02538,GSI,GSI_2538,Himachal Pradesh,Sirmur,"North of Chawahan,
NahanDadahu road",,,,Slide,,69,NO_COORDINATES,,Extracted from table on page 69
NER_02539,GSI,GSI_2539,Himachal Pradesh,Sirmur,Taran,,,,Slide,,69,NO_COORDINATES,,Extracted from table on page 69
NER_02540,GSI,GSI_2540,Himachal Pradesh,Sirmur,"North of Chawahan,
NahanDadahu road",,,,Slide,,69,NO_COORDINATES,,Extracted from table on page 69
NER_02541,GSI,GSI_2541,Himachal Pradesh,Sirmur,Behaldhar,,,,Slide,,69,NO_COORDINATES,,Extracted from table on page 69
NER_02542,GSI,GSI_2542,Himachal Pradesh,Sirmur,South of Renuka Ji,,,,Slide,,69,NO_COORDINATES,,Extracted from table on page 69
NER_02543,GSI,GSI_2543,Himachal Pradesh,Sirmur,South of Renuka Ji,,,,Slide,,69,NO_COORDINATES,,Extracted from table on page 69
NER_02544,GSI,GSI_2544,Himachal Pradesh,Sirmur,South of Renuka Ji,,,,Slide,,69,NO_COORDINATES,,Extracted from table on page 69
NER_02545,GSI,GSI_2545,Himachal Pradesh,Sirmur,South of Renuka Ji,,,,Slide,,70,NO_COORDINATES,,Extracted from table on page 70
NER_02546,GSI,GSI_2546,Himachal Pradesh,Sirmur,South of Renuka Ji,,,,Slide,,70,NO_COORDINATES,,Extracted from table on page 70
NER_02547,GSI,GSI_2547,Himachal Pradesh,Sirmur,South of Renuka Ji,,,,Slide,,70,NO_COORDINATES,,Extracted from table on page 70
NER_02548,GSI,GSI_2548,Himachal Pradesh,Sirmur,South of Renuka Ji,,,,Slide,,70,NO_COORDINATES,,Extracted from table on page 70
NER_02549,GSI,GSI_2549,Himachal Pradesh,Sirmur,South of Renuka Ji,,,,Slide,,70,NO_COORDINATES,,Extracted from table on page 70
NER_02550,GSI,GSI_2550,Himachal Pradesh,Sirmur,Behaldhar,,,,Slide,,70,NO_COORDINATES,,Extracted from table on page 70
NER_02551,GSI,GSI_2551,Himachal Pradesh,Sirmur,South of Renuka Ji,,,,Slide,,70,NO_COORDINATES,,Extracted from table on page 70
NER_02552,GSI,GSI_2552,Himachal Pradesh,Sirmur,,,,,Slide,,70,NO_COORDINATES,,Extracted from table on page 70
NER_02553,GSI,GSI_2553,Himachal Pradesh,Sirmur,South of Renuka Ji,,,,Slide,,70,NO_COORDINATES,,Extracted from table on page 70
NER_02554,GSI,GSI_2554,Himachal Pradesh,Sirmur,South of Baneri,,,,Slide,,70,NO_COORDINATES,,Extracted from table on page 70
NER_02555,GSI,GSI_2555,Himachal Pradesh,Sirmur,Behaldhar,,,,Slide,,70,NO_COORDINATES,,Extracted from table on page 70
NER_02556,GSI,GSI_2556,Himachal Pradesh,Sirmur,South of Baneri,,,,Slide,,70,NO_COORDINATES,,Extracted from table on page 70
NER_02557,GSI,GSI_2557,Himachal Pradesh,Sirmur,Kankot,,,,Slide,,70,NO_COORDINATES,,Extracted from table on page 70
NER_02558,GSI,GSI_2558,Himachal Pradesh,Sirmur,"South of Kanoti, SH1",,,,Slide,,70,NO_COORDINATES,,Extracted from table on page 70
NER_02559,GSI,GSI_2559,Himachal Pradesh,Sirmur,South of Renuka Ji,,,,Slide,,70,NO_COORDINATES,,Extracted from table on page 70
NER_02560,GSI,GSI_2560,Himachal Pradesh,Sirmur,"South of Kanoti, SH1",,,,Slide,,70,NO_COORDINATES,,Extracted from table on page 70
NER_02561,GSI,GSI_2561,Himachal Pradesh,Sirmur,Kashoga R.F.,,,,Slide,,70,NO_COORDINATES,,Extracted from table on page 70
NER_02562,GSI,GSI_2562,Himachal Pradesh,Sirmur,Ganwara,,,,Slide,,70,NO_COORDINATES,,Extracted from table on page 70
NER_02563,GSI,GSI_2563,Himachal Pradesh,Sirmur,South of Renuka Ji,,,,Slide,,70,NO_COORDINATES,,Extracted from table on page 70
NER_02564,GSI,GSI_2564,Himachal Pradesh,Sirmur,Ganwara,,,,Slide,,70,NO_COORDINATES,,Extracted from table on page 70
NER_02565,GSI,GSI_2565,Himachal Pradesh,Sirmur,"South of Kanoti, SH1",,,,Slide,,70,NO_COORDINATES,,Extracted from table on page 70
NER_02566,GSI,GSI_2566,Himachal Pradesh,Sirmur,"South of Kanoti, SH1",,,,Slide,,70,NO_COORDINATES,,Extracted from table on page 70
NER_02567,GSI,GSI_2567,Himachal Pradesh,Sirmur,"South of Kanoti, SH1",,,,Slide,,70,NO_COORDINATES,,Extracted from table on page 70
NER_02568,GSI,GSI_2568,Himachal Pradesh,Sirmur,Kankot,,,,Slide,,70,NO_COORDINATES,,Extracted from table on page 70
NER_02569,GSI,GSI_2569,Himachal Pradesh,Sirmur,Lupli,,,,Slide,,70,NO_COORDINATES,,Extracted from table on page 70
NER_02570,GSI,GSI_2570,Himachal Pradesh,Sirmur,Kankot,,,,Slide,,70,NO_COORDINATES,,Extracted from table on page 70
NER_02571,GSI,GSI_2571,Himachal Pradesh,Sirmur,"South of Kanoti, SH1",,,,Slide,,70,NO_COORDINATES,,Extracted from table on page 70
NER_02572,GSI,GSI_2572,Himachal Pradesh,Sirmur,"North of Chawahan,
NahanDadahu road",,,,Slide,,70,NO_COORDINATES,,Extracted from table on page 70
NER_02573,GSI,GSI_2573,Himachal Pradesh,Sirmur,"North of Chawahan,
NahanDadahu road",,,,Slide,,70,NO_COORDINATES,,Extracted from table on page 70
NER_02574,GSI,GSI_2574,Himachal Pradesh,Sirmur,Kankot,,,,Slide,,70,NO_COORDINATES,,Extracted from table on page 70
NER_02575,GSI,GSI_2575,Himachal Pradesh,Sirmur,"North of Chawahan,
NahanDadahu road",,,,Slide,,70,NO_COORDINATES,,Extracted from table on page 70
NER_02576,GSI,GSI_2576,Himachal Pradesh,Sirmur,Kashoga R.F.,,,,Slide,,70,NO_COORDINATES,,Extracted from table on page 70
NER_02577,GSI,GSI_2577,Himachal Pradesh,Sirmur,"North of Chawahan,
NahanDadahu road",,,,Slide,,70,NO_COORDINATES,,Extracted from table on page 70
NER_02578,GSI,GSI_2578,Himachal Pradesh,Sirmur,"Kiar, DadahuSataun road",,,,Slide,,70,NO_COORDINATES,,Extracted from table on page 70
NER_02579,GSI,GSI_2579,Himachal Pradesh,Sirmur,South of Renuka Ji,,,,Slide,,70,NO_COORDINATES,,Extracted from table on page 70
NER_02580,GSI,GSI_2580,Himachal Pradesh,Sirmur,Kashoga R.F.,,,,Slide,,70,NO_COORDINATES,,Extracted from table on page 70
NER_02581,GSI,GSI_2581,Himachal Pradesh,Sirmur,"North of Chawahan,
NahanDadahu road",,,,Slide,,70,NO_COORDINATES,,Extracted from table on page 70
NER_02582,GSI,GSI_2582,Himachal Pradesh,Sirmur,"North of Chawahan,
NahanDadahu road",,,,Slide,,70,NO_COORDINATES,,Extracted from table on page 70
NER_02583,GSI,GSI_2583,Himachal Pradesh,Sirmur,Taran,,,,Slide,,70,NO_COORDINATES,,Extracted from table on page 70
NER_02584,GSI,GSI_2584,Himachal Pradesh,Sirmur,"East of Jamta,
nahanDadahu road",,,,Slide,,70,NO_COORDINATES,,Extracted from table on page 70
NER_02585,GSI,GSI_2585,Himachal Pradesh,Sirmur,Taran,,,,Slide,,70,NO_COORDINATES,,Extracted from table on page 70
NER_02586,GSI,GSI_2586,Himachal Pradesh,Sirmur,South of Renuka Ji,,,,Slide,,70,NO_COORDINATES,,Extracted from table on page 70
NER_02587,GSI,GSI_2587,Himachal Pradesh,Sirmur,South of Renuka Ji,,,,Slide,,70,NO_COORDINATES,,Extracted from table on page 70
NER_02588,GSI,GSI_2588,Himachal Pradesh,Sirmur,"North of Chawahan,
NahanDadahu road",,,,Slide,,70,NO_COORDINATES,,Extracted from table on page 70
NER_02589,GSI,GSI_2589,Himachal Pradesh,Sirmur,South of Renuka Ji,,,,Slide,,71,NO_COORDINATES,,Extracted from table on page 71
NER_02590,GSI,GSI_2590,Himachal Pradesh,Sirmur,South of Kiar,,,,Slide,,71,NO_COORDINATES,,Extracted from table on page 71
NER_02591,GSI,GSI_2591,Himachal Pradesh,Sirmur,"East of Jamta,
nahanDadahu road",,,,Slide,,71,NO_COORDINATES,,Extracted from table on page 71
NER_02592,GSI,GSI_2592,Himachal Pradesh,Sirmur,South of Baneri,,,,Slide,,71,NO_COORDINATES,,Extracted from table on page 71
NER_02593,GSI,GSI_2593,Himachal Pradesh,Sirmur,"Dadahu, Nahan Dadahu road",,,,Subsidence,,71,NO_COORDINATES,,Extracted from table on page 71
NER_02594,GSI,GSI_2594,Himachal Pradesh,Sirmur,South of Renuka Ji,,,,Slide,,71,NO_COORDINATES,,Extracted from table on page 71
NER_02595,GSI,GSI_2595,Himachal Pradesh,Sirmur,"East of Baneri, NahanDadahu
road",,,,Slide,,71,NO_COORDINATES,,Extracted from table on page 71
NER_02596,GSI,GSI_2596,Himachal Pradesh,Sirmur,Dadahu,,,,Slide,,71,NO_COORDINATES,,Extracted from table on page 71
NER_02597,GSI,GSI_2597,Himachal Pradesh,Sirmur,South of Baneri,,,,Slide,,71,NO_COORDINATES,,Extracted from table on page 71
NER_02598,GSI,GSI_2598,Himachal Pradesh,Sirmur,South of Renuka Ji,,,,Slide,,71,NO_COORDINATES,,Extracted from table on page 71
NER_02599,GSI,GSI_2599,Himachal Pradesh,Sirmur,Kathwar R.F.,,,,Slide,,71,NO_COORDINATES,,Extracted from table on page 71
NER_02600,GSI,GSI_2600,Himachal Pradesh,Sirmur,Dadahu,,,,Slide,,71,NO_COORDINATES,,Extracted from table on page 71
NER_02601,GSI,GSI_2601,Himachal Pradesh,Sirmur,Anrog,,,,Slide,,71,NO_COORDINATES,,Extracted from table on page 71
NER_02602,GSI,GSI_2602,Himachal Pradesh,Sirmur,East of Baneri,,,,Slide,,71,NO_COORDINATES,,Extracted from table on page 71
NER_02603,GSI,GSI_2603,Himachal Pradesh,Sirmur,Dadahu,,,,Slide,,71,NO_COORDINATES,,Extracted from table on page 71
NER_02604,GSI,GSI_2604,Himachal Pradesh,Sirmur,Dadahu,,,,Slide,,71,NO_COORDINATES,,Extracted from table on page 71
NER_02605,GSI,GSI_2605,Himachal Pradesh,Sirmur,"South of Gharania,
NahanDadahu road",,,,Slide,,71,NO_COORDINATES,,Extracted from table on page 71
NER_02606,GSI,GSI_2606,Himachal Pradesh,Sirmur,Dadahu,,,,Slide,,71,NO_COORDINATES,,Extracted from table on page 71
NER_02607,GSI,GSI_2607,Himachal Pradesh,Sirmur,"Kiar, Dadahu Sataun road",,,,Slide,,71,NO_COORDINATES,,Extracted from table on page 71
NER_02608,GSI,GSI_2608,Himachal Pradesh,Sirmur,Anrog,,,,Slide,,71,NO_COORDINATES,,Extracted from table on page 71
NER_02609,GSI,GSI_2609,Himachal Pradesh,Sirmur,"Dadahu, SataunDadahu
road, near bridge",,,,Slide,,71,NO_COORDINATES,,Extracted from table on page 71
NER_02610,GSI,GSI_2610,Himachal Pradesh,Sirmur,Dadahu,,,,Slide,,71,NO_COORDINATES,,Extracted from table on page 71
NER_02611,GSI,GSI_2611,Himachal Pradesh,Sirmur,North of Shamlog,,,,Slide,,71,NO_COORDINATES,,Extracted from table on page 71
NER_02612,GSI,GSI_2612,Himachal Pradesh,Sirmur,Dadahu,,,,Slide,,71,NO_COORDINATES,,Extracted from table on page 71
NER_02613,GSI,GSI_2613,Himachal Pradesh,Sirmur,Katli,,,,Slide,,71,NO_COORDINATES,,Extracted from table on page 71
NER_02614,GSI,GSI_2614,Himachal Pradesh,Sirmur,"North of Baneri,
NahanDadahu road",,,,Slide,,71,NO_COORDINATES,,Extracted from table on page 71
NER_02615,GSI,GSI_2615,Himachal Pradesh,Sirmur,Anrog,,,,Slide,,71,NO_COORDINATES,,Extracted from table on page 71
NER_02616,GSI,GSI_2616,Himachal Pradesh,Sirmur,"Parlo, PaontaShillai road",,,,Slide,,71,NO_COORDINATES,,Extracted from table on page 71
NER_02617,GSI,GSI_2617,Himachal Pradesh,Sirmur,Katli,,,,Slide,,71,NO_COORDINATES,,Extracted from table on page 71
NER_02618,GSI,GSI_2618,Himachal Pradesh,Sirmur,"Kiar, DadahuSataun road",,,,Slide,,71,NO_COORDINATES,,Extracted from table on page 71
NER_02619,GSI,GSI_2619,Himachal Pradesh,Sirmur,"Parlo, PaontaShillai road",,,,Slide,,71,NO_COORDINATES,,Extracted from table on page 71
NER_02620,GSI,GSI_2620,Himachal Pradesh,Sirmur,"Parlo, PaontaShillai road",,,,Slide,,71,NO_COORDINATES,,Extracted from table on page 71
NER_02621,GSI,GSI_2621,Himachal Pradesh,Sirmur,Shama,,,,Subsidence,,71,NO_COORDINATES,,Extracted from table on page 71
NER_02622,GSI,GSI_2622,Himachal Pradesh,Sirmur,Dadahu,,,,Slide,,71,NO_COORDINATES,,Extracted from table on page 71
NER_02623,GSI,GSI_2623,Himachal Pradesh,Sirmur,"Khadri, Nahan Dadahu road",,,,Slide,,71,NO_COORDINATES,,Extracted from table on page 71
NER_02624,GSI,GSI_2624,Himachal Pradesh,Sirmur,"South of Renuka,
DadahuSataun road",,,,Slide,,71,NO_COORDINATES,,Extracted from table on page 71
NER_02625,GSI,GSI_2625,Himachal Pradesh,Sirmur,"Parlo, PaontaShillai road",,,,Slide,,71,NO_COORDINATES,,Extracted from table on page 71
NER_02626,GSI,GSI_2626,Himachal Pradesh,Sirmur,North of Dadahu,,,,Slide,,71,NO_COORDINATES,,Extracted from table on page 71
NER_02627,GSI,GSI_2627,Himachal Pradesh,Sirmur,Shama,,,,Slide,,71,NO_COORDINATES,,Extracted from table on page 71
NER_02628,GSI,GSI_2628,Himachal Pradesh,Sirmur,"Khadri, NahanDadahu road",,,,Slide,,71,NO_COORDINATES,,Extracted from table on page 71
NER_02629,GSI,GSI_2629,Himachal Pradesh,Sirmur,Katli,,,,Slide,,71,NO_COORDINATES,,Extracted from table on page 71
NER_02630,GSI,GSI_2630,Himachal Pradesh,Sirmur,Katli,,,,Slide,,71,NO_COORDINATES,,Extracted from table on page 71
NER_02631,GSI,GSI_2631,Himachal Pradesh,Sirmur,SH02,,,,Slide,,71,NO_COORDINATES,,Extracted from table on page 71
NER_02632,GSI,GSI_2632,Himachal Pradesh,Sirmur,North of Dadahu,,,,Slide,,71,NO_COORDINATES,,Extracted from table on page 71
NER_02633,GSI,GSI_2633,Himachal Pradesh,Sirmur,North of Dadahu,,,,Fall,,71,NO_COORDINATES,,Extracted from table on page 71
NER_02634,GSI,GSI_2634,Himachal Pradesh,Sirmur,Khadri,,,,Slide,,72,NO_COORDINATES,,Extracted from table on page 72
NER_02635,GSI,GSI_2635,Himachal Pradesh,Sirmur,Kuphatti,,,,Slide,,72,NO_COORDINATES,,Extracted from table on page 72
NER_02636,GSI,GSI_2636,Himachal Pradesh,Sirmur,North of Shamlog,,,,Slide,,72,NO_COORDINATES,,Extracted from table on page 72
NER_02637,GSI,GSI_2637,Himachal Pradesh,Sirmur,Near Bhagara Falls,,,,Slide,,72,NO_COORDINATES,,Extracted from table on page 72
NER_02638,GSI,GSI_2638,Himachal Pradesh,Sirmur,#N/A,,,,Slide,,72,NO_COORDINATES,,Extracted from table on page 72
NER_02639,GSI,GSI_2639,Himachal Pradesh,Sirmur,"North of Kanoti, SH1",,,,Slide,,72,NO_COORDINATES,,Extracted from table on page 72
NER_02640,GSI,GSI_2640,Himachal Pradesh,Sirmur,"South of Renuka,
DadahuSataun road",,,,Slide,,72,NO_COORDINATES,,Extracted from table on page 72
NER_02641,GSI,GSI_2641,Himachal Pradesh,Sirmur,"Dadahu, Bacheri ka bagh
Dadahu road",,,,Slide,,72,NO_COORDINATES,,Extracted from table on page 72
NER_02642,GSI,GSI_2642,Himachal Pradesh,Sirmur,Kuphatti,,,,Slide,,72,NO_COORDINATES,,Extracted from table on page 72
NER_02643,GSI,GSI_2643,Himachal Pradesh,Sirmur,"East of Renuka,
DadahuSataun road",,,,Slide,,72,NO_COORDINATES,,Extracted from table on page 72
NER_02644,GSI,GSI_2644,Himachal Pradesh,Sirmur,"North of Kanoti, SH1",,,,Slide,,72,NO_COORDINATES,,Extracted from table on page 72
NER_02645,GSI,GSI_2645,Himachal Pradesh,Sirmur,Pipalti,,,,Slide,,72,NO_COORDINATES,,Extracted from table on page 72
NER_02646,GSI,GSI_2646,Himachal Pradesh,Sirmur,North of Dadahu,,,,Slide,,72,NO_COORDINATES,,Extracted from table on page 72
NER_02647,GSI,GSI_2647,Himachal Pradesh,Sirmur,Jamana Pobhar R.F.,,,,Slide,,72,NO_COORDINATES,,Extracted from table on page 72
NER_02648,GSI,GSI_2648,Himachal Pradesh,Sirmur,Dadahu,,,,Slide,,72,NO_COORDINATES,,Extracted from table on page 72
NER_02649,GSI,GSI_2649,Himachal Pradesh,Sirmur,"East of Renuka,
DadahuSataun road",,,,Slide,,72,NO_COORDINATES,,Extracted from table on page 72
NER_02650,GSI,GSI_2650,Himachal Pradesh,Sirmur,"East of Renuka,
DadahuSataun road",,,,Slide,,72,NO_COORDINATES,,Extracted from table on page 72
NER_02651,GSI,GSI_2651,Himachal Pradesh,Sirmur,"North of Kanoti, SH1",,,,Slide,,72,NO_COORDINATES,,Extracted from table on page 72
NER_02652,GSI,GSI_2652,Himachal Pradesh,Sirmur,North of Dadahu,,,,Slide,,72,NO_COORDINATES,,Extracted from table on page 72
NER_02653,GSI,GSI_2653,Himachal Pradesh,Sirmur,"Near Bhagara Falls,
NahanDadahu road",,,,Slide,,72,NO_COORDINATES,,Extracted from table on page 72
NER_02654,GSI,GSI_2654,Himachal Pradesh,Sirmur,"Near Bhagara Falls,
NahanDadahu road",,,,Slide,,72,NO_COORDINATES,,Extracted from table on page 72
NER_02655,GSI,GSI_2655,Himachal Pradesh,Sirmur,Gharjara,,,,Slide,,72,NO_COORDINATES,,Extracted from table on page 72
NER_02656,GSI,GSI_2656,Himachal Pradesh,Sirmur,"Kaffota, PaontaShillai road",,,,Slide,,72,NO_COORDINATES,,Extracted from table on page 72
NER_02657,GSI,GSI_2657,Himachal Pradesh,Sirmur,"Kaffota, PaontaShillai road",,,,Slide,,72,NO_COORDINATES,,Extracted from table on page 72
NER_02658,GSI,GSI_2658,Himachal Pradesh,Sirmur,"Ladu, SH1, NahanSolan road",,,,Slide,,72,NO_COORDINATES,,Extracted from table on page 72
NER_02659,GSI,GSI_2659,Himachal Pradesh,Sirmur,SH02,,,,Slide,,72,NO_COORDINATES,,Extracted from table on page 72
NER_02660,GSI,GSI_2660,Himachal Pradesh,Sirmur,"Ladu, SH1, NahanSolan road",,,,Slide,,72,NO_COORDINATES,,Extracted from table on page 72
NER_02661,GSI,GSI_2661,Himachal Pradesh,Sirmur,Masu,,,,Slide,,72,NO_COORDINATES,,Extracted from table on page 72
NER_02662,GSI,GSI_2662,Himachal Pradesh,Sirmur,Dathnog,,,,Slide,,72,NO_COORDINATES,,Extracted from table on page 72
NER_02663,GSI,GSI_2663,Himachal Pradesh,Sirmur,North of Khadri,,,,Slide,,72,NO_COORDINATES,,Extracted from table on page 72
NER_02664,GSI,GSI_2664,Himachal Pradesh,Sirmur,Gharjara,,,,Slide,,72,NO_COORDINATES,,Extracted from table on page 72
NER_02665,GSI,GSI_2665,Himachal Pradesh,Sirmur,"South of Nalli,
NahanDadahu road",,,,Slide,,72,NO_COORDINATES,,Extracted from table on page 72
NER_02666,GSI,GSI_2666,Himachal Pradesh,Sirmur,Gharjara,,,,Slide,,72,NO_COORDINATES,,Extracted from table on page 72
NER_02667,GSI,GSI_2667,Himachal Pradesh,Sirmur,"Nalli, NahanDadahu road",,,,Slide,,72,NO_COORDINATES,,Extracted from table on page 72
NER_02668,GSI,GSI_2668,Himachal Pradesh,Sirmur,North of Kyarta,,,,Slide,,72,NO_COORDINATES,,Extracted from table on page 72
NER_02669,GSI,GSI_2669,Himachal Pradesh,Sirmur,"Ladu, SH1, NahanSolan road",,,,Slide,,72,NO_COORDINATES,,Extracted from table on page 72
NER_02670,GSI,GSI_2670,Himachal Pradesh,Sirmur,"South of Nalli,
NahanDadahu road",,,,Slide,,72,NO_COORDINATES,,Extracted from table on page 72
NER_02671,GSI,GSI_2671,Himachal Pradesh,Sirmur,"Kaffota, PaontaShillai road",,,,Slide,,72,NO_COORDINATES,,Extracted from table on page 72
NER_02672,GSI,GSI_2672,Himachal Pradesh,Sirmur,North of Dadahu,,,,Slide,,72,NO_COORDINATES,,Extracted from table on page 72
NER_02673,GSI,GSI_2673,Himachal Pradesh,Sirmur,Masu,,,,Slide,,72,NO_COORDINATES,,Extracted from table on page 72
NER_02674,GSI,GSI_2674,Himachal Pradesh,Sirmur,North of Dadahu,,,,Slide,,72,NO_COORDINATES,,Extracted from table on page 72
NER_02675,GSI,GSI_2675,Himachal Pradesh,Sirmur,Kharari,,,,Slide,,72,NO_COORDINATES,,Extracted from table on page 72
NER_02676,GSI,GSI_2676,Himachal Pradesh,Sirmur,North of Dadahu,,,,Slide,,72,NO_COORDINATES,,Extracted from table on page 72
NER_02677,GSI,GSI_2677,Himachal Pradesh,Sirmur,"Kaffota, PaontaShillai road",,,,Slide,,73,NO_COORDINATES,,Extracted from table on page 73
NER_02678,GSI,GSI_2678,Himachal Pradesh,Sirmur,North of Kyarta,,,,Slide,,73,NO_COORDINATES,,Extracted from table on page 73
NER_02679,GSI,GSI_2679,Himachal Pradesh,Sirmur,Katal,,,,Slide,,73,NO_COORDINATES,,Extracted from table on page 73
NER_02680,GSI,GSI_2680,Himachal Pradesh,Sirmur,North of Kyarta,,,,Slide,,73,NO_COORDINATES,,Extracted from table on page 73
NER_02681,GSI,GSI_2681,Himachal Pradesh,Sirmur,North of Kyarta,,,,Slide,,73,NO_COORDINATES,,Extracted from table on page 73
NER_02682,GSI,GSI_2682,Himachal Pradesh,Sirmur,North of Kyarta,,,,Slide,,73,NO_COORDINATES,,Extracted from table on page 73
NER_02683,GSI,GSI_2683,Himachal Pradesh,Sirmur,"Kaffota, PaontaShillai road",,,,Slide,,73,NO_COORDINATES,,Extracted from table on page 73
NER_02684,GSI,GSI_2684,Himachal Pradesh,Sirmur,Katal,,,,Slide,,73,NO_COORDINATES,,Extracted from table on page 73
NER_02685,GSI,GSI_2685,Himachal Pradesh,Sirmur,South of kamlar,,,,Slide,,73,NO_COORDINATES,,Extracted from table on page 73
NER_02686,GSI,GSI_2686,Himachal Pradesh,Sirmur,Kharari,,,,Slide,,73,NO_COORDINATES,,Extracted from table on page 73
NER_02687,GSI,GSI_2687,Himachal Pradesh,Sirmur,North of Kyarta,,,,Slide,,73,NO_COORDINATES,,Extracted from table on page 73
NER_02688,GSI,GSI_2688,Himachal Pradesh,Sirmur,Kharari,,,,Slide,,73,NO_COORDINATES,,Extracted from table on page 73
NER_02689,GSI,GSI_2689,Himachal Pradesh,Sirmur,"Sathan, DadahuSangrah road",,,,Slide,,73,NO_COORDINATES,,Extracted from table on page 73
NER_02690,GSI,GSI_2690,Himachal Pradesh,Sirmur,North of Kyarta,,,,Slide,,73,NO_COORDINATES,,Extracted from table on page 73
NER_02691,GSI,GSI_2691,Himachal Pradesh,Sirmur,"Ladu, SH1, NahanSolan road",,,,Slide,,73,NO_COORDINATES,,Extracted from table on page 73
NER_02692,GSI,GSI_2692,Himachal Pradesh,Sirmur,Katal,,,,Slide,,73,NO_COORDINATES,,Extracted from table on page 73
NER_02693,GSI,GSI_2693,Himachal Pradesh,Sirmur,Katal,,,,Slide,,73,NO_COORDINATES,,Extracted from table on page 73
NER_02694,GSI,GSI_2694,Himachal Pradesh,Sirmur,South of kamlar,,,,Slide,,73,NO_COORDINATES,,Extracted from table on page 73
NER_02695,GSI,GSI_2695,Himachal Pradesh,Sirmur,Masu,,,,Slide,,73,NO_COORDINATES,,Extracted from table on page 73
NER_02696,GSI,GSI_2696,Himachal Pradesh,Sirmur,South of kamlar,,,,Slide,,73,NO_COORDINATES,,Extracted from table on page 73
NER_02697,GSI,GSI_2697,Himachal Pradesh,Sirmur,Jhalara,,,,Slide,,73,NO_COORDINATES,,Extracted from table on page 73
NER_02698,GSI,GSI_2698,Himachal Pradesh,Sirmur,Anji,,,,Slide,,73,NO_COORDINATES,,Extracted from table on page 73
NER_02699,GSI,GSI_2699,Himachal Pradesh,Sirmur,South of kamlar,,,,Slide,,73,NO_COORDINATES,,Extracted from table on page 73
NER_02700,GSI,GSI_2700,Himachal Pradesh,Sirmur,Masu,,,,Slide,,73,NO_COORDINATES,,Extracted from table on page 73
NER_02701,GSI,GSI_2701,Himachal Pradesh,Sirmur,Masu,,,,Slide,,73,NO_COORDINATES,,Extracted from table on page 73
NER_02702,GSI,GSI_2702,Himachal Pradesh,Sirmur,"Kangar, SH1, NahanSolan road",,,,Slide,,73,NO_COORDINATES,,Extracted from table on page 73
NER_02703,GSI,GSI_2703,Himachal Pradesh,Sirmur,"Kangar, SH1, NahanSolan road",,,,Slide,,73,NO_COORDINATES,,Extracted from table on page 73
NER_02704,GSI,GSI_2704,Himachal Pradesh,Sirmur,"Kangar, SH1, NahanSolan road",,,,Slide,,73,NO_COORDINATES,,Extracted from table on page 73
NER_02705,GSI,GSI_2705,Himachal Pradesh,Sirmur,Kamlar,,,,Slide,,73,NO_COORDINATES,,Extracted from table on page 73
NER_02706,GSI,GSI_2706,Himachal Pradesh,Sirmur,Anji,,,,Slide,,73,NO_COORDINATES,,Extracted from table on page 73
NER_02707,GSI,GSI_2707,Himachal Pradesh,Sirmur,"Khadkali to Unar Kango road
link road, Dist. Sirmaur,
Himachal Pradesh on Dadhau to
Sangra road observed on
27.7.17",,,,Slide,,73,NO_COORDINATES,,Extracted from table on page 73
NER_02708,GSI,GSI_2708,Himachal Pradesh,Sirmur,Masu,,,,Slide,,73,NO_COORDINATES,,Extracted from table on page 73
NER_02709,GSI,GSI_2709,Himachal Pradesh,Sirmur,Kamlar,,,,Slide,,73,NO_COORDINATES,,Extracted from table on page 73
NER_02710,GSI,GSI_2710,Himachal Pradesh,Sirmur,"East of Kharkuli,
DadahuSangrah road",,,,Slide,,73,NO_COORDINATES,,Extracted from table on page 73
NER_02711,GSI,GSI_2711,Himachal Pradesh,Sirmur,"East of Kharkuli,
DadahuSangrah road",,,,Slide,,73,NO_COORDINATES,,Extracted from table on page 73
NER_02712,GSI,GSI_2712,Himachal Pradesh,Sirmur,"Kangar, SH1, NahanSolan road",,,,Slide,,73,NO_COORDINATES,,Extracted from table on page 73
NER_02713,GSI,GSI_2713,Himachal Pradesh,Sirmur,"East of Kharkuli,
DadahuSangrah road",,,,Slide,,73,NO_COORDINATES,,Extracted from table on page 73
NER_02714,GSI,GSI_2714,Himachal Pradesh,Sirmur,Jhalara,,,,Slide,,73,NO_COORDINATES,,Extracted from table on page 73
NER_02715,GSI,GSI_2715,Himachal Pradesh,Sirmur,"East of Kharkuli,
DadahuSangrah road",,,,Slide,,73,NO_COORDINATES,,Extracted from table on page 73
NER_02716,GSI,GSI_2716,Himachal Pradesh,Sirmur,Jaghas,,,,Slide,,74,NO_COORDINATES,,Extracted from table on page 74
NER_02717,GSI,GSI_2717,Himachal Pradesh,Sirmur,South of Mohari,,,,Slide,,74,NO_COORDINATES,,Extracted from table on page 74
NER_02718,GSI,GSI_2718,Himachal Pradesh,Sirmur,"Sanara, Bacheri ka bagh
Dadahu road",,,,Slide,,74,NO_COORDINATES,,Extracted from table on page 74
NER_02719,GSI,GSI_2719,Himachal Pradesh,Sirmur,Jhalara,,,,Slide,,74,NO_COORDINATES,,Extracted from table on page 74
NER_02720,GSI,GSI_2720,Himachal Pradesh,Sirmur,"East of Kharkuli,
DadahuSangrah road",,,,Slide,,74,NO_COORDINATES,,Extracted from table on page 74
NER_02721,GSI,GSI_2721,Himachal Pradesh,Sirmur,South of Mohari,,,,Slide,,74,NO_COORDINATES,,Extracted from table on page 74
NER_02722,GSI,GSI_2722,Himachal Pradesh,Sirmur,"East of Kharkuli,
DadahuSangrah road",,,,Slide,,74,NO_COORDINATES,,Extracted from table on page 74
NER_02723,GSI,GSI_2723,Himachal Pradesh,Sirmur,"East of Kharkuli,
DadahuSangrah road",,,,Slide,,74,NO_COORDINATES,,Extracted from table on page 74
NER_02724,GSI,GSI_2724,Himachal Pradesh,Sirmur,"East of Kharkuli,
DadahuSangrah road",,,,Slide,,74,NO_COORDINATES,,Extracted from table on page 74
NER_02725,GSI,GSI_2725,Himachal Pradesh,Sirmur,,,,,Slide,,74,NO_COORDINATES,,Extracted from table on page 74
NER_02726,GSI,GSI_2726,Himachal Pradesh,Sirmur,South of Mohari,,,,Slide,,74,NO_COORDINATES,,Extracted from table on page 74
NER_02727,GSI,GSI_2727,Himachal Pradesh,Sirmur,South of Mohari,,,,Slide,,74,NO_COORDINATES,,Extracted from table on page 74
NER_02728,GSI,GSI_2728,Himachal Pradesh,Sirmur,"Jamna, KotiKaffota road",,,,Slide,,74,NO_COORDINATES,,Extracted from table on page 74
NER_02729,GSI,GSI_2729,Himachal Pradesh,Sirmur,,,,,Fall,,74,NO_COORDINATES,,Extracted from table on page 74
NER_02730,GSI,GSI_2730,Himachal Pradesh,Sirmur,"Jamna, KotiKaffota road",,,,Slide,,74,NO_COORDINATES,,Extracted from table on page 74
NER_02731,GSI,GSI_2731,Himachal Pradesh,Sirmur,"Jamna, KotiKaffota road",,,,Slide,,74,NO_COORDINATES,,Extracted from table on page 74
NER_02732,GSI,GSI_2732,Himachal Pradesh,Sirmur,Chakli,,,,Slide,,74,NO_COORDINATES,,Extracted from table on page 74
NER_02733,GSI,GSI_2733,Himachal Pradesh,Sirmur,Chakli,,,,Slide,,74,NO_COORDINATES,,Extracted from table on page 74
NER_02734,GSI,GSI_2734,Himachal Pradesh,Sirmur,"East of Kharkuli,
DadahuSangrah road",,,,Slide,,74,NO_COORDINATES,,Extracted from table on page 74
NER_02735,GSI,GSI_2735,Himachal Pradesh,Sirmur,South of Mohari,,,,Slide,,74,NO_COORDINATES,,Extracted from table on page 74
NER_02736,GSI,GSI_2736,Himachal Pradesh,Sirmur,"Jamna, KotiKaffota road",,,,Slide,,74,NO_COORDINATES,,Extracted from table on page 74
NER_02737,GSI,GSI_2737,Himachal Pradesh,Sirmur,South of Mohari,,,,Slide,,74,NO_COORDINATES,,Extracted from table on page 74
NER_02738,GSI,GSI_2738,Himachal Pradesh,Sirmur,"East of Kharkuli,
DadahuSangrah road",,,,Slide,,74,NO_COORDINATES,,Extracted from table on page 74
NER_02739,GSI,GSI_2739,Himachal Pradesh,Sirmur,South of Mohari,,,,Slide,,74,NO_COORDINATES,,Extracted from table on page 74
NER_02740,GSI,GSI_2740,Himachal Pradesh,Sirmur,Aliyan,,,,Slide,,74,NO_COORDINATES,,Extracted from table on page 74
NER_02741,GSI,GSI_2741,Himachal Pradesh,Sirmur,South of Banethi SH1,,,,Slide,,74,NO_COORDINATES,,Extracted from table on page 74
NER_02742,GSI,GSI_2742,Himachal Pradesh,Sirmur,South of Banethi SH1,,,,Subsidence,,74,NO_COORDINATES,,Extracted from table on page 74
NER_02743,GSI,GSI_2743,Himachal Pradesh,Sirmur,South of Banethi SH1,,,,Slide,,74,NO_COORDINATES,,Extracted from table on page 74
NER_02744,GSI,GSI_2744,Himachal Pradesh,Solan,,,,,Slide,,74,NO_COORDINATES,,Extracted from table on page 74
NER_02745,GSI,GSI_2745,Himachal Pradesh,Sirmur,"East of Kharkuli,
DadahuSangrah road",,,,Slide,,74,NO_COORDINATES,,Extracted from table on page 74
NER_02746,GSI,GSI_2746,Himachal Pradesh,Sirmur,Aliyan,,,,Slide,,74,NO_COORDINATES,,Extracted from table on page 74
NER_02747,GSI,GSI_2747,Himachal Pradesh,Sirmur,Dongi Ki Ser,,,,Slide,,74,NO_COORDINATES,,Extracted from table on page 74
NER_02748,GSI,GSI_2748,Himachal Pradesh,Sirmur,Dongi Ki Ser,,,,Slide,,74,NO_COORDINATES,,Extracted from table on page 74
NER_02749,GSI,GSI_2749,Himachal Pradesh,Sirmur,NainatikkarSarahan road,,,,Fall,,74,NO_COORDINATES,,Extracted from table on page 74
NER_02750,GSI,GSI_2750,Himachal Pradesh,Sirmur,Dongi Ki Ser,,,,Slide,,74,NO_COORDINATES,,Extracted from table on page 74
NER_02751,GSI,GSI_2751,Himachal Pradesh,Sirmur,,,,,Slide,,74,NO_COORDINATES,,Extracted from table on page 74
NER_02752,GSI,GSI_2752,Himachal Pradesh,Sirmur,Dongi Ki Ser,,,,Slide,,74,NO_COORDINATES,,Extracted from table on page 74
NER_02753,GSI,GSI_2753,Himachal Pradesh,Sirmur,"Kakog, Dadahu
Sangrah road",,,,Slide,,74,NO_COORDINATES,,Extracted from table on page 74
NER_02754,GSI,GSI_2754,Himachal Pradesh,Sirmur,Kyontha,,,,Slide,,74,NO_COORDINATES,,Extracted from table on page 74
NER_02755,GSI,GSI_2755,Himachal Pradesh,Sirmur,Kyontha,,,,Slide,,74,NO_COORDINATES,,Extracted from table on page 74
NER_02756,GSI,GSI_2756,Himachal Pradesh,Sirmur,Chamiyana,,,,Slide,,74,NO_COORDINATES,,Extracted from table on page 74
NER_02757,GSI,GSI_2757,Himachal Pradesh,Sirmur,Kyontha,,,,Slide,,74,NO_COORDINATES,,Extracted from table on page 74
NER_02758,GSI,GSI_2758,Himachal Pradesh,Sirmur,,,,,Fall,,74,NO_COORDINATES,,Extracted from table on page 74
NER_02759,GSI,GSI_2759,Himachal Pradesh,Sirmur,Kala ambPoanta road,,,,Slide,,75,NO_COORDINATES,,Extracted from table on page 75
NER_02760,GSI,GSI_2760,Himachal Pradesh,Sirmur,Kyontha,,,,Slide,,75,NO_COORDINATES,,Extracted from table on page 75
NER_02761,GSI,GSI_2761,Himachal Pradesh,Sirmur,"Jathyan, PaontaShillai road",,,,Slide,,75,NO_COORDINATES,,Extracted from table on page 75
NER_02762,GSI,GSI_2762,Himachal Pradesh,Sirmur,West of Koti,,,,Slide,,75,NO_COORDINATES,,Extracted from table on page 75
NER_02763,GSI,GSI_2763,Himachal Pradesh,Sirmur,"Chunkhar, Bacheri ka bagh
Dadahu road",,,,Slide,,75,NO_COORDINATES,,Extracted from table on page 75
NER_02764,GSI,GSI_2764,Himachal Pradesh,Sirmur,"Chunkhar, Bacheri ka bagh
Dadahu road",,,,Slide,,75,NO_COORDINATES,,Extracted from table on page 75
NER_02765,GSI,GSI_2765,Himachal Pradesh,Sirmur,"Kakog, Dadahu
Sangrah road",,,,Slide,,75,NO_COORDINATES,,Extracted from table on page 75
NER_02766,GSI,GSI_2766,Himachal Pradesh,Sirmur,"Chunkhar, Bacheri ka bagh
Dadahu road",,,,Slide,,75,NO_COORDINATES,,Extracted from table on page 75
NER_02767,GSI,GSI_2767,Himachal Pradesh,Sirmur,Kyontha,,,,Slide,,75,NO_COORDINATES,,Extracted from table on page 75
NER_02768,GSI,GSI_2768,Himachal Pradesh,Sirmur,"Jathyan, PaontaShillai road",,,,Slide,,75,NO_COORDINATES,,Extracted from table on page 75
NER_02769,GSI,GSI_2769,Himachal Pradesh,Sirmur,Bhajjar link road,,,,Slide,,75,NO_COORDINATES,,Extracted from table on page 75
NER_02770,GSI,GSI_2770,Himachal Pradesh,Sirmur,"Jathyan, PaontaShillai road",,,,Slide,,75,NO_COORDINATES,,Extracted from table on page 75
NER_02771,GSI,GSI_2771,Himachal Pradesh,Sirmur,Kyontha,,,,Slide,,75,NO_COORDINATES,,Extracted from table on page 75
NER_02772,GSI,GSI_2772,Himachal Pradesh,Sirmur,West of Koti,,,,Slide,,75,NO_COORDINATES,,Extracted from table on page 75
NER_02773,GSI,GSI_2773,Himachal Pradesh,Sirmur,Bahar link road,,,,Slide,,75,NO_COORDINATES,,Extracted from table on page 75
NER_02774,GSI,GSI_2774,Himachal Pradesh,Sirmur,West of Koti,,,,Slide,,75,NO_COORDINATES,,Extracted from table on page 75
NER_02775,GSI,GSI_2775,Himachal Pradesh,Sirmur,West of Koti,,,,Slide,,75,NO_COORDINATES,,Extracted from table on page 75
NER_02776,GSI,GSI_2776,Himachal Pradesh,Sirmur,West of Koti,,,,Slide,,75,NO_COORDINATES,,Extracted from table on page 75
NER_02777,GSI,GSI_2777,Himachal Pradesh,Sirmur,West of Koti,,,,Slide,,75,NO_COORDINATES,,Extracted from table on page 75
NER_02778,GSI,GSI_2778,Himachal Pradesh,Sirmur,West of Koti,,,,Slide,,75,NO_COORDINATES,,Extracted from table on page 75
NER_02779,GSI,GSI_2779,Himachal Pradesh,Sirmur,KumarhattiNahan road,,,,Slide,,75,NO_COORDINATES,,Extracted from table on page 75
NER_02780,GSI,GSI_2780,Himachal Pradesh,Sirmur,SH02,,,,Slide,,75,NO_COORDINATES,,Extracted from table on page 75
NER_02781,GSI,GSI_2781,Himachal Pradesh,Sirmur,KumarhattiNahan road,,,,Slide,,75,NO_COORDINATES,,Extracted from table on page 75
NER_02782,GSI,GSI_2782,Himachal Pradesh,Sirmur,SH02,,,,Slide,,75,NO_COORDINATES,,Extracted from table on page 75
NER_02783,GSI,GSI_2783,Himachal Pradesh,Sirmur,West of Koti,,,,Slide,,75,NO_COORDINATES,,Extracted from table on page 75
NER_02784,GSI,GSI_2784,Himachal Pradesh,Sirmur,West of Koti,,,,Slide,,75,NO_COORDINATES,,Extracted from table on page 75
NER_02785,GSI,GSI_2785,Himachal Pradesh,Sirmur,West of Koti,,,,Slide,,75,NO_COORDINATES,,Extracted from table on page 75
NER_02786,GSI,GSI_2786,Himachal Pradesh,Sirmur,SH02,,,,Slide,,75,NO_COORDINATES,,Extracted from table on page 75
NER_02787,GSI,GSI_2787,Himachal Pradesh,Sirmur,,,,,Slide,,75,NO_COORDINATES,,Extracted from table on page 75
NER_02788,GSI,GSI_2788,Himachal Pradesh,Sirmur,SH02,,,,Slide,,75,NO_COORDINATES,,Extracted from table on page 75
NER_02789,GSI,GSI_2789,Himachal Pradesh,Sirmur,"Gangtoli, PaontaShillai road",,,,Slide,,75,NO_COORDINATES,,Extracted from table on page 75
NER_02790,GSI,GSI_2790,Himachal Pradesh,Sirmur,"Banel, BanethiRajgarh road",,,,Slide,,75,NO_COORDINATES,,Extracted from table on page 75
NER_02791,GSI,GSI_2791,Himachal Pradesh,Sirmur,"Larao, paontaShillai road",,,,Slide,,75,NO_COORDINATES,,Extracted from table on page 75
NER_02792,GSI,GSI_2792,Himachal Pradesh,Sirmur,West of Koti,,,,Slide,,75,NO_COORDINATES,,Extracted from table on page 75
NER_02793,GSI,GSI_2793,Himachal Pradesh,Sirmur,West of Koti,,,,Slide,,75,NO_COORDINATES,,Extracted from table on page 75
NER_02794,GSI,GSI_2794,Himachal Pradesh,Sirmur,"Larao, paontaShillai road",,,,Slide,,75,NO_COORDINATES,,Extracted from table on page 75
NER_02795,GSI,GSI_2795,Himachal Pradesh,Sirmur,SH02,,,,Slide,,75,NO_COORDINATES,,Extracted from table on page 75
NER_02796,GSI,GSI_2796,Himachal Pradesh,Sirmur,KumarhattiNahan road,,,,Slide,,75,NO_COORDINATES,,Extracted from table on page 75
NER_02797,GSI,GSI_2797,Himachal Pradesh,Sirmur,"South of Tikar, PaontaShillai
road",,,,Slide,,75,NO_COORDINATES,,Extracted from table on page 75
NER_02798,GSI,GSI_2798,Himachal Pradesh,Sirmur,"Larao, paontaShillai road",,,,Slide,,75,NO_COORDINATES,,Extracted from table on page 75
NER_02799,GSI,GSI_2799,Himachal Pradesh,Sirmur,"South of Tikar, PaontaShillai
road",,,,Slide,,75,NO_COORDINATES,,Extracted from table on page 75
NER_02800,GSI,GSI_2800,Himachal Pradesh,Sirmur,KumarhattiNahan road,,,,Slide,,75,NO_COORDINATES,,Extracted from table on page 75
NER_02801,GSI,GSI_2801,Himachal Pradesh,Sirmur,"Banel, BanethiRajgarh road",,,,Slide,,75,NO_COORDINATES,,Extracted from table on page 75
NER_02802,GSI,GSI_2802,Himachal Pradesh,Sirmur,"Larao, paontaShillai road",,,,Slide,,75,NO_COORDINATES,,Extracted from table on page 75
NER_02803,GSI,GSI_2803,Himachal Pradesh,Sirmur,"Larao, paontaShillai road",,,,Slide,,75,NO_COORDINATES,,Extracted from table on page 75
NER_02804,GSI,GSI_2804,Himachal Pradesh,Sirmur,"South of Tikar, PaontaShillai
road",,,,Slide,,76,NO_COORDINATES,,Extracted from table on page 76
NER_02805,GSI,GSI_2805,Himachal Pradesh,Sirmur,"South of Tikar, PaontaShillai
road",,,,Slide,,76,NO_COORDINATES,,Extracted from table on page 76
NER_02806,GSI,GSI_2806,Himachal Pradesh,Sirmur,"North of Guhana,
DadahuSangrah road",,,,Slide,,76,NO_COORDINATES,,Extracted from table on page 76
NER_02807,GSI,GSI_2807,Himachal Pradesh,Sirmur,"Larao, paontaShillai road",,,,Slide,,76,NO_COORDINATES,,Extracted from table on page 76
NER_02808,GSI,GSI_2808,Himachal Pradesh,Sirmur,"Larao, paontaShillai road",,,,Slide,,76,NO_COORDINATES,,Extracted from table on page 76
NER_02809,GSI,GSI_2809,Himachal Pradesh,Sirmur,"Larao, paontaShillai road",,,,Slide,,76,NO_COORDINATES,,Extracted from table on page 76
NER_02810,GSI,GSI_2810,Himachal Pradesh,Sirmur,"South of Tikar, PaontaShillai
road",,,,Slide,,76,NO_COORDINATES,,Extracted from table on page 76
NER_02811,GSI,GSI_2811,Himachal Pradesh,Sirmur,KumarhattiNahan road,,,,Slide,,76,NO_COORDINATES,,Extracted from table on page 76
NER_02812,GSI,GSI_2812,Himachal Pradesh,Sirmur,"South of Tikar, PaontaShillai
road",,,,Slide,,76,NO_COORDINATES,,Extracted from table on page 76
NER_02813,GSI,GSI_2813,Himachal Pradesh,Sirmur,"South of Tikar, PaontaShillai
road",,,,Slide,,76,NO_COORDINATES,,Extracted from table on page 76
NER_02814,GSI,GSI_2814,Himachal Pradesh,Sirmur,Chaukri,,,,Slide,,76,NO_COORDINATES,,Extracted from table on page 76
NER_02815,GSI,GSI_2815,Himachal Pradesh,Sirmur,Majhai,,,,Slide,,76,NO_COORDINATES,,Extracted from table on page 76
NER_02816,GSI,GSI_2816,Himachal Pradesh,Solan,,,,,Slide,,76,NO_COORDINATES,,Extracted from table on page 76
NER_02817,GSI,GSI_2817,Himachal Pradesh,Solan,Palticut road,,,,Slide,,76,NO_COORDINATES,,Extracted from table on page 76
NER_02818,GSI,GSI_2818,Himachal Pradesh,Sirmur,"Manal, PaontaShillai road",,,,Slide,,76,NO_COORDINATES,,Extracted from table on page 76
NER_02819,GSI,GSI_2819,Himachal Pradesh,Solan,,,,,Slide,,76,NO_COORDINATES,,Extracted from table on page 76
NER_02820,GSI,GSI_2820,Himachal Pradesh,Sirmur,"Shillai, PaontaShillai road",,,,Slide,,76,NO_COORDINATES,,Extracted from table on page 76
NER_02821,GSI,GSI_2821,Himachal Pradesh,Sirmur,"Shillai, PaontaShillai road",,,,Slide,,76,NO_COORDINATES,,Extracted from table on page 76
NER_02822,GSI,GSI_2822,Himachal Pradesh,Sirmur,Bahar link road,,,,Slide,,76,NO_COORDINATES,,Extracted from table on page 76
NER_02823,GSI,GSI_2823,Himachal Pradesh,Sirmur,Chaukri,,,,Slide,,76,NO_COORDINATES,,Extracted from table on page 76
NER_02824,GSI,GSI_2824,Himachal Pradesh,Sirmur,"Shillai, PaontaShillai road",,,,Slide,,76,NO_COORDINATES,,Extracted from table on page 76
NER_02825,GSI,GSI_2825,Himachal Pradesh,Sirmur,,,,,Slide,,76,NO_COORDINATES,,Extracted from table on page 76
NER_02826,GSI,GSI_2826,Himachal Pradesh,Sirmur,KumarhattiNahan road,,,,Slide,,76,NO_COORDINATES,,Extracted from table on page 76
NER_02827,GSI,GSI_2827,Himachal Pradesh,Sirmur,"Shillai, PaontaShillai road",,,,Slide,,76,NO_COORDINATES,,Extracted from table on page 76
NER_02828,GSI,GSI_2828,Himachal Pradesh,Sirmur,Chaukri,,,,Slide,,76,NO_COORDINATES,,Extracted from table on page 76
NER_02829,GSI,GSI_2829,Himachal Pradesh,Solan,Palticut road,,,,Slide,,76,NO_COORDINATES,,Extracted from table on page 76
NER_02830,GSI,GSI_2830,Himachal Pradesh,Solan,,,,,Slide,,76,NO_COORDINATES,,Extracted from table on page 76
NER_02831,GSI,GSI_2831,Himachal Pradesh,Solan,Palticut road,,,,Slide,,76,NO_COORDINATES,,Extracted from table on page 76
NER_02832,GSI,GSI_2832,Himachal Pradesh,Sirmur,"Shillai, ShillaiRonhat road",,,,Slide,,76,NO_COORDINATES,,Extracted from table on page 76
NER_02833,GSI,GSI_2833,Himachal Pradesh,Sirmur,"Shillai, ShillaiRonhat road",,,,Slide,,76,NO_COORDINATES,,Extracted from table on page 76
NER_02834,GSI,GSI_2834,Himachal Pradesh,Sirmur,"Shillai, ShillaiRonhat road",,,,Slide,,76,NO_COORDINATES,,Extracted from table on page 76
NER_02835,GSI,GSI_2835,Himachal Pradesh,Sirmur,"Shillai, ShillaiRonhat road",,,,Slide,,76,NO_COORDINATES,,Extracted from table on page 76
NER_02836,GSI,GSI_2836,Himachal Pradesh,Solan,SH02,,,,Slide,,76,NO_COORDINATES,,Extracted from table on page 76
NER_02837,GSI,GSI_2837,Himachal Pradesh,Solan,,,,,Slide,,76,NO_COORDINATES,,Extracted from table on page 76
NER_02838,GSI,GSI_2838,Himachal Pradesh,Solan,SH02,,,,Fall,,76,NO_COORDINATES,,Extracted from table on page 76
NER_02839,GSI,GSI_2839,Himachal Pradesh,Sirmur,Bela,,,,Slide,,76,NO_COORDINATES,,Extracted from table on page 76
NER_02840,GSI,GSI_2840,Himachal Pradesh,Sirmur,,,,,Slide,,76,NO_COORDINATES,,Extracted from table on page 76
NER_02841,GSI,GSI_2841,Himachal Pradesh,Sirmur,"Bagthan, Banethirajgarh road",,,,Slide,,76,NO_COORDINATES,,Extracted from table on page 76
NER_02842,GSI,GSI_2842,Himachal Pradesh,Solan,Palticut road,,,,Slide,,76,NO_COORDINATES,,Extracted from table on page 76
NER_02843,GSI,GSI_2843,Himachal Pradesh,Sirmur,"Bagthan, Banethirajgarh road",,,,Slide,,76,NO_COORDINATES,,Extracted from table on page 76
NER_02844,GSI,GSI_2844,Himachal Pradesh,Sirmur,Chyali R.F.,,,,Slide,,76,NO_COORDINATES,,Extracted from table on page 76
NER_02845,GSI,GSI_2845,Himachal Pradesh,Solan,Palticut road,,,,Slide,,76,NO_COORDINATES,,Extracted from table on page 76
NER_02846,GSI,GSI_2846,Himachal Pradesh,Sirmur,South west of Siyun,,,,Slide,,76,NO_COORDINATES,,Extracted from table on page 76
NER_02847,GSI,GSI_2847,Himachal Pradesh,Sirmur,Chyali R.F.,,,,Slide,,76,NO_COORDINATES,,Extracted from table on page 76
NER_02848,GSI,GSI_2848,Himachal Pradesh,Solan,NainatikkarSarahan road,,,,Slide,,77,NO_COORDINATES,,Extracted from table on page 77
NER_02849,GSI,GSI_2849,Himachal Pradesh,Sirmur,Chyali R.F.,,,,Slide,,77,NO_COORDINATES,,Extracted from table on page 77
NER_02850,GSI,GSI_2850,Himachal Pradesh,Sirmur,Chyali R.F.,,,,Slide,,77,NO_COORDINATES,,Extracted from table on page 77
NER_02851,GSI,GSI_2851,Himachal Pradesh,Solan,KumarhattiNahan road,,,,Slide,,77,NO_COORDINATES,,Extracted from table on page 77
NER_02852,GSI,GSI_2852,Himachal Pradesh,Sirmur,Chyali R.F.,,,,Slide,,77,NO_COORDINATES,,Extracted from table on page 77
NER_02853,GSI,GSI_2853,Himachal Pradesh,Sirmur,Balikoti R.F.,,,,Slide,,77,NO_COORDINATES,,Extracted from table on page 77
NER_02854,GSI,GSI_2854,Himachal Pradesh,Sirmur,Chyali R.F.,,,,Slide,,77,NO_COORDINATES,,Extracted from table on page 77
NER_02855,GSI,GSI_2855,Himachal Pradesh,Solan,KumarhattiNahan road,,,,Slide,,77,NO_COORDINATES,,Extracted from table on page 77
NER_02856,GSI,GSI_2856,Himachal Pradesh,Sirmur,Chyali R.F.,,,,Slide,,77,NO_COORDINATES,,Extracted from table on page 77
NER_02857,GSI,GSI_2857,Himachal Pradesh,Solan,,,,,Slide,,77,NO_COORDINATES,,Extracted from table on page 77
NER_02858,GSI,GSI_2858,Himachal Pradesh,Sirmur,Chyali R.F.,,,,Slide,,77,NO_COORDINATES,,Extracted from table on page 77
NER_02859,GSI,GSI_2859,Himachal Pradesh,Sirmur,Chyali R.F.,,,,Slide,,77,NO_COORDINATES,,Extracted from table on page 77
NER_02860,GSI,GSI_2860,Himachal Pradesh,Sirmur,Balikoti R.F.,,,,Slide,,77,NO_COORDINATES,,Extracted from table on page 77
NER_02861,GSI,GSI_2861,Himachal Pradesh,Sirmur,West of Sangrah,,,,Slide,,77,NO_COORDINATES,,Extracted from table on page 77
NER_02862,GSI,GSI_2862,Himachal Pradesh,Sirmur,West of Sangrah,,,,Slide,,77,NO_COORDINATES,,Extracted from table on page 77
NER_02863,GSI,GSI_2863,Himachal Pradesh,Solan,,,,,Slide,,77,NO_COORDINATES,,Extracted from table on page 77
NER_02864,GSI,GSI_2864,Himachal Pradesh,Solan,Palticut road,,,,Slide,,77,NO_COORDINATES,,Extracted from table on page 77
NER_02865,GSI,GSI_2865,Himachal Pradesh,Sirmur,West of Sangrah,,,,Slide,,77,NO_COORDINATES,,Extracted from table on page 77
NER_02866,GSI,GSI_2866,Himachal Pradesh,Sirmur,Chyali R.F.,,,,Slide,,77,NO_COORDINATES,,Extracted from table on page 77
NER_02867,GSI,GSI_2867,Himachal Pradesh,Sirmur,West of Sangrah,,,,Slide,,77,NO_COORDINATES,,Extracted from table on page 77
NER_02868,GSI,GSI_2868,Himachal Pradesh,Sirmur,Chyali R.F.,,,,Slide,,77,NO_COORDINATES,,Extracted from table on page 77
NER_02869,GSI,GSI_2869,Himachal Pradesh,Sirmur,North of Siyun,,,,Slide,,77,NO_COORDINATES,,Extracted from table on page 77
NER_02870,GSI,GSI_2870,Himachal Pradesh,Sirmur,Chyali R.F.,,,,Slide,,77,NO_COORDINATES,,Extracted from table on page 77
NER_02871,GSI,GSI_2871,Himachal Pradesh,Sirmur,West of Sangrah,,,,Slide,,77,NO_COORDINATES,,Extracted from table on page 77
NER_02872,GSI,GSI_2872,Himachal Pradesh,Sirmur,West of Sangrah,,,,Slide,,77,NO_COORDINATES,,Extracted from table on page 77
NER_02873,GSI,GSI_2873,Himachal Pradesh,Sirmur,West of Sangrah,,,,Slide,,77,NO_COORDINATES,,Extracted from table on page 77
NER_02874,GSI,GSI_2874,Himachal Pradesh,Sirmur,North of Siyun,,,,Slide,,77,NO_COORDINATES,,Extracted from table on page 77
NER_02875,GSI,GSI_2875,Himachal Pradesh,Sirmur,North of Siyun,,,,Slide,,77,NO_COORDINATES,,Extracted from table on page 77
NER_02876,GSI,GSI_2876,Himachal Pradesh,Sirmur,West of Sangrah,,,,Slide,,77,NO_COORDINATES,,Extracted from table on page 77
NER_02877,GSI,GSI_2877,Himachal Pradesh,Sirmur,Chyali R.F.,,,,Slide,,77,NO_COORDINATES,,Extracted from table on page 77
NER_02878,GSI,GSI_2878,Himachal Pradesh,Sirmur,Chyali R.F.,,,,Slide,,77,NO_COORDINATES,,Extracted from table on page 77
NER_02879,GSI,GSI_2879,Himachal Pradesh,Sirmur,West of Sangrah,,,,Slide,,77,NO_COORDINATES,,Extracted from table on page 77
NER_02880,GSI,GSI_2880,Himachal Pradesh,Sirmur,North of Siyun,,,,Slide,,77,NO_COORDINATES,,Extracted from table on page 77
NER_02881,GSI,GSI_2881,Himachal Pradesh,Sirmur,Chyali R.F.,,,,Slide,,77,NO_COORDINATES,,Extracted from table on page 77
NER_02882,GSI,GSI_2882,Himachal Pradesh,Sirmur,North of Siyun,,,,Slide,,77,NO_COORDINATES,,Extracted from table on page 77
NER_02883,GSI,GSI_2883,Himachal Pradesh,Sirmur,Chyali R.F.,,,,Slide,,77,NO_COORDINATES,,Extracted from table on page 77
NER_02884,GSI,GSI_2884,Himachal Pradesh,Sirmur,Chyali R.F.,,,,Slide,,77,NO_COORDINATES,,Extracted from table on page 77
NER_02885,GSI,GSI_2885,Himachal Pradesh,Sirmur,North of Siyun,,,,Slide,,77,NO_COORDINATES,,Extracted from table on page 77
NER_02886,GSI,GSI_2886,Himachal Pradesh,Sirmur,Chyali R.F.,,,,Slide,,77,NO_COORDINATES,,Extracted from table on page 77
NER_02887,GSI,GSI_2887,Himachal Pradesh,Sirmur,South of Chanpur,,,,Slide,,77,NO_COORDINATES,,Extracted from table on page 77
NER_02888,GSI,GSI_2888,Himachal Pradesh,Sirmur,South of Chanpur,,,,Slide,,77,NO_COORDINATES,,Extracted from table on page 77
NER_02889,GSI,GSI_2889,Himachal Pradesh,Sirmur,South of Chanpur,,,,Slide,,77,NO_COORDINATES,,Extracted from table on page 77
NER_02890,GSI,GSI_2890,Himachal Pradesh,Sirmur,North of Siyun,,,,Slide,,77,NO_COORDINATES,,Extracted from table on page 77
NER_02891,GSI,GSI_2891,Himachal Pradesh,Sirmur,North of Siyun,,,,Slide,,77,NO_COORDINATES,,Extracted from table on page 77
NER_02892,GSI,GSI_2892,Himachal Pradesh,Sirmur,"Sangtan, PaontaShillai road",,,,Slide,,77,NO_COORDINATES,,Extracted from table on page 77
NER_02893,GSI,GSI_2893,Himachal Pradesh,Sirmur,"Bhatnaul, PaontaShillai road",,,,Slide,,77,NO_COORDINATES,,Extracted from table on page 77
NER_02894,GSI,GSI_2894,Himachal Pradesh,Sirmur,South of Chanpur,,,,Slide,,77,NO_COORDINATES,,Extracted from table on page 77
NER_02895,GSI,GSI_2895,Himachal Pradesh,Sirmur,"Bhatnaul, PaontaShillai road",,,,Slide,,77,NO_COORDINATES,,Extracted from table on page 77
NER_02896,GSI,GSI_2896,Himachal Pradesh,Solan,NarayangadMajara road,,,,Slide,,77,NO_COORDINATES,,Extracted from table on page 77
NER_02897,GSI,GSI_2897,Himachal Pradesh,Solan,NarayangadMajara road,,,,Slide,,78,NO_COORDINATES,,Extracted from table on page 78
NER_02898,GSI,GSI_2898,Himachal Pradesh,Sirmur,South of Chinar,,,,Slide,,78,NO_COORDINATES,,Extracted from table on page 78
NER_02899,GSI,GSI_2899,Himachal Pradesh,Sirmur,South of Chinar,,,,Slide,,78,NO_COORDINATES,,Extracted from table on page 78
NER_02900,GSI,GSI_2900,Himachal Pradesh,Sirmur,South of Chinar,,,,Slide,,78,NO_COORDINATES,,Extracted from table on page 78
NER_02901,GSI,GSI_2901,Himachal Pradesh,Sirmur,South of Chinar,,,,Slide,,78,NO_COORDINATES,,Extracted from table on page 78
NER_02902,GSI,GSI_2902,Himachal Pradesh,Sirmur,South of Chinar,,,,Slide,,78,NO_COORDINATES,,Extracted from table on page 78
NER_02903,GSI,GSI_2903,Himachal Pradesh,Sirmur,South of Chinar,,,,Slide,,78,NO_COORDINATES,,Extracted from table on page 78
NER_02904,GSI,GSI_2904,Himachal Pradesh,Solan,NarayangadMajara road,,,,Slide,,78,NO_COORDINATES,,Extracted from table on page 78
NER_02905,GSI,GSI_2905,Himachal Pradesh,Sirmur,South of Chinar,,,,Slide,,78,NO_COORDINATES,,Extracted from table on page 78
NER_02906,GSI,GSI_2906,Himachal Pradesh,Sirmur,South of Chinar,,,,Slide,,78,NO_COORDINATES,,Extracted from table on page 78
NER_02907,GSI,GSI_2907,Himachal Pradesh,Sirmur,South of Chinar,,,,Slide,,78,NO_COORDINATES,,Extracted from table on page 78
NER_02908,GSI,GSI_2908,Himachal Pradesh,Sirmur,South of Chinar,,,,Slide,,78,NO_COORDINATES,,Extracted from table on page 78
NER_02909,GSI,GSI_2909,Himachal Pradesh,Sirmur,South of Chinar,,,,Slide,,78,NO_COORDINATES,,Extracted from table on page 78
NER_02910,GSI,GSI_2910,Himachal Pradesh,Sirmur,South of Chinar,,,,Slide,,78,NO_COORDINATES,,Extracted from table on page 78
NER_02911,GSI,GSI_2911,Himachal Pradesh,Sirmur,South of Chinar,,,,Slide,,78,NO_COORDINATES,,Extracted from table on page 78
NER_02912,GSI,GSI_2912,Himachal Pradesh,Sirmur,South of Chinar,,,,Slide,,78,NO_COORDINATES,,Extracted from table on page 78
NER_02913,GSI,GSI_2913,Himachal Pradesh,Sirmur,South of Chinar,,,,Slide,,78,NO_COORDINATES,,Extracted from table on page 78
NER_02914,GSI,GSI_2914,Himachal Pradesh,Sirmur,South of Chinar,,,,Slide,,78,NO_COORDINATES,,Extracted from table on page 78
NER_02915,GSI,GSI_2915,Himachal Pradesh,Sirmur,Shri Kyari R.F.,,,,Slide,,78,NO_COORDINATES,,Extracted from table on page 78
NER_02916,GSI,GSI_2916,Himachal Pradesh,Sirmur,South of Chinar,,,,Slide,,78,NO_COORDINATES,,Extracted from table on page 78
NER_02917,GSI,GSI_2917,Himachal Pradesh,Sirmur,Shri Kyari R.F.,,,,Slide,,78,NO_COORDINATES,,Extracted from table on page 78
NER_02918,GSI,GSI_2918,Himachal Pradesh,Sirmur,South of Chinar,,,,Slide,,78,NO_COORDINATES,,Extracted from table on page 78
NER_02919,GSI,GSI_2919,Himachal Pradesh,Sirmur,Shri Kyari R.F.,,,,Slide,,78,NO_COORDINATES,,Extracted from table on page 78
NER_02920,GSI,GSI_2920,Himachal Pradesh,Sirmur,Shri Kyari R.F.,,,,Slide,,78,NO_COORDINATES,,Extracted from table on page 78
NER_02921,GSI,GSI_2921,Himachal Pradesh,Sirmur,Shri Kyari R.F.,,,,Slide,,78,NO_COORDINATES,,Extracted from table on page 78
NER_02922,GSI,GSI_2922,Himachal Pradesh,Sirmur,Shri Kyari R.F.,,,,Slide,,78,NO_COORDINATES,,Extracted from table on page 78
NER_02923,GSI,GSI_2923,Himachal Pradesh,Sirmur,Shri Kyari R.F.,,,,Slide,,78,NO_COORDINATES,,Extracted from table on page 78
NER_02924,GSI,GSI_2924,Himachal Pradesh,Sirmur,East of Kufar,,,,Slide,,78,NO_COORDINATES,,Extracted from table on page 78
NER_02925,GSI,GSI_2925,Himachal Pradesh,Sirmur,"Rapail, PaontaShillai road",,,,Slide,,78,NO_COORDINATES,,Extracted from table on page 78
NER_02926,GSI,GSI_2926,Himachal Pradesh,Sirmur,West of Tikar,,,,Slide,,78,NO_COORDINATES,,Extracted from table on page 78
NER_02927,GSI,GSI_2927,Himachal Pradesh,Sirmur,West of Tikar,,,,Slide,,78,NO_COORDINATES,,Extracted from table on page 78
NER_02928,GSI,GSI_2928,Himachal Pradesh,Sirmur,West of Tikar,,,,Slide,,78,NO_COORDINATES,,Extracted from table on page 78
NER_02929,GSI,GSI_2929,Himachal Pradesh,Sirmur,East of Kufar,,,,Slide,,78,NO_COORDINATES,,Extracted from table on page 78
NER_02930,GSI,GSI_2930,Himachal Pradesh,Sirmur,East of Kufar,,,,Slide,,78,NO_COORDINATES,,Extracted from table on page 78
NER_02931,GSI,GSI_2931,Himachal Pradesh,Sirmur,East of Kufar,,,,Slide,,78,NO_COORDINATES,,Extracted from table on page 78
NER_02932,GSI,GSI_2932,Himachal Pradesh,Sirmur,East of Kufar,,,,Slide,,78,NO_COORDINATES,,Extracted from table on page 78
NER_02933,GSI,GSI_2933,Himachal Pradesh,Sirmur,East of Kufar,,,,Slide,,78,NO_COORDINATES,,Extracted from table on page 78
NER_02934,GSI,GSI_2934,Himachal Pradesh,Sirmur,East of Kufar,,,,Slide,,78,NO_COORDINATES,,Extracted from table on page 78
NER_02935,GSI,GSI_2935,Himachal Pradesh,Sirmur,West of Tikar,,,,Slide,,78,NO_COORDINATES,,Extracted from table on page 78
NER_02936,GSI,GSI_2936,Himachal Pradesh,Sirmur,East of Kufar,,,,Slide,,78,NO_COORDINATES,,Extracted from table on page 78
NER_02937,GSI,GSI_2937,Himachal Pradesh,Sirmur,East of Kufar,,,,Slide,,78,NO_COORDINATES,,Extracted from table on page 78
NER_02938,GSI,GSI_2938,Himachal Pradesh,Sirmur,East of Kufar,,,,Slide,,78,NO_COORDINATES,,Extracted from table on page 78
NER_02939,GSI,GSI_2939,Himachal Pradesh,Sirmur,Khurkuna,,,,Slide,,78,NO_COORDINATES,,Extracted from table on page 78
NER_02940,GSI,GSI_2940,Himachal Pradesh,Sirmur,Katara,,,,Slide,,78,NO_COORDINATES,,Extracted from table on page 78
NER_02941,GSI,GSI_2941,Himachal Pradesh,Sirmur,Katara,,,,Slide,,78,NO_COORDINATES,,Extracted from table on page 78
NER_02942,GSI,GSI_2942,Himachal Pradesh,Sirmur,Khurkuna,,,,Slide,,78,NO_COORDINATES,,Extracted from table on page 78
NER_02943,GSI,GSI_2943,Himachal Pradesh,Sirmur,Khurkuna,,,,Slide,,78,NO_COORDINATES,,Extracted from table on page 78
NER_02944,GSI,GSI_2944,Himachal Pradesh,Sirmur,Katara,,,,Slide,,78,NO_COORDINATES,,Extracted from table on page 78
NER_02945,GSI,GSI_2945,Himachal Pradesh,Sirmur,Khurkuna,,,,Slide,,78,NO_COORDINATES,,Extracted from table on page 78
NER_02946,GSI,GSI_2946,Himachal Pradesh,Sirmur,Katara,,,,Slide,,78,NO_COORDINATES,,Extracted from table on page 78
NER_02947,GSI,GSI_2947,Himachal Pradesh,Sirmur,North of Kufar,,,,Slide,,78,NO_COORDINATES,,Extracted from table on page 78
NER_02948,GSI,GSI_2948,Himachal Pradesh,Sirmur,North of Kufar,,,,Slide,,79,NO_COORDINATES,,Extracted from table on page 79
NER_02949,GSI,GSI_2949,Himachal Pradesh,Sirmur,North of Kufar,,,,Slide,,79,NO_COORDINATES,,Extracted from table on page 79
NER_02950,GSI,GSI_2950,Himachal Pradesh,Sirmur,Khurkuna,,,,Slide,,79,NO_COORDINATES,,Extracted from table on page 79
NER_02951,GSI,GSI_2951,Himachal Pradesh,Sirmur,Katara,,,,Slide,,79,NO_COORDINATES,,Extracted from table on page 79
NER_02952,GSI,GSI_2952,Himachal Pradesh,Sirmur,Katara,,,,Slide,,79,NO_COORDINATES,,Extracted from table on page 79
NER_02953,GSI,GSI_2953,Himachal Pradesh,Sirmur,Khurkuna,,,,Slide,,79,NO_COORDINATES,,Extracted from table on page 79
NER_02954,GSI,GSI_2954,Himachal Pradesh,Sirmur,Khurkuna,,,,Slide,,79,NO_COORDINATES,,Extracted from table on page 79
NER_02955,GSI,GSI_2955,Himachal Pradesh,Solan,,,,,Slide,,79,NO_COORDINATES,,Extracted from table on page 79
NER_02956,GSI,GSI_2956,Himachal Pradesh,Sirmur,Khurkuna,,,,Slide,,79,NO_COORDINATES,,Extracted from table on page 79
NER_02957,GSI,GSI_2957,Himachal Pradesh,Sirmur,Anyar,,,,Slide,,79,NO_COORDINATES,,Extracted from table on page 79
NER_02958,GSI,GSI_2958,Himachal Pradesh,Sirmur,Umri,,,,Slide,,79,NO_COORDINATES,,Extracted from table on page 79
NER_02959,GSI,GSI_2959,Himachal Pradesh,Sirmur,Khurkuna,,,,Slide,,79,NO_COORDINATES,,Extracted from table on page 79
NER_02960,GSI,GSI_2960,Himachal Pradesh,Sirmur,Katara,,,,Slide,,79,NO_COORDINATES,,Extracted from table on page 79
NER_02961,GSI,GSI_2961,Himachal Pradesh,Sirmur,Umri,,,,Slide,,79,NO_COORDINATES,,Extracted from table on page 79
NER_02962,GSI,GSI_2962,Himachal Pradesh,Sirmur,Khurkuna,,,,Slide,,79,NO_COORDINATES,,Extracted from table on page 79
NER_02963,GSI,GSI_2963,Himachal Pradesh,Sirmur,Sanog,,,,Slide,,79,NO_COORDINATES,,Extracted from table on page 79
NER_02964,GSI,GSI_2964,Himachal Pradesh,Sirmur,Sanog,,,,Slide,,79,NO_COORDINATES,,Extracted from table on page 79
NER_02965,GSI,GSI_2965,Himachal Pradesh,Solan,Palticut road,,,,Slide,,79,NO_COORDINATES,,Extracted from table on page 79
NER_02966,GSI,GSI_2966,Himachal Pradesh,Solan,Palticut road,,,,Slide,,79,NO_COORDINATES,,Extracted from table on page 79
NER_02967,GSI,GSI_2967,Himachal Pradesh,Solan,KumarhattiNahan road,,,,Slide,,79,NO_COORDINATES,,Extracted from table on page 79
NER_02968,GSI,GSI_2968,Himachal Pradesh,Sirmur,Lana Macher,,,,Slide,,79,NO_COORDINATES,,Extracted from table on page 79
NER_02969,GSI,GSI_2969,Himachal Pradesh,Solan,NainatikkarSarahan road,,,,Slide,,79,NO_COORDINATES,,Extracted from table on page 79
NER_02970,GSI,GSI_2970,Himachal Pradesh,Sirmur,Bhanra/MDR3,,,,Fall,,79,NO_COORDINATES,,Extracted from table on page 79
NER_02971,GSI,GSI_2971,Himachal Pradesh,Sirmur,Bhanra,,,,Slide,,79,NO_COORDINATES,,Extracted from table on page 79
NER_02972,GSI,GSI_2972,Himachal Pradesh,Sirmur,"MDR3,Bhanra",,,,Fall,,79,NO_COORDINATES,,Extracted from table on page 79
NER_02973,GSI,GSI_2973,Himachal Pradesh,Sirmur,Kotla mangan,,,,Slide,,79,NO_COORDINATES,,Extracted from table on page 79
NER_02974,GSI,GSI_2974,Himachal Pradesh,Sirmur,Kotla mangan,,,,Fall,,79,NO_COORDINATES,,Extracted from table on page 79
NER_02975,GSI,GSI_2975,Himachal Pradesh,Sirmur,Jarwa Juneile,,,,Slide,,79,NO_COORDINATES,,Extracted from table on page 79
NER_02976,GSI,GSI_2976,Himachal Pradesh,Sirmur,Kotla mangan,,,,Slide,,79,NO_COORDINATES,,Extracted from table on page 79
NER_02977,GSI,GSI_2977,Himachal Pradesh,Shimla,Haripurdhar Ranat Road,,,,Slide,,79,NO_COORDINATES,,Extracted from table on page 79
NER_02978,GSI,GSI_2978,Himachal Pradesh,Sirmur,Bhanra,,,,Fall,,79,NO_COORDINATES,,Extracted from table on page 79
NER_02979,GSI,GSI_2979,Himachal Pradesh,Shimla,JurwaThariya village,,,,Slide,,79,NO_COORDINATES,,Extracted from table on page 79
NER_02980,GSI,GSI_2980,Himachal Pradesh,Sirmur,Haripurdhar Ranat Road,,,,Slide,,79,NO_COORDINATES,,Extracted from table on page 79
NER_02981,GSI,GSI_2981,Himachal Pradesh,Sirmur,Haripurdhar Ranat Road,,,,Slide,,79,NO_COORDINATES,,Extracted from table on page 79
NER_02982,GSI,GSI_2982,Himachal Pradesh,Sirmur,Haripurdhar Ranat Road,,,,Slide,,79,NO_COORDINATES,,Extracted from table on page 79
NER_02983,GSI,GSI_2983,Himachal Pradesh,Shimla,Panog,,,,Slide,,79,NO_COORDINATES,,Extracted from table on page 79
NER_02984,GSI,GSI_2984,Himachal Pradesh,Shimla,Haripurdhar Ranat Road,,,,Slide,,79,NO_COORDINATES,,Extracted from table on page 79
NER_02985,GSI,GSI_2985,Himachal Pradesh,Sirmur,"Tikiri Dasakna,
HaripurdharRanat road",,,,Slide,,79,NO_COORDINATES,,Extracted from table on page 79
NER_02986,GSI,GSI_2986,Himachal Pradesh,Solan,NaragDalhan road,,,,Slide,,79,NO_COORDINATES,,Extracted from table on page 79
NER_02987,GSI,GSI_2987,Himachal Pradesh,Sirmur,Chaloga Byas,,,,Slide,,79,NO_COORDINATES,,Extracted from table on page 79
NER_02988,GSI,GSI_2988,Himachal Pradesh,Sirmur,Naichana,,,,Fall,,79,NO_COORDINATES,,Extracted from table on page 79
NER_02989,GSI,GSI_2989,Himachal Pradesh,Solan,KumarhattiNahan road,,,,Slide,,79,NO_COORDINATES,,Extracted from table on page 79
NER_02990,GSI,GSI_2990,Himachal Pradesh,Sirmur,Bagrauti,,,,Fall,,79,NO_COORDINATES,,Extracted from table on page 79
NER_02991,GSI,GSI_2991,Himachal Pradesh,Shimla,Tikiri Dasakna,,,,Slide,,79,NO_COORDINATES,,Extracted from table on page 79
NER_02992,GSI,GSI_2992,Himachal Pradesh,Sirmur,Haripurdhar Ranat Road,,,,Slide,,79,NO_COORDINATES,,Extracted from table on page 79
NER_02993,GSI,GSI_2993,Himachal Pradesh,Sirmur,Naichana,,,,Slide,,79,NO_COORDINATES,,Extracted from table on page 79
NER_02994,GSI,GSI_2994,Himachal Pradesh,Sirmur,Haripurdhar Ranat Road,,,,Slide,,79,NO_COORDINATES,,Extracted from table on page 79
NER_02995,GSI,GSI_2995,Himachal Pradesh,Solan,KumarhattiNahan road,,,,Slide,,79,NO_COORDINATES,,Extracted from table on page 79
NER_02996,GSI,GSI_2996,Himachal Pradesh,Shimla,"Tikiri Dasakna,
HaripurdharRanat road",,,,Slide,,79,NO_COORDINATES,,Extracted from table on page 79
NER_02997,GSI,GSI_2997,Himachal Pradesh,Shimla,Tikiri Dasakna,,,,Slide,,80,NO_COORDINATES,,Extracted from table on page 80
NER_02998,GSI,GSI_2998,Himachal Pradesh,Shimla,"Tikiri Dasakna,
HaripurdharRanat road",,,,Slide,,80,NO_COORDINATES,,Extracted from table on page 80
NER_02999,GSI,GSI_2999,Himachal Pradesh,Shimla,Tikiri Dasakna,,,,Slide,,80,NO_COORDINATES,,Extracted from table on page 80
NER_03000,GSI,GSI_3000,Himachal Pradesh,Shimla,"Tikiri Dasakna,
HaripurdharRanat road",,,,Slide,,80,NO_COORDINATES,,Extracted from table on page 80
NER_03001,GSI,GSI_3001,Himachal Pradesh,Shimla,"Tikiri Dasakna,
HaripurdharRanat road",,,,Slide,,80,NO_COORDINATES,,Extracted from table on page 80
NER_03002,GSI,GSI_3002,Himachal Pradesh,Shimla,Tikiri Dasakna,,,,Slide,,80,NO_COORDINATES,,Extracted from table on page 80
NER_03003,GSI,GSI_3003,Himachal Pradesh,Shimla,"Tikiri Dasakna,
HaripurdharRanat road",,,,Slide,,80,NO_COORDINATES,,Extracted from table on page 80
NER_03004,GSI,GSI_3004,Himachal Pradesh,Shimla,Tikiri Dasakna,,,,Slide,,80,NO_COORDINATES,,Extracted from table on page 80
NER_03005,GSI,GSI_3005,Himachal Pradesh,Shimla,Tikiri Dasakna,,,,Slide,,80,NO_COORDINATES,,Extracted from table on page 80
NER_03006,GSI,GSI_3006,Himachal Pradesh,Shimla,"Tikiri Dasakna,
HaripurdharRanat road",,,,Slide,,80,NO_COORDINATES,,Extracted from table on page 80
NER_03007,GSI,GSI_3007,Himachal Pradesh,Sirmur,"Khairi,MDR3",,,,Fall,,80,NO_COORDINATES,,Extracted from table on page 80
NER_03008,GSI,GSI_3008,Himachal Pradesh,Shimla,Tikiri Dasakna,,,,Slide,,80,NO_COORDINATES,,Extracted from table on page 80
NER_03009,GSI,GSI_3009,Himachal Pradesh,Sirmur,Haripurdhar,,,,Slide,,80,NO_COORDINATES,,Extracted from table on page 80
NER_03010,GSI,GSI_3010,Himachal Pradesh,Shimla,Haripurdhar,,,,Slide,,80,NO_COORDINATES,,Extracted from table on page 80
NER_03011,GSI,GSI_3011,Himachal Pradesh,Solan,NainatikkarSarahan road,,,,Fall,,80,NO_COORDINATES,,Extracted from table on page 80
NER_03012,GSI,GSI_3012,Himachal Pradesh,Shimla,Kot/MDR6,,,,Slide,,80,NO_COORDINATES,,Extracted from table on page 80
NER_03013,GSI,GSI_3013,Himachal Pradesh,Shimla,Kulath link road,,,,Slide,,80,NO_COORDINATES,,Extracted from table on page 80
NER_03014,GSI,GSI_3014,Himachal Pradesh,Sirmur,Kathli Barahan,,,,Slide,,80,NO_COORDINATES,,Extracted from table on page 80
NER_03015,GSI,GSI_3015,Himachal Pradesh,Sirmur,Deva Manal,,,,Slide,,80,NO_COORDINATES,,Extracted from table on page 80
NER_03016,GSI,GSI_3016,Himachal Pradesh,Solan,KumarhattiNahan road,,,,Slide,,80,NO_COORDINATES,,Extracted from table on page 80
NER_03017,GSI,GSI_3017,Himachal Pradesh,Sirmur,Kanada Koti,,,,Slide,,80,NO_COORDINATES,,Extracted from table on page 80
NER_03018,GSI,GSI_3018,Himachal Pradesh,Solan,KumarhattiNahan road,,,,Slide,,80,NO_COORDINATES,,Extracted from table on page 80
NER_03019,GSI,GSI_3019,Himachal Pradesh,Sirmur,Lana Marag,,,,Slide,,80,NO_COORDINATES,,Extracted from table on page 80
NER_03020,GSI,GSI_3020,Himachal Pradesh,Sirmur,Bhutli,,,,Slide,,80,NO_COORDINATES,,Extracted from table on page 80
NER_03021,GSI,GSI_3021,Himachal Pradesh,Sirmur,Chunar,,,,Slide,,80,NO_COORDINATES,,Extracted from table on page 80
NER_03022,GSI,GSI_3022,Himachal Pradesh,Sirmur,Khairi,,,,Slide,,80,NO_COORDINATES,,Extracted from table on page 80
NER_03023,GSI,GSI_3023,Himachal Pradesh,Sirmur,Chunwin Board,,,,Slide,,80,NO_COORDINATES,,Extracted from table on page 80
NER_03024,GSI,GSI_3024,Himachal Pradesh,Solan,KumarhattiNahan road,,,,Slide,,80,NO_COORDINATES,,Extracted from table on page 80
NER_03025,GSI,GSI_3025,Himachal Pradesh,Solan,KumarhattiNahan road,,,,Slide,,80,NO_COORDINATES,,Extracted from table on page 80
NER_03026,GSI,GSI_3026,Himachal Pradesh,Sirmur,Rihana,,,,Slide,,80,NO_COORDINATES,,Extracted from table on page 80
NER_03027,GSI,GSI_3027,Himachal Pradesh,Sirmur,Kathli Barahan,,,,Slide,,80,NO_COORDINATES,,Extracted from table on page 80
NER_03028,GSI,GSI_3028,Himachal Pradesh,Sirmur,"Soda Dhayari, link road",,,,Slide,,80,NO_COORDINATES,,Extracted from table on page 80
NER_03029,GSI,GSI_3029,Himachal Pradesh,Solan,NaragOcchghat road,,,,Slide,,80,NO_COORDINATES,,Extracted from table on page 80
NER_03030,GSI,GSI_3030,Himachal Pradesh,Solan,KumarhattiNahan road,,,,Slide,,80,NO_COORDINATES,,Extracted from table on page 80
NER_03031,GSI,GSI_3031,Himachal Pradesh,Solan,NaragDalhan road,,,,Slide,,80,NO_COORDINATES,,Extracted from table on page 80
NER_03032,GSI,GSI_3032,Himachal Pradesh,Sirmur,Rihana,,,,Slide,,80,NO_COORDINATES,,Extracted from table on page 80
NER_03033,GSI,GSI_3033,Himachal Pradesh,Solan,KumarhattiNahan road,,,,Slide,,80,NO_COORDINATES,,Extracted from table on page 80
NER_03034,GSI,GSI_3034,Himachal Pradesh,Solan,NaragOcchghat road,,,,Slide,,80,NO_COORDINATES,,Extracted from table on page 80
NER_03035,GSI,GSI_3035,Himachal Pradesh,Solan,NainatikkarDhangiar road,,,,Slide,,80,NO_COORDINATES,,Extracted from table on page 80
NER_03036,GSI,GSI_3036,Himachal Pradesh,Solan,KumarhattiNahan road,,,,Fall,,80,NO_COORDINATES,,Extracted from table on page 80
NER_03037,GSI,GSI_3037,Himachal Pradesh,Solan,,,,,Slide,,80,NO_COORDINATES,,Extracted from table on page 80
NER_03038,GSI,GSI_3038,Himachal Pradesh,Solan,,,,,Slide,,80,NO_COORDINATES,,Extracted from table on page 80
NER_03039,GSI,GSI_3039,Himachal Pradesh,Solan,KumarhattiNahan road,,,,Slide,,80,NO_COORDINATES,,Extracted from table on page 80
NER_03040,GSI,GSI_3040,Himachal Pradesh,Solan,,,,,Slide,,80,NO_COORDINATES,,Extracted from table on page 80
NER_03041,GSI,GSI_3041,Himachal Pradesh,Solan,NaragOcchghat road,,,,Slide,,80,NO_COORDINATES,,Extracted from table on page 80
NER_03042,GSI,GSI_3042,Himachal Pradesh,Sirmur,Lana Chaita,,,,Slide,,80,NO_COORDINATES,,Extracted from table on page 80
NER_03043,GSI,GSI_3043,Himachal Pradesh,Solan,,,,,Slide,,80,NO_COORDINATES,,Extracted from table on page 80
NER_03044,GSI,GSI_TXT_1_1000,Assam,,,,,2020,,,1,TEXT_EXTRACTED,,Text extraction from page 1
NER_03045,GSI,GSI_TXT_2_1001,Assam,,,,,2020,,,2,TEXT_EXTRACTED,,Text extraction from page 2
NER_03046,GSI,GSI_TXT_3_1002,Assam,,,,,,,,3,TEXT_EXTRACTED,,Text extraction from page 3
NER_03047,GSI,GSI_TXT_4_1003,Assam,,,,,2010,,,4,TEXT_EXTRACTED,,Text extraction from page 4
NER_03048,GSI,GSI_TXT_5_1004,Assam,,,,,2018,,,5,TEXT_EXTRACTED,,Text extraction from page 5
NER_03049,GSI,GSI_TXT_6_1005,Assam,,,,,,,,6,TEXT_EXTRACTED,,Text extraction from page 6
NER_03050,GSI,GSI_TXT_7_1006,Assam,,,,,2010,,,7,TEXT_EXTRACTED,,Text extraction from page 7
NER_03051,GSI,GSI_TXT_8_1007,Assam,,,,,,,,8,TEXT_EXTRACTED,,Text extraction from page 8
NER_03052,GSI,GSI_TXT_9_1008,Assam,,,,,,,,9,TEXT_EXTRACTED,,Text extraction from page 9
NER_03053,GSI,GSI_TXT_10_1009,Assam,,,,,,,,10,TEXT_EXTRACTED,,Text extraction from page 10
NER_03054,GSI,GSI_TXT_11_1010,Assam,,,,,,,,11,TEXT_EXTRACTED,,Text extraction from page 11
NER_03055,GSI,GSI_TXT_12_1011,Assam,,,,,,,,12,TEXT_EXTRACTED,,Text extraction from page 12
NER_03056,GSI,GSI_TXT_13_1012,Assam,,,,,,,,13,TEXT_EXTRACTED,,Text extraction from page 13
NER_03057,GSI,GSI_TXT_14_1013,Assam,,,,,2018,,,14,TEXT_EXTRACTED,,Text extraction from page 14
NER_03058,GSI,GSI_TXT_15_1014,Assam,,,,,2017,,,15,TEXT_EXTRACTED,,Text extraction from page 15
NER_03059,GSI,GSI_TXT_16_1015,Assam,,,,,2017,,,16,TEXT_EXTRACTED,,Text extraction from page 16
NER_03060,GSI,GSI_TXT_17_1016,Assam,,,,,2017,,,17,TEXT_EXTRACTED,,Text extraction from page 17
NER_03061,GSI,GSI_TXT_18_1017,Assam,,,,,2024,,,18,TEXT_EXTRACTED,,Text extraction from page 18
NER_03062,GSI,GSI_TXT_19_1018,Assam,,,,,2016,,,19,TEXT_EXTRACTED,,Text extraction from page 19
NER_03063,GSI,GSI_TXT_20_1019,Assam,,,,,2016,,,20,TEXT_EXTRACTED,,Text extraction from page 20
NER_03064,GSI,GSI_TXT_21_1020,Assam,,,,,2016,,,21,TEXT_EXTRACTED,,Text extraction from page 21
NER_03065,GSI,GSI_TXT_22_1021,Assam,,,,,2016,,,22,TEXT_EXTRACTED,,Text extraction from page 22
NER_03066,GSI,GSI_TXT_23_1022,Assam,,,,,2014,,,23,TEXT_EXTRACTED,,Text extraction from page 23
NER_03067,GSI,GSI_TXT_24_1023,Assam,,,,,2014,,,24,TEXT_EXTRACTED,,Text extraction from page 24
NER_03068,GSI,GSI_TXT_25_1024,Assam,,,,,2022,,,25,TEXT_EXTRACTED,,Text extraction from page 25
NER_03069,GSI,GSI_TXT_26_1025,Assam,,,,,2022,,,26,TEXT_EXTRACTED,,Text extraction from page 26
NER_03070,GSI,GSI_TXT_27_1026,Arunachal Pradesh,,,,,2026,,,27,TEXT_EXTRACTED,,Text extraction from page 27
NER_03071,GSI,GSI_TXT_28_1027,Arunachal Pradesh,,,,,2016,,,28,TEXT_EXTRACTED,,Text extraction from page 28
NER_03072,GSI,GSI_TXT_29_1028,Arunachal Pradesh,,,,,2020,,,29,TEXT_EXTRACTED,,Text extraction from page 29
NER_03073,GSI,GSI_TXT_30_1029,Arunachal Pradesh,,,,,,,,30,TEXT_EXTRACTED,,Text extraction from page 30
NER_03074,GSI,GSI_TXT_31_1030,Arunachal Pradesh,,,,,2016,,,31,TEXT_EXTRACTED,,Text extraction from page 31
NER_03075,GSI,GSI_TXT_32_1031,Arunachal Pradesh,,,,,2016,,,32,TEXT_EXTRACTED,,Text extraction from page 32
NER_03076,GSI,GSI_TXT_33_1032,Arunachal Pradesh,,,,,2016,,,33,TEXT_EXTRACTED,,Text extraction from page 33
NER_03077,GSI,GSI_TXT_34_1033,Arunachal Pradesh,,,,,2016,,,34,TEXT_EXTRACTED,,Text extraction from page 34
NER_03078,GSI,GSI_TXT_35_1034,Arunachal Pradesh,,,,,,,,35,TEXT_EXTRACTED,,Text extraction from page 35
NER_03079,GSI,GSI_TXT_36_1035,Arunachal Pradesh,,,,,2020,,,36,TEXT_EXTRACTED,,Text extraction from page 36
NER_03080,GSI,GSI_TXT_37_1036,Arunachal Pradesh,,,,,2020,,,37,TEXT_EXTRACTED,,Text extraction from page 37
NER_03081,GSI,GSI_TXT_38_1037,Arunachal Pradesh,Urban,,,,2016,,,38,TEXT_EXTRACTED,,Text extraction from page 38
NER_03082,GSI,GSI_TXT_39_1038,Arunachal Pradesh,,,,,2016,,,39,TEXT_EXTRACTED,,Text extraction from page 39
NER_03083,GSI,GSI_TXT_40_1039,Arunachal Pradesh,,,,,,,,40,TEXT_EXTRACTED,,Text extraction from page 40
NER_03084,GSI,GSI_TXT_41_1040,Arunachal Pradesh,,,,,,,,41,TEXT_EXTRACTED,,Text extraction from page 41
NER_03085,GSI,GSI_TXT_42_1041,Arunachal Pradesh,,,,,,,,42,TEXT_EXTRACTED,,Text extraction from page 42
NER_03086,GSI,GSI_TXT_43_1042,Arunachal Pradesh,,,,,,,,43,TEXT_EXTRACTED,,Text extraction from page 43
NER_03087,GSI,GSI_TXT_44_1043,Arunachal Pradesh,,,,,,,,44,TEXT_EXTRACTED,,Text extraction from page 44
NER_03088,GSI,GSI_TXT_45_1044,Arunachal Pradesh,,,,,,,,45,TEXT_EXTRACTED,,Text extraction from page 45
NER_03089,GSI,GSI_TXT_46_1045,Arunachal Pradesh,,,,,,,,46,TEXT_EXTRACTED,,Text extraction from page 46
NER_03090,GSI,GSI_TXT_47_1046,Arunachal Pradesh,,,,,,,,47,TEXT_EXTRACTED,,Text extraction from page 47
NER_03091,GSI,GSI_TXT_48_1047,Arunachal Pradesh,,,,,,,,48,TEXT_EXTRACTED,,Text extraction from page 48
NER_03092,GSI,GSI_TXT_49_1048,Arunachal Pradesh,,,,,,,,49,TEXT_EXTRACTED,,Text extraction from page 49
NER_03093,GSI,GSI_TXT_50_1049,Arunachal Pradesh,,,,,,,,50,TEXT_EXTRACTED,,Text extraction from page 50
NER_03094,GSI,GSI_TXT_51_1050,Arunachal Pradesh,,,,,,,,51,TEXT_EXTRACTED,,Text extraction from page 51
NER_03095,GSI,GSI_TXT_52_1051,Arunachal Pradesh,,,,,2024,,,52,TEXT_EXTRACTED,,Text extraction from page 52
NER_03096,GSI,GSI_TXT_53_1052,Arunachal Pradesh,,,,,,,,53,TEXT_EXTRACTED,,Text extraction from page 53
NER_03097,GSI,GSI_TXT_54_1053,Arunachal Pradesh,,,,,,,,54,TEXT_EXTRACTED,,Text extraction from page 54
NER_03098,GSI,GSI_TXT_55_1054,Arunachal Pradesh,,,,,,,,55,TEXT_EXTRACTED,,Text extraction from page 55
NER_03099,GSI,GSI_TXT_56_1055,Arunachal Pradesh,,,,,2024,,,56,TEXT_EXTRACTED,,Text extraction from page 56
NER_03100,GSI,GSI_TXT_57_1056,Arunachal Pradesh,,,,,2024,,,57,TEXT_EXTRACTED,,Text extraction from page 57
NER_03101,GSI,GSI_TXT_58_1057,Arunachal Pradesh,,,,,,,,58,TEXT_EXTRACTED,,Text extraction from page 58
NER_03102,GSI,GSI_TXT_59_1058,Arunachal Pradesh,,,,,2026,,,59,TEXT_EXTRACTED,,Text extraction from page 59
NER_03103,ISRO_ATLAS,ATLAS_0001,Assam,,,,,2011,,,30,TABLE_EXTRACTED_NO_COORDS,,Table row from page 30
NER_03104,ISRO_ATLAS,ATLAS_0002,Ladakh,,,,,-,,,30,TABLE_EXTRACTED_NO_COORDS,,Table row from page 30
NER_03105,ISRO_ATLAS,ATLAS_0003,Himachal Pradesh,,,,,1998,,,30,TABLE_EXTRACTED_NO_COORDS,,Table row from page 30
NER_03106,ISRO_ATLAS,ATLAS_0004,Arunachal Pradesh,,,,,1419,,,30,TABLE_EXTRACTED_NO_COORDS,,Table row from page 30
NER_03107,ISRO_ATLAS,ATLAS_0005,Sikkim,,,,,-,,,30,TABLE_EXTRACTED_NO_COORDS,,Table row from page 30
NER_03108,ISRO_ATLAS,ATLAS_0006,West Bengal,,,,,-,,,30,TABLE_EXTRACTED_NO_COORDS,,Table row from page 30
NER_03109,ISRO_ATLAS,ATLAS_0007,Arunachal Pradesh,,,,,-,,,30,TABLE_EXTRACTED_NO_COORDS,,Table row from page 30
NER_03110,ISRO_ATLAS,ATLAS_0008,Nagaland,,,,,-,,,30,TABLE_EXTRACTED_NO_COORDS,,Table row from page 30
NER_03111,ISRO_ATLAS,ATLAS_0009,Manipur,,,,,-,,,30,TABLE_EXTRACTED_NO_COORDS,,Table row from page 30
NER_03112,ISRO_ATLAS,ATLAS_0010,Mizoram,,,,,-,,,30,TABLE_EXTRACTED_NO_COORDS,,Table row from page 30
NER_03113,ISRO_ATLAS,ATLAS_0011,Tripura,,,,,-,,,30,TABLE_EXTRACTED_NO_COORDS,,Table row from page 30
NER_03114,ISRO_ATLAS,ATLAS_0012,Assam,,,,,-,,,30,TABLE_EXTRACTED_NO_COORDS,,Table row from page 30
NER_03115,ISRO_ATLAS,ATLAS_0013,Meghalaya,,,,,-,,,30,TABLE_EXTRACTED_NO_COORDS,,Table row from page 30
NER_03116,ISRO_ATLAS,ATLAS_0014,Arunachal Pradesh,,,,,-,,,30,TABLE_EXTRACTED_NO_COORDS,,Table row from page 30
NER_03117,ISRO_ATLAS,ATLAS_0015,Goa,,,,,-,,,30,TABLE_EXTRACTED_NO_COORDS,,Table row from page 30
NER_03118,ISRO_ATLAS,ATLAS_0016,Arunachal Pradesh,,,,,-,,,30,TABLE_EXTRACTED_NO_COORDS,,Table row from page 30
NER_03119,ISRO_ATLAS,ATLAS_0017,Kerala,,,,,-,,,30,TABLE_EXTRACTED_NO_COORDS,,Table row from page 30
NER_03120,ISRO_ATLAS,ATLAS_0018,Tamil Nadu,,,,,-,,,30,TABLE_EXTRACTED_NO_COORDS,,Table row from page 30
NER_03121,ISRO_ATLAS,ATLAS_0019,Arunachal Pradesh,,,,,-,,,30,TABLE_EXTRACTED_NO_COORDS,,Table row from page 30
NER_03122,ISRO_ATLAS,ATLAS_0020,,,,,,"2,266",,,30,TABLE_EXTRACTED_NO_COORDS,,Table row from page 30
NER_03123,ISRO_ATLAS,ATLAS_0021,Arunachal Pradesh,1,,,,,,,71,TABLE_EXTRACTED_NO_COORDS,,Table row from page 71
NER_03124,ISRO_ATLAS,ATLAS_0022,Arunachal Pradesh,2,,,,,,,71,TABLE_EXTRACTED_NO_COORDS,,Table row from page 71
NER_03125,ISRO_ATLAS,ATLAS_0023,Kerala,3,,,,,,,71,TABLE_EXTRACTED_NO_COORDS,,Table row from page 71
NER_03126,ISRO_ATLAS,ATLAS_0024,J&K,4,,,,,,,71,TABLE_EXTRACTED_NO_COORDS,,Table row from page 71
NER_03127,ISRO_ATLAS,ATLAS_0025,Kerala,5,,,,,,,71,TABLE_EXTRACTED_NO_COORDS,,Table row from page 71
NER_03128,ISRO_ATLAS,ATLAS_0026,J&K,6,,,,,,,71,TABLE_EXTRACTED_NO_COORDS,,Table row from page 71
NER_03129,ISRO_ATLAS,ATLAS_0027,Kerala,7,,,,,,,71,TABLE_EXTRACTED_NO_COORDS,,Table row from page 71
NER_03130,ISRO_ATLAS,ATLAS_0028,Sikkim,8,,,,,,,71,TABLE_EXTRACTED_NO_COORDS,,Table row from page 71
NER_03131,ISRO_ATLAS,ATLAS_0029,Sikkim,9,,,,,,,71,TABLE_EXTRACTED_NO_COORDS,,Table row from page 71
NER_03132,ISRO_ATLAS,ATLAS_0030,Kerala,10,,,,,,,71,TABLE_EXTRACTED_NO_COORDS,,Table row from page 71
NER_03133,ISRO_ATLAS,ATLAS_0031,Manipur,11,,,,,,,71,TABLE_EXTRACTED_NO_COORDS,,Table row from page 71
NER_03134,ISRO_ATLAS,ATLAS_0032,Arunachal Pradesh,12,,,,,,,71,TABLE_EXTRACTED_NO_COORDS,,Table row from page 71
NER_03135,ISRO_ATLAS,ATLAS_0033,Kerala,13,,,,,,,71,TABLE_EXTRACTED_NO_COORDS,,Table row from page 71
NER_03136,ISRO_ATLAS,ATLAS_0034,J&K,14,,,,,,,71,TABLE_EXTRACTED_NO_COORDS,,Table row from page 71
NER_03137,ISRO_ATLAS,ATLAS_0035,Kerala,15,,,,,,,71,TABLE_EXTRACTED_NO_COORDS,,Table row from page 71
NER_03138,ISRO_ATLAS,ATLAS_0036,Himachal Pradesh,16,,,,,,,71,TABLE_EXTRACTED_NO_COORDS,,Table row from page 71
NER_03139,ISRO_ATLAS,ATLAS_0037,J&K,17,,,,,,,71,TABLE_EXTRACTED_NO_COORDS,,Table row from page 71
NER_03140,ISRO_ATLAS,ATLAS_0038,Kerala,18,,,,,,,71,TABLE_EXTRACTED_NO_COORDS,,Table row from page 71
NER_03141,ISRO_ATLAS,ATLAS_0039,Arunachal Pradesh,19,,,,,,,71,TABLE_EXTRACTED_NO_COORDS,,Table row from page 71
NER_03142,ISRO_ATLAS,ATLAS_0040,Sikkim,20,,,,,,,71,TABLE_EXTRACTED_NO_COORDS,,Table row from page 71
NER_03143,ISRO_ATLAS,ATLAS_0041,Arunachal Pradesh,21,,,,,,,71,TABLE_EXTRACTED_NO_COORDS,,Table row from page 71
NER_03144,ISRO_ATLAS,ATLAS_0042,Assam,22,,,,,,,71,TABLE_EXTRACTED_NO_COORDS,,Table row from page 71
NER_03145,ISRO_ATLAS,ATLAS_0043,Arunachal Pradesh,23,,,,,,,71,TABLE_EXTRACTED_NO_COORDS,,Table row from page 71
NER_03146,ISRO_ATLAS,ATLAS_0044,Kerala,24,,,,,,,71,TABLE_EXTRACTED_NO_COORDS,,Table row from page 71
NER_03147,ISRO_ATLAS,ATLAS_0045,Himachal Pradesh,25,,,,,,,71,TABLE_EXTRACTED_NO_COORDS,,Table row from page 71
NER_03148,ISRO_ATLAS,ATLAS_0046,Kerala,26,,,,,,,71,TABLE_EXTRACTED_NO_COORDS,,Table row from page 71
NER_03149,ISRO_ATLAS,ATLAS_0047,J&K,27,,,,,,,71,TABLE_EXTRACTED_NO_COORDS,,Table row from page 71
NER_03150,ISRO_ATLAS,ATLAS_0048,Kerala,28,,,,,,,71,TABLE_EXTRACTED_NO_COORDS,,Table row from page 71
NER_03151,ISRO_ATLAS,ATLAS_0049,Arunachal Pradesh,29,,,,,,,71,TABLE_EXTRACTED_NO_COORDS,,Table row from page 71
NER_03152,ISRO_ATLAS,ATLAS_0050,Himachal Pradesh,30,,,,,,,71,TABLE_EXTRACTED_NO_COORDS,,Table row from page 71
NER_03153,ISRO_ATLAS,ATLAS_0051,Meghalaya,31,,,,,,,71,TABLE_EXTRACTED_NO_COORDS,,Table row from page 71
NER_03154,ISRO_ATLAS,ATLAS_0052,Himachal Pradesh,32,,,,,,,71,TABLE_EXTRACTED_NO_COORDS,,Table row from page 71
NER_03155,ISRO_ATLAS,ATLAS_0053,Kerala,33,,,,,,,71,TABLE_EXTRACTED_NO_COORDS,,Table row from page 71
NER_03156,ISRO_ATLAS,ATLAS_0054,Meghalaya,34,,,,,,,71,TABLE_EXTRACTED_NO_COORDS,,Table row from page 71
NER_03157,ISRO_ATLAS,ATLAS_0055,West Bengal,35,,,,,,,71,TABLE_EXTRACTED_NO_COORDS,,Table row from page 71
NER_03158,ISRO_ATLAS,ATLAS_0056,Tamil Nadu,36,,,,,,,71,TABLE_EXTRACTED_NO_COORDS,,Table row from page 71
NER_03159,ISRO_ATLAS,ATLAS_0057,Himachal Pradesh,37,,,,,,,71,TABLE_EXTRACTED_NO_COORDS,,Table row from page 71
NER_03160,ISRO_ATLAS,ATLAS_0058,Mizoram,38,,,,,,,71,TABLE_EXTRACTED_NO_COORDS,,Table row from page 71
NER_03161,ISRO_ATLAS,ATLAS_0059,Mizoram,39,,,,,,,71,TABLE_EXTRACTED_NO_COORDS,,Table row from page 71
NER_03162,ISRO_ATLAS,ATLAS_0060,Assam,40,,,,,,,71,TABLE_EXTRACTED_NO_COORDS,,Table row from page 71
NER_03163,ISRO_ATLAS,ATLAS_0061,Tamil Nadu,41,,,,,,,71,TABLE_EXTRACTED_NO_COORDS,,Table row from page 71
NER_03164,ISRO_ATLAS,ATLAS_0062,J&K,42,,,,,,,71,TABLE_EXTRACTED_NO_COORDS,,Table row from page 71
NER_03165,ISRO_ATLAS,ATLAS_0063,Tamil Nadu,43,,,,,,,71,TABLE_EXTRACTED_NO_COORDS,,Table row from page 71
NER_03166,ISRO_ATLAS,ATLAS_0064,Kerala,44,,,,,,,71,TABLE_EXTRACTED_NO_COORDS,,Table row from page 71
NER_03167,ISRO_ATLAS,ATLAS_0065,Mizoram,45,,,,,,,71,TABLE_EXTRACTED_NO_COORDS,,Table row from page 71
NER_03168,ISRO_ATLAS,ATLAS_0066,Himachal Pradesh,46,,,,,,,71,TABLE_EXTRACTED_NO_COORDS,,Table row from page 71
NER_03169,ISRO_ATLAS,ATLAS_0067,Assam,47,,,,,,,71,TABLE_EXTRACTED_NO_COORDS,,Table row from page 71
NER_03170,ISRO_ATLAS,ATLAS_0068,Kerala,48,,,,,,,71,TABLE_EXTRACTED_NO_COORDS,,Table row from page 71
NER_03171,ISRO_ATLAS,ATLAS_0069,Assam,49,,,,,,,71,TABLE_EXTRACTED_NO_COORDS,,Table row from page 71
NER_03172,ISRO_ATLAS,ATLAS_0070,Arunachal Pradesh,50,,,,,,,71,TABLE_EXTRACTED_NO_COORDS,,Table row from page 71
NER_03173,ISRO_ATLAS,ATLAS_0071,Sikkim,51,,,,,,,71,TABLE_EXTRACTED_NO_COORDS,,Table row from page 71
NER_03174,ISRO_ATLAS,ATLAS_0072,J&K,52,,,,,,,71,TABLE_EXTRACTED_NO_COORDS,,Table row from page 71
NER_03175,ISRO_ATLAS,ATLAS_0073,Arunachal Pradesh,53,,,,,,,71,TABLE_EXTRACTED_NO_COORDS,,Table row from page 71
NER_03176,ISRO_ATLAS,ATLAS_0074,Arunachal Pradesh,54,,,,,,,71,TABLE_EXTRACTED_NO_COORDS,,Table row from page 71
NER_03177,ISRO_ATLAS,ATLAS_0075,Assam,55,,,,,,,71,TABLE_EXTRACTED_NO_COORDS,,Table row from page 71
NER_03178,ISRO_ATLAS,ATLAS_0076,Arunachal Pradesh,56,,,,,,,71,TABLE_EXTRACTED_NO_COORDS,,Table row from page 71
NER_03179,ISRO_ATLAS,ATLAS_0077,Himachal Pradesh,57,,,,,,,71,TABLE_EXTRACTED_NO_COORDS,,Table row from page 71
NER_03180,ISRO_ATLAS,ATLAS_0078,J&K,58,,,,,,,71,TABLE_EXTRACTED_NO_COORDS,,Table row from page 71
NER_03181,ISRO_ATLAS,ATLAS_0079,Tamil Nadu,59,,,,,,,71,TABLE_EXTRACTED_NO_COORDS,,Table row from page 71
NER_03182,ISRO_ATLAS,ATLAS_0080,Mizoram,60,,,,,,,71,TABLE_EXTRACTED_NO_COORDS,,Table row from page 71
NER_03183,ISRO_ATLAS,ATLAS_0081,Himachal Pradesh,61,,,,,,,71,TABLE_EXTRACTED_NO_COORDS,,Table row from page 71
NER_03184,ISRO_ATLAS,ATLAS_0082,Himachal Pradesh,62,,,,,,,71,TABLE_EXTRACTED_NO_COORDS,,Table row from page 71
NER_03185,ISRO_ATLAS,ATLAS_0083,Manipur,63,,,,,,,71,TABLE_EXTRACTED_NO_COORDS,,Table row from page 71
NER_03186,ISRO_ATLAS,ATLAS_0084,Meghalaya,64,,,,,,,71,TABLE_EXTRACTED_NO_COORDS,,Table row from page 71
NER_03187,ISRO_ATLAS,ATLAS_0085,Arunachal Pradesh,65,,,,,,,71,TABLE_EXTRACTED_NO_COORDS,,Table row from page 71
NER_03188,ISRO_ATLAS,ATLAS_0086,Meghalaya,66,,,,,,,71,TABLE_EXTRACTED_NO_COORDS,,Table row from page 71
NER_03189,ISRO_ATLAS,ATLAS_0087,Meghalaya,67,,,,,,,71,TABLE_EXTRACTED_NO_COORDS,,Table row from page 71
NER_03190,ISRO_ATLAS,ATLAS_0088,Arunachal Pradesh,68,,,,,,,71,TABLE_EXTRACTED_NO_COORDS,,Table row from page 71
NER_03191,ISRO_ATLAS,ATLAS_0089,Meghalaya,69,,,,,,,71,TABLE_EXTRACTED_NO_COORDS,,Table row from page 71
NER_03192,ISRO_ATLAS,ATLAS_0090,Himachal Pradesh,70,,,,,,,71,TABLE_EXTRACTED_NO_COORDS,,Table row from page 71
NER_03193,ISRO_ATLAS,ATLAS_0091,Mizoram,71,,,,,,,72,TABLE_EXTRACTED_NO_COORDS,,Table row from page 72
NER_03194,ISRO_ATLAS,ATLAS_0092,Tamil Nadu,72,,,,,,,72,TABLE_EXTRACTED_NO_COORDS,,Table row from page 72
NER_03195,ISRO_ATLAS,ATLAS_0093,Arunachal Pradesh,73,,,,,,,72,TABLE_EXTRACTED_NO_COORDS,,Table row from page 72
NER_03196,ISRO_ATLAS,ATLAS_0094,Arunachal Pradesh,74,,,,,,,72,TABLE_EXTRACTED_NO_COORDS,,Table row from page 72
NER_03197,ISRO_ATLAS,ATLAS_0095,Tripura,75,,,,,,,72,TABLE_EXTRACTED_NO_COORDS,,Table row from page 72
NER_03198,ISRO_ATLAS,ATLAS_0096,Tripura,76,,,,,,,72,TABLE_EXTRACTED_NO_COORDS,,Table row from page 72
NER_03199,ISRO_ATLAS,ATLAS_0097,Arunachal Pradesh,77,,,,,,,72,TABLE_EXTRACTED_NO_COORDS,,Table row from page 72
NER_03200,ISRO_ATLAS,ATLAS_0098,Arunachal Pradesh,78,,,,,,,72,TABLE_EXTRACTED_NO_COORDS,,Table row from page 72
NER_03201,ISRO_ATLAS,ATLAS_0099,J&K,79,,,,,,,72,TABLE_EXTRACTED_NO_COORDS,,Table row from page 72
NER_03202,ISRO_ATLAS,ATLAS_0100,Arunachal Pradesh,80,,,,,,,72,TABLE_EXTRACTED_NO_COORDS,,Table row from page 72
NER_03203,ISRO_ATLAS,ATLAS_0101,Arunachal Pradesh,81,,,,,,,72,TABLE_EXTRACTED_NO_COORDS,,Table row from page 72
NER_03204,ISRO_ATLAS,ATLAS_0102,Mizoram,82,,,,,,,72,TABLE_EXTRACTED_NO_COORDS,,Table row from page 72
NER_03205,ISRO_ATLAS,ATLAS_0103,Assam,83,,,,,,,72,TABLE_EXTRACTED_NO_COORDS,,Table row from page 72
NER_03206,ISRO_ATLAS,ATLAS_0104,Arunachal Pradesh,84,,,,,,,72,TABLE_EXTRACTED_NO_COORDS,,Table row from page 72
NER_03207,ISRO_ATLAS,ATLAS_0105,Tamil Nadu,85,,,,,,,72,TABLE_EXTRACTED_NO_COORDS,,Table row from page 72
NER_03208,ISRO_ATLAS,ATLAS_0106,Arunachal Pradesh,86,,,,,,,72,TABLE_EXTRACTED_NO_COORDS,,Table row from page 72
NER_03209,ISRO_ATLAS,ATLAS_0107,Arunachal Pradesh,87,,,,,,,72,TABLE_EXTRACTED_NO_COORDS,,Table row from page 72
NER_03210,ISRO_ATLAS,ATLAS_0108,Himachal Pradesh,88,,,,,,,72,TABLE_EXTRACTED_NO_COORDS,,Table row from page 72
NER_03211,ISRO_ATLAS,ATLAS_0109,Nagaland,89,,,,,,,72,TABLE_EXTRACTED_NO_COORDS,,Table row from page 72
NER_03212,ISRO_ATLAS,ATLAS_0110,Meghalaya,90,,,,,,,72,TABLE_EXTRACTED_NO_COORDS,,Table row from page 72
NER_03213,ISRO_ATLAS,ATLAS_0111,Arunachal Pradesh,91,,,,,,,72,TABLE_EXTRACTED_NO_COORDS,,Table row from page 72
NER_03214,ISRO_ATLAS,ATLAS_0112,Arunachal Pradesh,92,,,,,,,72,TABLE_EXTRACTED_NO_COORDS,,Table row from page 72
NER_03215,ISRO_ATLAS,ATLAS_0113,Nagaland,93,,,,,,,72,TABLE_EXTRACTED_NO_COORDS,,Table row from page 72
NER_03216,ISRO_ATLAS,ATLAS_0114,Nagaland,94,,,,,,,72,TABLE_EXTRACTED_NO_COORDS,,Table row from page 72
NER_03217,ISRO_ATLAS,ATLAS_0115,Assam,95,,,,,,,72,TABLE_EXTRACTED_NO_COORDS,,Table row from page 72
NER_03218,ISRO_ATLAS,ATLAS_0116,Arunachal Pradesh,96,,,,,,,72,TABLE_EXTRACTED_NO_COORDS,,Table row from page 72
NER_03219,ISRO_ATLAS,ATLAS_0117,Manipur,97,,,,,,,72,TABLE_EXTRACTED_NO_COORDS,,Table row from page 72
NER_03220,ISRO_ATLAS,ATLAS_0118,J&k,98,,,,,,,72,TABLE_EXTRACTED_NO_COORDS,,Table row from page 72
NER_03221,ISRO_ATLAS,ATLAS_0119,Assam,99,,,,,,,72,TABLE_EXTRACTED_NO_COORDS,,Table row from page 72
NER_03222,ISRO_ATLAS,ATLAS_0120,Manipur,100,,,,,,,72,TABLE_EXTRACTED_NO_COORDS,,Table row from page 72
NER_03223,ISRO_ATLAS,ATLAS_0121,Arunachal Pradesh,101,,,,,,,72,TABLE_EXTRACTED_NO_COORDS,,Table row from page 72
NER_03224,ISRO_ATLAS,ATLAS_0122,Mizoram,102,,,,,,,72,TABLE_EXTRACTED_NO_COORDS,,Table row from page 72
NER_03225,ISRO_ATLAS,ATLAS_0123,Arunachal Pradesh,103,,,,,,,72,TABLE_EXTRACTED_NO_COORDS,,Table row from page 72
NER_03226,ISRO_ATLAS,ATLAS_0124,Arunachal Pradesh,104,,,,,,,72,TABLE_EXTRACTED_NO_COORDS,,Table row from page 72
NER_03227,ISRO_ATLAS,ATLAS_0125,Nagaland,105,,,,,,,72,TABLE_EXTRACTED_NO_COORDS,,Table row from page 72
NER_03228,ISRO_ATLAS,ATLAS_0126,Nagaland,106,,,,,,,72,TABLE_EXTRACTED_NO_COORDS,,Table row from page 72
NER_03229,ISRO_ATLAS,ATLAS_0127,Arunachal Pradesh,107,,,,,,,72,TABLE_EXTRACTED_NO_COORDS,,Table row from page 72
NER_03230,ISRO_ATLAS,ATLAS_0128,Arunachal Pradesh,108,,,,,,,72,TABLE_EXTRACTED_NO_COORDS,,Table row from page 72
NER_03231,ISRO_ATLAS,ATLAS_0129,Arunachal Pradesh,109,,,,,,,72,TABLE_EXTRACTED_NO_COORDS,,Table row from page 72
NER_03232,ISRO_ATLAS,ATLAS_0130,Tripura,110,,,,,,,72,TABLE_EXTRACTED_NO_COORDS,,Table row from page 72
NER_03233,ISRO_ATLAS,ATLAS_0131,Goa,111,,,,,,,72,TABLE_EXTRACTED_NO_COORDS,,Table row from page 72
NER_03234,ISRO_ATLAS,ATLAS_0132,Manipur,112,,,,,,,72,TABLE_EXTRACTED_NO_COORDS,,Table row from page 72
NER_03235,ISRO_ATLAS,ATLAS_0133,Arunachal Pradesh,113,,,,,,,72,TABLE_EXTRACTED_NO_COORDS,,Table row from page 72
NER_03236,ISRO_ATLAS,ATLAS_0134,Arunachal Pradesh,114,,,,,,,72,TABLE_EXTRACTED_NO_COORDS,,Table row from page 72
NER_03237,ISRO_ATLAS,ATLAS_0135,Arunachal Pradesh,115,,,,,,,72,TABLE_EXTRACTED_NO_COORDS,,Table row from page 72
NER_03238,ISRO_ATLAS,ATLAS_0136,Arunachal Pradesh,116,,,,,,,72,TABLE_EXTRACTED_NO_COORDS,,Table row from page 72
NER_03239,ISRO_ATLAS,ATLAS_0137,Assam,117,,,,,,,72,TABLE_EXTRACTED_NO_COORDS,,Table row from page 72
NER_03240,ISRO_ATLAS,ATLAS_0138,Mizoram,118,,,,,,,72,TABLE_EXTRACTED_NO_COORDS,,Table row from page 72
NER_03241,ISRO_ATLAS,ATLAS_0139,J&K,119,,,,,,,72,TABLE_EXTRACTED_NO_COORDS,,Table row from page 72
NER_03242,ISRO_ATLAS,ATLAS_0140,Arunachal Pradesh,120,,,,,,,72,TABLE_EXTRACTED_NO_COORDS,,Table row from page 72
NER_03243,ISRO_ATLAS,ATLAS_0141,Goa,121,,,,,,,72,TABLE_EXTRACTED_NO_COORDS,,Table row from page 72
NER_03244,ISRO_ATLAS,ATLAS_0142,Manipur,122,,,,,,,72,TABLE_EXTRACTED_NO_COORDS,,Table row from page 72
NER_03245,ISRO_ATLAS,ATLAS_0143,J&K,123,,,,,,,72,TABLE_EXTRACTED_NO_COORDS,,Table row from page 72
NER_03246,ISRO_ATLAS,ATLAS_0144,Arunachal Pradesh,124,,,,,,,72,TABLE_EXTRACTED_NO_COORDS,,Table row from page 72
NER_03247,ISRO_ATLAS,ATLAS_0145,Arunachal Pradesh,125,,,,,,,72,TABLE_EXTRACTED_NO_COORDS,,Table row from page 72
NER_03248,ISRO_ATLAS,ATLAS_0146,Himachal Pradesh,126,,,,,,,72,TABLE_EXTRACTED_NO_COORDS,,Table row from page 72
NER_03249,ISRO_ATLAS,ATLAS_0147,Assam,127,,,,,,,72,TABLE_EXTRACTED_NO_COORDS,,Table row from page 72
NER_03250,ISRO_ATLAS,ATLAS_0148,Arunachal Pradesh,128,,,,,,,72,TABLE_EXTRACTED_NO_COORDS,,Table row from page 72
NER_03251,ISRO_ATLAS,ATLAS_0149,Arunachal Pradesh,129,,,,,,,72,TABLE_EXTRACTED_NO_COORDS,,Table row from page 72
NER_03252,ISRO_ATLAS,ATLAS_0150,Tripura,130,,,,,,,72,TABLE_EXTRACTED_NO_COORDS,,Table row from page 72
NER_03253,ISRO_ATLAS,ATLAS_0151,Arunachal Pradesh,131,,,,,,,72,TABLE_EXTRACTED_NO_COORDS,,Table row from page 72
NER_03254,ISRO_ATLAS,ATLAS_0152,J&k,132,,,,,,,72,TABLE_EXTRACTED_NO_COORDS,,Table row from page 72
NER_03255,ISRO_ATLAS,ATLAS_0153,Arunachal Pradesh,133,,,,,,,72,TABLE_EXTRACTED_NO_COORDS,,Table row from page 72
NER_03256,ISRO_ATLAS,ATLAS_0154,Arunachal Pradesh,134,,,,,,,72,TABLE_EXTRACTED_NO_COORDS,,Table row from page 72
NER_03257,ISRO_ATLAS,ATLAS_0155,Arunachal Pradesh,135,,,,,,,72,TABLE_EXTRACTED_NO_COORDS,,Table row from page 72
NER_03258,ISRO_ATLAS,ATLAS_0156,J&K,136,,,,,,,72,TABLE_EXTRACTED_NO_COORDS,,Table row from page 72
NER_03259,ISRO_ATLAS,ATLAS_0157,Assam,137,,,,,,,72,TABLE_EXTRACTED_NO_COORDS,,Table row from page 72
NER_03260,ISRO_ATLAS,ATLAS_0158,Kerala,138,,,,,,,72,TABLE_EXTRACTED_NO_COORDS,,Table row from page 72
NER_03261,ISRO_ATLAS,ATLAS_0159,Arunachal Pradesh,139,,,,,,,72,TABLE_EXTRACTED_NO_COORDS,,Table row from page 72
NER_03262,ISRO_ATLAS,ATLAS_0160,Arunachal Pradesh,140,,,,,,,72,TABLE_EXTRACTED_NO_COORDS,,Table row from page 72
NER_03263,ISRO_ATLAS,ATLAS_0161,Manipur,141,,,,,,,72,TABLE_EXTRACTED_NO_COORDS,,Table row from page 72
NER_03264,ISRO_ATLAS,ATLAS_0162,Manipur,142,,,,,,,72,TABLE_EXTRACTED_NO_COORDS,,Table row from page 72
NER_03265,ISRO_ATLAS,ATLAS_0163,Manipur,143,,,,,,,72,TABLE_EXTRACTED_NO_COORDS,,Table row from page 72
NER_03266,ISRO_ATLAS,ATLAS_0164,Nagaland,144,,,,,,,72,TABLE_EXTRACTED_NO_COORDS,,Table row from page 72
NER_03267,ISRO_ATLAS,ATLAS_0165,Nagaland,145,,,,,,,72,TABLE_EXTRACTED_NO_COORDS,,Table row from page 72
NER_03268,ISRO_ATLAS,ATLAS_0166,Arunachal Pradesh,146,,,,,,,72,TABLE_EXTRACTED_NO_COORDS,,Table row from page 72
NER_03269,ISRO_ATLAS,ATLAS_0167,Arunachal Pradesh,147,,,,,,,72,TABLE_EXTRACTED_NO_COORDS,,Table row from page 72
NER_03270,ISRO_ATLAS,ATLAS_0168,,,"Model input: Variable material thickness
of Release area",,,,,,77,TABLE_EXTRACTED_NO_COORDS,,Table row from page 77
