{
"type": "FeatureCollection",
"name": "landslide_inventory",
"crs": { "type": "name", "properties": { "name": "urn:ogc:def:crs:OGC:1.3:CRS84" } },
"features": [
{ "type": "Feature", "properties": { "landslide_id": "NER_00041", "source": "GSI", "source_id": "GSI_0041", "state": "Assam", "district": "Hailakandi", "location": "Bowarthar, Chandipur, Algapur\nCircle.", "latitude": 24.79489, "longitude": 92.55506, "date": null, "landslide_type": "Slide", "cause": null, "source_page": 2, "confidence": "TABLE_EXTRACTED", "duplicate_group": null, "notes": "Extracted from table on page 2" }, "geometry": { "type": "Point", "coordinates": [ 92.55506, 24.79489 ] } },
{ "type": "Feature", "properties": { "landslide_id": "NER_00042", "source": "GSI", "source_id": "GSI_0042", "state": "Assam", "district": "Cachar", "location": "NH53", "latitude": 24.795892, "longitude": 93.045425, "date": null, "landslide_type": "Slide", "cause": null, "source_page": 2, "confidence": "TABLE_EXTRACTED", "duplicate_group": null, "notes": "Extracted from table on page 2" }, "geometry": { "type": "Point", "coordinates": [ 93.045425, 24.795892 ] } },
{ "type": "Feature", "properties": { "landslide_id": "NER_00043", "source": "GSI", "source_id": "GSI_0043", "state": "Assam", "district": "Cachar", "location": "NH53", "latitude": 24.813648, "longitude": 93.073009, "date": null, "landslide_type": "Slide", "cause": null, "source_page": 2, "confidence": "TABLE_EXTRACTED", "duplicate_group": null, "notes": "Extracted from table on page 2" }, "geometry": { "type": "Point", "coordinates": [ 93.073009, 24.813648 ] } },
{ "type": "Feature", "properties": { "landslide_id": "NER_00044", "source": "GSI", "source_id": "GSI_0044", "state": "Assam", "district": "Cachar", "location": "Kanakpur Pt. III, Lakhipur,\nJoypur", "latitude": 24.92097, "longitude": 93.07306, "date": null, "landslide_type": "Slide", "cause": null, "source_page": 2, "confidence": "TABLE_EXTRACTED", "duplicate_group": "DUP_GROUP_001", "notes": "Extracted from table on page 2" }, "geometry": { "type": "Point", "coordinates": [ 93.07306, 24.92097 ] } },
{ "type": "Feature", "properties": { "landslide_id": "NER_00045", "source": "GSI", "source_id": "GSI_0045", "state": "Assam", "district": "Cachar", "location": "NH-27(Old NH-54E, Silchar-\nLumding road)", "latitude": 24.93, "longitude": 92.84, "date": null, "landslide_type": "Slide", "cause": null, "source_page": 2, "confidence": "TABLE_EXTRACTED", "duplicate_group": null, "notes": "Extracted from table on page 2" }, "geometry": { "type": "Point", "coordinates": [ 92.84, 24.93 ] } },
{ "type": "Feature", "properties": { "landslide_id": "NER_00046", "source": "GSI", "source_id": "GSI_0046", "state": "Assam", "district": "Cachar", "location": "Borkola Cyan Nagar Natun Basti", "latitude": 24.95, "longitude": 92.73, "date": null, "landslide_type": "Slide", "cause": null, "source_page": 2, "confidence": "TABLE_EXTRACTED", "duplicate_group": null, "notes": "Extracted from table on page 2" }, "geometry": { "type": "Point", "coordinates": [ 92.73, 24.95 ] } },
{ "type": "Feature", "properties": { "landslide_id": "NER_00047", "source": "GSI", "source_id": "GSI_0047", "state": "Assam", "district": "Cachar", "location": "Subong Tea Estate", "latitude": 24.95, "longitude": 92.8, "date": null, "landslide_type": "Slide", "cause": null, "source_page": 2, "confidence": "TABLE_EXTRACTED", "duplicate_group": null, "notes": "Extracted from table on page 2" }, "geometry": { "type": "Point", "coordinates": [ 92.8, 24.95 ] } },
{ "type": "Feature", "properties": { "landslide_id": "NER_00048", "source": "GSI", "source_id": "GSI_0048", "state": "Assam", "district": "Cachar", "location": "Nagadun", "latitude": 24.96, "longitude": 92.92, "date": null, "landslide_type": "Slide", "cause": null, "source_page": 2, "confidence": "TABLE_EXTRACTED", "duplicate_group": null, "notes": "Extracted from table on page 2" }, "geometry": { "type": "Point", "coordinates": [ 92.92, 24.96 ] } },
{ "type": "Feature", "properties": { "landslide_id": "NER_00049", "source": "GSI", "source_id": "GSI_0049", "state": "Assam", "district": "Cachar", "location": "Bicrampore Tea Estate, near\nBSF camp", "latitude": 24.96, "longitude": 92.7, "date": null, "landslide_type": "Slide", "cause": null, "source_page": 2, "confidence": "TABLE_EXTRACTED", "duplicate_group": "DUP_GROUP_002", "notes": "Extracted from table on page 2" }, "geometry": { "type": "Point", "coordinates": [ 92.7, 24.96 ] } },
{ "type": "Feature", "properties": { "landslide_id": "NER_00050", "source": "GSI", "source_id": "GSI_0050", "state": "Assam", "district": "Cachar", "location": "Bicrampore Tea Estate, near\nBSF camp", "latitude": 24.96, "longitude": 92.7, "date": null, "landslide_type": "Slide", "cause": null, "source_page": 2, "confidence": "TABLE_EXTRACTED", "duplicate_group": "DUP_GROUP_002", "notes": "Extracted from table on page 2" }, "geometry": { "type": "Point", "coordinates": [ 92.7, 24.96 ] } },
{ "type": "Feature", "properties": { "landslide_id": "NER_00051", "source": "GSI", "source_id": "GSI_0051", "state": "Assam", "district": "Cachar", "location": "Guabari (Naku nala)", "latitude": 24.96, "longitude": 92.95, "date": null, "landslide_type": "Slide", "cause": null, "source_page": 2, "confidence": "TABLE_EXTRACTED", "duplicate_group": null, "notes": "Extracted from table on page 2" }, "geometry": { "type": "Point", "coordinates": [ 92.95, 24.96 ] } },
{ "type": "Feature", "properties": { "landslide_id": "NER_00052", "source": "GSI", "source_id": "GSI_0052", "state": "Assam", "district": "Cachar", "location": "Sonbari", "latitude": 24.96, "longitude": 92.66, "date": null, "landslide_type": "Slide", "cause": null, "source_page": 2, "confidence": "TABLE_EXTRACTED", "duplicate_group": "DUP_GROUP_003", "notes": "Extracted from table on page 2" }, "geometry": { "type": "Point", "coordinates": [ 92.66, 24.96 ] } },
{ "type": "Feature", "properties": { "landslide_id": "NER_00053", "source": "GSI", "source_id": "GSI_0053", "state": "Assam", "district": "Cachar", "location": "Dinonatpur", "latitude": 24.96, "longitude": 92.66, "date": null, "landslide_type": "Slide", "cause": null, "source_page": 2, "confidence": "TABLE_EXTRACTED", "duplicate_group": "DUP_GROUP_003", "notes": "Extracted from table on page 2" }, "geometry": { "type": "Point", "coordinates": [ 92.66, 24.96 ] } },
{ "type": "Feature", "properties": { "landslide_id": "NER_00054", "source": "GSI", "source_id": "GSI_0054", "state": "Assam", "district": "Cachar", "location": "ONGC road", "latitude": 24.96, "longitude": 92.98, "date": null, "landslide_type": "Slide", "cause": null, "source_page": 2, "confidence": "TABLE_EXTRACTED", "duplicate_group": null, "notes": "Extracted from table on page 2" }, "geometry": { "type": "Point", "coordinates": [ 92.98, 24.96 ] } },
{ "type": "Feature", "properties": { "landslide_id": "NER_00055", "source": "GSI", "source_id": "GSI_0055", "state": "Assam", "district": "Cachar", "location": "NH-27(Old NH-54E, Silchar-\nLumding road)", "latitude": 24.97, "longitude": 92.76, "date": null, "landslide_type": "Slide", "cause": null, "source_page": 2, "confidence": "TABLE_EXTRACTED", "duplicate_group": null, "notes": "Extracted from table on page 2" }, "geometry": { "type": "Point", "coordinates": [ 92.76, 24.97 ] } },
{ "type": "Feature", "properties": { "landslide_id": "NER_00056", "source": "GSI", "source_id": "GSI_0056", "state": "Assam", "district": "Cachar", "location": "Narainchara grant", "latitude": 24.97, "longitude": 92.72, "date": null, "landslide_type": "Slide", "cause": null, "source_page": 2, "confidence": "TABLE_EXTRACTED", "duplicate_group": "DUP_GROUP_004", "notes": "Extracted from table on page 2" }, "geometry": { "type": "Point", "coordinates": [ 92.72, 24.97 ] } },
{ "type": "Feature", "properties": { "landslide_id": "NER_00057", "source": "GSI", "source_id": "GSI_0057", "state": "Assam", "district": "Cachar", "location": "Narainchora", "latitude": 24.97, "longitude": 92.72, "date": null, "landslide_type": "Slide", "cause": null, "source_page": 2, "confidence": "TABLE_EXTRACTED", "duplicate_group": "DUP_GROUP_004", "notes": "Extracted from table on page 2" }, "geometry": { "type": "Point", "coordinates": [ 92.72, 24.97 ] } },
{ "type": "Feature", "properties": { "landslide_id": "NER_00058", "source": "GSI", "source_id": "GSI_0058", "state": "Assam", "district": "Cachar", "location": "Narainchora", "latitude": 24.97, "longitude": 92.72, "date": null, "landslide_type": "Slide", "cause": null, "source_page": 2, "confidence": "TABLE_EXTRACTED", "duplicate_group": "DUP_GROUP_005", "notes": "Extracted from table on page 2" }, "geometry": { "type": "Point", "coordinates": [ 92.72, 24.97 ] } },
{ "type": "Feature", "properties": { "landslide_id": "NER_00059", "source": "GSI", "source_id": "GSI_0059", "state": "Assam", "district": "Cachar", "location": "Lailongchara village", "latitude": 24.97228, "longitude": 93.03289, "date": null, "landslide_type": "Slide", "cause": null, "source_page": 2, "confidence": "TABLE_EXTRACTED", "duplicate_group": null, "notes": "Extracted from table on page 2" }, "geometry": { "type": "Point", "coordinates": [ 93.03289, 24.97228 ] } },
{ "type": "Feature", "properties": { "landslide_id": "NER_00060", "source": "GSI", "source_id": "GSI_0060", "state": "Assam", "district": "Cachar", "location": "Near Lailongchara village", "latitude": 24.97692, "longitude": 93.033, "date": null, "landslide_type": "Fall", "cause": null, "source_page": 2, "confidence": "TABLE_EXTRACTED", "duplicate_group": "DUP_GROUP_007", "notes": "Extracted from table on page 2" }, "geometry": { "type": "Point", "coordinates": [ 93.033, 24.97692 ] } },
{ "type": "Feature", "properties": { "landslide_id": "NER_00061", "source": "GSI", "source_id": "GSI_0061", "state": "Assam", "district": "Cachar", "location": "NH53", "latitude": 24.97714, "longitude": 93.03344, "date": null, "landslide_type": "Slide", "cause": null, "source_page": 2, "confidence": "TABLE_EXTRACTED", "duplicate_group": "DUP_GROUP_007", "notes": "Extracted from table on page 2" }, "geometry": { "type": "Point", "coordinates": [ 93.03344, 24.97714 ] } },
{ "type": "Feature", "properties": { "landslide_id": "NER_00062", "source": "GSI", "source_id": "GSI_0062", "state": "Assam", "district": "Cachar", "location": "NH-27(Old NH-54E, Silchar-\nLumding road)", "latitude": 24.98, "longitude": 92.75, "date": null, "landslide_type": "Slide", "cause": null, "source_page": 2, "confidence": "TABLE_EXTRACTED", "duplicate_group": null, "notes": "Extracted from table on page 2" }, "geometry": { "type": "Point", "coordinates": [ 92.75, 24.98 ] } },
{ "type": "Feature", "properties": { "landslide_id": "NER_00063", "source": "GSI", "source_id": "GSI_0063", "state": "Assam", "district": "Cachar", "location": "Guabari", "latitude": 24.98, "longitude": 92.96, "date": null, "landslide_type": "Slide", "cause": null, "source_page": 2, "confidence": "TABLE_EXTRACTED", "duplicate_group": null, "notes": "Extracted from table on page 2" }, "geometry": { "type": "Point", "coordinates": [ 92.96, 24.98 ] } },
{ "type": "Feature", "properties": { "landslide_id": "NER_00064", "source": "GSI", "source_id": "GSI_0064", "state": "Assam", "district": "Cachar", "location": "Ekala Basti (Railway line)", "latitude": 24.98, "longitude": 92.72, "date": null, "landslide_type": "Slide", "cause": null, "source_page": 2, "confidence": "TABLE_EXTRACTED", "duplicate_group": null, "notes": "Extracted from table on page 2" }, "geometry": { "type": "Point", "coordinates": [ 92.72, 24.98 ] } },
{ "type": "Feature", "properties": { "landslide_id": "NER_00065", "source": "GSI", "source_id": "GSI_0065", "state": "Assam", "district": "Cachar", "location": "Khurkurie", "latitude": 24.99, "longitude": 92.6, "date": null, "landslide_type": "Slide", "cause": null, "source_page": 2, "confidence": "TABLE_EXTRACTED", "duplicate_group": null, "notes": "Extracted from table on page 2" }, "geometry": { "type": "Point", "coordinates": [ 92.6, 24.99 ] } },
{ "type": "Feature", "properties": { "landslide_id": "NER_00066", "source": "GSI", "source_id": "GSI_0066", "state": "Assam", "district": "Cachar", "location": "Tarapur", "latitude": 24.99, "longitude": 92.45, "date": null, "landslide_type": "Slide", "cause": null, "source_page": 2, "confidence": "TABLE_EXTRACTED", "duplicate_group": null, "notes": "Extracted from table on page 2" }, "geometry": { "type": "Point", "coordinates": [ 92.45, 24.99 ] } },
{ "type": "Feature", "properties": { "landslide_id": "NER_00067", "source": "GSI", "source_id": "GSI_0067", "state": "Assam", "district": "Cachar", "location": "NH-27(Old NH-54E, Silchar-\nLumding road)", "latitude": 24.99, "longitude": 92.75, "date": null, "landslide_type": "Slide", "cause": null, "source_page": 2, "confidence": "TABLE_EXTRACTED", "duplicate_group": null, "notes": "Extracted from table on page 2" }, "geometry": { "type": "Point", "coordinates": [ 92.75, 24.99 ] } },
{ "type": "Feature", "properties": { "landslide_id": "NER_00068", "source": "GSI", "source_id": "GSI_0068", "state": "Assam", "district": "Cachar", "location": "Raja Bazaar ΓÇôBara Arkap\nroad.", "latitude": 24.993, "longitude": 93.161583, "date": null, "landslide_type": "Slide", "cause": null, "source_page": 2, "confidence": "TABLE_EXTRACTED", "duplicate_group": null, "notes": "Extracted from table on page 2" }, "geometry": { "type": "Point", "coordinates": [ 93.161583, 24.993 ] } },
{ "type": "Feature", "properties": { "landslide_id": "NER_00069", "source": "GSI", "source_id": "GSI_0069", "state": "Assam", "district": "Cachar", "location": "Raza Bazaar ΓÇôBara Arkap\nHighway.", "latitude": 24.99561, "longitude": 93.16261, "date": null, "landslide_type": "Slide", "cause": null, "source_page": 2, "confidence": "TABLE_EXTRACTED", "duplicate_group": null, "notes": "Extracted from table on page 2" }, "geometry": { "type": "Point", "coordinates": [ 93.16261, 24.99561 ] } },
{ "type": "Feature", "properties": { "landslide_id": "NER_00070", "source": "GSI", "source_id": "GSI_0070", "state": "Assam", "district": "Cachar", "location": "Natanpur", "latitude": 25.0, "longitude": 92.43, "date": null, "landslide_type": "Slide", "cause": null, "source_page": 2, "confidence": "TABLE_EXTRACTED", "duplicate_group": null, "notes": "Extracted from table on page 2" }, "geometry": { "type": "Point", "coordinates": [ 92.43, 25.0 ] } },
{ "type": "Feature", "properties": { "landslide_id": "NER_00071", "source": "GSI", "source_id": "GSI_0071", "state": "Assam", "district": "Dima Hasao", "location": "State Highway, 3 km before\nJenam Ghat", "latitude": 25.003, "longitude": 93.164, "date": null, "landslide_type": "Slide", "cause": null, "source_page": 2, "confidence": "TABLE_EXTRACTED", "duplicate_group": null, "notes": "Extracted from table on page 2" }, "geometry": { "type": "Point", "coordinates": [ 93.164, 25.003 ] } },
{ "type": "Feature", "properties": { "landslide_id": "NER_00072", "source": "GSI", "source_id": "GSI_0072", "state": "Assam", "district": "Dima Hasao", "location": "Nutan Leikul.NH-54", "latitude": 25.008, "longitude": 93.04, "date": null, "landslide_type": "Slide", "cause": null, "source_page": 2, "confidence": "TABLE_EXTRACTED", "duplicate_group": null, "notes": "Extracted from table on page 2" }, "geometry": { "type": "Point", "coordinates": [ 93.04, 25.008 ] } },
{ "type": "Feature", "properties": { "landslide_id": "NER_00073", "source": "GSI", "source_id": "GSI_0073", "state": "Assam", "district": "Cachar", "location": "NH-27(Old NH-54E, Silchar-\nLumding road)", "latitude": 25.01, "longitude": 92.75, "date": null, "landslide_type": "Slide", "cause": null, "source_page": 2, "confidence": "TABLE_EXTRACTED", "duplicate_group": "DUP_GROUP_008", "notes": "Extracted from table on page 2" }, "geometry": { "type": "Point", "coordinates": [ 92.75, 25.01 ] } },
{ "type": "Feature", "properties": { "landslide_id": "NER_00074", "source": "GSI", "source_id": "GSI_0074", "state": "Assam", "district": "Cachar", "location": "NH-27(Old NH-54E, Silchar-\nLumding road)", "latitude": 25.01, "longitude": 92.75, "date": null, "landslide_type": "Slide", "cause": null, "source_page": 2, "confidence": "TABLE_EXTRACTED", "duplicate_group": "DUP_GROUP_008", "notes": "Extracted from table on page 2" }, "geometry": { "type": "Point", "coordinates": [ 92.75, 25.01 ] } },
{ "type": "Feature", "properties": { "landslide_id": "NER_00075", "source": "GSI", "source_id": "GSI_0075", "state": "Assam", "district": "Cachar", "location": "NH-27(Old NH-54E, Silchar-\nLumding road)", "latitude": 25.01, "longitude": 92.75, "date": null, "landslide_type": "Slide", "cause": null, "source_page": 2, "confidence": "TABLE_EXTRACTED", "duplicate_group": "DUP_GROUP_009", "notes": "Extracted from table on page 2" }, "geometry": { "type": "Point", "coordinates": [ 92.75, 25.01 ] } },
{ "type": "Feature", "properties": { "landslide_id": "NER_00076", "source": "GSI", "source_id": "GSI_0076", "state": "Assam", "district": "Cachar", "location": "Damchara", "latitude": 25.01, "longitude": 92.73, "date": null, "landslide_type": "Slide", "cause": null, "source_page": 2, "confidence": "TABLE_EXTRACTED", "duplicate_group": null, "notes": "Extracted from table on page 2" }, "geometry": { "type": "Point", "coordinates": [ 92.73, 25.01 ] } },
{ "type": "Feature", "properties": { "landslide_id": "NER_00077", "source": "GSI", "source_id": "GSI_0077", "state": "Assam", "district": "Dima Hasao", "location": "NH54", "latitude": 25.010379, "longitude": 92.75482, "date": null, "landslide_type": "Slide", "cause": null, "source_page": 2, "confidence": "TABLE_EXTRACTED", "duplicate_group": null, "notes": "Extracted from table on page 2" }, "geometry": { "type": "Point", "coordinates": [ 92.75482, 25.010379 ] } },
{ "type": "Feature", "properties": { "landslide_id": "NER_00078", "source": "GSI", "source_id": "GSI_0078", "state": "Assam", "district": "Dima Hasao", "location": "NH54", "latitude": 25.01856, "longitude": 92.77011, "date": null, "landslide_type": "Slide", "cause": null, "source_page": 3, "confidence": "TABLE_EXTRACTED", "duplicate_group": "DUP_GROUP_011", "notes": "Extracted from table on page 3" }, "geometry": { "type": "Point", "coordinates": [ 92.77011, 25.01856 ] } },
{ "type": "Feature", "properties": { "landslide_id": "NER_00079", "source": "GSI", "source_id": "GSI_0079", "state": "Assam", "district": "Dima Hasao", "location": "NH53", "latitude": 25.019029, "longitude": 92.770549, "date": null, "landslide_type": "Slide", "cause": null, "source_page": 3, "confidence": "TABLE_EXTRACTED", "duplicate_group": "DUP_GROUP_011", "notes": "Extracted from table on page 3" }, "geometry": { "type": "Point", "coordinates": [ 92.770549, 25.019029 ] } },
{ "type": "Feature", "properties": { "landslide_id": "NER_00080", "source": "GSI", "source_id": "GSI_0080", "state": "Assam", "district": "Cachar", "location": "Karbi houses(Bhamai river side)", "latitude": 25.02, "longitude": 92.52, "date": null, "landslide_type": "Slide", "cause": null, "source_page": 3, "confidence": "TABLE_EXTRACTED", "duplicate_group": "DUP_GROUP_012", "notes": "Extracted from table on page 3" }, "geometry": { "type": "Point", "coordinates": [ 92.52, 25.02 ] } },
{ "type": "Feature", "properties": { "landslide_id": "NER_00081", "source": "GSI", "source_id": "GSI_0081", "state": "Assam", "district": "Cachar", "location": "Karbi Houses (Bhamai river side)", "latitude": 25.02, "longitude": 92.52, "date": null, "landslide_type": "Slide", "cause": null, "source_page": 3, "confidence": "TABLE_EXTRACTED", "duplicate_group": "DUP_GROUP_012", "notes": "Extracted from table on page 3" }, "geometry": { "type": "Point", "coordinates": [ 92.52, 25.02 ] } },
{ "type": "Feature", "properties": { "landslide_id": "NER_00082", "source": "GSI", "source_id": "GSI_0082", "state": "Assam", "district": "Cachar", "location": "NH44", "latitude": 25.029708, "longitude": 92.463967, "date": null, "landslide_type": "Slide", "cause": null, "source_page": 3, "confidence": "TABLE_EXTRACTED", "duplicate_group": null, "notes": "Extracted from table on page 3" }, "geometry": { "type": "Point", "coordinates": [ 92.463967, 25.029708 ] } },
{ "type": "Feature", "properties": { "landslide_id": "NER_00083", "source": "GSI", "source_id": "GSI_0083", "state": "Assam", "district": "Cachar", "location": "NH44", "latitude": 25.031431, "longitude": 92.463231, "date": null, "landslide_type": "Slide", "cause": null, "source_page": 3, "confidence": "TABLE_EXTRACTED", "duplicate_group": "DUP_GROUP_013", "notes": "Extracted from table on page 3" }, "geometry": { "type": "Point", "coordinates": [ 92.463231, 25.031431 ] } },
{ "type": "Feature", "properties": { "landslide_id": "NER_00084", "source": "GSI", "source_id": "GSI_0084", "state": "Assam", "district": "Cachar", "location": "NH44", "latitude": 25.032119, "longitude": 92.462636, "date": null, "landslide_type": "Slide", "cause": null, "source_page": 3, "confidence": "TABLE_EXTRACTED", "duplicate_group": "DUP_GROUP_013", "notes": "Extracted from table on page 3" }, "geometry": { "type": "Point", "coordinates": [ 92.462636, 25.032119 ] } },
{ "type": "Feature", "properties": { "landslide_id": "NER_00085", "source": "GSI", "source_id": "GSI_0085", "state": "Assam", "district": "Cachar", "location": "NH44", "latitude": 25.032989, "longitude": 92.462214, "date": null, "landslide_type": "Slide", "cause": null, "source_page": 3, "confidence": "TABLE_EXTRACTED", "duplicate_group": null, "notes": "Extracted from table on page 3" }, "geometry": { "type": "Point", "coordinates": [ 92.462214, 25.032989 ] } },
{ "type": "Feature", "properties": { "landslide_id": "NER_00086", "source": "GSI", "source_id": "GSI_0086", "state": "Assam", "district": "Dima Hasao", "location": "NH54", "latitude": 25.034948, "longitude": 92.778753, "date": null, "landslide_type": "Slide", "cause": null, "source_page": 3, "confidence": "TABLE_EXTRACTED", "duplicate_group": null, "notes": "Extracted from table on page 3" }, "geometry": { "type": "Point", "coordinates": [ 92.778753, 25.034948 ] } },
{ "type": "Feature", "properties": { "landslide_id": "NER_00087", "source": "GSI", "source_id": "GSI_0087", "state": "Assam", "district": "Dima Hasao", "location": "NH54", "latitude": 25.0365, "longitude": 92.780417, "date": null, "landslide_type": "Slide", "cause": null, "source_page": 3, "confidence": "TABLE_EXTRACTED", "duplicate_group": null, "notes": "Extracted from table on page 3" }, "geometry": { "type": "Point", "coordinates": [ 92.780417, 25.0365 ] } },
{ "type": "Feature", "properties": { "landslide_id": "NER_00088", "source": "GSI", "source_id": "GSI_0088", "state": "Assam", "district": "Cachar", "location": "NH44 (near to weight bridge)", "latitude": 25.037203, "longitude": 92.450339, "date": null, "landslide_type": "Slide", "cause": null, "source_page": 3, "confidence": "TABLE_EXTRACTED", "duplicate_group": null, "notes": "Extracted from table on page 3" }, "geometry": { "type": "Point", "coordinates": [ 92.450339, 25.037203 ] } },
{ "type": "Feature", "properties": { "landslide_id": "NER_00089", "source": "GSI", "source_id": "GSI_0089", "state": "Assam", "district": "Dima Hasao", "location": "NH54", "latitude": 25.039722, "longitude": 92.781889, "date": null, "landslide_type": "Slide", "cause": null, "source_page": 3, "confidence": "TABLE_EXTRACTED", "duplicate_group": null, "notes": "Extracted from table on page 3" }, "geometry": { "type": "Point", "coordinates": [ 92.781889, 25.039722 ] } },
{ "type": "Feature", "properties": { "landslide_id": "NER_00090", "source": "GSI", "source_id": "GSI_0090", "state": "Assam", "district": "Dima Hasao", "location": "NH54", "latitude": 25.041083, "longitude": 92.783111, "date": null, "landslide_type": "Slide", "cause": null, "source_page": 3, "confidence": "TABLE_EXTRACTED", "duplicate_group": null, "notes": "Extracted from table on page 3" }, "geometry": { "type": "Point", "coordinates": [ 92.783111, 25.041083 ] } },
{ "type": "Feature", "properties": { "landslide_id": "NER_00091", "source": "GSI", "source_id": "GSI_0091", "state": "Assam", "district": "Dima Hasao", "location": "NH54", "latitude": 25.046444, "longitude": 92.789667, "date": null, "landslide_type": "Slide", "cause": null, "source_page": 3, "confidence": "TABLE_EXTRACTED", "duplicate_group": "DUP_GROUP_014", "notes": "Extracted from table on page 3" }, "geometry": { "type": "Point", "coordinates": [ 92.789667, 25.046444 ] } },
{ "type": "Feature", "properties": { "landslide_id": "NER_00092", "source": "GSI", "source_id": "GSI_0092", "state": "Assam", "district": "Dima Hasao", "location": "NH54", "latitude": 25.046778, "longitude": 92.790111, "date": null, "landslide_type": "Slide", "cause": null, "source_page": 3, "confidence": "TABLE_EXTRACTED", "duplicate_group": "DUP_GROUP_014", "notes": "Extracted from table on page 3" }, "geometry": { "type": "Point", "coordinates": [ 92.790111, 25.046778 ] } },
{ "type": "Feature", "properties": { "landslide_id": "NER_00093", "source": "GSI", "source_id": "GSI_0093", "state": "Assam", "district": "Dima Hasao", "location": "NH54", "latitude": 25.047417, "longitude": 92.793389, "date": null, "landslide_type": "Slide", "cause": null, "source_page": 3, "confidence": "TABLE_EXTRACTED", "duplicate_group": null, "notes": "Extracted from table on page 3" }, "geometry": { "type": "Point", "coordinates": [ 92.793389, 25.047417 ] } },
{ "type": "Feature", "properties": { "landslide_id": "NER_00094", "source": "GSI", "source_id": "GSI_0094", "state": "Assam", "district": "Dima Hasao", "location": "Between NFR Bridge No. 305\nand Tunnel No. 19 (~2 km SW of\nBandarkhal Railway Station).", "latitude": 25.04783, "longitude": 92.78931, "date": null, "landslide_type": "Slide", "cause": null, "source_page": 3, "confidence": "TABLE_EXTRACTED", "duplicate_group": null, "notes": "Extracted from table on page 3" }, "geometry": { "type": "Point", "coordinates": [ 92.78931, 25.04783 ] } },
{ "type": "Feature", "properties": { "landslide_id": "NER_00095", "source": "GSI", "source_id": "GSI_0095", "state": "Assam", "district": "Dima Hasao", "location": "NH54", "latitude": 25.049417, "longitude": 92.796722, "date": null, "landslide_type": "Slide", "cause": null, "source_page": 3, "confidence": "TABLE_EXTRACTED", "duplicate_group": "DUP_GROUP_015", "notes": "Extracted from table on page 3" }, "geometry": { "type": "Point", "coordinates": [ 92.796722, 25.049417 ] } },
{ "type": "Feature", "properties": { "landslide_id": "NER_00096", "source": "GSI", "source_id": "GSI_0096", "state": "Assam", "district": "Dima Hasao", "location": "NH54", "latitude": 25.049444, "longitude": 92.79725, "date": null, "landslide_type": "Slide", "cause": null, "source_page": 3, "confidence": "TABLE_EXTRACTED", "duplicate_group": "DUP_GROUP_015", "notes": "Extracted from table on page 3" }, "geometry": { "type": "Point", "coordinates": [ 92.79725, 25.049444 ] } },
{ "type": "Feature", "properties": { "landslide_id": "NER_00097", "source": "GSI", "source_id": "GSI_0097", "state": "Assam", "district": "Dima Hasao", "location": "NH54", "latitude": 25.049917, "longitude": 92.799667, "date": null, "landslide_type": "Slide", "cause": null, "source_page": 3, "confidence": "TABLE_EXTRACTED", "duplicate_group": null, "notes": "Extracted from table on page 3" }, "geometry": { "type": "Point", "coordinates": [ 92.799667, 25.049917 ] } },
{ "type": "Feature", "properties": { "landslide_id": "NER_00098", "source": "GSI", "source_id": "GSI_0098", "state": "Assam", "district": "Dima Hasao", "location": "NH54", "latitude": 25.054917, "longitude": 92.800333, "date": null, "landslide_type": "Slide", "cause": null, "source_page": 3, "confidence": "TABLE_EXTRACTED", "duplicate_group": null, "notes": "Extracted from table on page 3" }, "geometry": { "type": "Point", "coordinates": [ 92.800333, 25.054917 ] } },
{ "type": "Feature", "properties": { "landslide_id": "NER_00099", "source": "GSI", "source_id": "GSI_0099", "state": "Assam", "district": "Dima Hasao", "location": "NH54", "latitude": 25.056611, "longitude": 92.801722, "date": null, "landslide_type": "Slide", "cause": null, "source_page": 3, "confidence": "TABLE_EXTRACTED", "duplicate_group": null, "notes": "Extracted from table on page 3" }, "geometry": { "type": "Point", "coordinates": [ 92.801722, 25.056611 ] } },
{ "type": "Feature", "properties": { "landslide_id": "NER_00100", "source": "GSI", "source_id": "GSI_0100", "state": "Assam", "district": "Dima Hasao", "location": "NH54", "latitude": 25.060088, "longitude": 92.807089, "date": null, "landslide_type": "Slide", "cause": null, "source_page": 3, "confidence": "TABLE_EXTRACTED", "duplicate_group": null, "notes": "Extracted from table on page 3" }, "geometry": { "type": "Point", "coordinates": [ 92.807089, 25.060088 ] } },
{ "type": "Feature", "properties": { "landslide_id": "NER_00101", "source": "GSI", "source_id": "GSI_0101", "state": "Assam", "district": "Dima Hasao", "location": "NH54", "latitude": 25.060944, "longitude": 92.80675, "date": null, "landslide_type": "Slide", "cause": null, "source_page": 3, "confidence": "TABLE_EXTRACTED", "duplicate_group": "DUP_GROUP_016", "notes": "Extracted from table on page 3" }, "geometry": { "type": "Point", "coordinates": [ 92.80675, 25.060944 ] } },
{ "type": "Feature", "properties": { "landslide_id": "NER_00102", "source": "GSI", "source_id": "GSI_0102", "state": "Assam", "district": "Dima Hasao", "location": "West of Paschim Bandarkhal", "latitude": 25.061375, "longitude": 92.795906, "date": null, "landslide_type": "Slide", "cause": null, "source_page": 3, "confidence": "TABLE_EXTRACTED", "duplicate_group": null, "notes": "Extracted from table on page 3" }, "geometry": { "type": "Point", "coordinates": [ 92.795906, 25.061375 ] } },
{ "type": "Feature", "properties": { "landslide_id": "NER_00103", "source": "GSI", "source_id": "GSI_0103", "state": "Assam", "district": "Dima Hasao", "location": "NH54", "latitude": 25.061417, "longitude": 92.806833, "date": null, "landslide_type": "Slide", "cause": null, "source_page": 3, "confidence": "TABLE_EXTRACTED", "duplicate_group": "DUP_GROUP_016", "notes": "Extracted from table on page 3" }, "geometry": { "type": "Point", "coordinates": [ 92.806833, 25.061417 ] } },
{ "type": "Feature", "properties": { "landslide_id": "NER_00104", "source": "GSI", "source_id": "GSI_0104", "state": "Assam", "district": "Dima Hasao", "location": "West of Paschim Bandarkhal", "latitude": 25.061847, "longitude": 92.79345, "date": null, "landslide_type": "Slide", "cause": null, "source_page": 3, "confidence": "TABLE_EXTRACTED", "duplicate_group": null, "notes": "Extracted from table on page 3" }, "geometry": { "type": "Point", "coordinates": [ 92.79345, 25.061847 ] } },
{ "type": "Feature", "properties": { "landslide_id": "NER_00105", "source": "GSI", "source_id": "GSI_0105", "state": "Assam", "district": "Dima Hasao", "location": "West of Paschim Bandarkhal", "latitude": 25.063378, "longitude": 92.795536, "date": null, "landslide_type": "Slide", "cause": null, "source_page": 3, "confidence": "TABLE_EXTRACTED", "duplicate_group": null, "notes": "Extracted from table on page 3" }, "geometry": { "type": "Point", "coordinates": [ 92.795536, 25.063378 ] } },
{ "type": "Feature", "properties": { "landslide_id": "NER_00106", "source": "GSI", "source_id": "GSI_0106", "state": "Assam", "district": "Dima Hasao", "location": "NH54", "latitude": 25.063472, "longitude": 92.807796, "date": null, "landslide_type": "Slide", "cause": null, "source_page": 3, "confidence": "TABLE_EXTRACTED", "duplicate_group": null, "notes": "Extracted from table on page 3" }, "geometry": { "type": "Point", "coordinates": [ 92.807796, 25.063472 ] } },
{ "type": "Feature", "properties": { "landslide_id": "NER_00107", "source": "GSI", "source_id": "GSI_0107", "state": "Assam", "district": "Dima Hasao", "location": "Data taken from P. Songkai to\nNatun Songkai road", "latitude": 25.07, "longitude": 93.29, "date": null, "landslide_type": "Slide", "cause": null, "source_page": 3, "confidence": "TABLE_EXTRACTED", "duplicate_group": null, "notes": "Extracted from table on page 3" }, "geometry": { "type": "Point", "coordinates": [ 93.29, 25.07 ] } },
{ "type": "Feature", "properties": { "landslide_id": "NER_00108", "source": "GSI", "source_id": "GSI_0108", "state": "Assam", "district": "Dima Hasao", "location": "North of Paschim Bandarkhal", "latitude": 25.072636, "longitude": 92.794514, "date": null, "landslide_type": "Slide", "cause": null, "source_page": 3, "confidence": "TABLE_EXTRACTED", "duplicate_group": null, "notes": "Extracted from table on page 3" }, "geometry": { "type": "Point", "coordinates": [ 92.794514, 25.072636 ] } },
{ "type": "Feature", "properties": { "landslide_id": "NER_00109", "source": "GSI", "source_id": "GSI_0109", "state": "Assam", "district": "Dima Hasao", "location": "NH54", "latitude": 25.073228, "longitude": 92.814734, "date": null, "landslide_type": "Slide", "cause": null, "source_page": 3, "confidence": "TABLE_EXTRACTED", "duplicate_group": null, "notes": "Extracted from table on page 3" }, "geometry": { "type": "Point", "coordinates": [ 92.814734, 25.073228 ] } },
{ "type": "Feature", "properties": { "landslide_id": "NER_00110", "source": "GSI", "source_id": "GSI_0110", "state": "Assam", "district": "Dima Hasao", "location": "Old HaflongSilchar road", "latitude": 25.078935, "longitude": 92.95379, "date": null, "landslide_type": "Slide", "cause": null, "source_page": 3, "confidence": "TABLE_EXTRACTED", "duplicate_group": null, "notes": "Extracted from table on page 3" }, "geometry": { "type": "Point", "coordinates": [ 92.95379, 25.078935 ] } },
{ "type": "Feature", "properties": { "landslide_id": "NER_00111", "source": "GSI", "source_id": "GSI_0111", "state": "Assam", "district": "Dima Hasao", "location": "Old HaflongSilchar road", "latitude": 25.088389, "longitude": 92.958944, "date": null, "landslide_type": "Slide", "cause": null, "source_page": 3, "confidence": "TABLE_EXTRACTED", "duplicate_group": null, "notes": "Extracted from table on page 3" }, "geometry": { "type": "Point", "coordinates": [ 92.958944, 25.088389 ] } },
{ "type": "Feature", "properties": { "landslide_id": "NER_00112", "source": "GSI", "source_id": "GSI_0112", "state": "Assam", "district": "Dima Hasao", "location": "P. Songkai to Natun Songkai\nroad", "latitude": 25.1, "longitude": 93.28, "date": null, "landslide_type": "Slide", "cause": null, "source_page": 3, "confidence": "TABLE_EXTRACTED", "duplicate_group": "DUP_GROUP_017", "notes": "Extracted from table on page 3" }, "geometry": { "type": "Point", "coordinates": [ 93.28, 25.1 ] } },
{ "type": "Feature", "properties": { "landslide_id": "NER_00113", "source": "GSI", "source_id": "GSI_0113", "state": "Assam", "district": "Dima Hasao", "location": "P. Songkai to Natun Songkai\nroad", "latitude": 25.1, "longitude": 93.28, "date": null, "landslide_type": "Slide", "cause": null, "source_page": 3, "confidence": "TABLE_EXTRACTED", "duplicate_group": "DUP_GROUP_017", "notes": "Extracted from table on page 3" }, "geometry": { "type": "Point", "coordinates": [ 93.28, 25.1 ] } },
{ "type": "Feature", "properties": { "landslide_id": "NER_00114", "source": "GSI", "source_id": "GSI_0114", "state": "Assam", "district": "Dima Hasao", "location": "P. Songkai to Natun Songkai\nroad", "latitude": 25.1, "longitude": 93.28, "date": null, "landslide_type": "Slide", "cause": null, "source_page": 3, "confidence": "TABLE_EXTRACTED", "duplicate_group": "DUP_GROUP_018", "notes": "Extracted from table on page 3" }, "geometry": { "type": "Point", "coordinates": [ 93.28, 25.1 ] } },
{ "type": "Feature", "properties": { "landslide_id": "NER_00115", "source": "GSI", "source_id": "GSI_0115", "state": "Assam", "district": "Dima Hasao", "location": "Old HaflongSilchar road", "latitude": 25.10275, "longitude": 92.986944, "date": null, "landslide_type": "Slide", "cause": null, "source_page": 3, "confidence": "TABLE_EXTRACTED", "duplicate_group": "DUP_GROUP_020", "notes": "Extracted from table on page 3" }, "geometry": { "type": "Point", "coordinates": [ 92.986944, 25.10275 ] } },
{ "type": "Feature", "properties": { "landslide_id": "NER_00116", "source": "GSI", "source_id": "GSI_0116", "state": "Assam", "district": "Dima Hasao", "location": "Old HaflongSilchar road", "latitude": 25.10292, "longitude": 92.986883, "date": null, "landslide_type": "Slide", "cause": null, "source_page": 4, "confidence": "TABLE_EXTRACTED", "duplicate_group": "DUP_GROUP_020", "notes": "Extracted from table on page 4" }, "geometry": { "type": "Point", "coordinates": [ 92.986883, 25.10292 ] } },
{ "type": "Feature", "properties": { "landslide_id": "NER_00117", "source": "GSI", "source_id": "GSI_0117", "state": "Assam", "district": "Dima Hasao", "location": "NH54", "latitude": 25.105414, "longitude": 92.972784, "date": null, "landslide_type": "Slide", "cause": null, "source_page": 4, "confidence": "TABLE_EXTRACTED", "duplicate_group": null, "notes": "Extracted from table on page 4" }, "geometry": { "type": "Point", "coordinates": [ 92.972784, 25.105414 ] } },
{ "type": "Feature", "properties": { "landslide_id": "NER_00118", "source": "GSI", "source_id": "GSI_0118", "state": "Assam", "district": "Dima Hasao", "location": "NH-54 near Jatinga", "latitude": 25.106, "longitude": 93.001, "date": null, "landslide_type": "Slide", "cause": null, "source_page": 4, "confidence": "TABLE_EXTRACTED", "duplicate_group": null, "notes": "Extracted from table on page 4" }, "geometry": { "type": "Point", "coordinates": [ 93.001, 25.106 ] } },
{ "type": "Feature", "properties": { "landslide_id": "NER_00119", "source": "GSI", "source_id": "GSI_0119", "state": "Assam", "district": "Dima Hasao", "location": "Old HaflongSilchar road", "latitude": 25.106956, "longitude": 92.991363, "date": null, "landslide_type": "Slide", "cause": null, "source_page": 4, "confidence": "TABLE_EXTRACTED", "duplicate_group": null, "notes": "Extracted from table on page 4" }, "geometry": { "type": "Point", "coordinates": [ 92.991363, 25.106956 ] } },
{ "type": "Feature", "properties": { "landslide_id": "NER_00120", "source": "GSI", "source_id": "GSI_0120", "state": "Assam", "district": "Dima Hasao", "location": "NH-54 near Jatinga", "latitude": 25.107, "longitude": 93.002, "date": null, "landslide_type": "Slide", "cause": null, "source_page": 4, "confidence": "TABLE_EXTRACTED", "duplicate_group": null, "notes": "Extracted from table on page 4" }, "geometry": { "type": "Point", "coordinates": [ 93.002, 25.107 ] } },
{ "type": "Feature", "properties": { "landslide_id": "NER_00121", "source": "GSI", "source_id": "GSI_0121", "state": "Assam", "district": "Dima Hasao", "location": "NH54", "latitude": 25.107546, "longitude": 92.885543, "date": null, "landslide_type": "Slide", "cause": null, "source_page": 4, "confidence": "TABLE_EXTRACTED", "duplicate_group": null, "notes": "Extracted from table on page 4" }, "geometry": { "type": "Point", "coordinates": [ 92.885543, 25.107546 ] } },
{ "type": "Feature", "properties": { "landslide_id": "NER_00122", "source": "GSI", "source_id": "GSI_0122", "state": "Assam", "district": "Dima Hasao", "location": "NH-54 near Jatinga", "latitude": 25.108, "longitude": 93.003, "date": null, "landslide_type": "Slide", "cause": null, "source_page": 4, "confidence": "TABLE_EXTRACTED", "duplicate_group": null, "notes": "Extracted from table on page 4" }, "geometry": { "type": "Point", "coordinates": [ 93.003, 25.108 ] } },
{ "type": "Feature", "properties": { "landslide_id": "NER_00123", "source": "GSI", "source_id": "GSI_0123", "state": "Assam", "district": "Dima Hasao", "location": "NH54", "latitude": 25.108759, "longitude": 92.978048, "date": null, "landslide_type": "Slide", "cause": null, "source_page": 4, "confidence": "TABLE_EXTRACTED", "duplicate_group": null, "notes": "Extracted from table on page 4" }, "geometry": { "type": "Point", "coordinates": [ 92.978048, 25.108759 ] } },
{ "type": "Feature", "properties": { "landslide_id": "NER_00124", "source": "GSI", "source_id": "GSI_0124", "state": "Assam", "district": "Dima Hasao", "location": "West of Retzawl", "latitude": 25.108806, "longitude": 92.975139, "date": null, "landslide_type": "Slide", "cause": null, "source_page": 4, "confidence": "TABLE_EXTRACTED", "duplicate_group": null, "notes": "Extracted from table on page 4" }, "geometry": { "type": "Point", "coordinates": [ 92.975139, 25.108806 ] } },
{ "type": "Feature", "properties": { "landslide_id": "NER_00125", "source": "GSI", "source_id": "GSI_0125", "state": "Assam", "district": "Dima Hasao", "location": "NH54", "latitude": 25.108877, "longitude": 92.929125, "date": null, "landslide_type": "Slide", "cause": null, "source_page": 4, "confidence": "TABLE_EXTRACTED", "duplicate_group": "DUP_GROUP_021", "notes": "Extracted from table on page 4" }, "geometry": { "type": "Point", "coordinates": [ 92.929125, 25.108877 ] } },
{ "type": "Feature", "properties": { "landslide_id": "NER_00126", "source": "GSI", "source_id": "GSI_0126", "state": "Assam", "district": "Dima Hasao", "location": "NH54", "latitude": 25.11219, "longitude": 92.86881, "date": null, "landslide_type": "Slide", "cause": null, "source_page": 4, "confidence": "TABLE_EXTRACTED", "duplicate_group": null, "notes": "Extracted from table on page 4" }, "geometry": { "type": "Point", "coordinates": [ 92.86881, 25.11219 ] } },
{ "type": "Feature", "properties": { "landslide_id": "NER_00127", "source": "GSI", "source_id": "GSI_0127", "state": "Assam", "district": "Dima Hasao", "location": "Between Jatinga Lampur\nRailway Station and Harangajao\nRailway Station.", "latitude": 25.11286, "longitude": 92.87756, "date": null, "landslide_type": "Slide", "cause": null, "source_page": 4, "confidence": "TABLE_EXTRACTED", "duplicate_group": null, "notes": "Extracted from table on page 4" }, "geometry": { "type": "Point", "coordinates": [ 92.87756, 25.11286 ] } },
{ "type": "Feature", "properties": { "landslide_id": "NER_00128", "source": "GSI", "source_id": "GSI_0128", "state": "Assam", "district": "Dima Hasao", "location": "NH54", "latitude": 25.11297, "longitude": 92.95433, "date": null, "landslide_type": "Slide", "cause": null, "source_page": 4, "confidence": "TABLE_EXTRACTED", "duplicate_group": null, "notes": "Extracted from table on page 4" }, "geometry": { "type": "Point", "coordinates": [ 92.95433, 25.11297 ] } },
{ "type": "Feature", "properties": { "landslide_id": "NER_00129", "source": "GSI", "source_id": "GSI_0129", "state": "Assam", "district": "Dima Hasao", "location": "NH-54 near Jatinga.", "latitude": 25.118, "longitude": 93.014, "date": null, "landslide_type": "Slide", "cause": null, "source_page": 4, "confidence": "TABLE_EXTRACTED", "duplicate_group": null, "notes": "Extracted from table on page 4" }, "geometry": { "type": "Point", "coordinates": [ 93.014, 25.118 ] } },
{ "type": "Feature", "properties": { "landslide_id": "NER_00130", "source": "GSI", "source_id": "GSI_0130", "state": "Assam", "district": "Dima Hasao", "location": "NH-54 near Jatinga", "latitude": 25.119, "longitude": 93.017, "date": null, "landslide_type": "Slide", "cause": null, "source_page": 4, "confidence": "TABLE_EXTRACTED", "duplicate_group": null, "notes": "Extracted from table on page 4" }, "geometry": { "type": "Point", "coordinates": [ 93.017, 25.119 ] } },
{ "type": "Feature", "properties": { "landslide_id": "NER_00131", "source": "GSI", "source_id": "GSI_0131", "state": "Assam", "district": "Dima Hasao", "location": "NH-54 near Jatinga", "latitude": 25.119, "longitude": 93.018, "date": null, "landslide_type": "Slide", "cause": null, "source_page": 4, "confidence": "TABLE_EXTRACTED", "duplicate_group": null, "notes": "Extracted from table on page 4" }, "geometry": { "type": "Point", "coordinates": [ 93.018, 25.119 ] } },
{ "type": "Feature", "properties": { "landslide_id": "NER_00132", "source": "GSI", "source_id": "GSI_0132", "state": "Assam", "district": "Dima Hasao", "location": "NH-54 near Jatinga", "latitude": 25.12, "longitude": 93.02, "date": null, "landslide_type": "Slide", "cause": null, "source_page": 4, "confidence": "TABLE_EXTRACTED", "duplicate_group": null, "notes": "Extracted from table on page 4" }, "geometry": { "type": "Point", "coordinates": [ 93.02, 25.12 ] } },
{ "type": "Feature", "properties": { "landslide_id": "NER_00133", "source": "GSI", "source_id": "GSI_0133", "state": "Assam", "district": "Dima Hasao", "location": "Between Mailongdisa and\nHarangajao Railway stations.\nCHainage:128.400 km to\n128.600 km", "latitude": 25.121, "longitude": 92.915028, "date": null, "landslide_type": "Slide", "cause": null, "source_page": 4, "confidence": "TABLE_EXTRACTED", "duplicate_group": null, "notes": "Extracted from table on page 4" }, "geometry": { "type": "Point", "coordinates": [ 92.915028, 25.121 ] } },
{ "type": "Feature", "properties": { "landslide_id": "NER_00134", "source": "GSI", "source_id": "GSI_0134", "state": "Assam", "district": "Dima Hasao", "location": "Bara Wapu, NH-54", "latitude": 25.122, "longitude": 93.025, "date": null, "landslide_type": "Slide", "cause": null, "source_page": 4, "confidence": "TABLE_EXTRACTED", "duplicate_group": null, "notes": "Extracted from table on page 4" }, "geometry": { "type": "Point", "coordinates": [ 93.025, 25.122 ] } },
{ "type": "Feature", "properties": { "landslide_id": "NER_00135", "source": "GSI", "source_id": "GSI_0135", "state": "Assam", "district": "Dima Hasao", "location": "Jatinga NH-54", "latitude": 25.122, "longitude": 93.026, "date": null, "landslide_type": "Slide", "cause": null, "source_page": 4, "confidence": "TABLE_EXTRACTED", "duplicate_group": null, "notes": "Extracted from table on page 4" }, "geometry": { "type": "Point", "coordinates": [ 93.026, 25.122 ] } },
{ "type": "Feature", "properties": { "landslide_id": "NER_00136", "source": "GSI", "source_id": "GSI_0136", "state": "Assam", "district": "Dima Hasao", "location": "Jatinga,NH-54", "latitude": 25.123, "longitude": 93.034, "date": null, "landslide_type": "Slide", "cause": null, "source_page": 4, "confidence": "TABLE_EXTRACTED", "duplicate_group": null, "notes": "Extracted from table on page 4" }, "geometry": { "type": "Point", "coordinates": [ 93.034, 25.123 ] } },
{ "type": "Feature", "properties": { "landslide_id": "NER_00137", "source": "GSI", "source_id": "GSI_0137", "state": "Assam", "district": "Dima Hasao", "location": "Near Jatinga", "latitude": 25.123, "longitude": 93.033, "date": null, "landslide_type": "Slide", "cause": null, "source_page": 4, "confidence": "TABLE_EXTRACTED", "duplicate_group": null, "notes": "Extracted from table on page 4" }, "geometry": { "type": "Point", "coordinates": [ 93.033, 25.123 ] } },
{ "type": "Feature", "properties": { "landslide_id": "NER_00138", "source": "GSI", "source_id": "GSI_0138", "state": "Assam", "district": "Dima Hasao", "location": "Between Mailongdisa and\nHarangajao railway station\n(Chainage: 130.100 Km to\n130.400 Km)", "latitude": 25.124306, "longitude": 92.904278, "date": null, "landslide_type": "Slide", "cause": null, "source_page": 4, "confidence": "TABLE_EXTRACTED", "duplicate_group": null, "notes": "Extracted from table on page 4" }, "geometry": { "type": "Point", "coordinates": [ 92.904278, 25.124306 ] } },
{ "type": "Feature", "properties": { "landslide_id": "NER_00139", "source": "GSI", "source_id": "GSI_0139", "state": "Assam", "district": "Dima Hasao", "location": "Between Jatinga and\nLongrangajao Railway stations\n(Chainage:120.100 km to\n120.400 km)", "latitude": 25.124583, "longitude": 92.989111, "date": null, "landslide_type": "Slide", "cause": null, "source_page": 4, "confidence": "TABLE_EXTRACTED", "duplicate_group": null, "notes": "Extracted from table on page 4" }, "geometry": { "type": "Point", "coordinates": [ 92.989111, 25.124583 ] } },
{ "type": "Feature", "properties": { "landslide_id": "NER_00140", "source": "GSI", "source_id": "GSI_0140", "state": "Assam", "district": "Dima Hasao", "location": "Longrangajao village", "latitude": 25.12906, "longitude": 92.97418, "date": null, "landslide_type": "Slide", "cause": null, "source_page": 4, "confidence": "TABLE_EXTRACTED", "duplicate_group": null, "notes": "Extracted from table on page 4" }, "geometry": { "type": "Point", "coordinates": [ 92.97418, 25.12906 ] } },
{ "type": "Feature", "properties": { "landslide_id": "NER_00141", "source": "GSI", "source_id": "GSI_0141", "state": "Assam", "district": "Dima Hasao", "location": "Along Jenam river, Hangrum\narea", "latitude": 25.13, "longitude": 93.27, "date": null, "landslide_type": "Slide", "cause": null, "source_page": 4, "confidence": "TABLE_EXTRACTED", "duplicate_group": null, "notes": "Extracted from table on page 4" }, "geometry": { "type": "Point", "coordinates": [ 93.27, 25.13 ] } },
{ "type": "Feature", "properties": { "landslide_id": "NER_00142", "source": "GSI", "source_id": "GSI_0142", "state": "Assam", "district": "Dima Hasao", "location": "Data recorded from Hangrum to\nSongkai road", "latitude": 25.13, "longitude": 93.29, "date": null, "landslide_type": "Slide", "cause": null, "source_page": 4, "confidence": "TABLE_EXTRACTED", "duplicate_group": null, "notes": "Extracted from table on page 4" }, "geometry": { "type": "Point", "coordinates": [ 93.29, 25.13 ] } },
{ "type": "Feature", "properties": { "landslide_id": "NER_00143", "source": "GSI", "source_id": "GSI_0143", "state": "Assam", "district": "Dima Hasao", "location": "On NH-54", "latitude": 25.134, "longitude": 93.045, "date": null, "landslide_type": "Slide", "cause": null, "source_page": 4, "confidence": "TABLE_EXTRACTED", "duplicate_group": null, "notes": "Extracted from table on page 4" }, "geometry": { "type": "Point", "coordinates": [ 93.045, 25.134 ] } },
{ "type": "Feature", "properties": { "landslide_id": "NER_00144", "source": "GSI", "source_id": "GSI_0144", "state": "Assam", "district": "Dima Hasao", "location": "Jatinga, Haflong", "latitude": 25.134472, "longitude": 93.018972, "date": null, "landslide_type": "Slide", "cause": null, "source_page": 4, "confidence": "TABLE_EXTRACTED", "duplicate_group": "DUP_GROUP_022", "notes": "Extracted from table on page 4" }, "geometry": { "type": "Point", "coordinates": [ 93.018972, 25.134472 ] } },
{ "type": "Feature", "properties": { "landslide_id": "NER_00145", "source": "GSI", "source_id": "GSI_0145", "state": "Assam", "district": "Dima Hasao", "location": "NH-54 Near Kelolo village", "latitude": 25.135, "longitude": 93.04, "date": null, "landslide_type": "Slide", "cause": null, "source_page": 4, "confidence": "TABLE_EXTRACTED", "duplicate_group": "DUP_GROUP_023", "notes": "Extracted from table on page 4" }, "geometry": { "type": "Point", "coordinates": [ 93.04, 25.135 ] } },
{ "type": "Feature", "properties": { "landslide_id": "NER_00146", "source": "GSI", "source_id": "GSI_0146", "state": "Assam", "district": "Dima Hasao", "location": "Nutan Leikul.NH-54", "latitude": 25.135, "longitude": 93.04, "date": null, "landslide_type": "Slide", "cause": null, "source_page": 4, "confidence": "TABLE_EXTRACTED", "duplicate_group": "DUP_GROUP_023", "notes": "Extracted from table on page 4" }, "geometry": { "type": "Point", "coordinates": [ 93.04, 25.135 ] } },
{ "type": "Feature", "properties": { "landslide_id": "NER_00147", "source": "GSI", "source_id": "GSI_0147", "state": "Assam", "district": "Dima Hasao", "location": "Kelelo NH-54", "latitude": 25.136, "longitude": 93.04, "date": null, "landslide_type": "Slide", "cause": null, "source_page": 4, "confidence": "TABLE_EXTRACTED", "duplicate_group": null, "notes": "Extracted from table on page 4" }, "geometry": { "type": "Point", "coordinates": [ 93.04, 25.136 ] } },
{ "type": "Feature", "properties": { "landslide_id": "NER_00148", "source": "GSI", "source_id": "GSI_0148", "state": "Assam", "district": "Dima Hasao", "location": "NutanLeikul, NH-54", "latitude": 25.137, "longitude": 93.04, "date": null, "landslide_type": "Slide", "cause": null, "source_page": 4, "confidence": "TABLE_EXTRACTED", "duplicate_group": "DUP_GROUP_024", "notes": "Extracted from table on page 4" }, "geometry": { "type": "Point", "coordinates": [ 93.04, 25.137 ] } },
{ "type": "Feature", "properties": { "landslide_id": "NER_00149", "source": "GSI", "source_id": "GSI_0149", "state": "Assam", "district": "Dima Hasao", "location": "Kelelo village,NH-54", "latitude": 25.137, "longitude": 93.034, "date": null, "landslide_type": "Flow", "cause": null, "source_page": 4, "confidence": "TABLE_EXTRACTED", "duplicate_group": null, "notes": "Extracted from table on page 4" }, "geometry": { "type": "Point", "coordinates": [ 93.034, 25.137 ] } },
{ "type": "Feature", "properties": { "landslide_id": "NER_00150", "source": "GSI", "source_id": "GSI_0150", "state": "Assam", "district": "Dima Hasao", "location": "Kelelo,NH-54", "latitude": 25.137, "longitude": 93.04, "date": null, "landslide_type": "Slide", "cause": null, "source_page": 4, "confidence": "TABLE_EXTRACTED", "duplicate_group": "DUP_GROUP_024", "notes": "Extracted from table on page 4" }, "geometry": { "type": "Point", "coordinates": [ 93.04, 25.137 ] } },
{ "type": "Feature", "properties": { "landslide_id": "NER_00151", "source": "GSI", "source_id": "GSI_0151", "state": "Assam", "district": "Dima Hasao", "location": "Jatinga, NH-54", "latitude": 25.137, "longitude": 93.018, "date": null, "landslide_type": "Slide", "cause": null, "source_page": 4, "confidence": "TABLE_EXTRACTED", "duplicate_group": null, "notes": "Extracted from table on page 4" }, "geometry": { "type": "Point", "coordinates": [ 93.018, 25.137 ] } },
{ "type": "Feature", "properties": { "landslide_id": "NER_00152", "source": "GSI", "source_id": "GSI_0152", "state": "Assam", "district": "Dima Hasao", "location": "Bara Haflong,village.", "latitude": 25.139, "longitude": 93.025, "date": null, "landslide_type": "Slide", "cause": null, "source_page": 4, "confidence": "TABLE_EXTRACTED", "duplicate_group": "DUP_GROUP_025", "notes": "Extracted from table on page 4" }, "geometry": { "type": "Point", "coordinates": [ 93.025, 25.139 ] } },
{ "type": "Feature", "properties": { "landslide_id": "NER_00153", "source": "GSI", "source_id": "GSI_0153", "state": "Assam", "district": "Dima Hasao", "location": "Bara Haflong,Near New Haflong\nRS", "latitude": 25.139, "longitude": 93.025, "date": null, "landslide_type": "Slide", "cause": null, "source_page": 5, "confidence": "TABLE_EXTRACTED", "duplicate_group": "DUP_GROUP_025", "notes": "Extracted from table on page 5" }, "geometry": { "type": "Point", "coordinates": [ 93.025, 25.139 ] } },
{ "type": "Feature", "properties": { "landslide_id": "NER_00154", "source": "GSI", "source_id": "GSI_0154", "state": "Assam", "district": "Dima Hasao", "location": "Nutan.Leikul,NH-54", "latitude": 25.139, "longitude": 93.04, "date": null, "landslide_type": "Slide", "cause": null, "source_page": 5, "confidence": "TABLE_EXTRACTED", "duplicate_group": null, "notes": "Extracted from table on page 5" }, "geometry": { "type": "Point", "coordinates": [ 93.04, 25.139 ] } },
{ "type": "Feature", "properties": { "landslide_id": "NER_00155", "source": "GSI", "source_id": "GSI_0155", "state": "Assam", "district": "Dima Hasao", "location": "Jatinga-Haflong Road section,\nHaflong", "latitude": 25.139611, "longitude": 93.019556, "date": null, "landslide_type": "Slide", "cause": null, "source_page": 5, "confidence": "TABLE_EXTRACTED", "duplicate_group": "DUP_GROUP_026", "notes": "Extracted from table on page 5" }, "geometry": { "type": "Point", "coordinates": [ 93.019556, 25.139611 ] } },
{ "type": "Feature", "properties": { "landslide_id": "NER_00156", "source": "GSI", "source_id": "GSI_0156", "state": "Assam", "district": "Dima Hasao", "location": "Below Hangrum village.", "latitude": 25.14, "longitude": 93.31, "date": null, "landslide_type": "Slide", "cause": null, "source_page": 5, "confidence": "TABLE_EXTRACTED", "duplicate_group": null, "notes": "Extracted from table on page 5" }, "geometry": { "type": "Point", "coordinates": [ 93.31, 25.14 ] } },
{ "type": "Feature", "properties": { "landslide_id": "NER_00157", "source": "GSI", "source_id": "GSI_0157", "state": "Assam", "district": "Dima Hasao", "location": "Hangrum village", "latitude": 25.14, "longitude": 93.3, "date": null, "landslide_type": "Slide", "cause": null, "source_page": 5, "confidence": "TABLE_EXTRACTED", "duplicate_group": null, "notes": "Extracted from table on page 5" }, "geometry": { "type": "Point", "coordinates": [ 93.3, 25.14 ] } },
{ "type": "Feature", "properties": { "landslide_id": "NER_00158", "source": "GSI", "source_id": "GSI_0158", "state": "Assam", "district": "Dima Hasao", "location": "Boro Haflong, Haflong", "latitude": 25.140417, "longitude": 93.020389, "date": null, "landslide_type": "Slide", "cause": null, "source_page": 5, "confidence": "TABLE_EXTRACTED", "duplicate_group": "DUP_GROUP_027", "notes": "Extracted from table on page 5" }, "geometry": { "type": "Point", "coordinates": [ 93.020389, 25.140417 ] } },
{ "type": "Feature", "properties": { "landslide_id": "NER_00159", "source": "GSI", "source_id": "GSI_0159", "state": "Assam", "district": "Dima Hasao", "location": "Nutan Leikul, NH-54", "latitude": 25.142, "longitude": 93.04, "date": null, "landslide_type": "Slide", "cause": null, "source_page": 5, "confidence": "TABLE_EXTRACTED", "duplicate_group": "DUP_GROUP_028", "notes": "Extracted from table on page 5" }, "geometry": { "type": "Point", "coordinates": [ 93.04, 25.142 ] } },
{ "type": "Feature", "properties": { "landslide_id": "NER_00160", "source": "GSI", "source_id": "GSI_0160", "state": "Assam", "district": "Dima Hasao", "location": "Nutan Leikul,NH-54", "latitude": 25.142, "longitude": 93.04, "date": null, "landslide_type": "Slide", "cause": null, "source_page": 5, "confidence": "TABLE_EXTRACTED", "duplicate_group": "DUP_GROUP_028", "notes": "Extracted from table on page 5" }, "geometry": { "type": "Point", "coordinates": [ 93.04, 25.142 ] } },
{ "type": "Feature", "properties": { "landslide_id": "NER_00161", "source": "GSI", "source_id": "GSI_0161", "state": "Assam", "district": "Dima Hasao", "location": "Near Thingbhung village", "latitude": 25.145, "longitude": 93.158, "date": null, "landslide_type": "Slide", "cause": null, "source_page": 5, "confidence": "TABLE_EXTRACTED", "duplicate_group": null, "notes": "Extracted from table on page 5" }, "geometry": { "type": "Point", "coordinates": [ 93.158, 25.145 ] } },
{ "type": "Feature", "properties": { "landslide_id": "NER_00162", "source": "GSI", "source_id": "GSI_0162", "state": "Assam", "district": "Dima Hasao", "location": "New Haflong Railway Station", "latitude": 25.14525, "longitude": 93.029167, "date": null, "landslide_type": "Slide", "cause": null, "source_page": 5, "confidence": "TABLE_EXTRACTED", "duplicate_group": "DUP_GROUP_029", "notes": "Extracted from table on page 5" }, "geometry": { "type": "Point", "coordinates": [ 93.029167, 25.14525 ] } },
{ "type": "Feature", "properties": { "landslide_id": "NER_00163", "source": "GSI", "source_id": "GSI_0163", "state": "Assam", "district": "Dima Hasao", "location": "Boro Haflong, Haflong", "latitude": 25.145861, "longitude": 93.024194, "date": null, "landslide_type": "Slide", "cause": null, "source_page": 5, "confidence": "TABLE_EXTRACTED", "duplicate_group": "DUP_GROUP_030", "notes": "Extracted from table on page 5" }, "geometry": { "type": "Point", "coordinates": [ 93.024194, 25.145861 ] } },
{ "type": "Feature", "properties": { "landslide_id": "NER_00164", "source": "GSI", "source_id": "GSI_0164", "state": "Assam", "district": "Dima Hasao", "location": "Between Jatinga Lampur\nRailway Station and Harangajao\nRailway Station.", "latitude": 25.146306, "longitude": 93.942167, "date": null, "landslide_type": "Slide", "cause": null, "source_page": 5, "confidence": "TABLE_EXTRACTED", "duplicate_group": null, "notes": "Extracted from table on page 5" }, "geometry": { "type": "Point", "coordinates": [ 93.942167, 25.146306 ] } },
{ "type": "Feature", "properties": { "landslide_id": "NER_00165", "source": "GSI", "source_id": "GSI_0165", "state": "Assam", "district": "Dima Hasao", "location": "West slope of New Haflong\nRailway Station.", "latitude": 25.146778, "longitude": 93.030972, "date": null, "landslide_type": "Slide", "cause": null, "source_page": 5, "confidence": "TABLE_EXTRACTED", "duplicate_group": "DUP_GROUP_031", "notes": "Extracted from table on page 5" }, "geometry": { "type": "Point", "coordinates": [ 93.030972, 25.146778 ] } },
{ "type": "Feature", "properties": { "landslide_id": "NER_00166", "source": "GSI", "source_id": "GSI_0166", "state": "Assam", "district": "Dima Hasao", "location": "New Haflong Railway Station", "latitude": 25.148722, "longitude": 93.031917, "date": null, "landslide_type": "Slide", "cause": null, "source_page": 5, "confidence": "TABLE_EXTRACTED", "duplicate_group": "DUP_GROUP_033", "notes": "Extracted from table on page 5" }, "geometry": { "type": "Point", "coordinates": [ 93.031917, 25.148722 ] } },
{ "type": "Feature", "properties": { "landslide_id": "NER_00167", "source": "GSI", "source_id": "GSI_0167", "state": "Assam", "district": "Dima Hasao", "location": "Data recorded from Hejaichak\nto Hangrum road", "latitude": 25.15, "longitude": 93.37, "date": null, "landslide_type": "Slide", "cause": null, "source_page": 5, "confidence": "TABLE_EXTRACTED", "duplicate_group": null, "notes": "Extracted from table on page 5" }, "geometry": { "type": "Point", "coordinates": [ 93.37, 25.15 ] } },
{ "type": "Feature", "properties": { "landslide_id": "NER_00168", "source": "GSI", "source_id": "GSI_0168", "state": "Assam", "district": "Dima Hasao", "location": "Near Boro Haflong village,\nHaflong", "latitude": 25.150694, "longitude": 93.025833, "date": null, "landslide_type": "Slide", "cause": null, "source_page": 5, "confidence": "TABLE_EXTRACTED", "duplicate_group": "DUP_GROUP_035", "notes": "Extracted from table on page 5" }, "geometry": { "type": "Point", "coordinates": [ 93.025833, 25.150694 ] } },
{ "type": "Feature", "properties": { "landslide_id": "NER_00169", "source": "GSI", "source_id": "GSI_0169", "state": "Assam", "district": "Dima Hasao", "location": "Near Pura village", "latitude": 25.155, "longitude": 93.067, "date": null, "landslide_type": "Slide", "cause": null, "source_page": 5, "confidence": "TABLE_EXTRACTED", "duplicate_group": "DUP_GROUP_036", "notes": "Extracted from table on page 5" }, "geometry": { "type": "Point", "coordinates": [ 93.067, 25.155 ] } },
{ "type": "Feature", "properties": { "landslide_id": "NER_00170", "source": "GSI", "source_id": "GSI_0170", "state": "Assam", "district": "Dima Hasao", "location": "Pura", "latitude": 25.155, "longitude": 93.067, "date": null, "landslide_type": "Slide", "cause": null, "source_page": 5, "confidence": "TABLE_EXTRACTED", "duplicate_group": "DUP_GROUP_036", "notes": "Extracted from table on page 5" }, "geometry": { "type": "Point", "coordinates": [ 93.067, 25.155 ] } },
{ "type": "Feature", "properties": { "landslide_id": "NER_00171", "source": "GSI", "source_id": "GSI_0171", "state": "Assam", "district": "Dima Hasao", "location": "NH-54,Near Pura village", "latitude": 25.155, "longitude": 93.073, "date": null, "landslide_type": "Slide", "cause": null, "source_page": 5, "confidence": "TABLE_EXTRACTED", "duplicate_group": null, "notes": "Extracted from table on page 5" }, "geometry": { "type": "Point", "coordinates": [ 93.073, 25.155 ] } },
{ "type": "Feature", "properties": { "landslide_id": "NER_00172", "source": "GSI", "source_id": "GSI_0172", "state": "Assam", "district": "Dima Hasao", "location": "Haflong town", "latitude": 25.155611, "longitude": 93.022222, "date": null, "landslide_type": "Slide", "cause": null, "source_page": 5, "confidence": "TABLE_EXTRACTED", "duplicate_group": "DUP_GROUP_037", "notes": "Extracted from table on page 5" }, "geometry": { "type": "Point", "coordinates": [ 93.022222, 25.155611 ] } },
{ "type": "Feature", "properties": { "landslide_id": "NER_00173", "source": "GSI", "source_id": "GSI_0173", "state": "Assam", "district": "Dima Hasao", "location": "Mahadev Tilla, Haflong", "latitude": 25.155722, "longitude": 93.022778, "date": null, "landslide_type": "Slide", "cause": null, "source_page": 5, "confidence": "TABLE_EXTRACTED", "duplicate_group": "DUP_GROUP_037", "notes": "Extracted from table on page 5" }, "geometry": { "type": "Point", "coordinates": [ 93.022778, 25.155722 ] } },
{ "type": "Feature", "properties": { "landslide_id": "NER_00174", "source": "GSI", "source_id": "GSI_0174", "state": "Assam", "district": "Dima Hasao", "location": "Bara Haflong,Near New Haflong\nRS", "latitude": 25.156, "longitude": 93.018, "date": null, "landslide_type": "Slide", "cause": null, "source_page": 5, "confidence": "TABLE_EXTRACTED", "duplicate_group": "DUP_GROUP_043", "notes": "Extracted from table on page 5" }, "geometry": { "type": "Point", "coordinates": [ 93.018, 25.156 ] } },
{ "type": "Feature", "properties": { "landslide_id": "NER_00175", "source": "GSI", "source_id": "GSI_0175", "state": "Assam", "district": "Dima Hasao", "location": "Haflong town", "latitude": 25.156389, "longitude": 93.018389, "date": null, "landslide_type": "Slide", "cause": null, "source_page": 5, "confidence": "TABLE_EXTRACTED", "duplicate_group": "DUP_GROUP_043", "notes": "Extracted from table on page 5" }, "geometry": { "type": "Point", "coordinates": [ 93.018389, 25.156389 ] } },
{ "type": "Feature", "properties": { "landslide_id": "NER_00176", "source": "GSI", "source_id": "GSI_0176", "state": "Assam", "district": "Dima Hasao", "location": "Haflong town", "latitude": 25.156583, "longitude": 93.019611, "date": null, "landslide_type": "Slide", "cause": null, "source_page": 5, "confidence": "TABLE_EXTRACTED", "duplicate_group": "DUP_GROUP_054", "notes": "Extracted from table on page 5" }, "geometry": { "type": "Point", "coordinates": [ 93.019611, 25.156583 ] } },
{ "type": "Feature", "properties": { "landslide_id": "NER_00177", "source": "GSI", "source_id": "GSI_0177", "state": "Assam", "district": "Dima Hasao", "location": "Near Mahadev Tila, Haflong", "latitude": 25.156694, "longitude": 93.017667, "date": null, "landslide_type": "Slide", "cause": null, "source_page": 5, "confidence": "TABLE_EXTRACTED", "duplicate_group": "DUP_GROUP_044", "notes": "Extracted from table on page 5" }, "geometry": { "type": "Point", "coordinates": [ 93.017667, 25.156694 ] } },
{ "type": "Feature", "properties": { "landslide_id": "NER_00178", "source": "GSI", "source_id": "GSI_0178", "state": "Assam", "district": "Dima Hasao", "location": "Pura village on NH-54", "latitude": 25.157, "longitude": 93.062, "date": null, "landslide_type": "Slide", "cause": null, "source_page": 5, "confidence": "TABLE_EXTRACTED", "duplicate_group": null, "notes": "Extracted from table on page 5" }, "geometry": { "type": "Point", "coordinates": [ 93.062, 25.157 ] } },
{ "type": "Feature", "properties": { "landslide_id": "NER_00179", "source": "GSI", "source_id": "GSI_0179", "state": "Assam", "district": "Dima Hasao", "location": "Pura,NH-54", "latitude": 25.157, "longitude": 93.066, "date": null, "landslide_type": "Slide", "cause": null, "source_page": 5, "confidence": "TABLE_EXTRACTED", "duplicate_group": null, "notes": "Extracted from table on page 5" }, "geometry": { "type": "Point", "coordinates": [ 93.066, 25.157 ] } },
{ "type": "Feature", "properties": { "landslide_id": "NER_00180", "source": "GSI", "source_id": "GSI_0180", "state": "Assam", "district": "Dima Hasao", "location": "Haflong town", "latitude": 25.157139, "longitude": 93.017194, "date": null, "landslide_type": "Slide", "cause": null, "source_page": 5, "confidence": "TABLE_EXTRACTED", "duplicate_group": "DUP_GROUP_056", "notes": "Extracted from table on page 5" }, "geometry": { "type": "Point", "coordinates": [ 93.017194, 25.157139 ] } },
{ "type": "Feature", "properties": { "landslide_id": "NER_00181", "source": "GSI", "source_id": "GSI_0181", "state": "Assam", "district": "Dima Hasao", "location": "Haflong town", "latitude": 25.157361, "longitude": 93.016083, "date": null, "landslide_type": "Slide", "cause": null, "source_page": 5, "confidence": "TABLE_EXTRACTED", "duplicate_group": "DUP_GROUP_065", "notes": "Extracted from table on page 5" }, "geometry": { "type": "Point", "coordinates": [ 93.016083, 25.157361 ] } },
{ "type": "Feature", "properties": { "landslide_id": "NER_00182", "source": "GSI", "source_id": "GSI_0182", "state": "Assam", "district": "Dima Hasao", "location": "Haflong town", "latitude": 25.159333, "longitude": 93.017, "date": null, "landslide_type": "Slide", "cause": null, "source_page": 5, "confidence": "TABLE_EXTRACTED", "duplicate_group": "DUP_GROUP_066", "notes": "Extracted from table on page 5" }, "geometry": { "type": "Point", "coordinates": [ 93.017, 25.159333 ] } },
{ "type": "Feature", "properties": { "landslide_id": "NER_00183", "source": "GSI", "source_id": "GSI_0183", "state": "Assam", "district": "Dima Hasao", "location": "Songpiang village, Haflong", "latitude": 25.163444, "longitude": 93.023167, "date": null, "landslide_type": "Slide", "cause": null, "source_page": 5, "confidence": "TABLE_EXTRACTED", "duplicate_group": "DUP_GROUP_067", "notes": "Extracted from table on page 5" }, "geometry": { "type": "Point", "coordinates": [ 93.023167, 25.163444 ] } },
{ "type": "Feature", "properties": { "landslide_id": "NER_00184", "source": "GSI", "source_id": "GSI_0184", "state": "Assam", "district": "Dima Hasao", "location": "96 km, Migrendisa – Haflong rail\nsection, near Diyung bridge.", "latitude": 25.164, "longitude": 93.040194, "date": null, "landslide_type": "Slide", "cause": null, "source_page": 5, "confidence": "TABLE_EXTRACTED", "duplicate_group": "DUP_GROUP_068", "notes": "Extracted from table on page 5" }, "geometry": { "type": "Point", "coordinates": [ 93.040194, 25.164 ] } },
{ "type": "Feature", "properties": { "landslide_id": "NER_00185", "source": "GSI", "source_id": "GSI_0185", "state": "Assam", "district": "Dima Hasao", "location": "Songpiang village, Haflong", "latitude": 25.165639, "longitude": 93.025444, "date": null, "landslide_type": "Slide", "cause": null, "source_page": 5, "confidence": "TABLE_EXTRACTED", "duplicate_group": "DUP_GROUP_069", "notes": "Extracted from table on page 5" }, "geometry": { "type": "Point", "coordinates": [ 93.025444, 25.165639 ] } },
{ "type": "Feature", "properties": { "landslide_id": "NER_00186", "source": "GSI", "source_id": "GSI_0186", "state": "Assam", "district": "Dima Hasao", "location": "Near Pangmol village", "latitude": 25.169, "longitude": 93.155, "date": null, "landslide_type": "Slide", "cause": null, "source_page": 5, "confidence": "TABLE_EXTRACTED", "duplicate_group": null, "notes": "Extracted from table on page 5" }, "geometry": { "type": "Point", "coordinates": [ 93.155, 25.169 ] } },
{ "type": "Feature", "properties": { "landslide_id": "NER_00187", "source": "GSI", "source_id": "GSI_0187", "state": "Assam", "district": "Dima Hasao", "location": "Near Riao village.", "latitude": 25.169, "longitude": 93.156, "date": null, "landslide_type": "Slide", "cause": null, "source_page": 5, "confidence": "TABLE_EXTRACTED", "duplicate_group": null, "notes": "Extracted from table on page 5" }, "geometry": { "type": "Point", "coordinates": [ 93.156, 25.169 ] } },
{ "type": "Feature", "properties": { "landslide_id": "NER_00188", "source": "GSI", "source_id": "GSI_0188", "state": "Assam", "district": "Dima Hasao", "location": "Data recorded from Hejaichak\nto Hangrum road", "latitude": 25.17, "longitude": 93.36, "date": null, "landslide_type": "Slide", "cause": null, "source_page": 6, "confidence": "TABLE_EXTRACTED", "duplicate_group": null, "notes": "Extracted from table on page 6" }, "geometry": { "type": "Point", "coordinates": [ 93.36, 25.17 ] } },
{ "type": "Feature", "properties": { "landslide_id": "NER_00189", "source": "GSI", "source_id": "GSI_0189", "state": "Assam", "district": "Dima Hasao", "location": "Along Jenam river, Laisong area", "latitude": 25.17, "longitude": 93.29, "date": null, "landslide_type": "Slide", "cause": null, "source_page": 6, "confidence": "TABLE_EXTRACTED", "duplicate_group": null, "notes": "Extracted from table on page 6" }, "geometry": { "type": "Point", "coordinates": [ 93.29, 25.17 ] } },
{ "type": "Feature", "properties": { "landslide_id": "NER_00190", "source": "GSI", "source_id": "GSI_0190", "state": "Assam", "district": "Dima Hasao", "location": "N.D Raji (Hmar)village, Haflong", "latitude": 25.171889, "longitude": 93.003944, "date": null, "landslide_type": "Slide", "cause": null, "source_page": 6, "confidence": "TABLE_EXTRACTED", "duplicate_group": null, "notes": "Extracted from table on page 6" }, "geometry": { "type": "Point", "coordinates": [ 93.003944, 25.171889 ] } },
{ "type": "Feature", "properties": { "landslide_id": "NER_00191", "source": "GSI", "source_id": "GSI_0191", "state": "Assam", "district": "Dima Hasao", "location": "N.D Raji (Hamar)village, Haflong", "latitude": 25.175056, "longitude": 93.020417, "date": null, "landslide_type": "Slide", "cause": null, "source_page": 6, "confidence": "TABLE_EXTRACTED", "duplicate_group": "DUP_GROUP_071", "notes": "Extracted from table on page 6" }, "geometry": { "type": "Point", "coordinates": [ 93.020417, 25.175056 ] } },
{ "type": "Feature", "properties": { "landslide_id": "NER_00192", "source": "GSI", "source_id": "GSI_0192", "state": "Assam", "district": "Dima Hasao", "location": "N.D Raji village, Haflong", "latitude": 25.175972, "longitude": 93.020167, "date": null, "landslide_type": "Slide", "cause": null, "source_page": 6, "confidence": "TABLE_EXTRACTED", "duplicate_group": "DUP_GROUP_074", "notes": "Extracted from table on page 6" }, "geometry": { "type": "Point", "coordinates": [ 93.020167, 25.175972 ] } },
{ "type": "Feature", "properties": { "landslide_id": "NER_00193", "source": "GSI", "source_id": "GSI_0193", "state": "Assam", "district": "Dima Hasao", "location": "Mahur", "latitude": 25.176389, "longitude": 93.116139, "date": null, "landslide_type": "Slide", "cause": null, "source_page": 6, "confidence": "TABLE_EXTRACTED", "duplicate_group": "DUP_GROUP_075", "notes": "Extracted from table on page 6" }, "geometry": { "type": "Point", "coordinates": [ 93.116139, 25.176389 ] } },
{ "type": "Feature", "properties": { "landslide_id": "NER_00194", "source": "GSI", "source_id": "GSI_0194", "state": "Assam", "district": "Dima Hasao", "location": "Khongsai village, Haflong", "latitude": 25.176917, "longitude": 93.026556, "date": null, "landslide_type": "Slide", "cause": null, "source_page": 6, "confidence": "TABLE_EXTRACTED", "duplicate_group": "DUP_GROUP_076", "notes": "Extracted from table on page 6" }, "geometry": { "type": "Point", "coordinates": [ 93.026556, 25.176917 ] } },
{ "type": "Feature", "properties": { "landslide_id": "NER_00195", "source": "GSI", "source_id": "GSI_0195", "state": "Assam", "district": "Dima Hasao", "location": "Muolhoi /Gilgal village, Haflong", "latitude": 25.177028, "longitude": 93.020889, "date": null, "landslide_type": "Slide", "cause": null, "source_page": 6, "confidence": "TABLE_EXTRACTED", "duplicate_group": "DUP_GROUP_079", "notes": "Extracted from table on page 6" }, "geometry": { "type": "Point", "coordinates": [ 93.020889, 25.177028 ] } },
{ "type": "Feature", "properties": { "landslide_id": "NER_00196", "source": "GSI", "source_id": "GSI_0196", "state": "Assam", "district": "Dima Hasao", "location": "Khongsai village, Haflong", "latitude": 25.1775, "longitude": 93.026222, "date": null, "landslide_type": "Slide", "cause": null, "source_page": 6, "confidence": "TABLE_EXTRACTED", "duplicate_group": "DUP_GROUP_076", "notes": "Extracted from table on page 6" }, "geometry": { "type": "Point", "coordinates": [ 93.026222, 25.1775 ] } },
{ "type": "Feature", "properties": { "landslide_id": "NER_00197", "source": "GSI", "source_id": "GSI_0197", "state": "Assam", "district": "Dima Hasao", "location": "Near Migrendisa Railway\nStation, Migrendisa", "latitude": 25.179861, "longitude": 93.070778, "date": null, "landslide_type": "Slide", "cause": null, "source_page": 6, "confidence": "TABLE_EXTRACTED", "duplicate_group": "DUP_GROUP_082", "notes": "Extracted from table on page 6" }, "geometry": { "type": "Point", "coordinates": [ 93.070778, 25.179861 ] } },
{ "type": "Feature", "properties": { "landslide_id": "NER_00198", "source": "GSI", "source_id": "GSI_0198", "state": "Assam", "district": "Dima Hasao", "location": "Data recorded from Hejaichak\nto Hangrum road", "latitude": 25.18, "longitude": 93.33, "date": null, "landslide_type": "Slide", "cause": null, "source_page": 6, "confidence": "TABLE_EXTRACTED", "duplicate_group": null, "notes": "Extracted from table on page 6" }, "geometry": { "type": "Point", "coordinates": [ 93.33, 25.18 ] } },
{ "type": "Feature", "properties": { "landslide_id": "NER_00199", "source": "GSI", "source_id": "GSI_0199", "state": "Assam", "district": "Dima Hasao", "location": "Along Jenam river, Laisong area", "latitude": 25.18, "longitude": 93.3, "date": null, "landslide_type": "Slide", "cause": null, "source_page": 6, "confidence": "TABLE_EXTRACTED", "duplicate_group": "DUP_GROUP_083", "notes": "Extracted from table on page 6" }, "geometry": { "type": "Point", "coordinates": [ 93.3, 25.18 ] } },
{ "type": "Feature", "properties": { "landslide_id": "NER_00200", "source": "GSI", "source_id": "GSI_0200", "state": "Assam", "district": "Dima Hasao", "location": "Along Jenam river, Laisong area", "latitude": 25.18, "longitude": 93.3, "date": null, "landslide_type": "Slide", "cause": null, "source_page": 6, "confidence": "TABLE_EXTRACTED", "duplicate_group": "DUP_GROUP_083", "notes": "Extracted from table on page 6" }, "geometry": { "type": "Point", "coordinates": [ 93.3, 25.18 ] } },
{ "type": "Feature", "properties": { "landslide_id": "NER_00201", "source": "GSI", "source_id": "GSI_0201", "state": "Assam", "district": "Dima Hasao", "location": "Along Jenam river, Laisong area", "latitude": 25.18, "longitude": 93.3, "date": null, "landslide_type": "Slide", "cause": null, "source_page": 6, "confidence": "TABLE_EXTRACTED", "duplicate_group": "DUP_GROUP_084", "notes": "Extracted from table on page 6" }, "geometry": { "type": "Point", "coordinates": [ 93.3, 25.18 ] } },
{ "type": "Feature", "properties": { "landslide_id": "NER_00202", "source": "GSI", "source_id": "GSI_0202", "state": "Assam", "district": "Dima Hasao", "location": "Newngalsong village, Mahur", "latitude": 25.184528, "longitude": 93.125639, "date": null, "landslide_type": "Slide", "cause": null, "source_page": 6, "confidence": "TABLE_EXTRACTED", "duplicate_group": "DUP_GROUP_086", "notes": "Extracted from table on page 6" }, "geometry": { "type": "Point", "coordinates": [ 93.125639, 25.184528 ] } },
{ "type": "Feature", "properties": { "landslide_id": "NER_00203", "source": "GSI", "source_id": "GSI_0203", "state": "Assam", "district": "Dima Hasao", "location": "8.5 km from Mahur; NH-54", "latitude": 25.186, "longitude": 93.104, "date": null, "landslide_type": "Slide", "cause": null, "source_page": 6, "confidence": "TABLE_EXTRACTED", "duplicate_group": null, "notes": "Extracted from table on page 6" }, "geometry": { "type": "Point", "coordinates": [ 93.104, 25.186 ] } },
{ "type": "Feature", "properties": { "landslide_id": "NER_00204", "source": "GSI", "source_id": "GSI_0204", "state": "Assam", "district": "Dima Hasao", "location": "Heuwangaberam village, Mahur", "latitude": 25.18725, "longitude": 93.120556, "date": null, "landslide_type": "Slide", "cause": null, "source_page": 6, "confidence": "TABLE_EXTRACTED", "duplicate_group": "DUP_GROUP_087", "notes": "Extracted from table on page 6" }, "geometry": { "type": "Point", "coordinates": [ 93.120556, 25.18725 ] } },
{ "type": "Feature", "properties": { "landslide_id": "NER_00205", "source": "GSI", "source_id": "GSI_0205", "state": "Assam", "district": "Dima Hasao", "location": "South of Bara-wapu village on\nNH-54", "latitude": 25.188, "longitude": 93.066, "date": null, "landslide_type": "Slide", "cause": null, "source_page": 6, "confidence": "TABLE_EXTRACTED", "duplicate_group": null, "notes": "Extracted from table on page 6" }, "geometry": { "type": "Point", "coordinates": [ 93.066, 25.188 ] } },
{ "type": "Feature", "properties": { "landslide_id": "NER_00206", "source": "GSI", "source_id": "GSI_0206", "state": "Assam", "district": "Dima Hasao", "location": "Haflong – Gunjung road section,\nLower Haflong", "latitude": 25.188444, "longitude": 93.019667, "date": null, "landslide_type": "Slide", "cause": null, "source_page": 6, "confidence": "TABLE_EXTRACTED", "duplicate_group": "DUP_GROUP_088", "notes": "Extracted from table on page 6" }, "geometry": { "type": "Point", "coordinates": [ 93.019667, 25.188444 ] } },
{ "type": "Feature", "properties": { "landslide_id": "NER_00207", "source": "GSI", "source_id": "GSI_0207", "state": "Assam", "district": "Dima Hasao", "location": "Laisong road, Asalu.", "latitude": 25.189, "longitude": 93.192, "date": null, "landslide_type": "Slide", "cause": null, "source_page": 6, "confidence": "TABLE_EXTRACTED", "duplicate_group": null, "notes": "Extracted from table on page 6" }, "geometry": { "type": "Point", "coordinates": [ 93.192, 25.189 ] } },
{ "type": "Feature", "properties": { "landslide_id": "NER_00208", "source": "GSI", "source_id": "GSI_0208", "state": "Assam", "district": "Dima Hasao", "location": "Near Impoi village, Laisong road", "latitude": 25.189, "longitude": 93.226, "date": null, "landslide_type": "Slide", "cause": null, "source_page": 6, "confidence": "TABLE_EXTRACTED", "duplicate_group": null, "notes": "Extracted from table on page 6" }, "geometry": { "type": "Point", "coordinates": [ 93.226, 25.189 ] } },
{ "type": "Feature", "properties": { "landslide_id": "NER_00209", "source": "GSI", "source_id": "GSI_0209", "state": "Assam", "district": "Dima Hasao", "location": "Mahur railway station, Haflong", "latitude": 25.189556, "longitude": 93.096417, "date": null, "landslide_type": "Slide", "cause": null, "source_page": 6, "confidence": "TABLE_EXTRACTED", "duplicate_group": "DUP_GROUP_089", "notes": "Extracted from table on page 6" }, "geometry": { "type": "Point", "coordinates": [ 93.096417, 25.189556 ] } },
{ "type": "Feature", "properties": { "landslide_id": "NER_00210", "source": "GSI", "source_id": "GSI_0210", "state": "Assam", "district": "Dima Hasao", "location": "Asalu,SH", "latitude": 25.19, "longitude": 93.191, "date": null, "landslide_type": "Slide", "cause": null, "source_page": 6, "confidence": "TABLE_EXTRACTED", "duplicate_group": null, "notes": "Extracted from table on page 6" }, "geometry": { "type": "Point", "coordinates": [ 93.191, 25.19 ] } },
{ "type": "Feature", "properties": { "landslide_id": "NER_00211", "source": "GSI", "source_id": "GSI_0211", "state": "Assam", "district": "Dima Hasao", "location": "Along Jenam river, Laisong area", "latitude": 25.19, "longitude": 93.3, "date": null, "landslide_type": "Slide", "cause": null, "source_page": 6, "confidence": "TABLE_EXTRACTED", "duplicate_group": "DUP_GROUP_090", "notes": "Extracted from table on page 6" }, "geometry": { "type": "Point", "coordinates": [ 93.3, 25.19 ] } },
{ "type": "Feature", "properties": { "landslide_id": "NER_00212", "source": "GSI", "source_id": "GSI_0212", "state": "Assam", "district": "Dima Hasao", "location": "Along Jenam river, Laisong area", "latitude": 25.19, "longitude": 93.3, "date": null, "landslide_type": "Slide", "cause": null, "source_page": 6, "confidence": "TABLE_EXTRACTED", "duplicate_group": "DUP_GROUP_090", "notes": "Extracted from table on page 6" }, "geometry": { "type": "Point", "coordinates": [ 93.3, 25.19 ] } },
{ "type": "Feature", "properties": { "landslide_id": "NER_00213", "source": "GSI", "source_id": "GSI_0213", "state": "Assam", "district": "Dima Hasao", "location": "Along Jenam river, Laisong area", "latitude": 25.19, "longitude": 93.3, "date": null, "landslide_type": "Fall", "cause": null, "source_page": 6, "confidence": "TABLE_EXTRACTED", "duplicate_group": "DUP_GROUP_091", "notes": "Extracted from table on page 6" }, "geometry": { "type": "Point", "coordinates": [ 93.3, 25.19 ] } },
{ "type": "Feature", "properties": { "landslide_id": "NER_00214", "source": "GSI", "source_id": "GSI_0214", "state": "Assam", "district": "Dima Hasao", "location": "Asalu,NH-54", "latitude": 25.191, "longitude": 93.192, "date": null, "landslide_type": "Slide", "cause": null, "source_page": 6, "confidence": "TABLE_EXTRACTED", "duplicate_group": null, "notes": "Extracted from table on page 6" }, "geometry": { "type": "Point", "coordinates": [ 93.192, 25.191 ] } },
{ "type": "Feature", "properties": { "landslide_id": "NER_00215", "source": "GSI", "source_id": "GSI_0215", "state": "Assam", "district": "Dima Hasao", "location": "Heuwangaberam village, Mahur", "latitude": 25.193083, "longitude": 93.120417, "date": null, "landslide_type": "Slide", "cause": null, "source_page": 6, "confidence": "TABLE_EXTRACTED", "duplicate_group": "DUP_GROUP_093", "notes": "Extracted from table on page 6" }, "geometry": { "type": "Point", "coordinates": [ 93.120417, 25.193083 ] } },
{ "type": "Feature", "properties": { "landslide_id": "NER_00216", "source": "GSI", "source_id": "GSI_0216", "state": "Assam", "district": "Dima Hasao", "location": "-Haflong – Gunjung road section,\nLungkok village, Lower Haflong", "latitude": 25.196694, "longitude": 93.018583, "date": null, "landslide_type": "Slide", "cause": null, "source_page": 6, "confidence": "TABLE_EXTRACTED", "duplicate_group": "DUP_GROUP_094", "notes": "Extracted from table on page 6" }, "geometry": { "type": "Point", "coordinates": [ 93.018583, 25.196694 ] } },
{ "type": "Feature", "properties": { "landslide_id": "NER_00217", "source": "GSI", "source_id": "GSI_0217", "state": "Assam", "district": "Dima Hasao", "location": "Lower Haflong", "latitude": 25.199722, "longitude": 93.016722, "date": null, "landslide_type": "Slide", "cause": null, "source_page": 6, "confidence": "TABLE_EXTRACTED", "duplicate_group": "DUP_GROUP_095", "notes": "Extracted from table on page 6" }, "geometry": { "type": "Point", "coordinates": [ 93.016722, 25.199722 ] } },
{ "type": "Feature", "properties": { "landslide_id": "NER_00218", "source": "GSI", "source_id": "GSI_0218", "state": "Assam", "district": "Dima Hasao", "location": "Data collected from Mahur-\nToulpui road.", "latitude": 25.2, "longitude": 93.25, "date": null, "landslide_type": "Slide", "cause": null, "source_page": 7, "confidence": "TABLE_EXTRACTED", "duplicate_group": "DUP_GROUP_096", "notes": "Extracted from table on page 7" }, "geometry": { "type": "Point", "coordinates": [ 93.25, 25.2 ] } },
{ "type": "Feature", "properties": { "landslide_id": "NER_00219", "source": "GSI", "source_id": "GSI_0219", "state": "Assam", "district": "Dima Hasao", "location": "Mahur-Toulpui road.", "latitude": 25.2, "longitude": 93.25, "date": null, "landslide_type": "Slide", "cause": null, "source_page": 7, "confidence": "TABLE_EXTRACTED", "duplicate_group": "DUP_GROUP_096", "notes": "Extracted from table on page 7" }, "geometry": { "type": "Point", "coordinates": [ 93.25, 25.2 ] } },
{ "type": "Feature", "properties": { "landslide_id": "NER_00220", "source": "GSI", "source_id": "GSI_0220", "state": "Assam", "district": "Dima Hasao", "location": "Near Heuwangbram ,NH-54", "latitude": 25.201, "longitude": 93.122, "date": null, "landslide_type": "Slide", "cause": null, "source_page": 7, "confidence": "TABLE_EXTRACTED", "duplicate_group": null, "notes": "Extracted from table on page 7" }, "geometry": { "type": "Point", "coordinates": [ 93.122, 25.201 ] } },
{ "type": "Feature", "properties": { "landslide_id": "NER_00221", "source": "GSI", "source_id": "GSI_0221", "state": "Assam", "district": "Dima Hasao", "location": "Near Riao Village.", "latitude": 25.204, "longitude": 93.059, "date": null, "landslide_type": "Slide", "cause": null, "source_page": 7, "confidence": "TABLE_EXTRACTED", "duplicate_group": null, "notes": "Extracted from table on page 7" }, "geometry": { "type": "Point", "coordinates": [ 93.059, 25.204 ] } },
{ "type": "Feature", "properties": { "landslide_id": "NER_00222", "source": "GSI", "source_id": "GSI_0222", "state": "Assam", "district": "Dima Hasao", "location": "Phaiding, Haflong", "latitude": 25.204556, "longitude": 93.138889, "date": null, "landslide_type": "Slide", "cause": null, "source_page": 7, "confidence": "TABLE_EXTRACTED", "duplicate_group": null, "notes": "Extracted from table on page 7" }, "geometry": { "type": "Point", "coordinates": [ 93.138889, 25.204556 ] } },
{ "type": "Feature", "properties": { "landslide_id": "NER_00223", "source": "GSI", "source_id": "GSI_0223", "state": "Assam", "district": "Dima Hasao", "location": "Near Pangmol village", "latitude": 25.205, "longitude": 93.059, "date": null, "landslide_type": "Slide", "cause": null, "source_page": 7, "confidence": "TABLE_EXTRACTED", "duplicate_group": null, "notes": "Extracted from table on page 7" }, "geometry": { "type": "Point", "coordinates": [ 93.059, 25.205 ] } },
{ "type": "Feature", "properties": { "landslide_id": "NER_00224", "source": "GSI", "source_id": "GSI_0224", "state": "Assam", "district": "Dima Hasao", "location": "Near Riao village.", "latitude": 25.205, "longitude": 93.008, "date": null, "landslide_type": "Slide", "cause": null, "source_page": 7, "confidence": "TABLE_EXTRACTED", "duplicate_group": null, "notes": "Extracted from table on page 7" }, "geometry": { "type": "Point", "coordinates": [ 93.008, 25.205 ] } },
{ "type": "Feature", "properties": { "landslide_id": "NER_00225", "source": "GSI", "source_id": "GSI_0225", "state": "Assam", "district": "Dima Hasao", "location": "Near Gunjung village road\nsection", "latitude": 25.205528, "longitude": 93.020139, "date": null, "landslide_type": "Slide", "cause": null, "source_page": 7, "confidence": "TABLE_EXTRACTED", "duplicate_group": "DUP_GROUP_097", "notes": "Extracted from table on page 7" }, "geometry": { "type": "Point", "coordinates": [ 93.020139, 25.205528 ] } },
{ "type": "Feature", "properties": { "landslide_id": "NER_00226", "source": "GSI", "source_id": "GSI_0226", "state": "Assam", "district": "Dima Hasao", "location": "Semdikhar,NH-54", "latitude": 25.206, "longitude": 93.126, "date": null, "landslide_type": "Slide", "cause": null, "source_page": 7, "confidence": "TABLE_EXTRACTED", "duplicate_group": null, "notes": "Extracted from table on page 7" }, "geometry": { "type": "Point", "coordinates": [ 93.126, 25.206 ] } },
{ "type": "Feature", "properties": { "landslide_id": "NER_00227", "source": "GSI", "source_id": "GSI_0227", "state": "Assam", "district": "Dima Hasao", "location": "NH 54, Heuwangberam", "latitude": 25.207389, "longitude": 93.122778, "date": null, "landslide_type": "Subsidence", "cause": null, "source_page": 7, "confidence": "TABLE_EXTRACTED", "duplicate_group": "DUP_GROUP_098", "notes": "Extracted from table on page 7" }, "geometry": { "type": "Point", "coordinates": [ 93.122778, 25.207389 ] } },
{ "type": "Feature", "properties": { "landslide_id": "NER_00228", "source": "GSI", "source_id": "GSI_0228", "state": "Assam", "district": "Dima Hasao", "location": "Near Heuwangbram ,NH-54", "latitude": 25.208, "longitude": 93.121, "date": null, "landslide_type": "Slide", "cause": null, "source_page": 7, "confidence": "TABLE_EXTRACTED", "duplicate_group": null, "notes": "Extracted from table on page 7" }, "geometry": { "type": "Point", "coordinates": [ 93.121, 25.208 ] } },
{ "type": "Feature", "properties": { "landslide_id": "NER_00229", "source": "GSI", "source_id": "GSI_0229", "state": "Assam", "district": "Dima Hasao", "location": "Data collected from Mahur-\nToulpui road.", "latitude": 25.21, "longitude": 93.25, "date": null, "landslide_type": "Slide", "cause": null, "source_page": 7, "confidence": "TABLE_EXTRACTED", "duplicate_group": null, "notes": "Extracted from table on page 7" }, "geometry": { "type": "Point", "coordinates": [ 93.25, 25.21 ] } },
{ "type": "Feature", "properties": { "landslide_id": "NER_00230", "source": "GSI", "source_id": "GSI_0230", "state": "Assam", "district": "Dima Hasao", "location": "Laisong Bazar to Hejaichak road", "latitude": 25.21, "longitude": 93.31, "date": null, "landslide_type": "Slide", "cause": null, "source_page": 7, "confidence": "TABLE_EXTRACTED", "duplicate_group": "DUP_GROUP_099", "notes": "Extracted from table on page 7" }, "geometry": { "type": "Point", "coordinates": [ 93.31, 25.21 ] } },
{ "type": "Feature", "properties": { "landslide_id": "NER_00231", "source": "GSI", "source_id": "GSI_0231", "state": "Assam", "district": "Dima Hasao", "location": "Namna river, Laisong Bazar", "latitude": 25.21, "longitude": 93.31, "date": null, "landslide_type": "Slide", "cause": null, "source_page": 7, "confidence": "TABLE_EXTRACTED", "duplicate_group": "DUP_GROUP_099", "notes": "Extracted from table on page 7" }, "geometry": { "type": "Point", "coordinates": [ 93.31, 25.21 ] } },
{ "type": "Feature", "properties": { "landslide_id": "NER_00232", "source": "GSI", "source_id": "GSI_0232", "state": "Assam", "district": "Dima Hasao", "location": "Near Gunjung village road", "latitude": 25.214944, "longitude": 93.021611, "date": null, "landslide_type": "Slide", "cause": null, "source_page": 7, "confidence": "TABLE_EXTRACTED", "duplicate_group": "DUP_GROUP_100", "notes": "Extracted from table on page 7" }, "geometry": { "type": "Point", "coordinates": [ 93.021611, 25.214944 ] } },
{ "type": "Feature", "properties": { "landslide_id": "NER_00233", "source": "GSI", "source_id": "GSI_0233", "state": "Assam", "district": "Dima Hasao", "location": "MichiduiHaflong road", "latitude": 25.216881, "longitude": 92.982245, "date": null, "landslide_type": "Slide", "cause": null, "source_page": 7, "confidence": "TABLE_EXTRACTED", "duplicate_group": null, "notes": "Extracted from table on page 7" }, "geometry": { "type": "Point", "coordinates": [ 92.982245, 25.216881 ] } },
{ "type": "Feature", "properties": { "landslide_id": "NER_00234", "source": "GSI", "source_id": "GSI_0234", "state": "Assam", "district": "Dima Hasao", "location": "Haflong town, Dima Hasao", "latitude": 25.216944, "longitude": 93.011361, "date": null, "landslide_type": "Slide", "cause": null, "source_page": 7, "confidence": "TABLE_EXTRACTED", "duplicate_group": "DUP_GROUP_101", "notes": "Extracted from table on page 7" }, "geometry": { "type": "Point", "coordinates": [ 93.011361, 25.216944 ] } },
{ "type": "Feature", "properties": { "landslide_id": "NER_00235", "source": "GSI", "source_id": "GSI_0235", "state": "Assam", "district": "Dima Hasao", "location": "Near Gunjung village road\nsection", "latitude": 25.2185, "longitude": 93.013111, "date": null, "landslide_type": "Slide", "cause": null, "source_page": 7, "confidence": "TABLE_EXTRACTED", "duplicate_group": "DUP_GROUP_102", "notes": "Extracted from table on page 7" }, "geometry": { "type": "Point", "coordinates": [ 93.013111, 25.2185 ] } },
{ "type": "Feature", "properties": { "landslide_id": "NER_00236", "source": "GSI", "source_id": "GSI_0236", "state": "Assam", "district": "Dima Hasao", "location": "Laisong bazar to Chhota Laisong\nroad", "latitude": 25.22, "longitude": 93.29, "date": null, "landslide_type": "Slide", "cause": null, "source_page": 7, "confidence": "TABLE_EXTRACTED", "duplicate_group": "DUP_GROUP_103", "notes": "Extracted from table on page 7" }, "geometry": { "type": "Point", "coordinates": [ 93.29, 25.22 ] } },
{ "type": "Feature", "properties": { "landslide_id": "NER_00237", "source": "GSI", "source_id": "GSI_0237", "state": "Assam", "district": "Dima Hasao", "location": "Along Jenam river, Laisong area", "latitude": 25.22, "longitude": 93.29, "date": null, "landslide_type": "Slide", "cause": null, "source_page": 7, "confidence": "TABLE_EXTRACTED", "duplicate_group": "DUP_GROUP_103", "notes": "Extracted from table on page 7" }, "geometry": { "type": "Point", "coordinates": [ 93.29, 25.22 ] } },
{ "type": "Feature", "properties": { "landslide_id": "NER_00238", "source": "GSI", "source_id": "GSI_0238", "state": "Assam", "district": "Dima Hasao", "location": "Hejaichak to Hangrum road", "latitude": 25.22, "longitude": 93.34, "date": null, "landslide_type": "Slide", "cause": null, "source_page": 7, "confidence": "TABLE_EXTRACTED", "duplicate_group": "DUP_GROUP_106", "notes": "Extracted from table on page 7" }, "geometry": { "type": "Point", "coordinates": [ 93.34, 25.22 ] } },
{ "type": "Feature", "properties": { "landslide_id": "NER_00239", "source": "GSI", "source_id": "GSI_0239", "state": "Assam", "district": "Dima Hasao", "location": "Hejaichak to Hangrum road", "latitude": 25.22, "longitude": 93.34, "date": null, "landslide_type": "Slide", "cause": null, "source_page": 7, "confidence": "TABLE_EXTRACTED", "duplicate_group": "DUP_GROUP_106", "notes": "Extracted from table on page 7" }, "geometry": { "type": "Point", "coordinates": [ 93.34, 25.22 ] } },
{ "type": "Feature", "properties": { "landslide_id": "NER_00240", "source": "GSI", "source_id": "GSI_0240", "state": "Assam", "district": "Dima Hasao", "location": "Hejaichak to Hangrum road", "latitude": 25.22, "longitude": 93.35, "date": null, "landslide_type": "Slide", "cause": null, "source_page": 7, "confidence": "TABLE_EXTRACTED", "duplicate_group": null, "notes": "Extracted from table on page 7" }, "geometry": { "type": "Point", "coordinates": [ 93.35, 25.22 ] } },
{ "type": "Feature", "properties": { "landslide_id": "NER_00241", "source": "GSI", "source_id": "GSI_0241", "state": "Assam", "district": "Dima Hasao", "location": "Laisong Bazar to Hejaichak road", "latitude": 25.22, "longitude": 93.32, "date": null, "landslide_type": "Slide", "cause": null, "source_page": 7, "confidence": "TABLE_EXTRACTED", "duplicate_group": null, "notes": "Extracted from table on page 7" }, "geometry": { "type": "Point", "coordinates": [ 93.32, 25.22 ] } },
{ "type": "Feature", "properties": { "landslide_id": "NER_00242", "source": "GSI", "source_id": "GSI_0242", "state": "Assam", "district": "Dima Hasao", "location": "Laisong bazar to Chhota\nLaisong road", "latitude": 25.22, "longitude": 93.29, "date": null, "landslide_type": "Slide", "cause": null, "source_page": 7, "confidence": "TABLE_EXTRACTED", "duplicate_group": "DUP_GROUP_104", "notes": "Extracted from table on page 7" }, "geometry": { "type": "Point", "coordinates": [ 93.29, 25.22 ] } },
{ "type": "Feature", "properties": { "landslide_id": "NER_00243", "source": "GSI", "source_id": "GSI_0243", "state": "Assam", "district": "Dima Hasao", "location": "Near Phiding Railway Station.\nBetween Mahur and Phiding RS,\nNFR.", "latitude": 25.224278, "longitude": 93.222861, "date": null, "landslide_type": "Slide", "cause": null, "source_page": 7, "confidence": "TABLE_EXTRACTED", "duplicate_group": null, "notes": "Extracted from table on page 7" }, "geometry": { "type": "Point", "coordinates": [ 93.222861, 25.224278 ] } },
{ "type": "Feature", "properties": { "landslide_id": "NER_00244", "source": "GSI", "source_id": "GSI_0244", "state": "Assam", "district": "Dima Hasao", "location": null, "latitude": 25.229556, "longitude": 93.1556, "date": null, "landslide_type": "Slide", "cause": null, "source_page": 7, "confidence": "TABLE_EXTRACTED", "duplicate_group": null, "notes": "Extracted from table on page 7" }, "geometry": { "type": "Point", "coordinates": [ 93.1556, 25.229556 ] } },
{ "type": "Feature", "properties": { "landslide_id": "NER_00245", "source": "GSI", "source_id": "GSI_0245", "state": "Assam", "district": "Dima Hasao", "location": "Kipeilua village", "latitude": 25.23, "longitude": 93.34, "date": null, "landslide_type": "Slide", "cause": null, "source_page": 7, "confidence": "TABLE_EXTRACTED", "duplicate_group": null, "notes": "Extracted from table on page 7" }, "geometry": { "type": "Point", "coordinates": [ 93.34, 25.23 ] } },
{ "type": "Feature", "properties": { "landslide_id": "NER_00246", "source": "GSI", "source_id": "GSI_0246", "state": "Assam", "district": "Dima Hasao", "location": "Along Jenam river, Laisong area", "latitude": 25.23, "longitude": 93.29, "date": null, "landslide_type": "Slide", "cause": null, "source_page": 7, "confidence": "TABLE_EXTRACTED", "duplicate_group": null, "notes": "Extracted from table on page 7" }, "geometry": { "type": "Point", "coordinates": [ 93.29, 25.23 ] } },
{ "type": "Feature", "properties": { "landslide_id": "NER_00247", "source": "GSI", "source_id": "GSI_0247", "state": "Assam", "district": "Dima Hasao", "location": "Kalimkhu (MauldemNew\nSangbar road)", "latitude": 25.238045, "longitude": 92.801279, "date": null, "landslide_type": "Slide", "cause": null, "source_page": 7, "confidence": "TABLE_EXTRACTED", "duplicate_group": null, "notes": "Extracted from table on page 7" }, "geometry": { "type": "Point", "coordinates": [ 92.801279, 25.238045 ] } },
{ "type": "Feature", "properties": { "landslide_id": "NER_00248", "source": "GSI", "source_id": "GSI_0248", "state": "Assam", "district": "Dima Hasao", "location": "Laisong bazar to Chhota Laisong\nroad", "latitude": 25.24, "longitude": 93.28, "date": null, "landslide_type": "Slide", "cause": null, "source_page": 7, "confidence": "TABLE_EXTRACTED", "duplicate_group": null, "notes": "Extracted from table on page 7" }, "geometry": { "type": "Point", "coordinates": [ 93.28, 25.24 ] } },
{ "type": "Feature", "properties": { "landslide_id": "NER_00249", "source": "GSI", "source_id": "GSI_0249", "state": "Assam", "district": "Dima Hasao", "location": "Laisong bazar to Chhota Laisong\nroad", "latitude": 25.24, "longitude": 93.27, "date": null, "landslide_type": "Slide", "cause": null, "source_page": 7, "confidence": "TABLE_EXTRACTED", "duplicate_group": "DUP_GROUP_107", "notes": "Extracted from table on page 7" }, "geometry": { "type": "Point", "coordinates": [ 93.27, 25.24 ] } },
{ "type": "Feature", "properties": { "landslide_id": "NER_00250", "source": "GSI", "source_id": "GSI_0250", "state": "Assam", "district": "Dima Hasao", "location": "Chhota Laisong-Hegolo road", "latitude": 25.24, "longitude": 93.27, "date": null, "landslide_type": "Slide", "cause": null, "source_page": 7, "confidence": "TABLE_EXTRACTED", "duplicate_group": "DUP_GROUP_107", "notes": "Extracted from table on page 7" }, "geometry": { "type": "Point", "coordinates": [ 93.27, 25.24 ] } },
{ "type": "Feature", "properties": { "landslide_id": "NER_00251", "source": "GSI", "source_id": "GSI_0251", "state": "Assam", "district": "Dima Hasao", "location": "Near Heuwangbram ,NH-54", "latitude": 25.242, "longitude": 93.14, "date": null, "landslide_type": "Slide", "cause": null, "source_page": 7, "confidence": "TABLE_EXTRACTED", "duplicate_group": null, "notes": "Extracted from table on page 7" }, "geometry": { "type": "Point", "coordinates": [ 93.14, 25.242 ] } },
{ "type": "Feature", "properties": { "landslide_id": "NER_00252", "source": "GSI", "source_id": "GSI_0252", "state": "Assam", "district": "Dima Hasao", "location": "New Sangbar_ Kobak District\nRoad.", "latitude": 25.257696, "longitude": 92.809603, "date": null, "landslide_type": "Slide", "cause": null, "source_page": 8, "confidence": "TABLE_EXTRACTED", "duplicate_group": null, "notes": "Extracted from table on page 8" }, "geometry": { "type": "Point", "coordinates": [ 92.809603, 25.257696 ] } },
{ "type": "Feature", "properties": { "landslide_id": "NER_00253", "source": "GSI", "source_id": "GSI_0253", "state": "Assam", "district": "Dima Hasao", "location": "Thingje–Hereilo road section", "latitude": 25.263528, "longitude": 93.390611, "date": null, "landslide_type": "Slide", "cause": null, "source_page": 8, "confidence": "TABLE_EXTRACTED", "duplicate_group": null, "notes": "Extracted from table on page 8" }, "geometry": { "type": "Point", "coordinates": [ 93.390611, 25.263528 ] } },
{ "type": "Feature", "properties": { "landslide_id": "NER_00254", "source": "GSI", "source_id": "GSI_0254", "state": "Assam", "district": "Dima Hasao", "location": "Thingje–Hereilo road section", "latitude": 25.264056, "longitude": 93.409528, "date": null, "landslide_type": "Slide", "cause": null, "source_page": 8, "confidence": "TABLE_EXTRACTED", "duplicate_group": null, "notes": "Extracted from table on page 8" }, "geometry": { "type": "Point", "coordinates": [ 93.409528, 25.264056 ] } },
{ "type": "Feature", "properties": { "landslide_id": "NER_00255", "source": "GSI", "source_id": "GSI_0255", "state": "Assam", "district": "Dima Hasao", "location": "Guilong–Semkhor road section", "latitude": 25.278472, "longitude": 93.252972, "date": null, "landslide_type": "Slide", "cause": null, "source_page": 8, "confidence": "TABLE_EXTRACTED", "duplicate_group": "DUP_GROUP_108", "notes": "Extracted from table on page 8" }, "geometry": { "type": "Point", "coordinates": [ 93.252972, 25.278472 ] } },
{ "type": "Feature", "properties": { "landslide_id": "NER_00256", "source": "GSI", "source_id": "GSI_0256", "state": "Assam", "district": "Dima Hasao", "location": "Guilong–Semkhor road section", "latitude": 25.278917, "longitude": 93.253194, "date": null, "landslide_type": "Slide", "cause": null, "source_page": 8, "confidence": "TABLE_EXTRACTED", "duplicate_group": "DUP_GROUP_108", "notes": "Extracted from table on page 8" }, "geometry": { "type": "Point", "coordinates": [ 93.253194, 25.278917 ] } },
{ "type": "Feature", "properties": { "landslide_id": "NER_00257", "source": "GSI", "source_id": "GSI_0257", "state": "Assam", "district": "Dima Hasao", "location": "Guilong–Semkhor road section.", "latitude": 25.282861, "longitude": 93.296111, "date": null, "landslide_type": "Slide", "cause": null, "source_page": 8, "confidence": "TABLE_EXTRACTED", "duplicate_group": null, "notes": "Extracted from table on page 8" }, "geometry": { "type": "Point", "coordinates": [ 93.296111, 25.282861 ] } },
{ "type": "Feature", "properties": { "landslide_id": "NER_00258", "source": "GSI", "source_id": "GSI_0258", "state": "Assam", "district": "Dima Hasao", "location": "New Sangbar-Kobak Road", "latitude": 25.290089, "longitude": 92.799175, "date": null, "landslide_type": "Slide", "cause": null, "source_page": 8, "confidence": "TABLE_EXTRACTED", "duplicate_group": null, "notes": "Extracted from table on page 8" }, "geometry": { "type": "Point", "coordinates": [ 92.799175, 25.290089 ] } },
{ "type": "Feature", "properties": { "landslide_id": "NER_00259", "source": "GSI", "source_id": "GSI_0259", "state": "Assam", "district": "Dima Hasao", "location": "Nchen–Ngaulong road section.", "latitude": 25.308028, "longitude": 93.471028, "date": null, "landslide_type": "Slide", "cause": null, "source_page": 8, "confidence": "TABLE_EXTRACTED", "duplicate_group": null, "notes": "Extracted from table on page 8" }, "geometry": { "type": "Point", "coordinates": [ 93.471028, 25.308028 ] } },
{ "type": "Feature", "properties": { "landslide_id": "NER_00260", "source": "GSI", "source_id": "GSI_0260", "state": "Assam", "district": "Dima Hasao", "location": "Nchen–Ngaulong road section.", "latitude": 25.309111, "longitude": 93.470694, "date": null, "landslide_type": "Slide", "cause": null, "source_page": 8, "confidence": "TABLE_EXTRACTED", "duplicate_group": null, "notes": "Extracted from table on page 8" }, "geometry": { "type": "Point", "coordinates": [ 93.470694, 25.309111 ] } },
{ "type": "Feature", "properties": { "landslide_id": "NER_00261", "source": "GSI", "source_id": "GSI_0261", "state": "Assam", "district": "Dima Hasao", "location": "New Sangbar-Kobak road", "latitude": 25.320232, "longitude": 92.818091, "date": null, "landslide_type": "Slide", "cause": null, "source_page": 8, "confidence": "TABLE_EXTRACTED", "duplicate_group": null, "notes": "Extracted from table on page 8" }, "geometry": { "type": "Point", "coordinates": [ 92.818091, 25.320232 ] } },
{ "type": "Feature", "properties": { "landslide_id": "NER_00262", "source": "GSI", "source_id": "GSI_0262", "state": "Assam", "district": "Dima Hasao", "location": "New Sangbar-Kobak Road", "latitude": 25.323731, "longitude": 92.80751, "date": null, "landslide_type": "Slide", "cause": null, "source_page": 8, "confidence": "TABLE_EXTRACTED", "duplicate_group": null, "notes": "Extracted from table on page 8" }, "geometry": { "type": "Point", "coordinates": [ 92.80751, 25.323731 ] } },
{ "type": "Feature", "properties": { "landslide_id": "NER_00263", "source": "GSI", "source_id": "GSI_0263", "state": "Assam", "district": "Dima Hasao", "location": "Digarkaro–Phaipha road\nsection.", "latitude": 25.328139, "longitude": 93.334056, "date": null, "landslide_type": "Slide", "cause": null, "source_page": 8, "confidence": "TABLE_EXTRACTED", "duplicate_group": null, "notes": "Extracted from table on page 8" }, "geometry": { "type": "Point", "coordinates": [ 93.334056, 25.328139 ] } },
{ "type": "Feature", "properties": { "landslide_id": "NER_00264", "source": "GSI", "source_id": "GSI_0264", "state": "Assam", "district": "Dima Hasao", "location": "Digarkaro–Phaipha road\nsection.", "latitude": 25.332083, "longitude": 93.334639, "date": null, "landslide_type": "Slide", "cause": null, "source_page": 8, "confidence": "TABLE_EXTRACTED", "duplicate_group": null, "notes": "Extracted from table on page 8" }, "geometry": { "type": "Point", "coordinates": [ 93.334639, 25.332083 ] } },
{ "type": "Feature", "properties": { "landslide_id": "NER_00265", "source": "GSI", "source_id": "GSI_0265", "state": "Assam", "district": "Dima Hasao", "location": "Vaitongsip village", "latitude": 25.336054, "longitude": 92.82053, "date": null, "landslide_type": "Slide", "cause": null, "source_page": 8, "confidence": "TABLE_EXTRACTED", "duplicate_group": null, "notes": "Extracted from table on page 8" }, "geometry": { "type": "Point", "coordinates": [ 92.82053, 25.336054 ] } },
{ "type": "Feature", "properties": { "landslide_id": "NER_00266", "source": "GSI", "source_id": "GSI_0266", "state": "Assam", "district": "Dima Hasao", "location": "Nutan Hajong–Nablaidisa road\nsection", "latitude": 25.362583, "longitude": 93.257722, "date": null, "landslide_type": "Slide", "cause": null, "source_page": 8, "confidence": "TABLE_EXTRACTED", "duplicate_group": null, "notes": "Extracted from table on page 8" }, "geometry": { "type": "Point", "coordinates": [ 93.257722, 25.362583 ] } },
{ "type": "Feature", "properties": { "landslide_id": "NER_00267", "source": "GSI", "source_id": "GSI_0267", "state": "Assam", "district": "Dima Hasao", "location": "Nutan Hajong–Nablaidisa road\nsection.", "latitude": 25.369972, "longitude": 93.260306, "date": null, "landslide_type": "Slide", "cause": null, "source_page": 8, "confidence": "TABLE_EXTRACTED", "duplicate_group": null, "notes": "Extracted from table on page 8" }, "geometry": { "type": "Point", "coordinates": [ 93.260306, 25.369972 ] } },
{ "type": "Feature", "properties": { "landslide_id": "NER_00268", "source": "GSI", "source_id": "GSI_0268", "state": "Assam", "district": "Dima Hasao", "location": "North to Mupa", "latitude": 25.387, "longitude": 93.12, "date": null, "landslide_type": "Flow", "cause": null, "source_page": 8, "confidence": "TABLE_EXTRACTED", "duplicate_group": null, "notes": "Extracted from table on page 8" }, "geometry": { "type": "Point", "coordinates": [ 93.12, 25.387 ] } },
{ "type": "Feature", "properties": { "landslide_id": "NER_00269", "source": "GSI", "source_id": "GSI_0269", "state": "Assam", "district": "Dima Hasao", "location": "Approx. 500 m NW of\nMongjang.", "latitude": 25.394111, "longitude": 93.410417, "date": null, "landslide_type": "Slide", "cause": null, "source_page": 8, "confidence": "TABLE_EXTRACTED", "duplicate_group": null, "notes": "Extracted from table on page 8" }, "geometry": { "type": "Point", "coordinates": [ 93.410417, 25.394111 ] } },
{ "type": "Feature", "properties": { "landslide_id": "NER_00270", "source": "GSI", "source_id": "GSI_0270", "state": "Assam", "district": "Dima Hasao", "location": "South to Dehangi (Gunjang-\nHaflong road)", "latitude": 25.395431, "longitude": 92.990267, "date": null, "landslide_type": "Slide", "cause": null, "source_page": 8, "confidence": "TABLE_EXTRACTED", "duplicate_group": null, "notes": "Extracted from table on page 8" }, "geometry": { "type": "Point", "coordinates": [ 92.990267, 25.395431 ] } },
{ "type": "Feature", "properties": { "landslide_id": "NER_00271", "source": "GSI", "source_id": "GSI_0271", "state": "Assam", "district": "Dima Hasao", "location": "Nobdi Langting–Phath road\nsection", "latitude": 25.398083, "longitude": 93.297528, "date": null, "landslide_type": "Slide", "cause": null, "source_page": 8, "confidence": "TABLE_EXTRACTED", "duplicate_group": null, "notes": "Extracted from table on page 8" }, "geometry": { "type": "Point", "coordinates": [ 93.297528, 25.398083 ] } },
{ "type": "Feature", "properties": { "landslide_id": "NER_00272", "source": "GSI", "source_id": "GSI_0272", "state": "Assam", "district": "Dima Hasao", "location": "Kepre Tongikro Mongjang road\nsection.", "latitude": 25.402333, "longitude": 93.407583, "date": null, "landslide_type": "Slide", "cause": null, "source_page": 8, "confidence": "TABLE_EXTRACTED", "duplicate_group": null, "notes": "Extracted from table on page 8" }, "geometry": { "type": "Point", "coordinates": [ 93.407583, 25.402333 ] } },
{ "type": "Feature", "properties": { "landslide_id": "NER_00273", "source": "GSI", "source_id": "GSI_0273", "state": "Assam", "district": "Dima Hasao", "location": "Kepre Tongikro Mongjang road\nsection.", "latitude": 25.402472, "longitude": 93.390444, "date": null, "landslide_type": "Slide", "cause": null, "source_page": 8, "confidence": "TABLE_EXTRACTED", "duplicate_group": null, "notes": "Extracted from table on page 8" }, "geometry": { "type": "Point", "coordinates": [ 93.390444, 25.402472 ] } },
{ "type": "Feature", "properties": { "landslide_id": "NER_00274", "source": "GSI", "source_id": "GSI_0274", "state": "Assam", "district": "Dima Hasao", "location": "Kepre Tongikro Mongjang road\nsection.", "latitude": 25.4025, "longitude": 93.392194, "date": null, "landslide_type": "Slide", "cause": null, "source_page": 8, "confidence": "TABLE_EXTRACTED", "duplicate_group": null, "notes": "Extracted from table on page 8" }, "geometry": { "type": "Point", "coordinates": [ 93.392194, 25.4025 ] } },
{ "type": "Feature", "properties": { "landslide_id": "NER_00275", "source": "GSI", "source_id": "GSI_0275", "state": "Assam", "district": "Dima Hasao", "location": "Dedaodip,NH-54", "latitude": 25.404, "longitude": 93.132, "date": null, "landslide_type": "Slide", "cause": null, "source_page": 8, "confidence": "TABLE_EXTRACTED", "duplicate_group": null, "notes": "Extracted from table on page 8" }, "geometry": { "type": "Point", "coordinates": [ 93.132, 25.404 ] } },
{ "type": "Feature", "properties": { "landslide_id": "NER_00276", "source": "GSI", "source_id": "GSI_0276", "state": "Assam", "district": "Dima Hasao", "location": "Dedaodip,NH-54", "latitude": 25.405, "longitude": 93.133, "date": null, "landslide_type": "Slide", "cause": null, "source_page": 8, "confidence": "TABLE_EXTRACTED", "duplicate_group": null, "notes": "Extracted from table on page 8" }, "geometry": { "type": "Point", "coordinates": [ 93.133, 25.405 ] } },
{ "type": "Feature", "properties": { "landslide_id": "NER_00277", "source": "GSI", "source_id": "GSI_0277", "state": "Assam", "district": "Dima Hasao", "location": "Kepre Tongikro Mongjang road\nsection.", "latitude": 25.405, "longitude": 93.372194, "date": null, "landslide_type": "Slide", "cause": null, "source_page": 8, "confidence": "TABLE_EXTRACTED", "duplicate_group": null, "notes": "Extracted from table on page 8" }, "geometry": { "type": "Point", "coordinates": [ 93.372194, 25.405 ] } },
{ "type": "Feature", "properties": { "landslide_id": "NER_00278", "source": "GSI", "source_id": "GSI_0278", "state": "Assam", "district": "Dima Hasao", "location": "Umrangso_Dehangi Highway", "latitude": 25.40837, "longitude": 92.82826, "date": null, "landslide_type": "Slide", "cause": null, "source_page": 8, "confidence": "TABLE_EXTRACTED", "duplicate_group": null, "notes": "Extracted from table on page 8" }, "geometry": { "type": "Point", "coordinates": [ 92.82826, 25.40837 ] } },
{ "type": "Feature", "properties": { "landslide_id": "NER_00279", "source": "GSI", "source_id": "GSI_0279", "state": "Assam", "district": "Dima Hasao", "location": "Nablaidisa–Nobdi Langting road\nsection", "latitude": 25.408497, "longitude": 93.283436, "date": null, "landslide_type": "Slide", "cause": null, "source_page": 8, "confidence": "TABLE_EXTRACTED", "duplicate_group": null, "notes": "Extracted from table on page 8" }, "geometry": { "type": "Point", "coordinates": [ 93.283436, 25.408497 ] } },
{ "type": "Feature", "properties": { "landslide_id": "NER_00280", "source": "GSI", "source_id": "GSI_0280", "state": "Assam", "district": "Dima Hasao", "location": "Nablaidisa Nobdi Langting road\nsection.", "latitude": 25.410611, "longitude": 93.284, "date": null, "landslide_type": "Slide", "cause": null, "source_page": 8, "confidence": "TABLE_EXTRACTED", "duplicate_group": null, "notes": "Extracted from table on page 8" }, "geometry": { "type": "Point", "coordinates": [ 93.284, 25.410611 ] } },
{ "type": "Feature", "properties": { "landslide_id": "NER_00281", "source": "GSI", "source_id": "GSI_0281", "state": "Assam", "district": "Dima Hasao", "location": "Nobdi Langting–Darangbra road\nsection.", "latitude": 25.416056, "longitude": 93.284222, "date": null, "landslide_type": "Slide", "cause": null, "source_page": 8, "confidence": "TABLE_EXTRACTED", "duplicate_group": null, "notes": "Extracted from table on page 8" }, "geometry": { "type": "Point", "coordinates": [ 93.284222, 25.416056 ] } },
{ "type": "Feature", "properties": { "landslide_id": "NER_00282", "source": "GSI", "source_id": "GSI_0282", "state": "Assam", "district": "Dima Hasao", "location": "Near Sericulture, Dehangi-\nUmrangso road", "latitude": 25.41616, "longitude": 92.778653, "date": null, "landslide_type": "Slide", "cause": null, "source_page": 9, "confidence": "TABLE_EXTRACTED", "duplicate_group": null, "notes": "Extracted from table on page 9" }, "geometry": { "type": "Point", "coordinates": [ 92.778653, 25.41616 ] } },
{ "type": "Feature", "properties": { "landslide_id": "NER_00283", "source": "GSI", "source_id": "GSI_0283", "state": "Assam", "district": "Dima Hasao", "location": "NH 54, Mupa – Langting\nReserved Forest", "latitude": 25.417333, "longitude": 93.129083, "date": null, "landslide_type": "Slide", "cause": null, "source_page": 9, "confidence": "TABLE_EXTRACTED", "duplicate_group": "DUP_GROUP_109", "notes": "Extracted from table on page 9" }, "geometry": { "type": "Point", "coordinates": [ 93.129083, 25.417333 ] } },
{ "type": "Feature", "properties": { "landslide_id": "NER_00284", "source": "GSI", "source_id": "GSI_0284", "state": "Assam", "district": "Dima Hasao", "location": "Kepre Tongikro Mongjang road\nsection.", "latitude": 25.417528, "longitude": 93.372528, "date": null, "landslide_type": "Slide", "cause": null, "source_page": 9, "confidence": "TABLE_EXTRACTED", "duplicate_group": null, "notes": "Extracted from table on page 9" }, "geometry": { "type": "Point", "coordinates": [ 93.372528, 25.417528 ] } },
{ "type": "Feature", "properties": { "landslide_id": "NER_00285", "source": "GSI", "source_id": "GSI_0285", "state": "Assam", "district": "Dima Hasao", "location": "Near Dehangi village", "latitude": 25.42, "longitude": 93.002, "date": null, "landslide_type": "Slide", "cause": null, "source_page": 9, "confidence": "TABLE_EXTRACTED", "duplicate_group": null, "notes": "Extracted from table on page 9" }, "geometry": { "type": "Point", "coordinates": [ 93.002, 25.42 ] } },
{ "type": "Feature", "properties": { "landslide_id": "NER_00286", "source": "GSI", "source_id": "GSI_0286", "state": "Assam", "district": "Dima Hasao", "location": "Kepre Tongikro Mongjang road\nsection.", "latitude": 25.420278, "longitude": 93.371306, "date": null, "landslide_type": "Slide", "cause": null, "source_page": 9, "confidence": "TABLE_EXTRACTED", "duplicate_group": "DUP_GROUP_110", "notes": "Extracted from table on page 9" }, "geometry": { "type": "Point", "coordinates": [ 93.371306, 25.420278 ] } },
{ "type": "Feature", "properties": { "landslide_id": "NER_00287", "source": "GSI", "source_id": "GSI_0287", "state": "Assam", "district": "Dima Hasao", "location": "Kepre Tongikro Mongjang road\nsection.", "latitude": 25.420806, "longitude": 93.371056, "date": null, "landslide_type": "Fall", "cause": null, "source_page": 9, "confidence": "TABLE_EXTRACTED", "duplicate_group": "DUP_GROUP_110", "notes": "Extracted from table on page 9" }, "geometry": { "type": "Point", "coordinates": [ 93.371056, 25.420806 ] } },
{ "type": "Feature", "properties": { "landslide_id": "NER_00288", "source": "GSI", "source_id": "GSI_0288", "state": "Assam", "district": "Dima Hasao", "location": "Kepre Tongikro Mongjang road\nsection.", "latitude": 25.421333, "longitude": 93.370361, "date": null, "landslide_type": "Slide", "cause": null, "source_page": 9, "confidence": "TABLE_EXTRACTED", "duplicate_group": "DUP_GROUP_111", "notes": "Extracted from table on page 9" }, "geometry": { "type": "Point", "coordinates": [ 93.370361, 25.421333 ] } },
{ "type": "Feature", "properties": { "landslide_id": "NER_00289", "source": "GSI", "source_id": "GSI_0289", "state": "Assam", "district": "Dima Hasao", "location": "Near Dehangi village", "latitude": 25.422535, "longitude": 92.989119, "date": null, "landslide_type": "Slide", "cause": null, "source_page": 9, "confidence": "TABLE_EXTRACTED", "duplicate_group": null, "notes": "Extracted from table on page 9" }, "geometry": { "type": "Point", "coordinates": [ 92.989119, 25.422535 ] } },
{ "type": "Feature", "properties": { "landslide_id": "NER_00290", "source": "GSI", "source_id": "GSI_0290", "state": "Assam", "district": "Dima Hasao", "location": "Umrangso_Dehangi Highway", "latitude": 25.423438, "longitude": 92.985022, "date": null, "landslide_type": "Slide", "cause": null, "source_page": 9, "confidence": "TABLE_EXTRACTED", "duplicate_group": null, "notes": "Extracted from table on page 9" }, "geometry": { "type": "Point", "coordinates": [ 92.985022, 25.423438 ] } },
{ "type": "Feature", "properties": { "landslide_id": "NER_00291", "source": "GSI", "source_id": "GSI_0291", "state": "Assam", "district": "Dima Hasao", "location": "Kepre Tongikro Mongjang road\nsection.", "latitude": 25.423806, "longitude": 93.369722, "date": null, "landslide_type": "Slide", "cause": null, "source_page": 9, "confidence": "TABLE_EXTRACTED", "duplicate_group": "DUP_GROUP_112", "notes": "Extracted from table on page 9" }, "geometry": { "type": "Point", "coordinates": [ 93.369722, 25.423806 ] } },
{ "type": "Feature", "properties": { "landslide_id": "NER_00292", "source": "GSI", "source_id": "GSI_0292", "state": "Assam", "district": "Dima Hasao", "location": "Kepre Tongikro Mongjang road\nsection.", "latitude": 25.423861, "longitude": 93.369417, "date": null, "landslide_type": "Slide", "cause": null, "source_page": 9, "confidence": "TABLE_EXTRACTED", "duplicate_group": "DUP_GROUP_112", "notes": "Extracted from table on page 9" }, "geometry": { "type": "Point", "coordinates": [ 93.369417, 25.423861 ] } },
{ "type": "Feature", "properties": { "landslide_id": "NER_00293", "source": "GSI", "source_id": "GSI_0293", "state": "Assam", "district": "Dima Hasao", "location": "Near Dehangi village", "latitude": 25.424, "longitude": 93.0, "date": null, "landslide_type": "Slide", "cause": null, "source_page": 9, "confidence": "TABLE_EXTRACTED", "duplicate_group": null, "notes": "Extracted from table on page 9" }, "geometry": { "type": "Point", "coordinates": [ 93.0, 25.424 ] } },
{ "type": "Feature", "properties": { "landslide_id": "NER_00294", "source": "GSI", "source_id": "GSI_0294", "state": "Assam", "district": "Dima Hasao", "location": "Kepre Tongikro Mongjang road\nsection.", "latitude": 25.4255, "longitude": 93.363944, "date": null, "landslide_type": "Slide", "cause": null, "source_page": 9, "confidence": "TABLE_EXTRACTED", "duplicate_group": "DUP_GROUP_113", "notes": "Extracted from table on page 9" }, "geometry": { "type": "Point", "coordinates": [ 93.363944, 25.4255 ] } },
{ "type": "Feature", "properties": { "landslide_id": "NER_00295", "source": "GSI", "source_id": "GSI_0295", "state": "Assam", "district": "Dima Hasao", "location": "Kepre Tongikro Mongjang road\nsection.", "latitude": 25.425611, "longitude": 93.364444, "date": null, "landslide_type": "Slide", "cause": null, "source_page": 9, "confidence": "TABLE_EXTRACTED", "duplicate_group": "DUP_GROUP_113", "notes": "Extracted from table on page 9" }, "geometry": { "type": "Point", "coordinates": [ 93.364444, 25.425611 ] } },
{ "type": "Feature", "properties": { "landslide_id": "NER_00296", "source": "GSI", "source_id": "GSI_0296", "state": "Assam", "district": "Dima Hasao", "location": "Darangibra–Kepre road section.", "latitude": 25.428597, "longitude": 93.312597, "date": null, "landslide_type": "Slide", "cause": null, "source_page": 9, "confidence": "TABLE_EXTRACTED", "duplicate_group": null, "notes": "Extracted from table on page 9" }, "geometry": { "type": "Point", "coordinates": [ 93.312597, 25.428597 ] } },
{ "type": "Feature", "properties": { "landslide_id": "NER_00297", "source": "GSI", "source_id": "GSI_0297", "state": "Assam", "district": "Dima Hasao", "location": "Approx. 3.5 km NE of\nDarangibra.", "latitude": 25.433903, "longitude": 93.328944, "date": null, "landslide_type": "Slide", "cause": null, "source_page": 9, "confidence": "TABLE_EXTRACTED", "duplicate_group": null, "notes": "Extracted from table on page 9" }, "geometry": { "type": "Point", "coordinates": [ 93.328944, 25.433903 ] } },
{ "type": "Feature", "properties": { "landslide_id": "NER_00298", "source": "GSI", "source_id": "GSI_0298", "state": "Assam", "district": "Dima Hasao", "location": "Near Baigaon village", "latitude": 25.434031, "longitude": 92.885056, "date": null, "landslide_type": "Slide", "cause": null, "source_page": 9, "confidence": "TABLE_EXTRACTED", "duplicate_group": null, "notes": "Extracted from table on page 9" }, "geometry": { "type": "Point", "coordinates": [ 92.885056, 25.434031 ] } },
{ "type": "Feature", "properties": { "landslide_id": "NER_00299", "source": "GSI", "source_id": "GSI_0299", "state": "Assam", "district": "Dima Hasao", "location": "Approx. 500 m south of Sengya\nSambhudhan school", "latitude": 25.435639, "longitude": 93.405944, "date": null, "landslide_type": "Slide", "cause": null, "source_page": 9, "confidence": "TABLE_EXTRACTED", "duplicate_group": null, "notes": "Extracted from table on page 9" }, "geometry": { "type": "Point", "coordinates": [ 93.405944, 25.435639 ] } },
{ "type": "Feature", "properties": { "landslide_id": "NER_00300", "source": "GSI", "source_id": "GSI_0300", "state": "Assam", "district": "Dima Hasao", "location": "New Nkio–Phaikulum road\nsection.", "latitude": 25.435917, "longitude": 93.455944, "date": null, "landslide_type": "Slide", "cause": null, "source_page": 9, "confidence": "TABLE_EXTRACTED", "duplicate_group": null, "notes": "Extracted from table on page 9" }, "geometry": { "type": "Point", "coordinates": [ 93.455944, 25.435917 ] } },
{ "type": "Feature", "properties": { "landslide_id": "NER_00301", "source": "GSI", "source_id": "GSI_0301", "state": "Assam", "district": "Dima Hasao", "location": "Near Daoblibdisa market", "latitude": 25.4365, "longitude": 93.402333, "date": null, "landslide_type": "Slide", "cause": null, "source_page": 9, "confidence": "TABLE_EXTRACTED", "duplicate_group": "DUP_GROUP_114", "notes": "Extracted from table on page 9" }, "geometry": { "type": "Point", "coordinates": [ 93.402333, 25.4365 ] } },
{ "type": "Feature", "properties": { "landslide_id": "NER_00302", "source": "GSI", "source_id": "GSI_0302", "state": "Assam", "district": "Dima Hasao", "location": "Approx. 500 m south of Sengya\nSambhudhan school", "latitude": 25.436528, "longitude": 93.4065, "date": null, "landslide_type": "Slide", "cause": null, "source_page": 9, "confidence": "TABLE_EXTRACTED", "duplicate_group": "DUP_GROUP_115", "notes": "Extracted from table on page 9" }, "geometry": { "type": "Point", "coordinates": [ 93.4065, 25.436528 ] } },
{ "type": "Feature", "properties": { "landslide_id": "NER_00303", "source": "GSI", "source_id": "GSI_0303", "state": "Assam", "district": "Dima Hasao", "location": "Approx. 500 m south of sengya\nSambhudhan school", "latitude": 25.436639, "longitude": 93.405917, "date": null, "landslide_type": "Slide", "cause": null, "source_page": 9, "confidence": "TABLE_EXTRACTED", "duplicate_group": "DUP_GROUP_115", "notes": "Extracted from table on page 9" }, "geometry": { "type": "Point", "coordinates": [ 93.405917, 25.436639 ] } },
{ "type": "Feature", "properties": { "landslide_id": "NER_00304", "source": "GSI", "source_id": "GSI_0304", "state": "Assam", "district": "Dima Hasao", "location": "Near Daoblibdisa market", "latitude": 25.436694, "longitude": 93.402944, "date": null, "landslide_type": "Slide", "cause": null, "source_page": 9, "confidence": "TABLE_EXTRACTED", "duplicate_group": "DUP_GROUP_114", "notes": "Extracted from table on page 9" }, "geometry": { "type": "Point", "coordinates": [ 93.402944, 25.436694 ] } },
{ "type": "Feature", "properties": { "landslide_id": "NER_00305", "source": "GSI", "source_id": "GSI_0305", "state": "Assam", "district": "Dima Hasao", "location": "Near Daoblibdisa market", "latitude": 25.436861, "longitude": 93.404583, "date": null, "landslide_type": "Slide", "cause": null, "source_page": 9, "confidence": "TABLE_EXTRACTED", "duplicate_group": "DUP_GROUP_117", "notes": "Extracted from table on page 9" }, "geometry": { "type": "Point", "coordinates": [ 93.404583, 25.436861 ] } },
{ "type": "Feature", "properties": { "landslide_id": "NER_00306", "source": "GSI", "source_id": "GSI_0306", "state": "Assam", "district": "Dima Hasao", "location": "New Nkio–Phaikulum road\nsection.", "latitude": 25.436972, "longitude": 93.454111, "date": null, "landslide_type": "Slide", "cause": null, "source_page": 9, "confidence": "TABLE_EXTRACTED", "duplicate_group": null, "notes": "Extracted from table on page 9" }, "geometry": { "type": "Point", "coordinates": [ 93.454111, 25.436972 ] } },
{ "type": "Feature", "properties": { "landslide_id": "NER_00307", "source": "GSI", "source_id": "GSI_0307", "state": "Assam", "district": "Dima Hasao", "location": "Near Daoblibdisa market", "latitude": 25.437111, "longitude": 93.403639, "date": null, "landslide_type": "Slide", "cause": null, "source_page": 9, "confidence": "TABLE_EXTRACTED", "duplicate_group": "DUP_GROUP_116", "notes": "Extracted from table on page 9" }, "geometry": { "type": "Point", "coordinates": [ 93.403639, 25.437111 ] } },
{ "type": "Feature", "properties": { "landslide_id": "NER_00308", "source": "GSI", "source_id": "GSI_0308", "state": "Assam", "district": "Dima Hasao", "location": "Near Daoblibdisa market", "latitude": 25.4375, "longitude": 93.404444, "date": null, "landslide_type": "Slide", "cause": null, "source_page": 9, "confidence": "TABLE_EXTRACTED", "duplicate_group": "DUP_GROUP_118", "notes": "Extracted from table on page 9" }, "geometry": { "type": "Point", "coordinates": [ 93.404444, 25.4375 ] } },
{ "type": "Feature", "properties": { "landslide_id": "NER_00309", "source": "GSI", "source_id": "GSI_0309", "state": "Assam", "district": "Dima Hasao", "location": "Greenwood school compound,\nKhepre.", "latitude": 25.437722, "longitude": 93.349889, "date": null, "landslide_type": "Slide", "cause": null, "source_page": 9, "confidence": "TABLE_EXTRACTED", "duplicate_group": null, "notes": "Extracted from table on page 9" }, "geometry": { "type": "Point", "coordinates": [ 93.349889, 25.437722 ] } },
{ "type": "Feature", "properties": { "landslide_id": "NER_00310", "source": "GSI", "source_id": "GSI_0310", "state": "Assam", "district": "Dima Hasao", "location": "Kepre Tongikro Mongjang road\nsection.", "latitude": 25.438694, "longitude": 93.362583, "date": null, "landslide_type": "Slide", "cause": null, "source_page": 9, "confidence": "TABLE_EXTRACTED", "duplicate_group": null, "notes": "Extracted from table on page 9" }, "geometry": { "type": "Point", "coordinates": [ 93.362583, 25.438694 ] } },
{ "type": "Feature", "properties": { "landslide_id": "NER_00311", "source": "GSI", "source_id": "GSI_0311", "state": "Assam", "district": "Dima Hasao", "location": "Near Amardisa village", "latitude": 25.438723, "longitude": 92.912025, "date": null, "landslide_type": "Slide", "cause": null, "source_page": 9, "confidence": "TABLE_EXTRACTED", "duplicate_group": null, "notes": "Extracted from table on page 9" }, "geometry": { "type": "Point", "coordinates": [ 92.912025, 25.438723 ] } },
{ "type": "Feature", "properties": { "landslide_id": "NER_00312", "source": "GSI", "source_id": "GSI_0312", "state": "Assam", "district": "Dima Hasao", "location": "Darangibra–Kepre road section.", "latitude": 25.439372, "longitude": 93.354197, "date": null, "landslide_type": "Slide", "cause": null, "source_page": 9, "confidence": "TABLE_EXTRACTED", "duplicate_group": null, "notes": "Extracted from table on page 9" }, "geometry": { "type": "Point", "coordinates": [ 93.354197, 25.439372 ] } },
{ "type": "Feature", "properties": { "landslide_id": "NER_00313", "source": "GSI", "source_id": "GSI_0313", "state": "Assam", "district": "Dima Hasao", "location": "Near Amrudisa village", "latitude": 25.441734, "longitude": 92.892033, "date": null, "landslide_type": "Slide", "cause": null, "source_page": 9, "confidence": "TABLE_EXTRACTED", "duplicate_group": null, "notes": "Extracted from table on page 9" }, "geometry": { "type": "Point", "coordinates": [ 92.892033, 25.441734 ] } },
{ "type": "Feature", "properties": { "landslide_id": "NER_00314", "source": "GSI", "source_id": "GSI_0314", "state": "Assam", "district": "Dima Hasao", "location": "Near Amrudisa village", "latitude": 25.441757, "longitude": 92.907383, "date": null, "landslide_type": "Slide", "cause": null, "source_page": 10, "confidence": "TABLE_EXTRACTED", "duplicate_group": null, "notes": "Extracted from table on page 10" }, "geometry": { "type": "Point", "coordinates": [ 92.907383, 25.441757 ] } },
{ "type": "Feature", "properties": { "landslide_id": "NER_00315", "source": "GSI", "source_id": "GSI_0315", "state": "Assam", "district": "Dima Hasao", "location": "Dalmia cement plant, 16 kilo.", "latitude": 25.443082, "longitude": 92.989873, "date": null, "landslide_type": "Slide", "cause": null, "source_page": 10, "confidence": "TABLE_EXTRACTED", "duplicate_group": null, "notes": "Extracted from table on page 10" }, "geometry": { "type": "Point", "coordinates": [ 92.989873, 25.443082 ] } },
{ "type": "Feature", "properties": { "landslide_id": "NER_00316", "source": "GSI", "source_id": "GSI_0316", "state": "Assam", "district": "Dima Hasao", "location": "Nkio–Prasadimdik road section.", "latitude": 25.443417, "longitude": 93.421444, "date": null, "landslide_type": "Slide", "cause": null, "source_page": 10, "confidence": "TABLE_EXTRACTED", "duplicate_group": null, "notes": "Extracted from table on page 10" }, "geometry": { "type": "Point", "coordinates": [ 93.421444, 25.443417 ] } },
{ "type": "Feature", "properties": { "landslide_id": "NER_00317", "source": "GSI", "source_id": "GSI_0317", "state": "Assam", "district": "Dima Hasao", "location": "NkioPrasadimdik road section", "latitude": 25.443639, "longitude": 93.431444, "date": null, "landslide_type": "Slide", "cause": null, "source_page": 10, "confidence": "TABLE_EXTRACTED", "duplicate_group": null, "notes": "Extracted from table on page 10" }, "geometry": { "type": "Point", "coordinates": [ 93.431444, 25.443639 ] } },
{ "type": "Feature", "properties": { "landslide_id": "NER_00318", "source": "GSI", "source_id": "GSI_0318", "state": "Assam", "district": "Dima Hasao", "location": "Nkio–Prasadimdik road section.", "latitude": 25.443861, "longitude": 93.426222, "date": null, "landslide_type": "Slide", "cause": null, "source_page": 10, "confidence": "TABLE_EXTRACTED", "duplicate_group": "DUP_GROUP_120", "notes": "Extracted from table on page 10" }, "geometry": { "type": "Point", "coordinates": [ 93.426222, 25.443861 ] } },
{ "type": "Feature", "properties": { "landslide_id": "NER_00319", "source": "GSI", "source_id": "GSI_0319", "state": "Assam", "district": "Dima Hasao", "location": "Nkio–Prasadimdik road section.", "latitude": 25.443972, "longitude": 93.422778, "date": null, "landslide_type": "Slide", "cause": null, "source_page": 10, "confidence": "TABLE_EXTRACTED", "duplicate_group": null, "notes": "Extracted from table on page 10" }, "geometry": { "type": "Point", "coordinates": [ 93.422778, 25.443972 ] } },
{ "type": "Feature", "properties": { "landslide_id": "NER_00320", "source": "GSI", "source_id": "GSI_0320", "state": "Assam", "district": "Dima Hasao", "location": "Nkio–Prasadimdik road section.", "latitude": 25.444028, "longitude": 93.4265, "date": null, "landslide_type": "Slide", "cause": null, "source_page": 10, "confidence": "TABLE_EXTRACTED", "duplicate_group": "DUP_GROUP_120", "notes": "Extracted from table on page 10" }, "geometry": { "type": "Point", "coordinates": [ 93.4265, 25.444028 ] } },
{ "type": "Feature", "properties": { "landslide_id": "NER_00321", "source": "GSI", "source_id": "GSI_0321", "state": "Assam", "district": "Dima Hasao", "location": "Nkio–Prasadimdik road section.", "latitude": 25.444167, "longitude": 93.425528, "date": null, "landslide_type": "Slide", "cause": null, "source_page": 10, "confidence": "TABLE_EXTRACTED", "duplicate_group": "DUP_GROUP_121", "notes": "Extracted from table on page 10" }, "geometry": { "type": "Point", "coordinates": [ 93.425528, 25.444167 ] } },
{ "type": "Feature", "properties": { "landslide_id": "NER_00322", "source": "GSI", "source_id": "GSI_0322", "state": "Assam", "district": "Dima Hasao", "location": "Nkio Prasadimdik road section.", "latitude": 25.444194, "longitude": 93.424694, "date": null, "landslide_type": "Slide", "cause": null, "source_page": 10, "confidence": "TABLE_EXTRACTED", "duplicate_group": "DUP_GROUP_123", "notes": "Extracted from table on page 10" }, "geometry": { "type": "Point", "coordinates": [ 93.424694, 25.444194 ] } },
{ "type": "Feature", "properties": { "landslide_id": "NER_00323", "source": "GSI", "source_id": "GSI_0323", "state": "Assam", "district": "Dima Hasao", "location": "Nkio–Prasadimdik road section.", "latitude": 25.444306, "longitude": 93.423944, "date": null, "landslide_type": "Slide", "cause": null, "source_page": 10, "confidence": "TABLE_EXTRACTED", "duplicate_group": "DUP_GROUP_124", "notes": "Extracted from table on page 10" }, "geometry": { "type": "Point", "coordinates": [ 93.423944, 25.444306 ] } },
{ "type": "Feature", "properties": { "landslide_id": "NER_00324", "source": "GSI", "source_id": "GSI_0324", "state": "Assam", "district": "Dima Hasao", "location": "Kepre–Koladisa–Prasadimdik\nroad section", "latitude": 25.446056, "longitude": 93.408583, "date": null, "landslide_type": "Slide", "cause": null, "source_page": 10, "confidence": "TABLE_EXTRACTED", "duplicate_group": null, "notes": "Extracted from table on page 10" }, "geometry": { "type": "Point", "coordinates": [ 93.408583, 25.446056 ] } },
{ "type": "Feature", "properties": { "landslide_id": "NER_00325", "source": "GSI", "source_id": "GSI_0325", "state": "Assam", "district": "Dima Hasao", "location": "Kepre–Koladisa Prasadimdik\nroad section", "latitude": 25.447528, "longitude": 93.364417, "date": null, "landslide_type": "Slide", "cause": null, "source_page": 10, "confidence": "TABLE_EXTRACTED", "duplicate_group": null, "notes": "Extracted from table on page 10" }, "geometry": { "type": "Point", "coordinates": [ 93.364417, 25.447528 ] } },
{ "type": "Feature", "properties": { "landslide_id": "NER_00326", "source": "GSI", "source_id": "GSI_0326", "state": "Assam", "district": "Dima Hasao", "location": "Kepre–Koladisa–Prasadimdik\nroad section", "latitude": 25.449056, "longitude": 93.370861, "date": null, "landslide_type": "Slide", "cause": null, "source_page": 10, "confidence": "TABLE_EXTRACTED", "duplicate_group": null, "notes": "Extracted from table on page 10" }, "geometry": { "type": "Point", "coordinates": [ 93.370861, 25.449056 ] } },
{ "type": "Feature", "properties": { "landslide_id": "NER_00327", "source": "GSI", "source_id": "GSI_0327", "state": "Assam", "district": "Dima Hasao", "location": "Kepre–Koladisa–Prasadimdik\nroad section", "latitude": 25.452278, "longitude": 93.394333, "date": null, "landslide_type": "Slide", "cause": null, "source_page": 10, "confidence": "TABLE_EXTRACTED", "duplicate_group": null, "notes": "Extracted from table on page 10" }, "geometry": { "type": "Point", "coordinates": [ 93.394333, 25.452278 ] } },
{ "type": "Feature", "properties": { "landslide_id": "NER_00328", "source": "GSI", "source_id": "GSI_0328", "state": "Assam", "district": "Dima Hasao", "location": "Kepre–Koladisa–Prasadimdik\nroad section", "latitude": 25.453167, "longitude": 93.394667, "date": null, "landslide_type": "Slide", "cause": null, "source_page": 10, "confidence": "TABLE_EXTRACTED", "duplicate_group": null, "notes": "Extracted from table on page 10" }, "geometry": { "type": "Point", "coordinates": [ 93.394667, 25.453167 ] } },
{ "type": "Feature", "properties": { "landslide_id": "NER_00329", "source": "GSI", "source_id": "GSI_0329", "state": "Assam", "district": "Dima Hasao", "location": "Kepre–Koladisa–Prasadimdik\nroad section", "latitude": 25.453528, "longitude": 93.371194, "date": null, "landslide_type": "Slide", "cause": null, "source_page": 10, "confidence": "TABLE_EXTRACTED", "duplicate_group": "DUP_GROUP_125", "notes": "Extracted from table on page 10" }, "geometry": { "type": "Point", "coordinates": [ 93.371194, 25.453528 ] } },
{ "type": "Feature", "properties": { "landslide_id": "NER_00330", "source": "GSI", "source_id": "GSI_0330", "state": "Assam", "district": "Dima Hasao", "location": "Kepre–Koladisa–Prasadimdik\nroad section", "latitude": 25.453611, "longitude": 93.371389, "date": null, "landslide_type": "Slide", "cause": null, "source_page": 10, "confidence": "TABLE_EXTRACTED", "duplicate_group": "DUP_GROUP_125", "notes": "Extracted from table on page 10" }, "geometry": { "type": "Point", "coordinates": [ 93.371389, 25.453611 ] } },
{ "type": "Feature", "properties": { "landslide_id": "NER_00331", "source": "GSI", "source_id": "GSI_0331", "state": "Assam", "district": "Dima Hasao", "location": "Kepre–Koladisa–Prasadimdik\nroad section", "latitude": 25.454083, "longitude": 93.375972, "date": null, "landslide_type": "Slide", "cause": null, "source_page": 10, "confidence": "TABLE_EXTRACTED", "duplicate_group": null, "notes": "Extracted from table on page 10" }, "geometry": { "type": "Point", "coordinates": [ 93.375972, 25.454083 ] } },
{ "type": "Feature", "properties": { "landslide_id": "NER_00332", "source": "GSI", "source_id": "GSI_0332", "state": "Assam", "district": "Dima Hasao", "location": "Kepre–Koladisa–Prasadimdik\nroad section", "latitude": 25.455333, "longitude": 93.374472, "date": null, "landslide_type": "Slide", "cause": null, "source_page": 10, "confidence": "TABLE_EXTRACTED", "duplicate_group": null, "notes": "Extracted from table on page 10" }, "geometry": { "type": "Point", "coordinates": [ 93.374472, 25.455333 ] } },
{ "type": "Feature", "properties": { "landslide_id": "NER_00333", "source": "GSI", "source_id": "GSI_0333", "state": "Assam", "district": "Dima Hasao", "location": "Kepre–Koladisa–Prasadimdik\nroad section", "latitude": 25.462361, "longitude": 93.384306, "date": null, "landslide_type": "Slide", "cause": null, "source_page": 10, "confidence": "TABLE_EXTRACTED", "duplicate_group": null, "notes": "Extracted from table on page 10" }, "geometry": { "type": "Point", "coordinates": [ 93.384306, 25.462361 ] } },
{ "type": "Feature", "properties": { "landslide_id": "NER_00334", "source": "GSI", "source_id": "GSI_0334", "state": "Assam", "district": "Dima Hasao", "location": "NH 54, near Langting, Dima\nHasao (NC Hills)", "latitude": 25.50669, "longitude": 93.10536, "date": null, "landslide_type": "Slide", "cause": null, "source_page": 10, "confidence": "TABLE_EXTRACTED", "duplicate_group": null, "notes": "Extracted from table on page 10" }, "geometry": { "type": "Point", "coordinates": [ 93.10536, 25.50669 ] } },
{ "type": "Feature", "properties": { "landslide_id": "NER_00335", "source": "GSI", "source_id": "GSI_0335", "state": "Assam", "district": "Dima Hasao", "location": "Near Limestone Quarry of\nDalmia cement plant", "latitude": 25.513567, "longitude": 92.784825, "date": null, "landslide_type": "Subsidence", "cause": null, "source_page": 10, "confidence": "TABLE_EXTRACTED", "duplicate_group": null, "notes": "Extracted from table on page 10" }, "geometry": { "type": "Point", "coordinates": [ 92.784825, 25.513567 ] } },
{ "type": "Feature", "properties": { "landslide_id": "NER_00336", "source": "GSI", "source_id": "GSI_0336", "state": "Assam", "district": "Dima Hasao", "location": "Dalmia cement plant, 16 kilo.", "latitude": 25.51402, "longitude": 92.765435, "date": null, "landslide_type": "Slide", "cause": null, "source_page": 10, "confidence": "TABLE_EXTRACTED", "duplicate_group": null, "notes": "Extracted from table on page 10" }, "geometry": { "type": "Point", "coordinates": [ 92.765435, 25.51402 ] } },
{ "type": "Feature", "properties": { "landslide_id": "NER_00337", "source": "GSI", "source_id": "GSI_0337", "state": "Assam", "district": "Dima Hasao", "location": "Kopili road", "latitude": 25.569, "longitude": 92.71653, "date": null, "landslide_type": "Slide", "cause": null, "source_page": 10, "confidence": "TABLE_EXTRACTED", "duplicate_group": null, "notes": "Extracted from table on page 10" }, "geometry": { "type": "Point", "coordinates": [ 92.71653, 25.569 ] } },
{ "type": "Feature", "properties": { "landslide_id": "NER_00338", "source": "GSI", "source_id": "GSI_0338", "state": "Assam", "district": "Dima Hasao", "location": "Kopili road", "latitude": 25.57994, "longitude": 92.72822, "date": null, "landslide_type": "Slide", "cause": null, "source_page": 10, "confidence": "TABLE_EXTRACTED", "duplicate_group": null, "notes": "Extracted from table on page 10" }, "geometry": { "type": "Point", "coordinates": [ 92.72822, 25.57994 ] } },
{ "type": "Feature", "properties": { "landslide_id": "NER_00339", "source": "GSI", "source_id": "GSI_0339", "state": "Assam", "district": "Dima Hasao", "location": "NH 54, about 1.5 km West of\nPurana Dibolong", "latitude": 25.61092, "longitude": 93.09178, "date": null, "landslide_type": "Slide", "cause": null, "source_page": 10, "confidence": "TABLE_EXTRACTED", "duplicate_group": null, "notes": "Extracted from table on page 10" }, "geometry": { "type": "Point", "coordinates": [ 93.09178, 25.61092 ] } },
{ "type": "Feature", "properties": { "landslide_id": "NER_00340", "source": "GSI", "source_id": "GSI_0340", "state": "Assam", "district": "Dima Hasao", "location": "NH 54, 3 km North of Hatikhali", "latitude": 25.64897, "longitude": 93.12083, "date": null, "landslide_type": "Slide", "cause": null, "source_page": 10, "confidence": "TABLE_EXTRACTED", "duplicate_group": "DUP_GROUP_126", "notes": "Extracted from table on page 10" }, "geometry": { "type": "Point", "coordinates": [ 93.12083, 25.64897 ] } },
{ "type": "Feature", "properties": { "landslide_id": "NER_00341", "source": "GSI", "source_id": "GSI_0341", "state": "Assam", "district": "Dima Hasao", "location": "NH 54, about 2.5 km SEof\nLanglao Disa (NC Hills)", "latitude": 25.65167, "longitude": 93.12083, "date": null, "landslide_type": "Slide", "cause": null, "source_page": 11, "confidence": "TABLE_EXTRACTED", "duplicate_group": null, "notes": "Extracted from table on page 11" }, "geometry": { "type": "Point", "coordinates": [ 93.12083, 25.65167 ] } },
{ "type": "Feature", "properties": { "landslide_id": "NER_00342", "source": "GSI", "source_id": "GSI_0342", "state": "Assam", "district": "Dima Hasao", "location": "NH 54, about 2km SE of Langlao\nDisa (NC Hills)", "latitude": 25.65792, "longitude": 93.11811, "date": null, "landslide_type": "Slide", "cause": null, "source_page": 11, "confidence": "TABLE_EXTRACTED", "duplicate_group": "DUP_GROUP_127", "notes": "Extracted from table on page 11" }, "geometry": { "type": "Point", "coordinates": [ 93.11811, 25.65792 ] } },
{ "type": "Feature", "properties": { "landslide_id": "NER_00343", "source": "GSI", "source_id": "GSI_0343", "state": "Assam", "district": "Dima Hasao", "location": "NH 54, about 2km SE of Langlao\nDisa (NC Hills)", "latitude": 25.65839, "longitude": 93.11808, "date": null, "landslide_type": "Slide", "cause": null, "source_page": 11, "confidence": "TABLE_EXTRACTED", "duplicate_group": "DUP_GROUP_127", "notes": "Extracted from table on page 11" }, "geometry": { "type": "Point", "coordinates": [ 93.11808, 25.65839 ] } },
{ "type": "Feature", "properties": { "landslide_id": "NER_00344", "source": "GSI", "source_id": "GSI_0344", "state": "Assam", "district": "Dima Hasao", "location": "NH 54, about 1 km East of\nLanglao Disa", "latitude": 25.67153, "longitude": 93.11522, "date": null, "landslide_type": "Topple", "cause": null, "source_page": 11, "confidence": "TABLE_EXTRACTED", "duplicate_group": null, "notes": "Extracted from table on page 11" }, "geometry": { "type": "Point", "coordinates": [ 93.11522, 25.67153 ] } },
{ "type": "Feature", "properties": { "landslide_id": "NER_00345", "source": "GSI", "source_id": "GSI_0345", "state": "Assam", "district": "Dima Hasao", "location": "Manderdisa Daolapur 3, Dima\nHasao", "latitude": 25.72486, "longitude": 93.131083, "date": null, "landslide_type": "Slide", "cause": null, "source_page": 11, "confidence": "TABLE_EXTRACTED", "duplicate_group": "DUP_GROUP_128", "notes": "Extracted from table on page 11" }, "geometry": { "type": "Point", "coordinates": [ 93.131083, 25.72486 ] } },
{ "type": "Feature", "properties": { "landslide_id": "NER_00346", "source": "GSI", "source_id": "GSI_0346", "state": "Assam", "district": "Dima Hasao", "location": "Manderdisa Daolapur 3, Dima\nHasao", "latitude": 25.72561, "longitude": 93.13075, "date": null, "landslide_type": "Slide", "cause": null, "source_page": 11, "confidence": "TABLE_EXTRACTED", "duplicate_group": "DUP_GROUP_128", "notes": "Extracted from table on page 11" }, "geometry": { "type": "Point", "coordinates": [ 93.13075, 25.72561 ] } },
{ "type": "Feature", "properties": { "landslide_id": "NER_00347", "source": "GSI", "source_id": "GSI_0347", "state": "Assam", "district": "West Karbi Anglong", "location": "SH-18, S of Umpu", "latitude": 25.75933, "longitude": 92.52258, "date": null, "landslide_type": "Slide", "cause": null, "source_page": 11, "confidence": "TABLE_EXTRACTED", "duplicate_group": null, "notes": "Extracted from table on page 11" }, "geometry": { "type": "Point", "coordinates": [ 92.52258, 25.75933 ] } },
{ "type": "Feature", "properties": { "landslide_id": "NER_00348", "source": "GSI", "source_id": "GSI_0348", "state": "Assam", "district": "Kamrup (Rural)", "location": "Boko-Lumpi road", "latitude": 25.79, "longitude": 91.24, "date": null, "landslide_type": "Slide", "cause": null, "source_page": 11, "confidence": "TABLE_EXTRACTED", "duplicate_group": null, "notes": "Extracted from table on page 11" }, "geometry": { "type": "Point", "coordinates": [ 91.24, 25.79 ] } },
{ "type": "Feature", "properties": { "landslide_id": "NER_00349", "source": "GSI", "source_id": "GSI_0349", "state": "Assam", "district": "West Karbi Anglong", "location": "SH-18, Hamren-Umpu road", "latitude": 25.79939, "longitude": 92.52653, "date": null, "landslide_type": "Slide", "cause": null, "source_page": 11, "confidence": "TABLE_EXTRACTED", "duplicate_group": null, "notes": "Extracted from table on page 11" }, "geometry": { "type": "Point", "coordinates": [ 92.52653, 25.79939 ] } },
{ "type": "Feature", "properties": { "landslide_id": "NER_00350", "source": "GSI", "source_id": "GSI_0350", "state": "Assam", "district": "West Karbi Anglong", "location": "~1 Km North of Longpai,\nLongpai road section", "latitude": 25.809417, "longitude": 92.474833, "date": null, "landslide_type": "Slide", "cause": null, "source_page": 11, "confidence": "TABLE_EXTRACTED", "duplicate_group": null, "notes": "Extracted from table on page 11" }, "geometry": { "type": "Point", "coordinates": [ 92.474833, 25.809417 ] } },
{ "type": "Feature", "properties": { "landslide_id": "NER_00351", "source": "GSI", "source_id": "GSI_0351", "state": "Assam", "district": "Karbi Anglong", "location": "DiphuDhansiri road", "latitude": 25.81044, "longitude": 93.58616, "date": null, "landslide_type": "Slide", "cause": null, "source_page": 11, "confidence": "TABLE_EXTRACTED", "duplicate_group": null, "notes": "Extracted from table on page 11" }, "geometry": { "type": "Point", "coordinates": [ 93.58616, 25.81044 ] } },
{ "type": "Feature", "properties": { "landslide_id": "NER_00352", "source": "GSI", "source_id": "GSI_0352", "state": "Assam", "district": "West Karbi Anglong", "location": "SH-18, Hamren-Umpu road", "latitude": 25.81175, "longitude": 92.55003, "date": null, "landslide_type": "Slide", "cause": null, "source_page": 11, "confidence": "TABLE_EXTRACTED", "duplicate_group": "DUP_GROUP_129", "notes": "Extracted from table on page 11" }, "geometry": { "type": "Point", "coordinates": [ 92.55003, 25.81175 ] } },
{ "type": "Feature", "properties": { "landslide_id": "NER_00353", "source": "GSI", "source_id": "GSI_0353", "state": "Assam", "district": "West Karbi Anglong", "location": "SH-18, Hamren-Umpu road", "latitude": 25.812, "longitude": 92.55069, "date": null, "landslide_type": "Slide", "cause": null, "source_page": 11, "confidence": "TABLE_EXTRACTED", "duplicate_group": "DUP_GROUP_129", "notes": "Extracted from table on page 11" }, "geometry": { "type": "Point", "coordinates": [ 92.55069, 25.812 ] } },
{ "type": "Feature", "properties": { "landslide_id": "NER_00354", "source": "GSI", "source_id": "GSI_0354", "state": "Assam", "district": "West Karbi Anglong", "location": "SH-18, Hamren-Umpu road", "latitude": 25.81236, "longitude": 92.55156, "date": null, "landslide_type": "Slide", "cause": null, "source_page": 11, "confidence": "TABLE_EXTRACTED", "duplicate_group": "DUP_GROUP_130", "notes": "Extracted from table on page 11" }, "geometry": { "type": "Point", "coordinates": [ 92.55156, 25.81236 ] } },
{ "type": "Feature", "properties": { "landslide_id": "NER_00355", "source": "GSI", "source_id": "GSI_0355", "state": "Assam", "district": "West Karbi Anglong", "location": "SH-18, Hamren-Umpu road", "latitude": 25.81428, "longitude": 92.55422, "date": null, "landslide_type": "Slide", "cause": null, "source_page": 11, "confidence": "TABLE_EXTRACTED", "duplicate_group": null, "notes": "Extracted from table on page 11" }, "geometry": { "type": "Point", "coordinates": [ 92.55422, 25.81428 ] } },
{ "type": "Feature", "properties": { "landslide_id": "NER_00356", "source": "GSI", "source_id": "GSI_0356", "state": "Assam", "district": "West Karbi Anglong", "location": "SH-18, Hamren-Umpu road", "latitude": 25.81542, "longitude": 92.5535, "date": null, "landslide_type": "Slide", "cause": null, "source_page": 11, "confidence": "TABLE_EXTRACTED", "duplicate_group": null, "notes": "Extracted from table on page 11" }, "geometry": { "type": "Point", "coordinates": [ 92.5535, 25.81542 ] } },
{ "type": "Feature", "properties": { "landslide_id": "NER_00357", "source": "GSI", "source_id": "GSI_0357", "state": "Assam", "district": "West Karbi Anglong", "location": "Pangyatiso-Derajuri-Kolonga\nroad", "latitude": 25.81678, "longitude": 92.71878, "date": null, "landslide_type": "Slide", "cause": null, "source_page": 11, "confidence": "TABLE_EXTRACTED", "duplicate_group": null, "notes": "Extracted from table on page 11" }, "geometry": { "type": "Point", "coordinates": [ 92.71878, 25.81678 ] } },
{ "type": "Feature", "properties": { "landslide_id": "NER_00358", "source": "GSI", "source_id": "GSI_0358", "state": "Assam", "district": "West Karbi Anglong", "location": "Pangyatiso-Derajuri-Kolonga\nroad", "latitude": 25.81689, "longitude": 92.71744, "date": null, "landslide_type": "Slide", "cause": null, "source_page": 11, "confidence": "TABLE_EXTRACTED", "duplicate_group": null, "notes": "Extracted from table on page 11" }, "geometry": { "type": "Point", "coordinates": [ 92.71744, 25.81689 ] } },
{ "type": "Feature", "properties": { "landslide_id": "NER_00359", "source": "GSI", "source_id": "GSI_0359", "state": "Assam", "district": "Nagaon", "location": "NH 54, About 2km SW of\nArlongapai, Nagaon", "latitude": 25.81756, "longitude": 93.10886, "date": null, "landslide_type": "Fall", "cause": null, "source_page": 11, "confidence": "TABLE_EXTRACTED", "duplicate_group": null, "notes": "Extracted from table on page 11" }, "geometry": { "type": "Point", "coordinates": [ 93.10886, 25.81756 ] } },
{ "type": "Feature", "properties": { "landslide_id": "NER_00360", "source": "GSI", "source_id": "GSI_0360", "state": "Assam", "district": "West Karbi Anglong", "location": "Pangyatiso-Derajuri-Kolonga\nroad", "latitude": 25.81806, "longitude": 92.74872, "date": null, "landslide_type": "Slide", "cause": null, "source_page": 11, "confidence": "TABLE_EXTRACTED", "duplicate_group": null, "notes": "Extracted from table on page 11" }, "geometry": { "type": "Point", "coordinates": [ 92.74872, 25.81806 ] } },
{ "type": "Feature", "properties": { "landslide_id": "NER_00361", "source": "GSI", "source_id": "GSI_0361", "state": "Assam", "district": "West Karbi Anglong", "location": "SH-18, Hamren-Umpu road", "latitude": 25.82108, "longitude": 92.544, "date": null, "landslide_type": "Slide", "cause": null, "source_page": 11, "confidence": "TABLE_EXTRACTED", "duplicate_group": null, "notes": "Extracted from table on page 11" }, "geometry": { "type": "Point", "coordinates": [ 92.544, 25.82108 ] } },
{ "type": "Feature", "properties": { "landslide_id": "NER_00362", "source": "GSI", "source_id": "GSI_0362", "state": "Assam", "district": "West Karbi Anglong", "location": "SH-18, Hamren-Umpu road", "latitude": 25.822458, "longitude": 92.546381, "date": null, "landslide_type": "Slide", "cause": null, "source_page": 11, "confidence": "TABLE_EXTRACTED", "duplicate_group": null, "notes": "Extracted from table on page 11" }, "geometry": { "type": "Point", "coordinates": [ 92.546381, 25.822458 ] } },
{ "type": "Feature", "properties": { "landslide_id": "NER_00363", "source": "GSI", "source_id": "GSI_0363", "state": "Assam", "district": "Karbi Anglong", "location": "DiphuLumding road", "latitude": 25.82522, "longitude": 93.4243, "date": null, "landslide_type": "Slide", "cause": null, "source_page": 11, "confidence": "TABLE_EXTRACTED", "duplicate_group": null, "notes": "Extracted from table on page 11" }, "geometry": { "type": "Point", "coordinates": [ 93.4243, 25.82522 ] } },
{ "type": "Feature", "properties": { "landslide_id": "NER_00364", "source": "GSI", "source_id": "GSI_0364", "state": "Assam", "district": "West Karbi Anglong", "location": "SH-18, Hamren-Umpu road", "latitude": 25.82528, "longitude": 92.54775, "date": null, "landslide_type": "Slide", "cause": null, "source_page": 11, "confidence": "TABLE_EXTRACTED", "duplicate_group": null, "notes": "Extracted from table on page 11" }, "geometry": { "type": "Point", "coordinates": [ 92.54775, 25.82528 ] } },
{ "type": "Feature", "properties": { "landslide_id": "NER_00365", "source": "GSI", "source_id": "GSI_0365", "state": "Assam", "district": "West Karbi Anglong", "location": "SH-18, Hamren-Umpu road", "latitude": 25.82769, "longitude": 92.55658, "date": null, "landslide_type": "Slide", "cause": null, "source_page": 11, "confidence": "TABLE_EXTRACTED", "duplicate_group": null, "notes": "Extracted from table on page 11" }, "geometry": { "type": "Point", "coordinates": [ 92.55658, 25.82769 ] } },
{ "type": "Feature", "properties": { "landslide_id": "NER_00366", "source": "GSI", "source_id": "GSI_0366", "state": "Assam", "district": "Karbi Anglong", "location": "DiphuDhansiri road", "latitude": 25.83128, "longitude": 93.45257, "date": null, "landslide_type": "Slide", "cause": null, "source_page": 11, "confidence": "TABLE_EXTRACTED", "duplicate_group": null, "notes": "Extracted from table on page 11" }, "geometry": { "type": "Point", "coordinates": [ 93.45257, 25.83128 ] } },
{ "type": "Feature", "properties": { "landslide_id": "NER_00367", "source": "GSI", "source_id": "GSI_0367", "state": "Assam", "district": "Kamrup (Rural)", "location": "Ukiam", "latitude": 25.84, "longitude": 91.35, "date": null, "landslide_type": "Slide", "cause": null, "source_page": 11, "confidence": "TABLE_EXTRACTED", "duplicate_group": null, "notes": "Extracted from table on page 11" }, "geometry": { "type": "Point", "coordinates": [ 91.35, 25.84 ] } },
{ "type": "Feature", "properties": { "landslide_id": "NER_00368", "source": "GSI", "source_id": "GSI_0368", "state": "Assam", "district": "Karbi Anglong", "location": "Diphu", "latitude": 25.84152, "longitude": 93.45138, "date": null, "landslide_type": "Slide", "cause": null, "source_page": 11, "confidence": "TABLE_EXTRACTED", "duplicate_group": null, "notes": "Extracted from table on page 11" }, "geometry": { "type": "Point", "coordinates": [ 93.45138, 25.84152 ] } },
{ "type": "Feature", "properties": { "landslide_id": "NER_00369", "source": "GSI", "source_id": "GSI_0369", "state": "Assam", "district": "Karbi Anglong", "location": "Diphu", "latitude": 25.84267, "longitude": 93.45244, "date": null, "landslide_type": "Slide", "cause": null, "source_page": 11, "confidence": "TABLE_EXTRACTED", "duplicate_group": null, "notes": "Extracted from table on page 11" }, "geometry": { "type": "Point", "coordinates": [ 93.45244, 25.84267 ] } },
{ "type": "Feature", "properties": { "landslide_id": "NER_00370", "source": "GSI", "source_id": "GSI_0370", "state": "Assam", "district": "Karbi Anglong", "location": "Diphu", "latitude": 25.84444, "longitude": 93.45331, "date": null, "landslide_type": "Slide", "cause": null, "source_page": 11, "confidence": "TABLE_EXTRACTED", "duplicate_group": null, "notes": "Extracted from table on page 11" }, "geometry": { "type": "Point", "coordinates": [ 93.45331, 25.84444 ] } },
{ "type": "Feature", "properties": { "landslide_id": "NER_00371", "source": "GSI", "source_id": "GSI_0371", "state": "Assam", "district": "West Karbi Anglong", "location": "Hamren-Amlong road", "latitude": 25.84494, "longitude": 92.61514, "date": null, "landslide_type": "Slide", "cause": null, "source_page": 11, "confidence": "TABLE_EXTRACTED", "duplicate_group": null, "notes": "Extracted from table on page 11" }, "geometry": { "type": "Point", "coordinates": [ 92.61514, 25.84494 ] } },
{ "type": "Feature", "properties": { "landslide_id": "NER_00372", "source": "GSI", "source_id": "GSI_0372", "state": "Assam", "district": "Karbi Anglong", "location": "DhansiriChiru Timung road", "latitude": 25.84512, "longitude": 93.56682, "date": null, "landslide_type": "Slide", "cause": null, "source_page": 11, "confidence": "TABLE_EXTRACTED", "duplicate_group": null, "notes": "Extracted from table on page 11" }, "geometry": { "type": "Point", "coordinates": [ 93.56682, 25.84512 ] } },
{ "type": "Feature", "properties": { "landslide_id": "NER_00373", "source": "GSI", "source_id": "GSI_0373", "state": "Assam", "district": "Karbi Anglong", "location": "Along Northeast Frontiers\nRailway line", "latitude": 25.84516, "longitude": 93.68408, "date": null, "landslide_type": "Slide", "cause": null, "source_page": 11, "confidence": "TABLE_EXTRACTED", "duplicate_group": null, "notes": "Extracted from table on page 11" }, "geometry": { "type": "Point", "coordinates": [ 93.68408, 25.84516 ] } },
{ "type": "Feature", "properties": { "landslide_id": "NER_00374", "source": "GSI", "source_id": "GSI_0374", "state": "Assam", "district": "Karbi Anglong", "location": "DiphuDimapur road", "latitude": 25.84541, "longitude": 93.68312, "date": null, "landslide_type": "Slide", "cause": null, "source_page": 11, "confidence": "TABLE_EXTRACTED", "duplicate_group": null, "notes": "Extracted from table on page 11" }, "geometry": { "type": "Point", "coordinates": [ 93.68312, 25.84541 ] } },
{ "type": "Feature", "properties": { "landslide_id": "NER_00375", "source": "GSI", "source_id": "GSI_0375", "state": "Assam", "district": "Karbi Anglong", "location": "Along Northeast Frontiers\nRailway line", "latitude": 25.8465, "longitude": 93.687, "date": null, "landslide_type": "Slide", "cause": null, "source_page": 11, "confidence": "TABLE_EXTRACTED", "duplicate_group": null, "notes": "Extracted from table on page 11" }, "geometry": { "type": "Point", "coordinates": [ 93.687, 25.8465 ] } },
{ "type": "Feature", "properties": { "landslide_id": "NER_00376", "source": "GSI", "source_id": "GSI_0376", "state": "Assam", "district": "Karbi Anglong", "location": "Near Railway line", "latitude": 25.84782, "longitude": 93.70174, "date": null, "landslide_type": "Slide", "cause": null, "source_page": 11, "confidence": "TABLE_EXTRACTED", "duplicate_group": null, "notes": "Extracted from table on page 11" }, "geometry": { "type": "Point", "coordinates": [ 93.70174, 25.84782 ] } },
{ "type": "Feature", "properties": { "landslide_id": "NER_00377", "source": "GSI", "source_id": "GSI_0377", "state": "Assam", "district": "West Karbi Anglong", "location": "Mikading-Pangyatiso-Ranghidi\nroad", "latitude": 25.84875, "longitude": 92.68328, "date": null, "landslide_type": "Slide", "cause": null, "source_page": 11, "confidence": "TABLE_EXTRACTED", "duplicate_group": null, "notes": "Extracted from table on page 11" }, "geometry": { "type": "Point", "coordinates": [ 92.68328, 25.84875 ] } },
{ "type": "Feature", "properties": { "landslide_id": "NER_00378", "source": "GSI", "source_id": "GSI_0378", "state": "Assam", "district": "West Karbi Anglong", "location": "Mikading-Pangyatiso-Ranghidi\nroad", "latitude": 25.84967, "longitude": 92.69042, "date": null, "landslide_type": "Slide", "cause": null, "source_page": 12, "confidence": "TABLE_EXTRACTED", "duplicate_group": "DUP_GROUP_131", "notes": "Extracted from table on page 12" }, "geometry": { "type": "Point", "coordinates": [ 92.69042, 25.84967 ] } },
{ "type": "Feature", "properties": { "landslide_id": "NER_00379", "source": "GSI", "source_id": "GSI_0379", "state": "Assam", "district": "West Karbi Anglong", "location": "Mikading-Pangyatiso-Ranghidi\nroad", "latitude": 25.84992, "longitude": 92.69072, "date": null, "landslide_type": "Slide", "cause": null, "source_page": 12, "confidence": "TABLE_EXTRACTED", "duplicate_group": "DUP_GROUP_131", "notes": "Extracted from table on page 12" }, "geometry": { "type": "Point", "coordinates": [ 92.69072, 25.84992 ] } },
{ "type": "Feature", "properties": { "landslide_id": "NER_00380", "source": "GSI", "source_id": "GSI_0380", "state": "Assam", "district": "Karbi Anglong", "location": "DhansiriChiru Timung road", "latitude": 25.85072, "longitude": 93.56682, "date": null, "landslide_type": "Slide", "cause": null, "source_page": 12, "confidence": "TABLE_EXTRACTED", "duplicate_group": null, "notes": "Extracted from table on page 12" }, "geometry": { "type": "Point", "coordinates": [ 93.56682, 25.85072 ] } },
{ "type": "Feature", "properties": { "landslide_id": "NER_00381", "source": "GSI", "source_id": "GSI_0381", "state": "Assam", "district": "West Karbi Anglong", "location": "Mikading-Pangyatiso-Ranghidi\nroad", "latitude": 25.8515, "longitude": 92.69203, "date": null, "landslide_type": "Slide", "cause": null, "source_page": 12, "confidence": "TABLE_EXTRACTED", "duplicate_group": null, "notes": "Extracted from table on page 12" }, "geometry": { "type": "Point", "coordinates": [ 92.69203, 25.8515 ] } },
{ "type": "Feature", "properties": { "landslide_id": "NER_00382", "source": "GSI", "source_id": "GSI_0382", "state": "Assam", "district": "West Karbi Anglong", "location": "SH-18, Hamren road", "latitude": 25.85167, "longitude": 92.58089, "date": null, "landslide_type": "Slide", "cause": null, "source_page": 12, "confidence": "TABLE_EXTRACTED", "duplicate_group": null, "notes": "Extracted from table on page 12" }, "geometry": { "type": "Point", "coordinates": [ 92.58089, 25.85167 ] } },
{ "type": "Feature", "properties": { "landslide_id": "NER_00383", "source": "GSI", "source_id": "GSI_0383", "state": "Assam", "district": "Karbi Anglong", "location": "DhansiriChiru Timung road", "latitude": 25.85189, "longitude": 93.56633, "date": null, "landslide_type": "Slide", "cause": null, "source_page": 12, "confidence": "TABLE_EXTRACTED", "duplicate_group": null, "notes": "Extracted from table on page 12" }, "geometry": { "type": "Point", "coordinates": [ 93.56633, 25.85189 ] } },
{ "type": "Feature", "properties": { "landslide_id": "NER_00384", "source": "GSI", "source_id": "GSI_0384", "state": "Assam", "district": "Karbi Anglong", "location": "DhansiriChiru Timung road", "latitude": 25.85487, "longitude": 93.56583, "date": null, "landslide_type": "Slide", "cause": null, "source_page": 12, "confidence": "TABLE_EXTRACTED", "duplicate_group": "DUP_GROUP_132", "notes": "Extracted from table on page 12" }, "geometry": { "type": "Point", "coordinates": [ 93.56583, 25.85487 ] } },
{ "type": "Feature", "properties": { "landslide_id": "NER_00385", "source": "GSI", "source_id": "GSI_0385", "state": "Assam", "district": "Karbi Anglong", "location": "DhansiriChiru Timung road", "latitude": 25.85498, "longitude": 93.56638, "date": null, "landslide_type": "Slide", "cause": null, "source_page": 12, "confidence": "TABLE_EXTRACTED", "duplicate_group": "DUP_GROUP_132", "notes": "Extracted from table on page 12" }, "geometry": { "type": "Point", "coordinates": [ 93.56638, 25.85498 ] } },
{ "type": "Feature", "properties": { "landslide_id": "NER_00386", "source": "GSI", "source_id": "GSI_0386", "state": "Assam", "district": "West Karbi Anglong", "location": "Hamren", "latitude": 25.85544, "longitude": 92.57369, "date": null, "landslide_type": "Slide", "cause": null, "source_page": 12, "confidence": "TABLE_EXTRACTED", "duplicate_group": null, "notes": "Extracted from table on page 12" }, "geometry": { "type": "Point", "coordinates": [ 92.57369, 25.85544 ] } },
{ "type": "Feature", "properties": { "landslide_id": "NER_00387", "source": "GSI", "source_id": "GSI_0387", "state": "Assam", "district": "West Karbi Anglong", "location": "Kolonga-Teran-Rongsope road", "latitude": 25.85992, "longitude": 92.72558, "date": null, "landslide_type": "Slide", "cause": null, "source_page": 12, "confidence": "TABLE_EXTRACTED", "duplicate_group": null, "notes": "Extracted from table on page 12" }, "geometry": { "type": "Point", "coordinates": [ 92.72558, 25.85992 ] } },
{ "type": "Feature", "properties": { "landslide_id": "NER_00388", "source": "GSI", "source_id": "GSI_0388", "state": "Assam", "district": "West Karbi Anglong", "location": "Hamren", "latitude": 25.864186, "longitude": 92.571047, "date": null, "landslide_type": "Slide", "cause": null, "source_page": 12, "confidence": "TABLE_EXTRACTED", "duplicate_group": null, "notes": "Extracted from table on page 12" }, "geometry": { "type": "Point", "coordinates": [ 92.571047, 25.864186 ] } },
{ "type": "Feature", "properties": { "landslide_id": "NER_00389", "source": "GSI", "source_id": "GSI_0389", "state": "Assam", "district": "West Karbi Anglong", "location": "SH-18, Hamren road", "latitude": 25.86958, "longitude": 92.59411, "date": null, "landslide_type": "Slide", "cause": null, "source_page": 12, "confidence": "TABLE_EXTRACTED", "duplicate_group": null, "notes": "Extracted from table on page 12" }, "geometry": { "type": "Point", "coordinates": [ 92.59411, 25.86958 ] } },
{ "type": "Feature", "properties": { "landslide_id": "NER_00390", "source": "GSI", "source_id": "GSI_0390", "state": "Assam", "district": "Karbi Anglong", "location": "DilaijiMon Terang road", "latitude": 25.88494, "longitude": 93.45792, "date": null, "landslide_type": "Slide", "cause": null, "source_page": 12, "confidence": "TABLE_EXTRACTED", "duplicate_group": null, "notes": "Extracted from table on page 12" }, "geometry": { "type": "Point", "coordinates": [ 93.45792, 25.88494 ] } },
{ "type": "Feature", "properties": { "landslide_id": "NER_00391", "source": "GSI", "source_id": "GSI_0391", "state": "Assam", "district": "West Karbi Anglong", "location": "SH-19, Donkamokam-Hamren\nroad", "latitude": 25.88692, "longitude": 92.61347, "date": null, "landslide_type": "Slide", "cause": null, "source_page": 12, "confidence": "TABLE_EXTRACTED", "duplicate_group": null, "notes": "Extracted from table on page 12" }, "geometry": { "type": "Point", "coordinates": [ 92.61347, 25.88692 ] } },
{ "type": "Feature", "properties": { "landslide_id": "NER_00392", "source": "GSI", "source_id": "GSI_0392", "state": "Assam", "district": "West Karbi Anglong", "location": "SH-19, Donkamokam-Hamren\nroad", "latitude": 25.90653, "longitude": 92.65819, "date": null, "landslide_type": "Slide", "cause": null, "source_page": 12, "confidence": "TABLE_EXTRACTED", "duplicate_group": null, "notes": "Extracted from table on page 12" }, "geometry": { "type": "Point", "coordinates": [ 92.65819, 25.90653 ] } },
{ "type": "Feature", "properties": { "landslide_id": "NER_00393", "source": "GSI", "source_id": "GSI_0393", "state": "Assam", "district": "West Karbi Anglong", "location": "SH-19, Donkamokam-Hamren\nroad", "latitude": 25.90692, "longitude": 92.64714, "date": null, "landslide_type": "Slide", "cause": null, "source_page": 12, "confidence": "TABLE_EXTRACTED", "duplicate_group": null, "notes": "Extracted from table on page 12" }, "geometry": { "type": "Point", "coordinates": [ 92.64714, 25.90692 ] } },
{ "type": "Feature", "properties": { "landslide_id": "NER_00394", "source": "GSI", "source_id": "GSI_0394", "state": "Assam", "district": "Kamrup (Rural)", "location": "East of Rajupara village", "latitude": 25.91, "longitude": 91.4, "date": null, "landslide_type": "Slide", "cause": null, "source_page": 12, "confidence": "TABLE_EXTRACTED", "duplicate_group": null, "notes": "Extracted from table on page 12" }, "geometry": { "type": "Point", "coordinates": [ 91.4, 25.91 ] } },
{ "type": "Feature", "properties": { "landslide_id": "NER_00395", "source": "GSI", "source_id": "GSI_0395", "state": "Assam", "district": "West Karbi Anglong", "location": "W of Padam Pukhuri, SH-16", "latitude": 25.945, "longitude": 92.66358, "date": null, "landslide_type": "Slide", "cause": null, "source_page": 12, "confidence": "TABLE_EXTRACTED", "duplicate_group": null, "notes": "Extracted from table on page 12" }, "geometry": { "type": "Point", "coordinates": [ 92.66358, 25.945 ] } },
{ "type": "Feature", "properties": { "landslide_id": "NER_00396", "source": "GSI", "source_id": "GSI_0396", "state": "Assam", "district": "West Karbi Anglong", "location": "~1.5 Km West of Umpanai.\nSunani - Umpanai road", "latitude": 25.946611, "longitude": 92.305361, "date": null, "landslide_type": "Slide", "cause": null, "source_page": 12, "confidence": "TABLE_EXTRACTED", "duplicate_group": null, "notes": "Extracted from table on page 12" }, "geometry": { "type": "Point", "coordinates": [ 92.305361, 25.946611 ] } },
{ "type": "Feature", "properties": { "landslide_id": "NER_00397", "source": "GSI", "source_id": "GSI_0397", "state": "Assam", "district": "Kamrup (Rural)", "location": "Boko-Baghmara road", "latitude": 25.95, "longitude": 91.28, "date": null, "landslide_type": "Slide", "cause": null, "source_page": 12, "confidence": "TABLE_EXTRACTED", "duplicate_group": null, "notes": "Extracted from table on page 12" }, "geometry": { "type": "Point", "coordinates": [ 91.28, 25.95 ] } },
{ "type": "Feature", "properties": { "landslide_id": "NER_00398", "source": "GSI", "source_id": "GSI_0398", "state": "Assam", "district": "West Karbi Anglong", "location": "SH-18, Baithalangso-Tika road", "latitude": 25.95381, "longitude": 92.60444, "date": null, "landslide_type": "Slide", "cause": null, "source_page": 12, "confidence": "TABLE_EXTRACTED", "duplicate_group": "DUP_GROUP_133", "notes": "Extracted from table on page 12" }, "geometry": { "type": "Point", "coordinates": [ 92.60444, 25.95381 ] } },
{ "type": "Feature", "properties": { "landslide_id": "NER_00399", "source": "GSI", "source_id": "GSI_0399", "state": "Assam", "district": "West Karbi Anglong", "location": "SH-18, Baithalangso-Tika road", "latitude": 25.95386, "longitude": 92.60367, "date": null, "landslide_type": "Slide", "cause": null, "source_page": 12, "confidence": "TABLE_EXTRACTED", "duplicate_group": "DUP_GROUP_133", "notes": "Extracted from table on page 12" }, "geometry": { "type": "Point", "coordinates": [ 92.60367, 25.95386 ] } },
{ "type": "Feature", "properties": { "landslide_id": "NER_00400", "source": "GSI", "source_id": "GSI_0400", "state": "Assam", "district": "Karbi Anglong", "location": "NH39", "latitude": 25.95514, "longitude": 93.72997, "date": null, "landslide_type": "Slide", "cause": null, "source_page": 12, "confidence": "TABLE_EXTRACTED", "duplicate_group": null, "notes": "Extracted from table on page 12" }, "geometry": { "type": "Point", "coordinates": [ 93.72997, 25.95514 ] } },
{ "type": "Feature", "properties": { "landslide_id": "NER_00401", "source": "GSI", "source_id": "GSI_0401", "state": "Assam", "district": "West Karbi Anglong", "location": "Karbi Langpi hydro dam (power\nhouse road)", "latitude": 25.95931, "longitude": 92.51753, "date": null, "landslide_type": "Slide", "cause": null, "source_page": 12, "confidence": "TABLE_EXTRACTED", "duplicate_group": null, "notes": "Extracted from table on page 12" }, "geometry": { "type": "Point", "coordinates": [ 92.51753, 25.95931 ] } },
{ "type": "Feature", "properties": { "landslide_id": "NER_00402", "source": "GSI", "source_id": "GSI_0402", "state": "Assam", "district": "West Karbi Anglong", "location": "SH-18, Baithalangso-Tika road", "latitude": 25.96094, "longitude": 92.60122, "date": null, "landslide_type": "Slide", "cause": null, "source_page": 12, "confidence": "TABLE_EXTRACTED", "duplicate_group": null, "notes": "Extracted from table on page 12" }, "geometry": { "type": "Point", "coordinates": [ 92.60122, 25.96094 ] } },
{ "type": "Feature", "properties": { "landslide_id": "NER_00403", "source": "GSI", "source_id": "GSI_0403", "state": "Assam", "district": "West Karbi Anglong", "location": "~1Km North-West of Ulukunchi.\nSunani - Umpanai road", "latitude": 25.961444, "longitude": 92.341333, "date": null, "landslide_type": "Slide", "cause": null, "source_page": 12, "confidence": "TABLE_EXTRACTED", "duplicate_group": null, "notes": "Extracted from table on page 12" }, "geometry": { "type": "Point", "coordinates": [ 92.341333, 25.961444 ] } },
{ "type": "Feature", "properties": { "landslide_id": "NER_00404", "source": "GSI", "source_id": "GSI_0404", "state": "Assam", "district": "Karbi Anglong", "location": "NH36", "latitude": 25.96256, "longitude": 93.46922, "date": null, "landslide_type": "Slide", "cause": null, "source_page": 12, "confidence": "TABLE_EXTRACTED", "duplicate_group": "DUP_GROUP_134", "notes": "Extracted from table on page 12" }, "geometry": { "type": "Point", "coordinates": [ 93.46922, 25.96256 ] } },
{ "type": "Feature", "properties": { "landslide_id": "NER_00405", "source": "GSI", "source_id": "GSI_0405", "state": "Assam", "district": "Karbi Anglong", "location": "NH36", "latitude": 25.96272, "longitude": 93.46964, "date": null, "landslide_type": "Slide", "cause": null, "source_page": 12, "confidence": "TABLE_EXTRACTED", "duplicate_group": "DUP_GROUP_134", "notes": "Extracted from table on page 12" }, "geometry": { "type": "Point", "coordinates": [ 93.46964, 25.96272 ] } },
{ "type": "Feature", "properties": { "landslide_id": "NER_00406", "source": "GSI", "source_id": "GSI_0406", "state": "Assam", "district": "West Karbi Anglong", "location": "Chinthong block, Baithalangso", "latitude": 25.965731, "longitude": 92.59267, "date": null, "landslide_type": "Slide", "cause": null, "source_page": 12, "confidence": "TABLE_EXTRACTED", "duplicate_group": null, "notes": "Extracted from table on page 12" }, "geometry": { "type": "Point", "coordinates": [ 92.59267, 25.965731 ] } },
{ "type": "Feature", "properties": { "landslide_id": "NER_00407", "source": "GSI", "source_id": "GSI_0407", "state": "Assam", "district": "West Karbi Anglong", "location": "~500 meter South of Silaguri,\nSunani - Umpanai road", "latitude": 25.96667, "longitude": 92.356917, "date": null, "landslide_type": "Slide", "cause": null, "source_page": 12, "confidence": "TABLE_EXTRACTED", "duplicate_group": null, "notes": "Extracted from table on page 12" }, "geometry": { "type": "Point", "coordinates": [ 92.356917, 25.96667 ] } },
{ "type": "Feature", "properties": { "landslide_id": "NER_00408", "source": "GSI", "source_id": "GSI_0408", "state": "Assam", "district": "West Karbi Anglong", "location": "~300 meter South of Silaguri,\nSunani - Umpanai road", "latitude": 25.968083, "longitude": 92.3575, "date": null, "landslide_type": "Slide", "cause": null, "source_page": 12, "confidence": "TABLE_EXTRACTED", "duplicate_group": null, "notes": "Extracted from table on page 12" }, "geometry": { "type": "Point", "coordinates": [ 92.3575, 25.968083 ] } },
{ "type": "Feature", "properties": { "landslide_id": "NER_00409", "source": "GSI", "source_id": "GSI_0409", "state": "Assam", "district": "West Karbi Anglong", "location": "~1.5 Km South of Mortin,\nSunani - Umpanai road", "latitude": 25.977194, "longitude": 92.354778, "date": null, "landslide_type": "Slide", "cause": null, "source_page": 12, "confidence": "TABLE_EXTRACTED", "duplicate_group": null, "notes": "Extracted from table on page 12" }, "geometry": { "type": "Point", "coordinates": [ 92.354778, 25.977194 ] } },
{ "type": "Feature", "properties": { "landslide_id": "NER_00410", "source": "GSI", "source_id": "GSI_0410", "state": "Assam", "district": "West Karbi Anglong", "location": "SH-16, East of Amtreng Market", "latitude": 25.98219, "longitude": 92.51892, "date": null, "landslide_type": "Slide", "cause": null, "source_page": 13, "confidence": "TABLE_EXTRACTED", "duplicate_group": null, "notes": "Extracted from table on page 13" }, "geometry": { "type": "Point", "coordinates": [ 92.51892, 25.98219 ] } },
{ "type": "Feature", "properties": { "landslide_id": "NER_00412", "source": "GSI", "source_id": "GSI_0412", "state": "Assam", "district": "Goalpara", "location": "NH-37/Bolbola village", "latitude": 26.006, "longitude": 90.595, "date": null, "landslide_type": "Slide", "cause": null, "source_page": 13, "confidence": "TABLE_EXTRACTED", "duplicate_group": null, "notes": "Extracted from table on page 13" }, "geometry": { "type": "Point", "coordinates": [ 90.595, 26.006 ] } },
{ "type": "Feature", "properties": { "landslide_id": "NER_00413", "source": "GSI", "source_id": "GSI_0413", "state": "Assam", "district": "West Karbi Anglong", "location": "Nellie - Umpanai-Umswai road", "latitude": 26.012, "longitude": 92.264167, "date": null, "landslide_type": "Slide", "cause": null, "source_page": 13, "confidence": "TABLE_EXTRACTED", "duplicate_group": null, "notes": "Extracted from table on page 13" }, "geometry": { "type": "Point", "coordinates": [ 92.264167, 26.012 ] } },
{ "type": "Feature", "properties": { "landslide_id": "NER_00414", "source": "GSI", "source_id": "GSI_0414", "state": "Assam", "district": "West Karbi Anglong", "location": "Nellie - Umpanai-Umswai road", "latitude": 26.013528, "longitude": 92.266083, "date": null, "landslide_type": "Slide", "cause": null, "source_page": 13, "confidence": "TABLE_EXTRACTED", "duplicate_group": null, "notes": "Extracted from table on page 13" }, "geometry": { "type": "Point", "coordinates": [ 92.266083, 26.013528 ] } },
{ "type": "Feature", "properties": { "landslide_id": "NER_00415", "source": "GSI", "source_id": "GSI_0415", "state": "Assam", "district": "West Karbi Anglong", "location": "~1.2 Km North-East of\nDuronggaon, Amsoi- Amtrang\nroad", "latitude": 26.016389, "longitude": 92.48225, "date": null, "landslide_type": "Slide", "cause": null, "source_page": 13, "confidence": "TABLE_EXTRACTED", "duplicate_group": null, "notes": "Extracted from table on page 13" }, "geometry": { "type": "Point", "coordinates": [ 92.48225, 26.016389 ] } },
{ "type": "Feature", "properties": { "landslide_id": "NER_00416", "source": "GSI", "source_id": "GSI_0416", "state": "Assam", "district": "West Karbi Anglong", "location": "~500 meter North of Asukunchi,\nNellie - Umpanai-Umswai road", "latitude": 26.022833, "longitude": 92.274028, "date": null, "landslide_type": "Slide", "cause": null, "source_page": 13, "confidence": "TABLE_EXTRACTED", "duplicate_group": null, "notes": "Extracted from table on page 13" }, "geometry": { "type": "Point", "coordinates": [ 92.274028, 26.022833 ] } },
{ "type": "Feature", "properties": { "landslide_id": "NER_00417", "source": "GSI", "source_id": "GSI_0417", "state": "Assam", "district": "West Karbi Anglong", "location": "Darongaon, Amsoi- Amtrang\nroad", "latitude": 26.024167, "longitude": 92.475, "date": null, "landslide_type": "Slide", "cause": null, "source_page": 13, "confidence": "TABLE_EXTRACTED", "duplicate_group": null, "notes": "Extracted from table on page 13" }, "geometry": { "type": "Point", "coordinates": [ 92.475, 26.024167 ] } },
{ "type": "Feature", "properties": { "landslide_id": "NER_00418", "source": "GSI", "source_id": "GSI_0418", "state": "Assam", "district": "West Karbi Anglong", "location": "~1.5 Km North of Duronggaon,\nAmsoi- Amtrang road", "latitude": 26.030972, "longitude": 92.474139, "date": null, "landslide_type": "Slide", "cause": null, "source_page": 13, "confidence": "TABLE_EXTRACTED", "duplicate_group": "DUP_GROUP_135", "notes": "Extracted from table on page 13" }, "geometry": { "type": "Point", "coordinates": [ 92.474139, 26.030972 ] } },
{ "type": "Feature", "properties": { "landslide_id": "NER_00419", "source": "GSI", "source_id": "GSI_0419", "state": "Assam", "district": "West Karbi Anglong", "location": "Amsoi- Amtrang road", "latitude": 26.031528, "longitude": 92.472778, "date": null, "landslide_type": "Slide", "cause": null, "source_page": 13, "confidence": "TABLE_EXTRACTED", "duplicate_group": "DUP_GROUP_136", "notes": "Extracted from table on page 13" }, "geometry": { "type": "Point", "coordinates": [ 92.472778, 26.031528 ] } },
{ "type": "Feature", "properties": { "landslide_id": "NER_00420", "source": "GSI", "source_id": "GSI_0420", "state": "Assam", "district": "West Karbi Anglong", "location": "~1.2 Km North of Duronggaon,\nAmsoi- Amtrang road", "latitude": 26.031583, "longitude": 92.47375, "date": null, "landslide_type": "Slide", "cause": null, "source_page": 13, "confidence": "TABLE_EXTRACTED", "duplicate_group": "DUP_GROUP_135", "notes": "Extracted from table on page 13" }, "geometry": { "type": "Point", "coordinates": [ 92.47375, 26.031583 ] } },
{ "type": "Feature", "properties": { "landslide_id": "NER_00421", "source": "GSI", "source_id": "GSI_0421", "state": "Assam", "district": "West Karbi Anglong", "location": "Nellie - Umpanai-Umswai road", "latitude": 26.03275, "longitude": 92.271861, "date": null, "landslide_type": "Slide", "cause": null, "source_page": 13, "confidence": "TABLE_EXTRACTED", "duplicate_group": null, "notes": "Extracted from table on page 13" }, "geometry": { "type": "Point", "coordinates": [ 92.271861, 26.03275 ] } },
{ "type": "Feature", "properties": { "landslide_id": "NER_00422", "source": "GSI", "source_id": "GSI_0422", "state": "Assam", "district": "West Karbi Anglong", "location": "Amsoi- Amtrang road", "latitude": 26.033556, "longitude": 92.468056, "date": null, "landslide_type": "Slide", "cause": null, "source_page": 13, "confidence": "TABLE_EXTRACTED", "duplicate_group": null, "notes": "Extracted from table on page 13" }, "geometry": { "type": "Point", "coordinates": [ 92.468056, 26.033556 ] } },
{ "type": "Feature", "properties": { "landslide_id": "NER_00423", "source": "GSI", "source_id": "GSI_0423", "state": "Assam", "district": "West Karbi Anglong", "location": "Amsoi- Amtrang road", "latitude": 26.035278, "longitude": 92.470861, "date": null, "landslide_type": "Slide", "cause": null, "source_page": 13, "confidence": "TABLE_EXTRACTED", "duplicate_group": null, "notes": "Extracted from table on page 13" }, "geometry": { "type": "Point", "coordinates": [ 92.470861, 26.035278 ] } },
{ "type": "Feature", "properties": { "landslide_id": "NER_00424", "source": "GSI", "source_id": "GSI_0424", "state": "Assam", "district": "West Karbi Anglong", "location": "Nellie - Umpanai-Umswai road", "latitude": 26.036583, "longitude": 92.273056, "date": null, "landslide_type": "Slide", "cause": null, "source_page": 13, "confidence": "TABLE_EXTRACTED", "duplicate_group": null, "notes": "Extracted from table on page 13" }, "geometry": { "type": "Point", "coordinates": [ 92.273056, 26.036583 ] } },
{ "type": "Feature", "properties": { "landslide_id": "NER_00425", "source": "GSI", "source_id": "GSI_0425", "state": "Assam", "district": "West Karbi Anglong", "location": "Amsoi- Amtrang road", "latitude": 26.039194, "longitude": 92.4595, "date": null, "landslide_type": "Slide", "cause": null, "source_page": 13, "confidence": "TABLE_EXTRACTED", "duplicate_group": null, "notes": "Extracted from table on page 13" }, "geometry": { "type": "Point", "coordinates": [ 92.4595, 26.039194 ] } },
{ "type": "Feature", "properties": { "landslide_id": "NER_00426", "source": "GSI", "source_id": "GSI_0426", "state": "Assam", "district": "West Karbi Anglong", "location": "Nellie - Umpanai-Umswai road", "latitude": 26.039361, "longitude": 92.273806, "date": null, "landslide_type": "Slide", "cause": null, "source_page": 13, "confidence": "TABLE_EXTRACTED", "duplicate_group": null, "notes": "Extracted from table on page 13" }, "geometry": { "type": "Point", "coordinates": [ 92.273806, 26.039361 ] } },
{ "type": "Feature", "properties": { "landslide_id": "NER_00427", "source": "GSI", "source_id": "GSI_0427", "state": "Assam", "district": "Kamrup", "location": "Barkasarong", "latitude": 26.0405, "longitude": 92.0355, "date": null, "landslide_type": "Slide", "cause": null, "source_page": 13, "confidence": "TABLE_EXTRACTED", "duplicate_group": null, "notes": "Extracted from table on page 13" }, "geometry": { "type": "Point", "coordinates": [ 92.0355, 26.0405 ] } },
{ "type": "Feature", "properties": { "landslide_id": "NER_00428", "source": "GSI", "source_id": "GSI_0428", "state": "Assam", "district": "West Karbi Anglong", "location": "Nellie - Umpanai-Umswai road", "latitude": 26.042139, "longitude": 92.27525, "date": null, "landslide_type": "Slide", "cause": null, "source_page": 13, "confidence": "TABLE_EXTRACTED", "duplicate_group": null, "notes": "Extracted from table on page 13" }, "geometry": { "type": "Point", "coordinates": [ 92.27525, 26.042139 ] } },
{ "type": "Feature", "properties": { "landslide_id": "NER_00429", "source": "GSI", "source_id": "GSI_0429", "state": "Assam", "district": "Kamrup", "location": "Enroute to Kasangmala, Kamrup", "latitude": 26.043267, "longitude": 92.055531, "date": null, "landslide_type": "Slide", "cause": null, "source_page": 13, "confidence": "TABLE_EXTRACTED", "duplicate_group": null, "notes": "Extracted from table on page 13" }, "geometry": { "type": "Point", "coordinates": [ 92.055531, 26.043267 ] } },
{ "type": "Feature", "properties": { "landslide_id": "NER_00430", "source": "GSI", "source_id": "GSI_0430", "state": "Assam", "district": "West Karbi Anglong", "location": "~1 Km North-East of Dolaigaon,\nAmsoi- Amtrang road", "latitude": 26.043583, "longitude": 92.440528, "date": null, "landslide_type": "Slide", "cause": null, "source_page": 13, "confidence": "TABLE_EXTRACTED", "duplicate_group": "DUP_GROUP_137", "notes": "Extracted from table on page 13" }, "geometry": { "type": "Point", "coordinates": [ 92.440528, 26.043583 ] } },
{ "type": "Feature", "properties": { "landslide_id": "NER_00431", "source": "GSI", "source_id": "GSI_0431", "state": "Assam", "district": "West Karbi Anglong", "location": "Amsoi- Amtrang road", "latitude": 26.043583, "longitude": 92.452222, "date": null, "landslide_type": "Slide", "cause": null, "source_page": 13, "confidence": "TABLE_EXTRACTED", "duplicate_group": null, "notes": "Extracted from table on page 13" }, "geometry": { "type": "Point", "coordinates": [ 92.452222, 26.043583 ] } },
{ "type": "Feature", "properties": { "landslide_id": "NER_00432", "source": "GSI", "source_id": "GSI_0432", "state": "Assam", "district": "West Karbi Anglong", "location": "~1.2 Km North-East of\nDolaigaon, Amsoi- Amtrang\nroad", "latitude": 26.043611, "longitude": 92.440944, "date": null, "landslide_type": "Slide", "cause": null, "source_page": 13, "confidence": "TABLE_EXTRACTED", "duplicate_group": "DUP_GROUP_137", "notes": "Extracted from table on page 13" }, "geometry": { "type": "Point", "coordinates": [ 92.440944, 26.043611 ] } },
{ "type": "Feature", "properties": { "landslide_id": "NER_00433", "source": "GSI", "source_id": "GSI_0433", "state": "Assam", "district": "West Karbi Anglong", "location": "~1.5 Km North-East of\nDolaigaon, Amsoi- Amtrang\nroad", "latitude": 26.043722, "longitude": 92.441472, "date": null, "landslide_type": "Slide", "cause": null, "source_page": 13, "confidence": "TABLE_EXTRACTED", "duplicate_group": "DUP_GROUP_138", "notes": "Extracted from table on page 13" }, "geometry": { "type": "Point", "coordinates": [ 92.441472, 26.043722 ] } },
{ "type": "Feature", "properties": { "landslide_id": "NER_00434", "source": "GSI", "source_id": "GSI_0434", "state": "Assam", "district": "West Karbi Anglong", "location": "~1.5 Km South-East\nofTakbigang, Amsoi- Amtrang\nroad", "latitude": 26.045472, "longitude": 92.457417, "date": null, "landslide_type": "Slide", "cause": null, "source_page": 13, "confidence": "TABLE_EXTRACTED", "duplicate_group": null, "notes": "Extracted from table on page 13" }, "geometry": { "type": "Point", "coordinates": [ 92.457417, 26.045472 ] } },
{ "type": "Feature", "properties": { "landslide_id": "NER_00435", "source": "GSI", "source_id": "GSI_0435", "state": "Assam", "district": "West Karbi Anglong", "location": "~1Km South-West ofTakbigang,\nAmsoi- Amtrang road", "latitude": 26.045806, "longitude": 92.450778, "date": null, "landslide_type": "Slide", "cause": null, "source_page": 13, "confidence": "TABLE_EXTRACTED", "duplicate_group": null, "notes": "Extracted from table on page 13" }, "geometry": { "type": "Point", "coordinates": [ 92.450778, 26.045806 ] } },
{ "type": "Feature", "properties": { "landslide_id": "NER_00436", "source": "GSI", "source_id": "GSI_0436", "state": "Assam", "district": "West Karbi Anglong", "location": "East of Barimgaon, Amsoi-\nAmtrang road", "latitude": 26.048611, "longitude": 92.432194, "date": null, "landslide_type": "Slide", "cause": null, "source_page": 14, "confidence": "TABLE_EXTRACTED", "duplicate_group": null, "notes": "Extracted from table on page 14" }, "geometry": { "type": "Point", "coordinates": [ 92.432194, 26.048611 ] } },
{ "type": "Feature", "properties": { "landslide_id": "NER_00437", "source": "GSI", "source_id": "GSI_0437", "state": "Assam", "district": "Kamrup", "location": "Tanduk, Kamrup", "latitude": 26.050286, "longitude": 91.880072, "date": null, "landslide_type": "Slide", "cause": null, "source_page": 14, "confidence": "TABLE_EXTRACTED", "duplicate_group": null, "notes": "Extracted from table on page 14" }, "geometry": { "type": "Point", "coordinates": [ 91.880072, 26.050286 ] } },
{ "type": "Feature", "properties": { "landslide_id": "NER_00438", "source": "GSI", "source_id": "GSI_0438", "state": "Assam", "district": "Karbi Anglong", "location": "SE of Charbong", "latitude": 26.056083, "longitude": 93.406528, "date": null, "landslide_type": "Slide", "cause": null, "source_page": 14, "confidence": "TABLE_EXTRACTED", "duplicate_group": null, "notes": "Extracted from table on page 14" }, "geometry": { "type": "Point", "coordinates": [ 93.406528, 26.056083 ] } },
{ "type": "Feature", "properties": { "landslide_id": "NER_00439", "source": "GSI", "source_id": "GSI_0439", "state": "Assam", "district": "Karbi Anglong", "location": "SE of Charbong", "latitude": 26.058972, "longitude": 93.406972, "date": null, "landslide_type": "Slide", "cause": null, "source_page": 14, "confidence": "TABLE_EXTRACTED", "duplicate_group": null, "notes": "Extracted from table on page 14" }, "geometry": { "type": "Point", "coordinates": [ 93.406972, 26.058972 ] } },
{ "type": "Feature", "properties": { "landslide_id": "NER_00440", "source": "GSI", "source_id": "GSI_0440", "state": "Assam", "district": "Goalpara", "location": "Phophonga village", "latitude": 26.061, "longitude": 90.605, "date": null, "landslide_type": "Slide", "cause": null, "source_page": 14, "confidence": "TABLE_EXTRACTED", "duplicate_group": null, "notes": "Extracted from table on page 14" }, "geometry": { "type": "Point", "coordinates": [ 90.605, 26.061 ] } },
{ "type": "Feature", "properties": { "landslide_id": "NER_00441", "source": "GSI", "source_id": "GSI_0441", "state": "Assam", "district": "Kamrup", "location": "En-route Noonmati-3, Kamrup", "latitude": 26.061861, "longitude": 92.147889, "date": null, "landslide_type": "Slide", "cause": null, "source_page": 14, "confidence": "TABLE_EXTRACTED", "duplicate_group": null, "notes": "Extracted from table on page 14" }, "geometry": { "type": "Point", "coordinates": [ 92.147889, 26.061861 ] } },
{ "type": "Feature", "properties": { "landslide_id": "NER_00442", "source": "GSI", "source_id": "GSI_0442", "state": "Assam", "district": "Kamrup", "location": "Marakdola, near Aluminium\nproduction factory, Kamrup", "latitude": 26.0641, "longitude": 91.889136, "date": null, "landslide_type": "Slide", "cause": null, "source_page": 14, "confidence": "TABLE_EXTRACTED", "duplicate_group": null, "notes": "Extracted from table on page 14" }, "geometry": { "type": "Point", "coordinates": [ 91.889136, 26.0641 ] } },
{ "type": "Feature", "properties": { "landslide_id": "NER_00443", "source": "GSI", "source_id": "GSI_0443", "state": "Assam", "district": "Kamrup", "location": "En-route Noonmati-2, Kamrup", "latitude": 26.065167, "longitude": 92.150639, "date": null, "landslide_type": "Slide", "cause": null, "source_page": 14, "confidence": "TABLE_EXTRACTED", "duplicate_group": null, "notes": "Extracted from table on page 14" }, "geometry": { "type": "Point", "coordinates": [ 92.150639, 26.065167 ] } },
{ "type": "Feature", "properties": { "landslide_id": "NER_00444", "source": "GSI", "source_id": "GSI_0444", "state": "Assam", "district": "Kamrup", "location": "Garbhanga Reserved Forest,\nKamrup", "latitude": 26.071556, "longitude": 91.734028, "date": null, "landslide_type": "Slide", "cause": null, "source_page": 14, "confidence": "TABLE_EXTRACTED", "duplicate_group": null, "notes": "Extracted from table on page 14" }, "geometry": { "type": "Point", "coordinates": [ 91.734028, 26.071556 ] } },
{ "type": "Feature", "properties": { "landslide_id": "NER_00445", "source": "GSI", "source_id": "GSI_0445", "state": "Assam", "district": "Kamrup", "location": "Langdong, Kamrup", "latitude": 26.077653, "longitude": 91.982292, "date": null, "landslide_type": "Slide", "cause": null, "source_page": 14, "confidence": "TABLE_EXTRACTED", "duplicate_group": null, "notes": "Extracted from table on page 14" }, "geometry": { "type": "Point", "coordinates": [ 91.982292, 26.077653 ] } },
{ "type": "Feature", "properties": { "landslide_id": "NER_00446", "source": "GSI", "source_id": "GSI_0446", "state": "Assam", "district": "Kamrup", "location": "Tapatali, Nadighat, Kamrup", "latitude": 26.077806, "longitude": 92.170389, "date": null, "landslide_type": "Slide", "cause": null, "source_page": 14, "confidence": "TABLE_EXTRACTED", "duplicate_group": null, "notes": "Extracted from table on page 14" }, "geometry": { "type": "Point", "coordinates": [ 92.170389, 26.077806 ] } },
{ "type": "Feature", "properties": { "landslide_id": "NER_00447", "source": "GSI", "source_id": "GSI_0447", "state": "Assam", "district": "Kamrup", "location": "Enroute to Barkasarong,\nKamrup", "latitude": 26.077844, "longitude": 92.035022, "date": null, "landslide_type": "Slide", "cause": null, "source_page": 14, "confidence": "TABLE_EXTRACTED", "duplicate_group": null, "notes": "Extracted from table on page 14" }, "geometry": { "type": "Point", "coordinates": [ 92.035022, 26.077844 ] } },
{ "type": "Feature", "properties": { "landslide_id": "NER_00448", "source": "GSI", "source_id": "GSI_0448", "state": "Assam", "district": "Kamrup", "location": "Naukuchi, en-route to\nMagursila, Kamrup", "latitude": 26.080139, "longitude": 92.032667, "date": null, "landslide_type": "Slide", "cause": null, "source_page": 14, "confidence": "TABLE_EXTRACTED", "duplicate_group": null, "notes": "Extracted from table on page 14" }, "geometry": { "type": "Point", "coordinates": [ 92.032667, 26.080139 ] } },
{ "type": "Feature", "properties": { "landslide_id": "NER_00449", "source": "GSI", "source_id": "GSI_0449", "state": "Assam", "district": "Kamrup", "location": "Gharara-3, Kamrup", "latitude": 26.083972, "longitude": 92.14525, "date": null, "landslide_type": "Slide", "cause": null, "source_page": 14, "confidence": "TABLE_EXTRACTED", "duplicate_group": null, "notes": "Extracted from table on page 14" }, "geometry": { "type": "Point", "coordinates": [ 92.14525, 26.083972 ] } },
{ "type": "Feature", "properties": { "landslide_id": "NER_00450", "source": "GSI", "source_id": "GSI_0450", "state": "Assam", "district": "Kamrup", "location": "Nibira Gaon, Anganbari, Kamrup", "latitude": 26.094578, "longitude": 92.135144, "date": null, "landslide_type": "Slide", "cause": null, "source_page": 14, "confidence": "TABLE_EXTRACTED", "duplicate_group": null, "notes": "Extracted from table on page 14" }, "geometry": { "type": "Point", "coordinates": [ 92.135144, 26.094578 ] } },
{ "type": "Feature", "properties": { "landslide_id": "NER_00451", "source": "GSI", "source_id": "GSI_0451", "state": "Assam", "district": "Nagaon", "location": "~300 meter North of\nGarampani, Amsoi- Amtrang\nroad", "latitude": 26.096722, "longitude": 92.43875, "date": null, "landslide_type": "Fall", "cause": null, "source_page": 14, "confidence": "TABLE_EXTRACTED", "duplicate_group": null, "notes": "Extracted from table on page 14" }, "geometry": { "type": "Point", "coordinates": [ 92.43875, 26.096722 ] } },
{ "type": "Feature", "properties": { "landslide_id": "NER_00452", "source": "GSI", "source_id": "GSI_0452", "state": "Assam", "district": "Kamrup", "location": "Alenga-Kanaidas, Sonapur,\nKamrup", "latitude": 26.097986, "longitude": 91.980589, "date": null, "landslide_type": "Slide", "cause": null, "source_page": 14, "confidence": "TABLE_EXTRACTED", "duplicate_group": null, "notes": "Extracted from table on page 14" }, "geometry": { "type": "Point", "coordinates": [ 91.980589, 26.097986 ] } },
{ "type": "Feature", "properties": { "landslide_id": "NER_00453", "source": "GSI", "source_id": "GSI_0453", "state": "Assam", "district": "Dima Hasao", "location": "Between Phiding and Dautohaja\nRailway Station, NFR.", "latitude": 26.098167, "longitude": 91.881278, "date": null, "landslide_type": "Slide", "cause": null, "source_page": 14, "confidence": "TABLE_EXTRACTED", "duplicate_group": null, "notes": "Extracted from table on page 14" }, "geometry": { "type": "Point", "coordinates": [ 91.881278, 26.098167 ] } },
{ "type": "Feature", "properties": { "landslide_id": "NER_00454", "source": "GSI", "source_id": "GSI_0454", "state": "Assam", "district": "Nagaon", "location": "~500 meter North of\nGarampani, Amsoi- Amtrang\nroad", "latitude": 26.098222, "longitude": 92.439389, "date": null, "landslide_type": "Slide", "cause": null, "source_page": 14, "confidence": "TABLE_EXTRACTED", "duplicate_group": null, "notes": "Extracted from table on page 14" }, "geometry": { "type": "Point", "coordinates": [ 92.439389, 26.098222 ] } },
{ "type": "Feature", "properties": { "landslide_id": "NER_00455", "source": "GSI", "source_id": "GSI_0455", "state": "Assam", "district": "Kamrup", "location": "NH-37", "latitude": 26.099975, "longitude": 91.876625, "date": null, "landslide_type": "Slide", "cause": null, "source_page": 14, "confidence": "TABLE_EXTRACTED", "duplicate_group": null, "notes": "Extracted from table on page 14" }, "geometry": { "type": "Point", "coordinates": [ 91.876625, 26.099975 ] } },
{ "type": "Feature", "properties": { "landslide_id": "NER_00456", "source": "GSI", "source_id": "GSI_0456", "state": "Assam", "district": "Nagaon", "location": "Amsoi- Amtrang road", "latitude": 26.101333, "longitude": 92.440556, "date": null, "landslide_type": "Slide", "cause": null, "source_page": 14, "confidence": "TABLE_EXTRACTED", "duplicate_group": "DUP_GROUP_140", "notes": "Extracted from table on page 14" }, "geometry": { "type": "Point", "coordinates": [ 92.440556, 26.101333 ] } },
{ "type": "Feature", "properties": { "landslide_id": "NER_00457", "source": "GSI", "source_id": "GSI_0457", "state": "Assam", "district": "Kamrup", "location": "Barbitli to Tighira road, Kamrup", "latitude": 26.10175, "longitude": 92.040222, "date": null, "landslide_type": "Slide", "cause": null, "source_page": 14, "confidence": "TABLE_EXTRACTED", "duplicate_group": null, "notes": "Extracted from table on page 14" }, "geometry": { "type": "Point", "coordinates": [ 92.040222, 26.10175 ] } },
{ "type": "Feature", "properties": { "landslide_id": "NER_00458", "source": "GSI", "source_id": "GSI_0458", "state": "Assam", "district": "Nagaon", "location": "Amsoi- Amtrang road", "latitude": 26.102167, "longitude": 92.440472, "date": null, "landslide_type": "Slide", "cause": null, "source_page": 14, "confidence": "TABLE_EXTRACTED", "duplicate_group": "DUP_GROUP_140", "notes": "Extracted from table on page 14" }, "geometry": { "type": "Point", "coordinates": [ 92.440472, 26.102167 ] } },
{ "type": "Feature", "properties": { "landslide_id": "NER_00459", "source": "GSI", "source_id": "GSI_0459", "state": "Assam", "district": "Nagaon", "location": "Amsoi- Amtrang road", "latitude": 26.102333, "longitude": 92.4415, "date": null, "landslide_type": "Slide", "cause": null, "source_page": 14, "confidence": "TABLE_EXTRACTED", "duplicate_group": "DUP_GROUP_141", "notes": "Extracted from table on page 14" }, "geometry": { "type": "Point", "coordinates": [ 92.4415, 26.102333 ] } },
{ "type": "Feature", "properties": { "landslide_id": "NER_00460", "source": "GSI", "source_id": "GSI_0460", "state": "Assam", "district": "Nagaon", "location": "Amsoi- Amtrang road", "latitude": 26.102667, "longitude": 92.441639, "date": null, "landslide_type": "Slide", "cause": null, "source_page": 14, "confidence": "TABLE_EXTRACTED", "duplicate_group": "DUP_GROUP_141", "notes": "Extracted from table on page 14" }, "geometry": { "type": "Point", "coordinates": [ 92.441639, 26.102667 ] } },
{ "type": "Feature", "properties": { "landslide_id": "NER_00461", "source": "GSI", "source_id": "GSI_0461", "state": "Assam", "district": "Kamrup", "location": "10th mile, Khanapara", "latitude": 26.102944, "longitude": 91.862111, "date": null, "landslide_type": "Slide", "cause": null, "source_page": 14, "confidence": "TABLE_EXTRACTED", "duplicate_group": null, "notes": "Extracted from table on page 14" }, "geometry": { "type": "Point", "coordinates": [ 91.862111, 26.102944 ] } },
{ "type": "Feature", "properties": { "landslide_id": "NER_00462", "source": "GSI", "source_id": "GSI_0462", "state": "Assam", "district": "Nagaon", "location": "Amsoi- Amtrang road", "latitude": 26.103028, "longitude": 92.440889, "date": null, "landslide_type": "Slide", "cause": null, "source_page": 14, "confidence": "TABLE_EXTRACTED", "duplicate_group": "DUP_GROUP_142", "notes": "Extracted from table on page 14" }, "geometry": { "type": "Point", "coordinates": [ 92.440889, 26.103028 ] } },
{ "type": "Feature", "properties": { "landslide_id": "NER_00463", "source": "GSI", "source_id": "GSI_0463", "state": "Assam", "district": "Nagaon", "location": "Amsoi- Amtrang road", "latitude": 26.105667, "longitude": 92.441, "date": null, "landslide_type": "Slide", "cause": null, "source_page": 14, "confidence": "TABLE_EXTRACTED", "duplicate_group": null, "notes": "Extracted from table on page 14" }, "geometry": { "type": "Point", "coordinates": [ 92.441, 26.105667 ] } },
{ "type": "Feature", "properties": { "landslide_id": "NER_00464", "source": "GSI", "source_id": "GSI_0464", "state": "Assam", "district": "Kamrup", "location": "Matiapahar, Natun bosti near\nRani gate", "latitude": 26.105806, "longitude": 91.62275, "date": null, "landslide_type": "Slide", "cause": null, "source_page": 14, "confidence": "TABLE_EXTRACTED", "duplicate_group": "DUP_GROUP_144", "notes": "Extracted from table on page 14" }, "geometry": { "type": "Point", "coordinates": [ 91.62275, 26.105806 ] } },
{ "type": "Feature", "properties": { "landslide_id": "NER_00465", "source": "GSI", "source_id": "GSI_0465", "state": "Assam", "district": "Kamrup (Metro)", "location": "About 500 m south of Game\nvillage, Lalmati, NH-37", "latitude": 26.10711, "longitude": 91.78917, "date": null, "landslide_type": "Flow", "cause": null, "source_page": 14, "confidence": "TABLE_EXTRACTED", "duplicate_group": "DUP_GROUP_145", "notes": "Extracted from table on page 14" }, "geometry": { "type": "Point", "coordinates": [ 91.78917, 26.10711 ] } },
{ "type": "Feature", "properties": { "landslide_id": "NER_00466", "source": "GSI", "source_id": "GSI_0466", "state": "Assam", "district": "Nagaon", "location": "Amsoi- Amtrang road", "latitude": 26.10725, "longitude": 92.44, "date": null, "landslide_type": "Slide", "cause": null, "source_page": 14, "confidence": "TABLE_EXTRACTED", "duplicate_group": "DUP_GROUP_146", "notes": "Extracted from table on page 14" }, "geometry": { "type": "Point", "coordinates": [ 92.44, 26.10725 ] } },
{ "type": "Feature", "properties": { "landslide_id": "NER_00467", "source": "GSI", "source_id": "GSI_0467", "state": "Assam", "district": "Nagaon", "location": "Amsoi- Amtrang road", "latitude": 26.107667, "longitude": 92.44003, "date": null, "landslide_type": "Slide", "cause": null, "source_page": 14, "confidence": "TABLE_EXTRACTED", "duplicate_group": "DUP_GROUP_146", "notes": "Extracted from table on page 14" }, "geometry": { "type": "Point", "coordinates": [ 92.44003, 26.107667 ] } },
{ "type": "Feature", "properties": { "landslide_id": "NER_00468", "source": "GSI", "source_id": "GSI_0468", "state": "Assam", "district": "Nagaon", "location": "Amsoi- Amtrang road", "latitude": 26.108417, "longitude": 92.440222, "date": null, "landslide_type": "Slide", "cause": null, "source_page": 14, "confidence": "TABLE_EXTRACTED", "duplicate_group": "DUP_GROUP_147", "notes": "Extracted from table on page 14" }, "geometry": { "type": "Point", "coordinates": [ 92.440222, 26.108417 ] } },
{ "type": "Feature", "properties": { "landslide_id": "NER_00469", "source": "GSI", "source_id": "GSI_0469", "state": "Assam", "district": "Kamrup", "location": "Marangabari, Kamrup", "latitude": 26.109222, "longitude": 91.939, "date": null, "landslide_type": "Slide", "cause": null, "source_page": 14, "confidence": "TABLE_EXTRACTED", "duplicate_group": null, "notes": "Extracted from table on page 14" }, "geometry": { "type": "Point", "coordinates": [ 91.939, 26.109222 ] } },
{ "type": "Feature", "properties": { "landslide_id": "NER_00470", "source": "GSI", "source_id": "GSI_0470", "state": "Assam", "district": "Dima Hasao", "location": "Between NFR Bridge No. 305\nand Tunnel No. 19 (~2 km SW of\nBandarkhal Railway Station).", "latitude": 26.11, "longitude": 94.76, "date": null, "landslide_type": "Slide", "cause": null, "source_page": 15, "confidence": "TABLE_EXTRACTED", "duplicate_group": null, "notes": "Extracted from table on page 15" }, "geometry": { "type": "Point", "coordinates": [ 94.76, 26.11 ] } },
{ "type": "Feature", "properties": { "landslide_id": "NER_00471", "source": "GSI", "source_id": "GSI_0471", "state": "Assam", "district": "Kamrup", "location": "En-route Medhikuchi to Upper\nTepesiya, Kamrup", "latitude": 26.110056, "longitude": 91.908944, "date": null, "landslide_type": "Slide", "cause": null, "source_page": 15, "confidence": "TABLE_EXTRACTED", "duplicate_group": null, "notes": "Extracted from table on page 15" }, "geometry": { "type": "Point", "coordinates": [ 91.908944, 26.110056 ] } },
{ "type": "Feature", "properties": { "landslide_id": "NER_00472", "source": "GSI", "source_id": "GSI_0472", "state": "Assam", "district": "Nagaon", "location": "Amsoi- Amtrang road", "latitude": 26.110139, "longitude": 92.439333, "date": null, "landslide_type": "Slide", "cause": null, "source_page": 15, "confidence": "TABLE_EXTRACTED", "duplicate_group": null, "notes": "Extracted from table on page 15" }, "geometry": { "type": "Point", "coordinates": [ 92.439333, 26.110139 ] } },
{ "type": "Feature", "properties": { "landslide_id": "NER_00473", "source": "GSI", "source_id": "GSI_0473", "state": "Assam", "district": "Kamrup", "location": "Between Jorabat and\nKamarkuchi, NH-37", "latitude": 26.110944, "longitude": 91.887917, "date": null, "landslide_type": "Slide", "cause": null, "source_page": 15, "confidence": "TABLE_EXTRACTED", "duplicate_group": null, "notes": "Extracted from table on page 15" }, "geometry": { "type": "Point", "coordinates": [ 91.887917, 26.110944 ] } },
{ "type": "Feature", "properties": { "landslide_id": "NER_00474", "source": "GSI", "source_id": "GSI_0474", "state": "Assam", "district": "Kamrup", "location": "2 no. Rabingaon, Kamrup", "latitude": 26.112083, "longitude": 92.091028, "date": null, "landslide_type": "Slide", "cause": null, "source_page": 15, "confidence": "TABLE_EXTRACTED", "duplicate_group": null, "notes": "Extracted from table on page 15" }, "geometry": { "type": "Point", "coordinates": [ 92.091028, 26.112083 ] } },
{ "type": "Feature", "properties": { "landslide_id": "NER_00475", "source": "GSI", "source_id": "GSI_0475", "state": "Assam", "district": "Kamrup", "location": "NH37 towards Shillong.", "latitude": 26.112667, "longitude": 91.853889, "date": null, "landslide_type": "Slide", "cause": null, "source_page": 15, "confidence": "TABLE_EXTRACTED", "duplicate_group": "DUP_GROUP_148", "notes": "Extracted from table on page 15" }, "geometry": { "type": "Point", "coordinates": [ 91.853889, 26.112667 ] } },
{ "type": "Feature", "properties": { "landslide_id": "NER_00476", "source": "GSI", "source_id": "GSI_0476", "state": "Assam", "district": "Nagaon", "location": "Amsoi- Amtrang road", "latitude": 26.113639, "longitude": 92.441222, "date": null, "landslide_type": "Slide", "cause": null, "source_page": 15, "confidence": "TABLE_EXTRACTED", "duplicate_group": null, "notes": "Extracted from table on page 15" }, "geometry": { "type": "Point", "coordinates": [ 92.441222, 26.113639 ] } },
{ "type": "Feature", "properties": { "landslide_id": "NER_00477", "source": "GSI", "source_id": "GSI_0477", "state": "Assam", "district": "Kamrup", "location": "Garobasti, 8th Mile, near\nKhanapara, Kamrup", "latitude": 26.115139, "longitude": 91.837833, "date": null, "landslide_type": "Slide", "cause": null, "source_page": 15, "confidence": "TABLE_EXTRACTED", "duplicate_group": null, "notes": "Extracted from table on page 15" }, "geometry": { "type": "Point", "coordinates": [ 91.837833, 26.115139 ] } },
{ "type": "Feature", "properties": { "landslide_id": "NER_00478", "source": "GSI", "source_id": "GSI_0478", "state": "Assam", "district": "Nagaon", "location": "Amsoi- Amtrang road", "latitude": 26.116972, "longitude": 92.440083, "date": null, "landslide_type": "Slide", "cause": null, "source_page": 15, "confidence": "TABLE_EXTRACTED", "duplicate_group": "DUP_GROUP_149", "notes": "Extracted from table on page 15" }, "geometry": { "type": "Point", "coordinates": [ 92.440083, 26.116972 ] } },
{ "type": "Feature", "properties": { "landslide_id": "NER_00479", "source": "GSI", "source_id": "GSI_0479", "state": "Assam", "district": "Nagaon", "location": "Amsoi- Amtrang road", "latitude": 26.117111, "longitude": 92.441028, "date": null, "landslide_type": "Slide", "cause": null, "source_page": 15, "confidence": "TABLE_EXTRACTED", "duplicate_group": "DUP_GROUP_149", "notes": "Extracted from table on page 15" }, "geometry": { "type": "Point", "coordinates": [ 92.441028, 26.117111 ] } },
{ "type": "Feature", "properties": { "landslide_id": "NER_00480", "source": "GSI", "source_id": "GSI_0480", "state": "Assam", "district": "Nagaon", "location": "Amsoi nala, Amsoi- Amtrang\nroad", "latitude": 26.117417, "longitude": 92.438667, "date": null, "landslide_type": "Slide", "cause": null, "source_page": 15, "confidence": "TABLE_EXTRACTED", "duplicate_group": null, "notes": "Extracted from table on page 15" }, "geometry": { "type": "Point", "coordinates": [ 92.438667, 26.117417 ] } },
{ "type": "Feature", "properties": { "landslide_id": "NER_00481", "source": "GSI", "source_id": "GSI_0481", "state": "Assam", "district": "Nagaon", "location": "~1.5 Km East of Rongphigaon,\nAmsoi- Amtrang road", "latitude": 26.118167, "longitude": 92.440944, "date": null, "landslide_type": "Slide", "cause": null, "source_page": 15, "confidence": "TABLE_EXTRACTED", "duplicate_group": null, "notes": "Extracted from table on page 15" }, "geometry": { "type": "Point", "coordinates": [ 92.440944, 26.118167 ] } },
{ "type": "Feature", "properties": { "landslide_id": "NER_00482", "source": "GSI", "source_id": "GSI_0482", "state": "Assam", "district": "Nagaon", "location": "~1.2 Km East of Rongphigaon,\nAmsoi- Amtrang road", "latitude": 26.119417, "longitude": 92.439972, "date": null, "landslide_type": "Slide", "cause": null, "source_page": 15, "confidence": "TABLE_EXTRACTED", "duplicate_group": null, "notes": "Extracted from table on page 15" }, "geometry": { "type": "Point", "coordinates": [ 92.439972, 26.119417 ] } },
{ "type": "Feature", "properties": { "landslide_id": "NER_00483", "source": "GSI", "source_id": "GSI_0483", "state": "Assam", "district": "Kamrup", "location": "Datapara, Phatasil Hill", "latitude": 26.121056, "longitude": 91.716389, "date": null, "landslide_type": "Slide", "cause": null, "source_page": 15, "confidence": "TABLE_EXTRACTED", "duplicate_group": null, "notes": "Extracted from table on page 15" }, "geometry": { "type": "Point", "coordinates": [ 91.716389, 26.121056 ] } },
{ "type": "Feature", "properties": { "landslide_id": "NER_00484", "source": "GSI", "source_id": "GSI_0484", "state": "Assam", "district": "Kamrup", "location": "Jagdal, SSB Camp, 1 km north\nfrom NH-37, Kamrup", "latitude": 26.129583, "longitude": 91.938306, "date": null, "landslide_type": "Slide", "cause": null, "source_page": 15, "confidence": "TABLE_EXTRACTED", "duplicate_group": null, "notes": "Extracted from table on page 15" }, "geometry": { "type": "Point", "coordinates": [ 91.938306, 26.129583 ] } },
{ "type": "Feature", "properties": { "landslide_id": "NER_00485", "source": "GSI", "source_id": "GSI_0485", "state": "Assam", "district": "Kamrup", "location": "Punjabari, Guwahati", "latitude": 26.13222, "longitude": 91.83972, "date": null, "landslide_type": "Fall", "cause": null, "source_page": 15, "confidence": "TABLE_EXTRACTED", "duplicate_group": null, "notes": "Extracted from table on page 15" }, "geometry": { "type": "Point", "coordinates": [ 91.83972, 26.13222 ] } },
{ "type": "Feature", "properties": { "landslide_id": "NER_00486", "source": "GSI", "source_id": "GSI_0486", "state": "Assam", "district": "Kamrup (Metro)", "location": "Kahilipara-Ganesh mandir road.", "latitude": 26.13442, "longitude": 91.7501, "date": null, "landslide_type": "Flow", "cause": null, "source_page": 15, "confidence": "TABLE_EXTRACTED", "duplicate_group": null, "notes": "Extracted from table on page 15" }, "geometry": { "type": "Point", "coordinates": [ 91.7501, 26.13442 ] } },
{ "type": "Feature", "properties": { "landslide_id": "NER_00487", "source": "GSI", "source_id": "GSI_0487", "state": "Assam", "district": "Kamrup", "location": null, "latitude": 26.13611, "longitude": 91.74056, "date": null, "landslide_type": "Topple", "cause": null, "source_page": 15, "confidence": "TABLE_EXTRACTED", "duplicate_group": null, "notes": "Extracted from table on page 15" }, "geometry": { "type": "Point", "coordinates": [ 91.74056, 26.13611 ] } },
{ "type": "Feature", "properties": { "landslide_id": "NER_00488", "source": "GSI", "source_id": "GSI_0488", "state": "Assam", "district": "Kamrup", "location": "Paltan Bazar-Lakhra road", "latitude": 26.149444, "longitude": 91.748, "date": null, "landslide_type": "Subsidence", "cause": null, "source_page": 15, "confidence": "TABLE_EXTRACTED", "duplicate_group": "DUP_GROUP_150", "notes": "Extracted from table on page 15" }, "geometry": { "type": "Point", "coordinates": [ 91.748, 26.149444 ] } },
{ "type": "Feature", "properties": { "landslide_id": "NER_00489", "source": "GSI", "source_id": "GSI_0489", "state": "Assam", "district": "Kamrup (Metro)", "location": "Jonali path", "latitude": 26.150537, "longitude": 91.727981, "date": null, "landslide_type": "Slide", "cause": null, "source_page": 15, "confidence": "TABLE_EXTRACTED", "duplicate_group": "DUP_GROUP_151", "notes": "Extracted from table on page 15" }, "geometry": { "type": "Point", "coordinates": [ 91.727981, 26.150537 ] } },
{ "type": "Feature", "properties": { "landslide_id": "NER_00490", "source": "GSI", "source_id": "GSI_0490", "state": "Assam", "district": "Kamrup", "location": "Sakauripara, Namghar, Kamrup", "latitude": 26.153556, "longitude": 92.038694, "date": null, "landslide_type": "Slide", "cause": null, "source_page": 15, "confidence": "TABLE_EXTRACTED", "duplicate_group": null, "notes": "Extracted from table on page 15" }, "geometry": { "type": "Point", "coordinates": [ 92.038694, 26.153556 ] } },
{ "type": "Feature", "properties": { "landslide_id": "NER_00491", "source": "GSI", "source_id": "GSI_0491", "state": "Assam", "district": "Kamrup (Metro)", "location": "Hengrabari", "latitude": 26.15428, "longitude": 91.79264, "date": null, "landslide_type": "Slide", "cause": null, "source_page": 15, "confidence": "TABLE_EXTRACTED", "duplicate_group": "DUP_GROUP_153", "notes": "Extracted from table on page 15" }, "geometry": { "type": "Point", "coordinates": [ 91.79264, 26.15428 ] } },
{ "type": "Feature", "properties": { "landslide_id": "NER_00492", "source": "GSI", "source_id": "GSI_0492", "state": "Assam", "district": "Kamrup (Metro)", "location": "Hegrabari Road, near Ganeshgu\nri, Guwahati.", "latitude": 26.15461, "longitude": 91.80086, "date": null, "landslide_type": "Flow", "cause": null, "source_page": 15, "confidence": "TABLE_EXTRACTED", "duplicate_group": "DUP_GROUP_154", "notes": "Extracted from table on page 15" }, "geometry": { "type": "Point", "coordinates": [ 91.80086, 26.15461 ] } },
{ "type": "Feature", "properties": { "landslide_id": "NER_00493", "source": "GSI", "source_id": "GSI_0493", "state": "Assam", "district": "Kamrup (Metro)", "location": "Guwahati-Shillong Road", "latitude": 26.15478, "longitude": 91.77411, "date": null, "landslide_type": "Flow", "cause": null, "source_page": 15, "confidence": "TABLE_EXTRACTED", "duplicate_group": "DUP_GROUP_155", "notes": "Extracted from table on page 15" }, "geometry": { "type": "Point", "coordinates": [ 91.77411, 26.15478 ] } },
{ "type": "Feature", "properties": { "landslide_id": "NER_00494", "source": "GSI", "source_id": "GSI_0494", "state": "Assam", "district": "Kamrup", "location": "Lechubagan, Udaynagar,\nJaporigog Hill, Kamrup", "latitude": 26.155, "longitude": 91.798167, "date": null, "landslide_type": "Slide", "cause": null, "source_page": 15, "confidence": "TABLE_EXTRACTED", "duplicate_group": null, "notes": "Extracted from table on page 15" }, "geometry": { "type": "Point", "coordinates": [ 91.798167, 26.155 ] } },
{ "type": "Feature", "properties": { "landslide_id": "NER_00495", "source": "GSI", "source_id": "GSI_0495", "state": "Assam", "district": "Kamrup", "location": "Amchang Tea Garden, Towards\nSonapur", "latitude": 26.158639, "longitude": 91.921889, "date": null, "landslide_type": "Slide", "cause": null, "source_page": 15, "confidence": "TABLE_EXTRACTED", "duplicate_group": null, "notes": "Extracted from table on page 15" }, "geometry": { "type": "Point", "coordinates": [ 91.921889, 26.158639 ] } },
{ "type": "Feature", "properties": { "landslide_id": "NER_00496", "source": "GSI", "source_id": "GSI_0496", "state": "Assam", "district": "Kamrup", "location": "Amchang Tea Garden", "latitude": 26.159139, "longitude": 91.915583, "date": null, "landslide_type": "Slide", "cause": null, "source_page": 15, "confidence": "TABLE_EXTRACTED", "duplicate_group": null, "notes": "Extracted from table on page 15" }, "geometry": { "type": "Point", "coordinates": [ 91.915583, 26.159139 ] } },
{ "type": "Feature", "properties": { "landslide_id": "NER_00497", "source": "GSI", "source_id": "GSI_0497", "state": "Assam", "district": "Kamrup", "location": "Amchang Tea Garden", "latitude": 26.159333, "longitude": 91.917611, "date": null, "landslide_type": "Slide", "cause": null, "source_page": 15, "confidence": "TABLE_EXTRACTED", "duplicate_group": null, "notes": "Extracted from table on page 15" }, "geometry": { "type": "Point", "coordinates": [ 91.917611, 26.159333 ] } },
{ "type": "Feature", "properties": { "landslide_id": "NER_00498", "source": "GSI", "source_id": "GSI_0498", "state": "Assam", "district": "Kamrup", "location": "SH:AT Road", "latitude": 26.1625, "longitude": 91.71444, "date": null, "landslide_type": "Flow", "cause": null, "source_page": 15, "confidence": "TABLE_EXTRACTED", "duplicate_group": null, "notes": "Extracted from table on page 15" }, "geometry": { "type": "Point", "coordinates": [ 91.71444, 26.1625 ] } },
{ "type": "Feature", "properties": { "landslide_id": "NER_00499", "source": "GSI", "source_id": "GSI_0499", "state": "Assam", "district": "Kamrup", "location": "Nilachal Pahar, Guwahati.", "latitude": 26.166583, "longitude": 91.714806, "date": null, "landslide_type": "Slide", "cause": null, "source_page": 15, "confidence": "TABLE_EXTRACTED", "duplicate_group": "DUP_GROUP_156", "notes": "Extracted from table on page 15" }, "geometry": { "type": "Point", "coordinates": [ 91.714806, 26.166583 ] } },
{ "type": "Feature", "properties": { "landslide_id": "NER_00500", "source": "GSI", "source_id": "GSI_0500", "state": "Assam", "district": "Kamrup", "location": "Bejeni-1, Garwani Parbat,\nKamrup", "latitude": 26.171972, "longitude": 92.002611, "date": null, "landslide_type": "Slide", "cause": null, "source_page": 15, "confidence": "TABLE_EXTRACTED", "duplicate_group": null, "notes": "Extracted from table on page 15" }, "geometry": { "type": "Point", "coordinates": [ 92.002611, 26.171972 ] } },
{ "type": "Feature", "properties": { "landslide_id": "NER_00501", "source": "GSI", "source_id": "GSI_0501", "state": "Assam", "district": "Nagaon", "location": "Rengbeng tea garden", "latitude": 26.172917, "longitude": 92.762778, "date": null, "landslide_type": "Slide", "cause": null, "source_page": 15, "confidence": "TABLE_EXTRACTED", "duplicate_group": null, "notes": "Extracted from table on page 15" }, "geometry": { "type": "Point", "coordinates": [ 92.762778, 26.172917 ] } },
{ "type": "Feature", "properties": { "landslide_id": "NER_00502", "source": "GSI", "source_id": "GSI_0502", "state": "Assam", "district": "Kamrup (Metro)", "location": "Pub Sarania hill, Guwahati", "latitude": 26.1755, "longitude": 91.76175, "date": null, "landslide_type": "Slide", "cause": null, "source_page": 15, "confidence": "TABLE_EXTRACTED", "duplicate_group": "DUP_GROUP_158", "notes": "Extracted from table on page 15" }, "geometry": { "type": "Point", "coordinates": [ 91.76175, 26.1755 ] } },
{ "type": "Feature", "properties": { "landslide_id": "NER_00503", "source": "GSI", "source_id": "GSI_0503", "state": "Assam", "district": "Kamrup (Metro)", "location": "Zoo Tiniali-Narengi Road", "latitude": 26.17672, "longitude": 91.78672, "date": null, "landslide_type": "Flow", "cause": null, "source_page": 15, "confidence": "TABLE_EXTRACTED", "duplicate_group": "DUP_GROUP_159", "notes": "Extracted from table on page 15" }, "geometry": { "type": "Point", "coordinates": [ 91.78672, 26.17672 ] } },
{ "type": "Feature", "properties": { "landslide_id": "NER_00504", "source": "GSI", "source_id": "GSI_0504", "state": "Assam", "district": "Kamrup (Metro)", "location": "Ganpat Mandir road", "latitude": 26.17672, "longitude": 91.76525, "date": null, "landslide_type": "Slide", "cause": null, "source_page": 15, "confidence": "TABLE_EXTRACTED", "duplicate_group": "DUP_GROUP_160", "notes": "Extracted from table on page 15" }, "geometry": { "type": "Point", "coordinates": [ 91.76525, 26.17672 ] } },
{ "type": "Feature", "properties": { "landslide_id": "NER_00505", "source": "GSI", "source_id": "GSI_0505", "state": "Assam", "district": "Kamrup (Metro)", "location": "Ganpat Mandir road", "latitude": 26.17756, "longitude": 91.76589, "date": null, "landslide_type": "Slide", "cause": null, "source_page": 16, "confidence": "TABLE_EXTRACTED", "duplicate_group": "DUP_GROUP_161", "notes": "Extracted from table on page 16" }, "geometry": { "type": "Point", "coordinates": [ 91.76589, 26.17756 ] } },
{ "type": "Feature", "properties": { "landslide_id": "NER_00506", "source": "GSI", "source_id": "GSI_0506", "state": "Assam", "district": "Kamrup", "location": null, "latitude": 26.17806, "longitude": 91.76083, "date": null, "landslide_type": null, "cause": null, "source_page": 16, "confidence": "TABLE_EXTRACTED", "duplicate_group": null, "notes": "Extracted from table on page 16" }, "geometry": { "type": "Point", "coordinates": [ 91.76083, 26.17806 ] } },
{ "type": "Feature", "properties": { "landslide_id": "NER_00507", "source": "GSI", "source_id": "GSI_0507", "state": "Assam", "district": "Kamrup (Metro)", "location": "Tuinang colony", "latitude": 26.18842, "longitude": 91.85125, "date": null, "landslide_type": "Slide", "cause": null, "source_page": 16, "confidence": "TABLE_EXTRACTED", "duplicate_group": "DUP_GROUP_162", "notes": "Extracted from table on page 16" }, "geometry": { "type": "Point", "coordinates": [ 91.85125, 26.18842 ] } },
{ "type": "Feature", "properties": { "landslide_id": "NER_00508", "source": "GSI", "source_id": "GSI_0508", "state": "Assam", "district": "Kamrup (Metro)", "location": "Chandmari Road", "latitude": 26.18867, "longitude": 91.76694, "date": null, "landslide_type": "Flow", "cause": null, "source_page": 16, "confidence": "TABLE_EXTRACTED", "duplicate_group": "DUP_GROUP_163", "notes": "Extracted from table on page 16" }, "geometry": { "type": "Point", "coordinates": [ 91.76694, 26.18867 ] } },
{ "type": "Feature", "properties": { "landslide_id": "NER_00509", "source": "GSI", "source_id": "GSI_0509", "state": "Assam", "district": "Kamrup", "location": null, "latitude": 26.18917, "longitude": 91.80111, "date": null, "landslide_type": null, "cause": null, "source_page": 16, "confidence": "TABLE_EXTRACTED", "duplicate_group": null, "notes": "Extracted from table on page 16" }, "geometry": { "type": "Point", "coordinates": [ 91.80111, 26.18917 ] } },
{ "type": "Feature", "properties": { "landslide_id": "NER_00510", "source": "GSI", "source_id": "GSI_0510", "state": "Assam", "district": "Kamrup", "location": "Akashinagar, Jyotinagar,\nNabagraha Hill", "latitude": 26.189306, "longitude": 91.787944, "date": null, "landslide_type": "Slide", "cause": null, "source_page": 16, "confidence": "TABLE_EXTRACTED", "duplicate_group": "DUP_GROUP_164", "notes": "Extracted from table on page 16" }, "geometry": { "type": "Point", "coordinates": [ 91.787944, 26.189306 ] } },
{ "type": "Feature", "properties": { "landslide_id": "NER_00511", "source": "GSI", "source_id": "GSI_0511", "state": "Assam", "district": "Kamrup (Metro)", "location": "Akashi Nagar, Jyoti Nagar,\nGuwahati.", "latitude": 26.1895, "longitude": 91.787167, "date": null, "landslide_type": "Slide", "cause": null, "source_page": 16, "confidence": "TABLE_EXTRACTED", "duplicate_group": "DUP_GROUP_164", "notes": "Extracted from table on page 16" }, "geometry": { "type": "Point", "coordinates": [ 91.787167, 26.1895 ] } },
{ "type": "Feature", "properties": { "landslide_id": "NER_00512", "source": "GSI", "source_id": "GSI_0512", "state": "Assam", "district": "Kamrup", "location": "3no. Salbari, Babuji nagar,\nKharghuli Hill, Kamrup", "latitude": 26.19025, "longitude": 91.806472, "date": null, "landslide_type": "Slide", "cause": null, "source_page": 16, "confidence": "TABLE_EXTRACTED", "duplicate_group": null, "notes": "Extracted from table on page 16" }, "geometry": { "type": "Point", "coordinates": [ 91.806472, 26.19025 ] } },
{ "type": "Feature", "properties": { "landslide_id": "NER_00513", "source": "GSI", "source_id": "GSI_0513", "state": "Assam", "district": "Kamrup (Metro)", "location": "Noonmati, Guwahati", "latitude": 26.190389, "longitude": 91.809944, "date": null, "landslide_type": "Slide", "cause": null, "source_page": 16, "confidence": "TABLE_EXTRACTED", "duplicate_group": "DUP_GROUP_167", "notes": "Extracted from table on page 16" }, "geometry": { "type": "Point", "coordinates": [ 91.809944, 26.190389 ] } },
{ "type": "Feature", "properties": { "landslide_id": "NER_00514", "source": "GSI", "source_id": "GSI_0514", "state": "Assam", "district": "Kamrup (Metro)", "location": "Babubasti–Panikhaiti road\nsection/Bonda colony, Amgaon", "latitude": 26.19081, "longitude": 91.84528, "date": null, "landslide_type": "Slide", "cause": null, "source_page": 16, "confidence": "TABLE_EXTRACTED", "duplicate_group": null, "notes": "Extracted from table on page 16" }, "geometry": { "type": "Point", "coordinates": [ 91.84528, 26.19081 ] } },
{ "type": "Feature", "properties": { "landslide_id": "NER_00515", "source": "GSI", "source_id": "GSI_0515", "state": "Assam", "district": "Kamrup", "location": "Salbari, Nepali chowk, Kharghuli\nHill, Kamrup", "latitude": 26.191667, "longitude": 91.803611, "date": null, "landslide_type": "Slide", "cause": null, "source_page": 16, "confidence": "TABLE_EXTRACTED", "duplicate_group": "DUP_GROUP_168", "notes": "Extracted from table on page 16" }, "geometry": { "type": "Point", "coordinates": [ 91.803611, 26.191667 ] } },
{ "type": "Feature", "properties": { "landslide_id": "NER_00516", "source": "GSI", "source_id": "GSI_0516", "state": "Assam", "district": "Kamrup", "location": null, "latitude": 26.19167, "longitude": 91.79028, "date": null, "landslide_type": null, "cause": null, "source_page": 16, "confidence": "TABLE_EXTRACTED", "duplicate_group": null, "notes": "Extracted from table on page 16" }, "geometry": { "type": "Point", "coordinates": [ 91.79028, 26.19167 ] } },
{ "type": "Feature", "properties": { "landslide_id": "NER_00517", "source": "GSI", "source_id": "GSI_0517", "state": "Assam", "district": "Kamrup (Metro)", "location": "Mandakini path, Kharghuli", "latitude": 26.192444, "longitude": 91.764222, "date": null, "landslide_type": "Slide", "cause": null, "source_page": 16, "confidence": "TABLE_EXTRACTED", "duplicate_group": "DUP_GROUP_169", "notes": "Extracted from table on page 16" }, "geometry": { "type": "Point", "coordinates": [ 91.764222, 26.192444 ] } },
{ "type": "Feature", "properties": { "landslide_id": "NER_00518", "source": "GSI", "source_id": "GSI_0518", "state": "Assam", "district": "Kamrup", "location": "Hastinapur Near Jorabat\nopposite of Cow bazaar", "latitude": 26.195306, "longitude": 91.765639, "date": null, "landslide_type": "Slide", "cause": null, "source_page": 16, "confidence": "TABLE_EXTRACTED", "duplicate_group": "DUP_GROUP_170", "notes": "Extracted from table on page 16" }, "geometry": { "type": "Point", "coordinates": [ 91.765639, 26.195306 ] } },
{ "type": "Feature", "properties": { "landslide_id": "NER_00519", "source": "GSI", "source_id": "GSI_0519", "state": "Assam", "district": "Kamrup (Metro)", "location": "Njiura Par Path, Piyali Phukan\nNagar, Guwahati", "latitude": 26.195528, "longitude": 91.780556, "date": null, "landslide_type": "Slide", "cause": null, "source_page": 16, "confidence": "TABLE_EXTRACTED", "duplicate_group": "DUP_GROUP_171", "notes": "Extracted from table on page 16" }, "geometry": { "type": "Point", "coordinates": [ 91.780556, 26.195528 ] } },
{ "type": "Feature", "properties": { "landslide_id": "NER_00520", "source": "GSI", "source_id": "GSI_0520", "state": "Assam", "district": "Kamrup (Metro)", "location": "Chandmari Road", "latitude": 26.19622, "longitude": 91.76336, "date": null, "landslide_type": "Flow", "cause": null, "source_page": 16, "confidence": "TABLE_EXTRACTED", "duplicate_group": "DUP_GROUP_172", "notes": "Extracted from table on page 16" }, "geometry": { "type": "Point", "coordinates": [ 91.76336, 26.19622 ] } },
{ "type": "Feature", "properties": { "landslide_id": "NER_00521", "source": "GSI", "source_id": "GSI_0521", "state": "Assam", "district": "Goalpara", "location": "NH-31/Suapata", "latitude": 26.198, "longitude": 90.298, "date": null, "landslide_type": "Slide", "cause": null, "source_page": 16, "confidence": "TABLE_EXTRACTED", "duplicate_group": null, "notes": "Extracted from table on page 16" }, "geometry": { "type": "Point", "coordinates": [ 90.298, 26.198 ] } },
{ "type": "Feature", "properties": { "landslide_id": "NER_00522", "source": "GSI", "source_id": "GSI_0522", "state": "Assam", "district": "Dima Hasao", "location": null, "latitude": 26.20261, "longitude": 91.14528, "date": null, "landslide_type": null, "cause": null, "source_page": 16, "confidence": "TABLE_EXTRACTED", "duplicate_group": null, "notes": "Extracted from table on page 16" }, "geometry": { "type": "Point", "coordinates": [ 91.14528, 26.20261 ] } },
{ "type": "Feature", "properties": { "landslide_id": "NER_00523", "source": "GSI", "source_id": "GSI_0523", "state": "Assam", "district": "Kamrup (Metro)", "location": "Panikhaiti, Bongaon, near\nrailway line.", "latitude": 26.20536, "longitude": 91.86497, "date": null, "landslide_type": "Slide", "cause": null, "source_page": 16, "confidence": "TABLE_EXTRACTED", "duplicate_group": null, "notes": "Extracted from table on page 16" }, "geometry": { "type": "Point", "coordinates": [ 91.86497, 26.20536 ] } },
{ "type": "Feature", "properties": { "landslide_id": "NER_00524", "source": "GSI", "source_id": "GSI_0524", "state": "Assam", "district": "Kamrup", "location": "Garogaon Primary School,\nBarigog-Panbari, Kamrup", "latitude": 26.205583, "longitude": 91.963222, "date": null, "landslide_type": "Slide", "cause": null, "source_page": 16, "confidence": "TABLE_EXTRACTED", "duplicate_group": null, "notes": "Extracted from table on page 16" }, "geometry": { "type": "Point", "coordinates": [ 91.963222, 26.205583 ] } },
{ "type": "Feature", "properties": { "landslide_id": "NER_00525", "source": "GSI", "source_id": "GSI_0525", "state": "Assam", "district": "Kamrup", "location": "infront of IIT Guwahati\napproach", "latitude": 26.211111, "longitude": 91.684167, "date": null, "landslide_type": "Topple", "cause": null, "source_page": 16, "confidence": "TABLE_EXTRACTED", "duplicate_group": "DUP_GROUP_173", "notes": "Extracted from table on page 16" }, "geometry": { "type": "Point", "coordinates": [ 91.684167, 26.211111 ] } },
{ "type": "Feature", "properties": { "landslide_id": "NER_00526", "source": "GSI", "source_id": "GSI_0526", "state": "Assam", "district": "Morigaon", "location": "Khatargaon, Bura Mayang\nPahar, Morigaon", "latitude": 26.250333, "longitude": 91.976694, "date": null, "landslide_type": "Slide", "cause": null, "source_page": 16, "confidence": "TABLE_EXTRACTED", "duplicate_group": null, "notes": "Extracted from table on page 16" }, "geometry": { "type": "Point", "coordinates": [ 91.976694, 26.250333 ] } },
{ "type": "Feature", "properties": { "landslide_id": "NER_00527", "source": "GSI", "source_id": "GSI_0527", "state": "Assam", "district": "Kamrup", "location": "Bolabil near Kali mandir", "latitude": 26.256139, "longitude": 91.711583, "date": null, "landslide_type": "Slide", "cause": null, "source_page": 16, "confidence": "TABLE_EXTRACTED", "duplicate_group": null, "notes": "Extracted from table on page 16" }, "geometry": { "type": "Point", "coordinates": [ 91.711583, 26.256139 ] } },
{ "type": "Feature", "properties": { "landslide_id": "NER_00528", "source": "GSI", "source_id": "GSI_0528", "state": "Assam", "district": "Karbi Anglong", "location": "Samelangso-Langlangso road", "latitude": 26.297306, "longitude": 93.211833, "date": null, "landslide_type": "Slide", "cause": null, "source_page": 16, "confidence": "TABLE_EXTRACTED", "duplicate_group": "DUP_GROUP_174", "notes": "Extracted from table on page 16" }, "geometry": { "type": "Point", "coordinates": [ 93.211833, 26.297306 ] } },
{ "type": "Feature", "properties": { "landslide_id": "NER_00529", "source": "GSI", "source_id": "GSI_0529", "state": "Assam", "district": "Karbi Anglong", "location": "Samelangso-Langlangso road", "latitude": 26.297778, "longitude": 93.211111, "date": null, "landslide_type": "Slide", "cause": null, "source_page": 16, "confidence": "TABLE_EXTRACTED", "duplicate_group": "DUP_GROUP_174", "notes": "Extracted from table on page 16" }, "geometry": { "type": "Point", "coordinates": [ 93.211111, 26.297778 ] } },
{ "type": "Feature", "properties": { "landslide_id": "NER_00530", "source": "GSI", "source_id": "GSI_0530", "state": "Assam", "district": "Karbi Anglong", "location": "Samelangso-Langlangso road", "latitude": 26.298389, "longitude": 93.21625, "date": null, "landslide_type": "Slide", "cause": null, "source_page": 16, "confidence": "TABLE_EXTRACTED", "duplicate_group": null, "notes": "Extracted from table on page 16" }, "geometry": { "type": "Point", "coordinates": [ 93.21625, 26.298389 ] } },
{ "type": "Feature", "properties": { "landslide_id": "NER_00531", "source": "GSI", "source_id": "GSI_0531", "state": "Assam", "district": "Karbi Anglong", "location": "Samelangso-Langlangso road", "latitude": 26.302944, "longitude": 93.225389, "date": null, "landslide_type": "Slide", "cause": null, "source_page": 16, "confidence": "TABLE_EXTRACTED", "duplicate_group": "DUP_GROUP_175", "notes": "Extracted from table on page 16" }, "geometry": { "type": "Point", "coordinates": [ 93.225389, 26.302944 ] } },
{ "type": "Feature", "properties": { "landslide_id": "NER_00532", "source": "GSI", "source_id": "GSI_0532", "state": "Assam", "district": "Karbi Anglong", "location": "Samelangso-Langlangso road", "latitude": 26.303333, "longitude": 93.225694, "date": null, "landslide_type": "Slide", "cause": null, "source_page": 16, "confidence": "TABLE_EXTRACTED", "duplicate_group": "DUP_GROUP_175", "notes": "Extracted from table on page 16" }, "geometry": { "type": "Point", "coordinates": [ 93.225694, 26.303333 ] } },
{ "type": "Feature", "properties": { "landslide_id": "NER_00533", "source": "GSI", "source_id": "GSI_0533", "state": "Assam", "district": "Karbi Anglong", "location": "Sartherang Juri", "latitude": 26.307972, "longitude": 93.275722, "date": null, "landslide_type": "Slide", "cause": null, "source_page": 16, "confidence": "TABLE_EXTRACTED", "duplicate_group": null, "notes": "Extracted from table on page 16" }, "geometry": { "type": "Point", "coordinates": [ 93.275722, 26.307972 ] } },
{ "type": "Feature", "properties": { "landslide_id": "NER_00534", "source": "GSI", "source_id": "GSI_0534", "state": "Assam", "district": "Karbi Anglong", "location": "Rongar-eh ΓÇô Pinghat\nRangpigaon ΓÇô Tiabergaon\nRoad Section", "latitude": 26.314847, "longitude": 93.256125, "date": null, "landslide_type": "Slide", "cause": null, "source_page": 16, "confidence": "TABLE_EXTRACTED", "duplicate_group": "DUP_GROUP_176", "notes": "Extracted from table on page 16" }, "geometry": { "type": "Point", "coordinates": [ 93.256125, 26.314847 ] } },
{ "type": "Feature", "properties": { "landslide_id": "NER_00535", "source": "GSI", "source_id": "GSI_0535", "state": "Assam", "district": "Karbi Anglong", "location": "Rongar-eh ΓÇô Pinghat\nRangpigaon ΓÇô Tiabergaon\nRoad Section", "latitude": 26.314964, "longitude": 93.256408, "date": null, "landslide_type": "Slide", "cause": null, "source_page": 16, "confidence": "TABLE_EXTRACTED", "duplicate_group": "DUP_GROUP_176", "notes": "Extracted from table on page 16" }, "geometry": { "type": "Point", "coordinates": [ 93.256408, 26.314964 ] } },
{ "type": "Feature", "properties": { "landslide_id": "NER_00536", "source": "GSI", "source_id": "GSI_0536", "state": "Assam", "district": "Karbi Anglong", "location": "Waterfall road", "latitude": 26.323083, "longitude": 93.093167, "date": null, "landslide_type": "Slide", "cause": null, "source_page": 17, "confidence": "TABLE_EXTRACTED", "duplicate_group": null, "notes": "Extracted from table on page 17" }, "geometry": { "type": "Point", "coordinates": [ 93.093167, 26.323083 ] } },
{ "type": "Feature", "properties": { "landslide_id": "NER_00537", "source": "GSI", "source_id": "GSI_0537", "state": "Assam", "district": "Karbi Anglong", "location": "Pinghat Rangpigaon", "latitude": 26.32685, "longitude": 93.267639, "date": null, "landslide_type": "Slide", "cause": null, "source_page": 17, "confidence": "TABLE_EXTRACTED", "duplicate_group": null, "notes": "Extracted from table on page 17" }, "geometry": { "type": "Point", "coordinates": [ 93.267639, 26.32685 ] } },
{ "type": "Feature", "properties": { "landslide_id": "NER_00538", "source": "GSI", "source_id": "GSI_0538", "state": "Assam", "district": "Karbi Anglong", "location": "Pinghat Rangpigaon", "latitude": 26.3287, "longitude": 93.269194, "date": null, "landslide_type": "Slide", "cause": null, "source_page": 17, "confidence": "TABLE_EXTRACTED", "duplicate_group": null, "notes": "Extracted from table on page 17" }, "geometry": { "type": "Point", "coordinates": [ 93.269194, 26.3287 ] } },
{ "type": "Feature", "properties": { "landslide_id": "NER_00539", "source": "GSI", "source_id": "GSI_0539", "state": "Assam", "district": "Karbi Anglong", "location": "Bhelughat-Bisarpur Terongaon\nroad", "latitude": 26.339833, "longitude": 93.099972, "date": null, "landslide_type": "Slide", "cause": null, "source_page": 17, "confidence": "TABLE_EXTRACTED", "duplicate_group": null, "notes": "Extracted from table on page 17" }, "geometry": { "type": "Point", "coordinates": [ 93.099972, 26.339833 ] } },
{ "type": "Feature", "properties": { "landslide_id": "NER_00540", "source": "GSI", "source_id": "GSI_0540", "state": "Assam", "district": "Karbi Anglong", "location": "Numaligarh-Silonijan road", "latitude": 26.34075, "longitude": 93.78861, "date": null, "landslide_type": "Slide", "cause": null, "source_page": 17, "confidence": "TABLE_EXTRACTED", "duplicate_group": null, "notes": "Extracted from table on page 17" }, "geometry": { "type": "Point", "coordinates": [ 93.78861, 26.34075 ] } },
{ "type": "Feature", "properties": { "landslide_id": "NER_00541", "source": "GSI", "source_id": "GSI_0541", "state": "Assam", "district": "Karbi Anglong", "location": "Daigurung road", "latitude": 26.3466, "longitude": 93.7356, "date": null, "landslide_type": "Slide", "cause": null, "source_page": 17, "confidence": "TABLE_EXTRACTED", "duplicate_group": null, "notes": "Extracted from table on page 17" }, "geometry": { "type": "Point", "coordinates": [ 93.7356, 26.3466 ] } },
{ "type": "Feature", "properties": { "landslide_id": "NER_00542", "source": "GSI", "source_id": "GSI_0542", "state": "Assam", "district": "Karbi Anglong", "location": "Dak Ranghanggaon", "latitude": 26.347417, "longitude": 93.2982, "date": null, "landslide_type": "Slide", "cause": null, "source_page": 17, "confidence": "TABLE_EXTRACTED", "duplicate_group": null, "notes": "Extracted from table on page 17" }, "geometry": { "type": "Point", "coordinates": [ 93.2982, 26.347417 ] } },
{ "type": "Feature", "properties": { "landslide_id": "NER_00543", "source": "GSI", "source_id": "GSI_0543", "state": "Assam", "district": "Karbi Anglong", "location": "Daigurung road", "latitude": 26.3477, "longitude": 93.7399, "date": null, "landslide_type": "Slide", "cause": null, "source_page": 17, "confidence": "TABLE_EXTRACTED", "duplicate_group": null, "notes": "Extracted from table on page 17" }, "geometry": { "type": "Point", "coordinates": [ 93.7399, 26.3477 ] } },
{ "type": "Feature", "properties": { "landslide_id": "NER_00544", "source": "GSI", "source_id": "GSI_0544", "state": "Assam", "district": "Karbi Anglong", "location": "Daigurung road", "latitude": 26.3478, "longitude": 93.7417, "date": null, "landslide_type": "Slide", "cause": null, "source_page": 17, "confidence": "TABLE_EXTRACTED", "duplicate_group": null, "notes": "Extracted from table on page 17" }, "geometry": { "type": "Point", "coordinates": [ 93.7417, 26.3478 ] } },
{ "type": "Feature", "properties": { "landslide_id": "NER_00545", "source": "GSI", "source_id": "GSI_0545", "state": "Assam", "district": "Karbi Anglong", "location": "Numaligarh-Silonijan road", "latitude": 26.34838, "longitude": 93.78208, "date": null, "landslide_type": "Slide", "cause": null, "source_page": 17, "confidence": "TABLE_EXTRACTED", "duplicate_group": null, "notes": "Extracted from table on page 17" }, "geometry": { "type": "Point", "coordinates": [ 93.78208, 26.34838 ] } },
{ "type": "Feature", "properties": { "landslide_id": "NER_00546", "source": "GSI", "source_id": "GSI_0546", "state": "Assam", "district": "Karbi Anglong", "location": "Thedanghanse- Teranggaon\nroad", "latitude": 26.34938, "longitude": 93.78091, "date": null, "landslide_type": "Slide", "cause": null, "source_page": 17, "confidence": "TABLE_EXTRACTED", "duplicate_group": null, "notes": "Extracted from table on page 17" }, "geometry": { "type": "Point", "coordinates": [ 93.78091, 26.34938 ] } },
{ "type": "Feature", "properties": { "landslide_id": "NER_00547", "source": "GSI", "source_id": "GSI_0547", "state": "Assam", "district": "Karbi Anglong", "location": "Langsothedong", "latitude": 26.35622, "longitude": 93.77941, "date": null, "landslide_type": "Slide", "cause": null, "source_page": 17, "confidence": "TABLE_EXTRACTED", "duplicate_group": null, "notes": "Extracted from table on page 17" }, "geometry": { "type": "Point", "coordinates": [ 93.77941, 26.35622 ] } },
{ "type": "Feature", "properties": { "landslide_id": "NER_00548", "source": "GSI", "source_id": "GSI_0548", "state": "Assam", "district": "Bongaigaon", "location": "Nayapara", "latitude": 26.3733, "longitude": 90.5499, "date": null, "landslide_type": "Slide", "cause": null, "source_page": 17, "confidence": "TABLE_EXTRACTED", "duplicate_group": null, "notes": "Extracted from table on page 17" }, "geometry": { "type": "Point", "coordinates": [ 90.5499, 26.3733 ] } },
{ "type": "Feature", "properties": { "landslide_id": "NER_00549", "source": "GSI", "source_id": "GSI_0549", "state": "Assam", "district": "Kamrup (Metro)", "location": "Babubasti–Panikhaiti road\nsection/Bonda colony, Amgaon", "latitude": 26.37456, "longitude": 91.84561, "date": null, "landslide_type": "Slide", "cause": null, "source_page": 17, "confidence": "TABLE_EXTRACTED", "duplicate_group": null, "notes": "Extracted from table on page 17" }, "geometry": { "type": "Point", "coordinates": [ 91.84561, 26.37456 ] } },
{ "type": "Feature", "properties": { "landslide_id": "NER_00550", "source": "GSI", "source_id": "GSI_0550", "state": "Assam", "district": "Bongaigaon", "location": "Shalabhandar", "latitude": 26.3848, "longitude": 90.5943, "date": null, "landslide_type": "Slide", "cause": null, "source_page": 17, "confidence": "TABLE_EXTRACTED", "duplicate_group": null, "notes": "Extracted from table on page 17" }, "geometry": { "type": "Point", "coordinates": [ 90.5943, 26.3848 ] } },
{ "type": "Feature", "properties": { "landslide_id": "NER_00551", "source": "GSI", "source_id": "GSI_0551", "state": "Assam", "district": "Bongaigaon", "location": "Majhigaon", "latitude": 26.394, "longitude": 90.48, "date": null, "landslide_type": "Slide", "cause": null, "source_page": 17, "confidence": "TABLE_EXTRACTED", "duplicate_group": null, "notes": "Extracted from table on page 17" }, "geometry": { "type": "Point", "coordinates": [ 90.48, 26.394 ] } },
{ "type": "Feature", "properties": { "landslide_id": "NER_00552", "source": "GSI", "source_id": "GSI_0552", "state": "Assam", "district": "Karbi Anglong", "location": "Anjukpani- Dumroi road", "latitude": 26.483278, "longitude": 93.181306, "date": null, "landslide_type": "Slide", "cause": null, "source_page": 17, "confidence": "TABLE_EXTRACTED", "duplicate_group": null, "notes": "Extracted from table on page 17" }, "geometry": { "type": "Point", "coordinates": [ 93.181306, 26.483278 ] } },
{ "type": "Feature", "properties": { "landslide_id": "NER_00553", "source": "GSI", "source_id": "GSI_0553", "state": "Assam", "district": "Karbi Anglong", "location": "Dathora ΓÇôTeranggaon road.", "latitude": 26.51925, "longitude": 93.47147, "date": null, "landslide_type": "Slide", "cause": null, "source_page": 17, "confidence": "TABLE_EXTRACTED", "duplicate_group": null, "notes": "Extracted from table on page 17" }, "geometry": { "type": "Point", "coordinates": [ 93.47147, 26.51925 ] } },
{ "type": "Feature", "properties": { "landslide_id": "NER_00554", "source": "GSI", "source_id": "GSI_0554", "state": "Assam", "district": "Karbi Anglong", "location": "Paniramtokbi", "latitude": 26.5235, "longitude": 93.28166, "date": null, "landslide_type": "Slide", "cause": null, "source_page": 17, "confidence": "TABLE_EXTRACTED", "duplicate_group": null, "notes": "Extracted from table on page 17" }, "geometry": { "type": "Point", "coordinates": [ 93.28166, 26.5235 ] } },
{ "type": "Feature", "properties": { "landslide_id": "NER_00555", "source": "GSI", "source_id": "GSI_0555", "state": "Assam", "district": "Jorhat", "location": "Mariani-Chanki Rd", "latitude": 26.54, "longitude": 94.37, "date": null, "landslide_type": "Slide", "cause": null, "source_page": 17, "confidence": "TABLE_EXTRACTED", "duplicate_group": "DUP_GROUP_177", "notes": "Extracted from table on page 17" }, "geometry": { "type": "Point", "coordinates": [ 94.37, 26.54 ] } },
{ "type": "Feature", "properties": { "landslide_id": "NER_00556", "source": "GSI", "source_id": "GSI_0556", "state": "Assam", "district": "Jorhat", "location": "Mariani-Chanki Rd", "latitude": 26.54, "longitude": 94.37, "date": null, "landslide_type": "Slide", "cause": null, "source_page": 17, "confidence": "TABLE_EXTRACTED", "duplicate_group": "DUP_GROUP_177", "notes": "Extracted from table on page 17" }, "geometry": { "type": "Point", "coordinates": [ 94.37, 26.54 ] } },
{ "type": "Feature", "properties": { "landslide_id": "NER_00557", "source": "GSI", "source_id": "GSI_0557", "state": "Assam", "district": "Jorhat", "location": "Mariani-Chanki Rd (New\nChungiayimsen)", "latitude": 26.54, "longitude": 94.37, "date": null, "landslide_type": "Slide", "cause": null, "source_page": 17, "confidence": "TABLE_EXTRACTED", "duplicate_group": "DUP_GROUP_178", "notes": "Extracted from table on page 17" }, "geometry": { "type": "Point", "coordinates": [ 94.37, 26.54 ] } },
{ "type": "Feature", "properties": { "landslide_id": "NER_00558", "source": "GSI", "source_id": "GSI_0558", "state": "Assam", "district": "Jorhat", "location": "Mariani-Chanki Rd", "latitude": 26.55, "longitude": 94.36, "date": null, "landslide_type": "Slide", "cause": null, "source_page": 17, "confidence": "TABLE_EXTRACTED", "duplicate_group": "DUP_GROUP_180", "notes": "Extracted from table on page 17" }, "geometry": { "type": "Point", "coordinates": [ 94.36, 26.55 ] } },
{ "type": "Feature", "properties": { "landslide_id": "NER_00559", "source": "GSI", "source_id": "GSI_0559", "state": "Assam", "district": "Jorhat", "location": "Mariani-Chanki Rd", "latitude": 26.55, "longitude": 94.36, "date": null, "landslide_type": "Slide", "cause": null, "source_page": 17, "confidence": "TABLE_EXTRACTED", "duplicate_group": "DUP_GROUP_180", "notes": "Extracted from table on page 17" }, "geometry": { "type": "Point", "coordinates": [ 94.36, 26.55 ] } },
{ "type": "Feature", "properties": { "landslide_id": "NER_00560", "source": "GSI", "source_id": "GSI_0560", "state": "Assam", "district": "Jorhat", "location": "Mariani-Chanki Rd", "latitude": 26.55, "longitude": 94.36, "date": null, "landslide_type": "Slide", "cause": null, "source_page": 17, "confidence": "TABLE_EXTRACTED", "duplicate_group": "DUP_GROUP_181", "notes": "Extracted from table on page 17" }, "geometry": { "type": "Point", "coordinates": [ 94.36, 26.55 ] } },
{ "type": "Feature", "properties": { "landslide_id": "NER_00561", "source": "GSI", "source_id": "GSI_0561", "state": "Assam", "district": "Jorhat", "location": "Mariani-Chanki Rd", "latitude": 26.55, "longitude": 94.36, "date": null, "landslide_type": "Slide", "cause": null, "source_page": 17, "confidence": "TABLE_EXTRACTED", "duplicate_group": "DUP_GROUP_182", "notes": "Extracted from table on page 17" }, "geometry": { "type": "Point", "coordinates": [ 94.36, 26.55 ] } },
{ "type": "Feature", "properties": { "landslide_id": "NER_00562", "source": "GSI", "source_id": "GSI_0562", "state": "Assam", "district": "Jorhat", "location": "Mariani-Chanki Rd", "latitude": 26.56, "longitude": 94.36, "date": null, "landslide_type": "Slide", "cause": null, "source_page": 17, "confidence": "TABLE_EXTRACTED", "duplicate_group": "DUP_GROUP_186", "notes": "Extracted from table on page 17" }, "geometry": { "type": "Point", "coordinates": [ 94.36, 26.56 ] } },
{ "type": "Feature", "properties": { "landslide_id": "NER_00563", "source": "GSI", "source_id": "GSI_0563", "state": "Assam", "district": "Jorhat", "location": "Mariani-Chanki Rd", "latitude": 26.56, "longitude": 94.36, "date": null, "landslide_type": "Slide", "cause": null, "source_page": 17, "confidence": "TABLE_EXTRACTED", "duplicate_group": "DUP_GROUP_186", "notes": "Extracted from table on page 17" }, "geometry": { "type": "Point", "coordinates": [ 94.36, 26.56 ] } },
{ "type": "Feature", "properties": { "landslide_id": "NER_00564", "source": "GSI", "source_id": "GSI_0564", "state": "Assam", "district": "Jorhat", "location": "Mariani-Chanki Rd", "latitude": 26.56, "longitude": 94.36, "date": null, "landslide_type": "Slide", "cause": null, "source_page": 17, "confidence": "TABLE_EXTRACTED", "duplicate_group": "DUP_GROUP_187", "notes": "Extracted from table on page 17" }, "geometry": { "type": "Point", "coordinates": [ 94.36, 26.56 ] } },
{ "type": "Feature", "properties": { "landslide_id": "NER_00565", "source": "GSI", "source_id": "GSI_0565", "state": "Assam", "district": "Jorhat", "location": "Mariani-Chanki Rd", "latitude": 26.56, "longitude": 94.36, "date": null, "landslide_type": "Slide", "cause": null, "source_page": 17, "confidence": "TABLE_EXTRACTED", "duplicate_group": "DUP_GROUP_188", "notes": "Extracted from table on page 17" }, "geometry": { "type": "Point", "coordinates": [ 94.36, 26.56 ] } },
{ "type": "Feature", "properties": { "landslide_id": "NER_00566", "source": "GSI", "source_id": "GSI_0566", "state": "Assam", "district": "Jorhat", "location": "NH702D", "latitude": 26.56, "longitude": 94.36, "date": null, "landslide_type": "Slide", "cause": null, "source_page": 17, "confidence": "TABLE_EXTRACTED", "duplicate_group": "DUP_GROUP_189", "notes": "Extracted from table on page 17" }, "geometry": { "type": "Point", "coordinates": [ 94.36, 26.56 ] } },
{ "type": "Feature", "properties": { "landslide_id": "NER_00567", "source": "GSI", "source_id": "GSI_0567", "state": "Assam", "district": "Jorhat", "location": "NH702D", "latitude": 26.56, "longitude": 94.36, "date": null, "landslide_type": "Slide", "cause": null, "source_page": 17, "confidence": "TABLE_EXTRACTED", "duplicate_group": "DUP_GROUP_190", "notes": "Extracted from table on page 17" }, "geometry": { "type": "Point", "coordinates": [ 94.36, 26.56 ] } },
{ "type": "Feature", "properties": { "landslide_id": "NER_00568", "source": "GSI", "source_id": "GSI_0568", "state": "Assam", "district": "Nagaon", "location": "Kalapani", "latitude": 26.56111, "longitude": 93.04925, "date": null, "landslide_type": "Slide", "cause": null, "source_page": 17, "confidence": "TABLE_EXTRACTED", "duplicate_group": null, "notes": "Extracted from table on page 17" }, "geometry": { "type": "Point", "coordinates": [ 93.04925, 26.56111 ] } },
{ "type": "Feature", "properties": { "landslide_id": "NER_00569", "source": "GSI", "source_id": "GSI_0569", "state": "Assam", "district": "Nagaon", "location": "Amguri.", "latitude": 26.56252, "longitude": 93.05658, "date": null, "landslide_type": "Slide", "cause": null, "source_page": 17, "confidence": "TABLE_EXTRACTED", "duplicate_group": null, "notes": "Extracted from table on page 17" }, "geometry": { "type": "Point", "coordinates": [ 93.05658, 26.56252 ] } },
{ "type": "Feature", "properties": { "landslide_id": "NER_00570", "source": "GSI", "source_id": "GSI_0570", "state": "Assam", "district": "Jorhat", "location": "NH702D", "latitude": 26.57, "longitude": 94.35, "date": null, "landslide_type": "Slide", "cause": null, "source_page": 17, "confidence": "TABLE_EXTRACTED", "duplicate_group": null, "notes": "Extracted from table on page 17" }, "geometry": { "type": "Point", "coordinates": [ 94.35, 26.57 ] } },
{ "type": "Feature", "properties": { "landslide_id": "NER_00571", "source": "GSI", "source_id": "GSI_0571", "state": "Assam", "district": "Nagaon", "location": "Phulaguri", "latitude": 26.57411, "longitude": 93.09811, "date": null, "landslide_type": "Slide", "cause": null, "source_page": 17, "confidence": "TABLE_EXTRACTED", "duplicate_group": null, "notes": "Extracted from table on page 17" }, "geometry": { "type": "Point", "coordinates": [ 93.09811, 26.57411 ] } },
{ "type": "Feature", "properties": { "landslide_id": "NER_00572", "source": "GSI", "source_id": "GSI_0572", "state": "Assam", "district": "Nagaon", "location": "NH-37", "latitude": 26.57436, "longitude": 93.10647, "date": null, "landslide_type": "Slide", "cause": null, "source_page": 17, "confidence": "TABLE_EXTRACTED", "duplicate_group": null, "notes": "Extracted from table on page 17" }, "geometry": { "type": "Point", "coordinates": [ 93.10647, 26.57436 ] } },
{ "type": "Feature", "properties": { "landslide_id": "NER_00573", "source": "GSI", "source_id": "GSI_0573", "state": "Assam", "district": "Karbi Anglong", "location": "Arlongchuhu temple area,\nKekangAdong.", "latitude": 26.57447, "longitude": 93.66297, "date": null, "landslide_type": "Slide", "cause": null, "source_page": 17, "confidence": "TABLE_EXTRACTED", "duplicate_group": null, "notes": "Extracted from table on page 17" }, "geometry": { "type": "Point", "coordinates": [ 93.66297, 26.57447 ] } },
{ "type": "Feature", "properties": { "landslide_id": "NER_00574", "source": "GSI", "source_id": "GSI_0574", "state": "Assam", "district": "Nagaon", "location": "NH-37, 1 km west of Kaziranga\nview point.", "latitude": 26.57455, "longitude": 93.11244, "date": null, "landslide_type": "Slide", "cause": null, "source_page": 17, "confidence": "TABLE_EXTRACTED", "duplicate_group": "DUP_GROUP_201", "notes": "Extracted from table on page 17" }, "geometry": { "type": "Point", "coordinates": [ 93.11244, 26.57455 ] } },
{ "type": "Feature", "properties": { "landslide_id": "NER_00575", "source": "GSI", "source_id": "GSI_0575", "state": "Assam", "district": "Nagaon", "location": "NH-37, betweenPheluguri ΓÇô\nNehrubasti.", "latitude": 26.57455, "longitude": 93.11244, "date": null, "landslide_type": "Slide", "cause": null, "source_page": 17, "confidence": "TABLE_EXTRACTED", "duplicate_group": "DUP_GROUP_201", "notes": "Extracted from table on page 17" }, "geometry": { "type": "Point", "coordinates": [ 93.11244, 26.57455 ] } },
{ "type": "Feature", "properties": { "landslide_id": "NER_00576", "source": "GSI", "source_id": "GSI_0576", "state": "Assam", "district": "Nagaon", "location": "NH-37", "latitude": 26.57463, "longitude": 93.11297, "date": null, "landslide_type": "Slide", "cause": null, "source_page": 17, "confidence": "TABLE_EXTRACTED", "duplicate_group": "DUP_GROUP_202", "notes": "Extracted from table on page 17" }, "geometry": { "type": "Point", "coordinates": [ 93.11297, 26.57463 ] } },
{ "type": "Feature", "properties": { "landslide_id": "NER_00577", "source": "GSI", "source_id": "GSI_0577", "state": "Assam", "district": "Karbi Anglong", "location": "SH-35, Aparlangsali", "latitude": 26.57708, "longitude": 93.65836, "date": null, "landslide_type": "Slide", "cause": null, "source_page": 17, "confidence": "TABLE_EXTRACTED", "duplicate_group": null, "notes": "Extracted from table on page 17" }, "geometry": { "type": "Point", "coordinates": [ 93.65836, 26.57708 ] } },
{ "type": "Feature", "properties": { "landslide_id": "NER_00578", "source": "GSI", "source_id": "GSI_0578", "state": "Assam", "district": "Karbi Anglong", "location": "Bagori", "latitude": 26.57719, "longitude": 93.10008, "date": null, "landslide_type": "Slide", "cause": null, "source_page": 17, "confidence": "TABLE_EXTRACTED", "duplicate_group": null, "notes": "Extracted from table on page 17" }, "geometry": { "type": "Point", "coordinates": [ 93.10008, 26.57719 ] } },
{ "type": "Feature", "properties": { "landslide_id": "NER_00579", "source": "GSI", "source_id": "GSI_0579", "state": "Assam", "district": "Jorhat", "location": "NH702D (After Aokum)", "latitude": 26.58, "longitude": 94.35, "date": null, "landslide_type": "Slide", "cause": null, "source_page": 18, "confidence": "TABLE_EXTRACTED", "duplicate_group": "DUP_GROUP_204", "notes": "Extracted from table on page 18" }, "geometry": { "type": "Point", "coordinates": [ 94.35, 26.58 ] } },
{ "type": "Feature", "properties": { "landslide_id": "NER_00580", "source": "GSI", "source_id": "GSI_0580", "state": "Assam", "district": "Jorhat", "location": "NH702D", "latitude": 26.58, "longitude": 94.35, "date": null, "landslide_type": "Slide", "cause": null, "source_page": 18, "confidence": "TABLE_EXTRACTED", "duplicate_group": "DUP_GROUP_204", "notes": "Extracted from table on page 18" }, "geometry": { "type": "Point", "coordinates": [ 94.35, 26.58 ] } },
{ "type": "Feature", "properties": { "landslide_id": "NER_00581", "source": "GSI", "source_id": "GSI_0581", "state": "Assam", "district": "Karbi Anglong", "location": "Bogaramtakbi-Notungaon road", "latitude": 26.59011, "longitude": 93.57466, "date": null, "landslide_type": "Slide", "cause": null, "source_page": 18, "confidence": "TABLE_EXTRACTED", "duplicate_group": null, "notes": "Extracted from table on page 18" }, "geometry": { "type": "Point", "coordinates": [ 93.57466, 26.59011 ] } },
{ "type": "Feature", "properties": { "landslide_id": "NER_00582", "source": "GSI", "source_id": "GSI_0582", "state": "Assam", "district": "Karbi Anglong", "location": "Diring", "latitude": 26.59041, "longitude": 93.47616, "date": null, "landslide_type": "Slide", "cause": null, "source_page": 18, "confidence": "TABLE_EXTRACTED", "duplicate_group": null, "notes": "Extracted from table on page 18" }, "geometry": { "type": "Point", "coordinates": [ 93.47616, 26.59041 ] } },
{ "type": "Feature", "properties": { "landslide_id": "NER_00583", "source": "GSI", "source_id": "GSI_0583", "state": "Assam", "district": "Karbi Anglong", "location": "Sapjuri-Dalamara road", "latitude": 26.59416, "longitude": 93.547361, "date": null, "landslide_type": "Slide", "cause": null, "source_page": 18, "confidence": "TABLE_EXTRACTED", "duplicate_group": null, "notes": "Extracted from table on page 18" }, "geometry": { "type": "Point", "coordinates": [ 93.547361, 26.59416 ] } },
{ "type": "Feature", "properties": { "landslide_id": "NER_00584", "source": "GSI", "source_id": "GSI_0584", "state": "Assam", "district": "Jorhat", "location": "Bailey Bridge (after Chankijan)", "latitude": 26.6, "longitude": 94.34, "date": null, "landslide_type": "Slide", "cause": null, "source_page": 18, "confidence": "TABLE_EXTRACTED", "duplicate_group": null, "notes": "Extracted from table on page 18" }, "geometry": { "type": "Point", "coordinates": [ 94.34, 26.6 ] } },
{ "type": "Feature", "properties": { "landslide_id": "NER_00585", "source": "GSI", "source_id": "GSI_0585", "state": "Assam", "district": "Jorhat", "location": "Mariani-Chanki Rd", "latitude": 26.6, "longitude": 94.35, "date": null, "landslide_type": "Slide", "cause": null, "source_page": 18, "confidence": "TABLE_EXTRACTED", "duplicate_group": "DUP_GROUP_205", "notes": "Extracted from table on page 18" }, "geometry": { "type": "Point", "coordinates": [ 94.35, 26.6 ] } },
{ "type": "Feature", "properties": { "landslide_id": "NER_00586", "source": "GSI", "source_id": "GSI_0586", "state": "Assam", "district": "Jorhat", "location": "NH702D (Before Tsetapda Gate)", "latitude": 26.6, "longitude": 94.35, "date": null, "landslide_type": "Slide", "cause": null, "source_page": 18, "confidence": "TABLE_EXTRACTED", "duplicate_group": "DUP_GROUP_205", "notes": "Extracted from table on page 18" }, "geometry": { "type": "Point", "coordinates": [ 94.35, 26.6 ] } },
{ "type": "Feature", "properties": { "landslide_id": "NER_00587", "source": "GSI", "source_id": "GSI_0587", "state": "Assam", "district": "Jorhat", "location": "NH702D (After Tsetapda Gate)", "latitude": 26.6, "longitude": 94.35, "date": null, "landslide_type": "Slide", "cause": null, "source_page": 18, "confidence": "TABLE_EXTRACTED", "duplicate_group": "DUP_GROUP_206", "notes": "Extracted from table on page 18" }, "geometry": { "type": "Point", "coordinates": [ 94.35, 26.6 ] } },
{ "type": "Feature", "properties": { "landslide_id": "NER_00588", "source": "GSI", "source_id": "GSI_0588", "state": "Assam", "district": "Karbi Anglong", "location": "Panbari Parbat", "latitude": 26.60275, "longitude": 93.48408, "date": null, "landslide_type": "Slide", "cause": null, "source_page": 18, "confidence": "TABLE_EXTRACTED", "duplicate_group": null, "notes": "Extracted from table on page 18" }, "geometry": { "type": "Point", "coordinates": [ 93.48408, 26.60275 ] } },
{ "type": "Feature", "properties": { "landslide_id": "NER_00589", "source": "GSI", "source_id": "GSI_0589", "state": "Assam", "district": "Karbi Anglong", "location": "BaburangTokbi, Dalamara area", "latitude": 26.60358, "longitude": 93.481, "date": null, "landslide_type": "Slide", "cause": null, "source_page": 18, "confidence": "TABLE_EXTRACTED", "duplicate_group": null, "notes": "Extracted from table on page 18" }, "geometry": { "type": "Point", "coordinates": [ 93.481, 26.60358 ] } },
{ "type": "Feature", "properties": { "landslide_id": "NER_00590", "source": "GSI", "source_id": "GSI_0590", "state": "Assam", "district": "Udalguri", "location": null, "latitude": 26.88969, "longitude": 92.12266, "date": null, "landslide_type": "Falls", "cause": null, "source_page": 18, "confidence": "TABLE_EXTRACTED", "duplicate_group": null, "notes": "Extracted from table on page 18" }, "geometry": { "type": "Point", "coordinates": [ 92.12266, 26.88969 ] } },
{ "type": "Feature", "properties": { "landslide_id": "NER_00592", "source": "GSI", "source_id": "GSI_0592", "state": "Assam", "district": "Sonitpur", "location": "GaroBasti", "latitude": 26.9174, "longitude": 92.77163, "date": null, "landslide_type": "Slide", "cause": null, "source_page": 18, "confidence": "TABLE_EXTRACTED", "duplicate_group": null, "notes": "Extracted from table on page 18" }, "geometry": { "type": "Point", "coordinates": [ 92.77163, 26.9174 ] } },
{ "type": "Feature", "properties": { "landslide_id": "NER_00593", "source": "GSI", "source_id": "GSI_0593", "state": "Assam", "district": "Sonitpur", "location": "GaroBasti", "latitude": 26.92013, "longitude": 92.75994, "date": null, "landslide_type": "Slide", "cause": null, "source_page": 18, "confidence": "TABLE_EXTRACTED", "duplicate_group": null, "notes": "Extracted from table on page 18" }, "geometry": { "type": "Point", "coordinates": [ 92.75994, 26.92013 ] } },
{ "type": "Feature", "properties": { "landslide_id": "NER_00594", "source": "GSI", "source_id": "GSI_0594", "state": "Assam", "district": "Sonitpur", "location": "GaroBasti", "latitude": 26.92088, "longitude": 92.75933, "date": null, "landslide_type": "Slide", "cause": null, "source_page": 18, "confidence": "TABLE_EXTRACTED", "duplicate_group": null, "notes": "Extracted from table on page 18" }, "geometry": { "type": "Point", "coordinates": [ 92.75933, 26.92088 ] } },
{ "type": "Feature", "properties": { "landslide_id": "NER_00595", "source": "GSI", "source_id": "GSI_0595", "state": "Assam", "district": "Sonitpur", "location": "Phuloguri, Chengelimari area.", "latitude": 26.92216, "longitude": 92.7678, "date": null, "landslide_type": "Slide", "cause": null, "source_page": 18, "confidence": "TABLE_EXTRACTED", "duplicate_group": null, "notes": "Extracted from table on page 18" }, "geometry": { "type": "Point", "coordinates": [ 92.7678, 26.92216 ] } },
{ "type": "Feature", "properties": { "landslide_id": "NER_00596", "source": "GSI", "source_id": "GSI_0596", "state": "Assam", "district": "Sonitpur", "location": "Phuloguri, Chengelimari area.", "latitude": 26.9231, "longitude": 92.76755, "date": null, "landslide_type": "Slide", "cause": null, "source_page": 18, "confidence": "TABLE_EXTRACTED", "duplicate_group": null, "notes": "Extracted from table on page 18" }, "geometry": { "type": "Point", "coordinates": [ 92.76755, 26.9231 ] } },
{ "type": "Feature", "properties": { "landslide_id": "NER_00597", "source": "GSI", "source_id": "GSI_0597", "state": "Assam", "district": "Sonitpur", "location": "Pogijuli area", "latitude": 26.92666, "longitude": 92.73966, "date": null, "landslide_type": "Slide", "cause": null, "source_page": 18, "confidence": "TABLE_EXTRACTED", "duplicate_group": null, "notes": "Extracted from table on page 18" }, "geometry": { "type": "Point", "coordinates": [ 92.73966, 26.92666 ] } },
{ "type": "Feature", "properties": { "landslide_id": "NER_00598", "source": "GSI", "source_id": "GSI_0598", "state": "Assam", "district": "Sonitpur", "location": "Bogijuli area", "latitude": 26.93362, "longitude": 92.70757, "date": null, "landslide_type": "Slide", "cause": null, "source_page": 18, "confidence": "TABLE_EXTRACTED", "duplicate_group": null, "notes": "Extracted from table on page 18" }, "geometry": { "type": "Point", "coordinates": [ 92.70757, 26.93362 ] } },
{ "type": "Feature", "properties": { "landslide_id": "NER_00599", "source": "GSI", "source_id": "GSI_0599", "state": "Assam", "district": "Sonitpur", "location": "Pogijuli area", "latitude": 26.93438, "longitude": 92.729, "date": null, "landslide_type": "Slide", "cause": null, "source_page": 18, "confidence": "TABLE_EXTRACTED", "duplicate_group": null, "notes": "Extracted from table on page 18" }, "geometry": { "type": "Point", "coordinates": [ 92.729, 26.93438 ] } },
{ "type": "Feature", "properties": { "landslide_id": "NER_00600", "source": "GSI", "source_id": "GSI_0600", "state": "Assam", "district": "Sonitpur", "location": "Dopdopi", "latitude": 26.9358, "longitude": 92.70369, "date": null, "landslide_type": "Slide", "cause": null, "source_page": 18, "confidence": "TABLE_EXTRACTED", "duplicate_group": "DUP_GROUP_208", "notes": "Extracted from table on page 18" }, "geometry": { "type": "Point", "coordinates": [ 92.70369, 26.9358 ] } },
{ "type": "Feature", "properties": { "landslide_id": "NER_00601", "source": "GSI", "source_id": "GSI_0601", "state": "Assam", "district": "Sonitpur", "location": "Ringkangpur", "latitude": 26.93586, "longitude": 92.70441, "date": null, "landslide_type": "Slide", "cause": null, "source_page": 18, "confidence": "TABLE_EXTRACTED", "duplicate_group": "DUP_GROUP_208", "notes": "Extracted from table on page 18" }, "geometry": { "type": "Point", "coordinates": [ 92.70441, 26.93586 ] } },
{ "type": "Feature", "properties": { "landslide_id": "NER_00602", "source": "GSI", "source_id": "GSI_0602", "state": "Assam", "district": "Sonitpur", "location": "Ringkangpur", "latitude": 26.93597, "longitude": 92.70455, "date": null, "landslide_type": "Slide", "cause": null, "source_page": 18, "confidence": "TABLE_EXTRACTED", "duplicate_group": "DUP_GROUP_209", "notes": "Extracted from table on page 18" }, "geometry": { "type": "Point", "coordinates": [ 92.70455, 26.93597 ] } },
{ "type": "Feature", "properties": { "landslide_id": "NER_00603", "source": "GSI", "source_id": "GSI_0603", "state": "Assam", "district": "Sonitpur", "location": "Ringkangpur", "latitude": 26.93641, "longitude": 92.70308, "date": null, "landslide_type": "Slide", "cause": null, "source_page": 18, "confidence": "TABLE_EXTRACTED", "duplicate_group": "DUP_GROUP_210", "notes": "Extracted from table on page 18" }, "geometry": { "type": "Point", "coordinates": [ 92.70308, 26.93641 ] } },
{ "type": "Feature", "properties": { "landslide_id": "NER_00604", "source": "GSI", "source_id": "GSI_0604", "state": "Assam", "district": "Sonitpur", "location": "Ringkangpur", "latitude": 26.93819, "longitude": 92.70402, "date": null, "landslide_type": "Slide", "cause": null, "source_page": 18, "confidence": "TABLE_EXTRACTED", "duplicate_group": "DUP_GROUP_212", "notes": "Extracted from table on page 18" }, "geometry": { "type": "Point", "coordinates": [ 92.70402, 26.93819 ] } },
{ "type": "Feature", "properties": { "landslide_id": "NER_00605", "source": "GSI", "source_id": "GSI_0605", "state": "Assam", "district": "Sonitpur", "location": "Dopdopi", "latitude": 26.93855, "longitude": 92.70336, "date": null, "landslide_type": "Slide", "cause": null, "source_page": 18, "confidence": "TABLE_EXTRACTED", "duplicate_group": "DUP_GROUP_212", "notes": "Extracted from table on page 18" }, "geometry": { "type": "Point", "coordinates": [ 92.70336, 26.93855 ] } },
{ "type": "Feature", "properties": { "landslide_id": "NER_00606", "source": "GSI", "source_id": "GSI_0606", "state": "Assam", "district": "Sonitpur", "location": "Upper Dikalmukh", "latitude": 26.94755, "longitude": 93.257521, "date": null, "landslide_type": "Slide", "cause": null, "source_page": 18, "confidence": "TABLE_EXTRACTED", "duplicate_group": null, "notes": "Extracted from table on page 18" }, "geometry": { "type": "Point", "coordinates": [ 93.257521, 26.94755 ] } },
{ "type": "Feature", "properties": { "landslide_id": "NER_00607", "source": "GSI", "source_id": "GSI_0607", "state": "Assam", "district": "Sonitpur", "location": "Balijan forest road", "latitude": 26.9498, "longitude": 93.45291, "date": null, "landslide_type": "Slide", "cause": null, "source_page": 18, "confidence": "TABLE_EXTRACTED", "duplicate_group": null, "notes": "Extracted from table on page 18" }, "geometry": { "type": "Point", "coordinates": [ 93.45291, 26.9498 ] } },
{ "type": "Feature", "properties": { "landslide_id": "NER_00608", "source": "GSI", "source_id": "GSI_0608", "state": "Assam", "district": "Sonitpur", "location": "Balijan forest road", "latitude": 26.95052, "longitude": 93.45136, "date": null, "landslide_type": "Slide", "cause": null, "source_page": 18, "confidence": "TABLE_EXTRACTED", "duplicate_group": null, "notes": "Extracted from table on page 18" }, "geometry": { "type": "Point", "coordinates": [ 93.45136, 26.95052 ] } },
{ "type": "Feature", "properties": { "landslide_id": "NER_00609", "source": "GSI", "source_id": "GSI_0609", "state": "Assam", "district": "Sonitpur", "location": "Balijan forest road", "latitude": 26.95266, "longitude": 93.44166, "date": null, "landslide_type": "Slide", "cause": null, "source_page": 18, "confidence": "TABLE_EXTRACTED", "duplicate_group": null, "notes": "Extracted from table on page 18" }, "geometry": { "type": "Point", "coordinates": [ 93.44166, 26.95266 ] } },
{ "type": "Feature", "properties": { "landslide_id": "NER_00610", "source": "GSI", "source_id": "GSI_0610", "state": "Assam", "district": "Sonitpur", "location": "Maltang", "latitude": 26.9693, "longitude": 92.634, "date": null, "landslide_type": "Slide", "cause": null, "source_page": 18, "confidence": "TABLE_EXTRACTED", "duplicate_group": "DUP_GROUP_213", "notes": "Extracted from table on page 18" }, "geometry": { "type": "Point", "coordinates": [ 92.634, 26.9693 ] } },
{ "type": "Feature", "properties": { "landslide_id": "NER_00611", "source": "GSI", "source_id": "GSI_0611", "state": "Assam", "district": "Sonitpur", "location": "Maltang", "latitude": 26.97013, "longitude": 92.63363, "date": null, "landslide_type": "Slide", "cause": null, "source_page": 18, "confidence": "TABLE_EXTRACTED", "duplicate_group": "DUP_GROUP_213", "notes": "Extracted from table on page 18" }, "geometry": { "type": "Point", "coordinates": [ 92.63363, 26.97013 ] } },
{ "type": "Feature", "properties": { "landslide_id": "NER_00612", "source": "GSI", "source_id": "GSI_0612", "state": "Assam", "district": "Sonitpur", "location": "Maltang", "latitude": 26.97041, "longitude": 92.63436, "date": null, "landslide_type": "Slide", "cause": null, "source_page": 18, "confidence": "TABLE_EXTRACTED", "duplicate_group": "DUP_GROUP_214", "notes": "Extracted from table on page 18" }, "geometry": { "type": "Point", "coordinates": [ 92.63436, 26.97041 ] } },
{ "type": "Feature", "properties": { "landslide_id": "NER_00613", "source": "GSI", "source_id": "GSI_0613", "state": "Assam", "district": "Sonitpur", "location": "Maltang", "latitude": 26.972889, "longitude": 92.632833, "date": null, "landslide_type": "Slide", "cause": null, "source_page": 18, "confidence": "TABLE_EXTRACTED", "duplicate_group": null, "notes": "Extracted from table on page 18" }, "geometry": { "type": "Point", "coordinates": [ 92.632833, 26.972889 ] } },
{ "type": "Feature", "properties": { "landslide_id": "NER_00614", "source": "GSI", "source_id": "GSI_0614", "state": "Assam", "district": "Dima Hasao", "location": null, "latitude": 25.153982, "longitude": 93.02361, "date": null, "landslide_type": "Slide", "cause": null, "source_page": 18, "confidence": "TABLE_EXTRACTED", "duplicate_group": null, "notes": "Extracted from table on page 18" }, "geometry": { "type": "Point", "coordinates": [ 93.02361, 25.153982 ] } },
{ "type": "Feature", "properties": { "landslide_id": "NER_00615", "source": "GSI", "source_id": "GSI_0615", "state": "Assam", "district": "Kamrup (Metro)", "location": "Garo Basti Slide, 8th Mile,\nGuwahati", "latitude": 26.11464, "longitude": 91.83886, "date": null, "landslide_type": "Slide", "cause": null, "source_page": 18, "confidence": "TABLE_EXTRACTED", "duplicate_group": "DUP_GROUP_215", "notes": "Extracted from table on page 18" }, "geometry": { "type": "Point", "coordinates": [ 91.83886, 26.11464 ] } },
{ "type": "Feature", "properties": { "landslide_id": "NER_00616", "source": "GSI", "source_id": "GSI_0616", "state": "Assam", "district": "Kamrup (Metro)", "location": "Rudra Nagar, Near Rajohuwa\nNamghar, Chandmari", "latitude": 26.19044, "longitude": 91.77502, "date": null, "landslide_type": "Slide", "cause": null, "source_page": 18, "confidence": "TABLE_EXTRACTED", "duplicate_group": "DUP_GROUP_216", "notes": "Extracted from table on page 18" }, "geometry": { "type": "Point", "coordinates": [ 91.77502, 26.19044 ] } },
{ "type": "Feature", "properties": { "landslide_id": "NER_00617", "source": "GSI", "source_id": "GSI_0617", "state": "Assam", "district": "Cachar", "location": "Bag-O-Bahar, Khasia Punji", "latitude": 24.57257, "longitude": 92.70357, "date": null, "landslide_type": "Slide", "cause": null, "source_page": 18, "confidence": "TABLE_EXTRACTED", "duplicate_group": null, "notes": "Extracted from table on page 18" }, "geometry": { "type": "Point", "coordinates": [ 92.70357, 24.57257 ] } },
{ "type": "Feature", "properties": { "landslide_id": "NER_00618", "source": "GSI", "source_id": "GSI_0618", "state": "Assam", "district": "Cachar", "location": "Bag-O-Bahar, Khasia Punji", "latitude": 24.57235, "longitude": 92.70536, "date": null, "landslide_type": "Slide", "cause": null, "source_page": 18, "confidence": "TABLE_EXTRACTED", "duplicate_group": null, "notes": "Extracted from table on page 18" }, "geometry": { "type": "Point", "coordinates": [ 92.70536, 24.57235 ] } },
{ "type": "Feature", "properties": { "landslide_id": "NER_00619", "source": "GSI", "source_id": "GSI_0619", "state": "Assam", "district": "Cachar", "location": "Bag-O-Bahar, Khasia Punji", "latitude": 24.58585, "longitude": 92.70274, "date": null, "landslide_type": "Slide", "cause": null, "source_page": 18, "confidence": "TABLE_EXTRACTED", "duplicate_group": null, "notes": "Extracted from table on page 18" }, "geometry": { "type": "Point", "coordinates": [ 92.70274, 24.58585 ] } },
{ "type": "Feature", "properties": { "landslide_id": "NER_00620", "source": "GSI", "source_id": "GSI_0620", "state": "Assam", "district": "Cachar", "location": "Balicherra Grant", "latitude": 24.96756, "longitude": 92.74392, "date": null, "landslide_type": "Slide", "cause": null, "source_page": 18, "confidence": "TABLE_EXTRACTED", "duplicate_group": null, "notes": "Extracted from table on page 18" }, "geometry": { "type": "Point", "coordinates": [ 92.74392, 24.96756 ] } },
{ "type": "Feature", "properties": { "landslide_id": "NER_00621", "source": "GSI", "source_id": "GSI_0621", "state": "Assam", "district": "Cachar", "location": "Ujan Nagar", "latitude": 24.95794, "longitude": 92.73201, "date": null, "landslide_type": "Slide", "cause": null, "source_page": 19, "confidence": "TABLE_EXTRACTED", "duplicate_group": null, "notes": "Extracted from table on page 19" }, "geometry": { "type": "Point", "coordinates": [ 92.73201, 24.95794 ] } },
{ "type": "Feature", "properties": { "landslide_id": "NER_00622", "source": "GSI", "source_id": "GSI_0622", "state": "Assam", "district": "Cachar", "location": "Borkhola", "latitude": 24.95054, "longitude": 92.731458, "date": null, "landslide_type": "Slide", "cause": null, "source_page": 19, "confidence": "TABLE_EXTRACTED", "duplicate_group": null, "notes": "Extracted from table on page 19" }, "geometry": { "type": "Point", "coordinates": [ 92.731458, 24.95054 ] } },
{ "type": "Feature", "properties": { "landslide_id": "NER_00623", "source": "GSI", "source_id": "GSI_0623", "state": "Assam", "district": "Cachar", "location": "Borkhola", "latitude": 24.94756, "longitude": 92.73097, "date": null, "landslide_type": "Slide", "cause": null, "source_page": 19, "confidence": "TABLE_EXTRACTED", "duplicate_group": null, "notes": "Extracted from table on page 19" }, "geometry": { "type": "Point", "coordinates": [ 92.73097, 24.94756 ] } },
{ "type": "Feature", "properties": { "landslide_id": "NER_00624", "source": "GSI", "source_id": "GSI_0624", "state": "Assam", "district": "Dima Hasao", "location": "South Bagetar", "latitude": 25.16736, "longitude": 93.00953, "date": null, "landslide_type": "Slide", "cause": null, "source_page": 19, "confidence": "TABLE_EXTRACTED", "duplicate_group": null, "notes": "Extracted from table on page 19" }, "geometry": { "type": "Point", "coordinates": [ 93.00953, 25.16736 ] } },
{ "type": "Feature", "properties": { "landslide_id": "NER_00625", "source": "GSI", "source_id": "GSI_0625", "state": "Assam", "district": "Dima Hasao", "location": "Kana Basti, Haflong", "latitude": 25.16023, "longitude": 93.01084, "date": null, "landslide_type": "Slide", "cause": null, "source_page": 19, "confidence": "TABLE_EXTRACTED", "duplicate_group": null, "notes": "Extracted from table on page 19" }, "geometry": { "type": "Point", "coordinates": [ 93.01084, 25.16023 ] } },
{ "type": "Feature", "properties": { "landslide_id": "NER_00626", "source": "GSI", "source_id": "GSI_0626", "state": "Assam", "district": "Dima Hasao", "location": "Natun Basti, Haflong", "latitude": 25.162389, "longitude": 93.010222, "date": null, "landslide_type": "Slide", "cause": null, "source_page": 19, "confidence": "TABLE_EXTRACTED", "duplicate_group": "DUP_GROUP_217", "notes": "Extracted from table on page 19" }, "geometry": { "type": "Point", "coordinates": [ 93.010222, 25.162389 ] } },
{ "type": "Feature", "properties": { "landslide_id": "NER_00627", "source": "GSI", "source_id": "GSI_0627", "state": "Assam", "district": "Dima Hasao", "location": "Natun Basti, Haflong", "latitude": 25.162528, "longitude": 93.010333, "date": null, "landslide_type": "Slide", "cause": null, "source_page": 19, "confidence": "TABLE_EXTRACTED", "duplicate_group": "DUP_GROUP_217", "notes": "Extracted from table on page 19" }, "geometry": { "type": "Point", "coordinates": [ 93.010333, 25.162528 ] } },
{ "type": "Feature", "properties": { "landslide_id": "NER_00628", "source": "GSI", "source_id": "GSI_0628", "state": "Assam", "district": "Dima Hasao", "location": "Natun Basti, Haflong", "latitude": 25.162472, "longitude": 93.01044, "date": null, "landslide_type": "Slide", "cause": null, "source_page": 19, "confidence": "TABLE_EXTRACTED", "duplicate_group": "DUP_GROUP_218", "notes": "Extracted from table on page 19" }, "geometry": { "type": "Point", "coordinates": [ 93.01044, 25.162472 ] } },
{ "type": "Feature", "properties": { "landslide_id": "NER_00629", "source": "GSI", "source_id": "GSI_0629", "state": "Assam", "district": "Dima Hasao", "location": "Fiangpui, Haflong", "latitude": 25.17175, "longitude": 93.00726, "date": null, "landslide_type": "Subsidence", "cause": null, "source_page": 19, "confidence": "TABLE_EXTRACTED", "duplicate_group": null, "notes": "Extracted from table on page 19" }, "geometry": { "type": "Point", "coordinates": [ 93.00726, 25.17175 ] } },
{ "type": "Feature", "properties": { "landslide_id": "NER_00630", "source": "GSI", "source_id": "GSI_0630", "state": "Assam", "district": "Dima Hasao", "location": "Bethany, Haflong", "latitude": 25.16649, "longitude": 93.01092, "date": null, "landslide_type": "Slide", "cause": null, "source_page": 19, "confidence": "TABLE_EXTRACTED", "duplicate_group": null, "notes": "Extracted from table on page 19" }, "geometry": { "type": "Point", "coordinates": [ 93.01092, 25.16649 ] } },
{ "type": "Feature", "properties": { "landslide_id": "NER_00631", "source": "GSI", "source_id": "GSI_0631", "state": "Assam", "district": "Dima Hasao", "location": "Dibarai village", "latitude": 25.170194, "longitude": 93.007389, "date": null, "landslide_type": "Slide", "cause": null, "source_page": 19, "confidence": "TABLE_EXTRACTED", "duplicate_group": null, "notes": "Extracted from table on page 19" }, "geometry": { "type": "Point", "coordinates": [ 93.007389, 25.170194 ] } },
{ "type": "Feature", "properties": { "landslide_id": "NER_00632", "source": "GSI", "source_id": "GSI_0632", "state": "Assam", "district": "Dima Hasao", "location": "Fiangpui, Haflong", "latitude": 25.17144, "longitude": 93.005694, "date": null, "landslide_type": "Slide", "cause": null, "source_page": 19, "confidence": "TABLE_EXTRACTED", "duplicate_group": null, "notes": "Extracted from table on page 19" }, "geometry": { "type": "Point", "coordinates": [ 93.005694, 25.17144 ] } },
{ "type": "Feature", "properties": { "landslide_id": "NER_00633", "source": "GSI", "source_id": "GSI_0633", "state": "Assam", "district": "Dima Hasao", "location": "South Bagetar", "latitude": 25.16579, "longitude": 93.00948, "date": null, "landslide_type": "Slide", "cause": null, "source_page": 19, "confidence": "TABLE_EXTRACTED", "duplicate_group": null, "notes": "Extracted from table on page 19" }, "geometry": { "type": "Point", "coordinates": [ 93.00948, 25.16579 ] } },
{ "type": "Feature", "properties": { "landslide_id": "NER_00634", "source": "GSI", "source_id": "GSI_0634", "state": "Assam", "district": "Dima Hasao", "location": "Kana Basti, Haflong", "latitude": 25.15859, "longitude": 93.01292, "date": null, "landslide_type": "Slide", "cause": null, "source_page": 19, "confidence": "TABLE_EXTRACTED", "duplicate_group": null, "notes": "Extracted from table on page 19" }, "geometry": { "type": "Point", "coordinates": [ 93.01292, 25.15859 ] } },
{ "type": "Feature", "properties": { "landslide_id": "NER_00635", "source": "GSI", "source_id": "GSI_0635", "state": "Assam", "district": "Kamrup (Metro)", "location": "Near Kahilipara-Ganesh mandir\nroad.", "latitude": 26.134417, "longitude": 91.74875, "date": null, "landslide_type": "Flow", "cause": null, "source_page": 19, "confidence": "TABLE_EXTRACTED", "duplicate_group": null, "notes": "Extracted from table on page 19" }, "geometry": { "type": "Point", "coordinates": [ 91.74875, 26.134417 ] } },
{ "type": "Feature", "properties": { "landslide_id": "NER_00636", "source": "GSI", "source_id": "GSI_0636", "state": "Assam", "district": "Kamrup (Metro)", "location": "Hegrabari Road, near\nGaneshguri, Guwahati.", "latitude": 26.154611, "longitude": 91.800861, "date": null, "landslide_type": "Flow", "cause": null, "source_page": 19, "confidence": "TABLE_EXTRACTED", "duplicate_group": "DUP_GROUP_154", "notes": "Extracted from table on page 19" }, "geometry": { "type": "Point", "coordinates": [ 91.800861, 26.154611 ] } },
{ "type": "Feature", "properties": { "landslide_id": "NER_00637", "source": "GSI", "source_id": "GSI_0637", "state": "Assam", "district": "Kamrup (Metro)", "location": "About 500 m south of Game\nvillage, Lalmati, NH-37", "latitude": 26.107111, "longitude": 91.789167, "date": null, "landslide_type": "Flow", "cause": null, "source_page": 19, "confidence": "TABLE_EXTRACTED", "duplicate_group": "DUP_GROUP_145", "notes": "Extracted from table on page 19" }, "geometry": { "type": "Point", "coordinates": [ 91.789167, 26.107111 ] } },
{ "type": "Feature", "properties": { "landslide_id": "NER_00638", "source": "GSI", "source_id": "GSI_0638", "state": "Assam", "district": "Kamrup", "location": "About 200 m North of NH-31, In\nfront of IIT(G) approach", "latitude": 26.099611, "longitude": 91.878111, "date": null, "landslide_type": "Slide the loose\nsoil from top\n(already cut in\nthe area) due\nto heavy rain.", "cause": null, "source_page": 19, "confidence": "TABLE_EXTRACTED", "duplicate_group": null, "notes": "Extracted from table on page 19" }, "geometry": { "type": "Point", "coordinates": [ 91.878111, 26.099611 ] } },
{ "type": "Feature", "properties": { "landslide_id": "NER_00639", "source": "GSI", "source_id": "GSI_0639", "state": "Assam", "district": "Kamrup", "location": "Paltan Bazar-Lakhra Road", "latitude": 26.149444, "longitude": 91.748, "date": null, "landslide_type": "Slide", "cause": null, "source_page": 19, "confidence": "TABLE_EXTRACTED", "duplicate_group": "DUP_GROUP_150", "notes": "Extracted from table on page 19" }, "geometry": { "type": "Point", "coordinates": [ 91.748, 26.149444 ] } },
{ "type": "Feature", "properties": { "landslide_id": "NER_00640", "source": "GSI", "source_id": "GSI_0640", "state": "Assam", "district": "Kamrup", "location": "Kamakhya Pahar to\nBhubaneswari Temple Road.", "latitude": 26.166583, "longitude": 91.714806, "date": null, "landslide_type": "Slide", "cause": null, "source_page": 19, "confidence": "TABLE_EXTRACTED", "duplicate_group": "DUP_GROUP_156", "notes": "Extracted from table on page 19" }, "geometry": { "type": "Point", "coordinates": [ 91.714806, 26.166583 ] } },
{ "type": "Feature", "properties": { "landslide_id": "NER_00641", "source": "GSI", "source_id": "GSI_0641", "state": "Assam", "district": "Dima Hasao", "location": "Mahadev Tilla, Haflong", "latitude": 25.15556, "longitude": 93.021583, "date": null, "landslide_type": "Slide", "cause": null, "source_page": 19, "confidence": "TABLE_EXTRACTED", "duplicate_group": "DUP_GROUP_038", "notes": "Extracted from table on page 19" }, "geometry": { "type": "Point", "coordinates": [ 93.021583, 25.15556 ] } },
{ "type": "Feature", "properties": { "landslide_id": "NER_00642", "source": "GSI", "source_id": "GSI_0642", "state": "Assam", "district": "Dima Hasao", "location": "Mahadev Tilla, Haflong", "latitude": 25.156483, "longitude": 93.018367, "date": null, "landslide_type": "Subsidence", "cause": null, "source_page": 19, "confidence": "TABLE_EXTRACTED", "duplicate_group": "DUP_GROUP_045", "notes": "Extracted from table on page 19" }, "geometry": { "type": "Point", "coordinates": [ 93.018367, 25.156483 ] } },
{ "type": "Feature", "properties": { "landslide_id": "NER_00643", "source": "GSI", "source_id": "GSI_0643", "state": "Assam", "district": "Dima Hasao", "location": "Lower Sonpijang, Haflong", "latitude": 25.158138, "longitude": 93.024778, "date": null, "landslide_type": "Slide", "cause": null, "source_page": 19, "confidence": "TABLE_EXTRACTED", "duplicate_group": null, "notes": "Extracted from table on page 19" }, "geometry": { "type": "Point", "coordinates": [ 93.024778, 25.158138 ] } },
{ "type": "Feature", "properties": { "landslide_id": "NER_00644", "source": "GSI", "source_id": "GSI_0644", "state": "Assam", "district": "Dima Hasao (N.C. Hills)", "location": "NH 54, near Nutan Lampur", "latitude": 25.241944, "longitude": 93.143194, "date": null, "landslide_type": "Slide", "cause": null, "source_page": 19, "confidence": "TABLE_EXTRACTED", "duplicate_group": null, "notes": "Extracted from table on page 19" }, "geometry": { "type": "Point", "coordinates": [ 93.143194, 25.241944 ] } },
{ "type": "Feature", "properties": { "landslide_id": "NER_00645", "source": "GSI", "source_id": "GSI_0645", "state": "Assam", "district": "Dima Hasao (N.C. Hills)", "location": "NH 54, Mupa – Langting\nReserved Forest,", "latitude": 25.417333, "longitude": 93.129083, "date": null, "landslide_type": "Slide", "cause": null, "source_page": 19, "confidence": "TABLE_EXTRACTED", "duplicate_group": "DUP_GROUP_109", "notes": "Extracted from table on page 19" }, "geometry": { "type": "Point", "coordinates": [ 93.129083, 25.417333 ] } },
{ "type": "Feature", "properties": { "landslide_id": "NER_00646", "source": "GSI", "source_id": "GSI_0646", "state": "Assam", "district": "Dima Hasao", "location": "Tularam Raji, Haflong", "latitude": 25.17044, "longitude": 93.025325, "date": null, "landslide_type": "Slide", "cause": null, "source_page": 20, "confidence": "TABLE_EXTRACTED", "duplicate_group": null, "notes": "Extracted from table on page 20" }, "geometry": { "type": "Point", "coordinates": [ 93.025325, 25.17044 ] } },
{ "type": "Feature", "properties": { "landslide_id": "NER_00647", "source": "GSI", "source_id": "GSI_0647", "state": "Assam", "district": "Dima Hasao", "location": "Tularam Raji , Haflong", "latitude": 25.171264, "longitude": 93.020014, "date": null, "landslide_type": "Subsidence", "cause": null, "source_page": 20, "confidence": "TABLE_EXTRACTED", "duplicate_group": "DUP_GROUP_228", "notes": "Extracted from table on page 20" }, "geometry": { "type": "Point", "coordinates": [ 93.020014, 25.171264 ] } },
{ "type": "Feature", "properties": { "landslide_id": "NER_00648", "source": "GSI", "source_id": "GSI_0648", "state": "Assam", "district": "Dima Hasao", "location": "Tularam Raji, Haflong", "latitude": 25.16804, "longitude": 93.02503, "date": null, "landslide_type": "Slide", "cause": null, "source_page": 20, "confidence": "TABLE_EXTRACTED", "duplicate_group": "DUP_GROUP_229", "notes": "Extracted from table on page 20" }, "geometry": { "type": "Point", "coordinates": [ 93.02503, 25.16804 ] } },
{ "type": "Feature", "properties": { "landslide_id": "NER_00649", "source": "GSI", "source_id": "GSI_0649", "state": "Assam", "district": "Dima Hasao", "location": "Moulhoi, Haflong", "latitude": 25.178006, "longitude": 93.022825, "date": null, "landslide_type": "Subsidence", "cause": null, "source_page": 20, "confidence": "TABLE_EXTRACTED", "duplicate_group": null, "notes": "Extracted from table on page 20" }, "geometry": { "type": "Point", "coordinates": [ 93.022825, 25.178006 ] } },
{ "type": "Feature", "properties": { "landslide_id": "NER_00650", "source": "GSI", "source_id": "GSI_0650", "state": "Assam", "district": "Dima Hasao", "location": "Tularam Raji, Haflong", "latitude": 25.168083, "longitude": 93.024922, "date": null, "landslide_type": "Slide", "cause": null, "source_page": 20, "confidence": "TABLE_EXTRACTED", "duplicate_group": "DUP_GROUP_229", "notes": "Extracted from table on page 20" }, "geometry": { "type": "Point", "coordinates": [ 93.024922, 25.168083 ] } },
{ "type": "Feature", "properties": { "landslide_id": "NER_00651", "source": "GSI", "source_id": "GSI_0651", "state": "Assam", "district": "Dima Hasao (N.C. Hills)", "location": "NH 54, near Nutan Lampur,", "latitude": 25.274806, "longitude": 93.145556, "date": null, "landslide_type": "Slide", "cause": null, "source_page": 20, "confidence": "TABLE_EXTRACTED", "duplicate_group": null, "notes": "Extracted from table on page 20" }, "geometry": { "type": "Point", "coordinates": [ 93.145556, 25.274806 ] } },
{ "type": "Feature", "properties": { "landslide_id": "NER_00652", "source": "GSI", "source_id": "GSI_0652", "state": "Assam", "district": "Dima Hasao (N.C. Hills)", "location": "Mahur railway station, Haflong,\nDima Hasao (NC Hills)", "latitude": 25.189556, "longitude": 93.096417, "date": null, "landslide_type": "Slide", "cause": null, "source_page": 20, "confidence": "TABLE_EXTRACTED", "duplicate_group": "DUP_GROUP_089", "notes": "Extracted from table on page 20" }, "geometry": { "type": "Point", "coordinates": [ 93.096417, 25.189556 ] } },
{ "type": "Feature", "properties": { "landslide_id": "NER_00653", "source": "GSI", "source_id": "GSI_0653", "state": "Assam", "district": "Dima Hasao", "location": "Natun Basti, Haflong", "latitude": 25.163806, "longitude": 93.010861, "date": null, "landslide_type": "Slide", "cause": null, "source_page": 20, "confidence": "TABLE_EXTRACTED", "duplicate_group": null, "notes": "Extracted from table on page 20" }, "geometry": { "type": "Point", "coordinates": [ 93.010861, 25.163806 ] } },
{ "type": "Feature", "properties": { "landslide_id": "NER_00654", "source": "GSI", "source_id": "GSI_0654", "state": "Assam", "district": "Dima Hasao", "location": "Moulhoi village", "latitude": 25.175, "longitude": 93.01967, "date": null, "landslide_type": "Slide", "cause": null, "source_page": 20, "confidence": "TABLE_EXTRACTED", "duplicate_group": "DUP_GROUP_071", "notes": "Extracted from table on page 20" }, "geometry": { "type": "Point", "coordinates": [ 93.01967, 25.175 ] } },
{ "type": "Feature", "properties": { "landslide_id": "NER_00655", "source": "GSI", "source_id": "GSI_0655", "state": "Assam", "district": "Kamrup (Metro)", "location": "Njiura Par Path, Piyali Phukan\nNagar, Guwahati.", "latitude": 26.195528, "longitude": 91.780556, "date": null, "landslide_type": "Slide", "cause": null, "source_page": 20, "confidence": "TABLE_EXTRACTED", "duplicate_group": "DUP_GROUP_171", "notes": "Extracted from table on page 20" }, "geometry": { "type": "Point", "coordinates": [ 91.780556, 26.195528 ] } },
{ "type": "Feature", "properties": { "landslide_id": "NER_00656", "source": "GSI", "source_id": "GSI_0656", "state": "Assam", "district": "Dima Hasao", "location": "Moulhoi village", "latitude": 25.17483, "longitude": 93.019861, "date": null, "landslide_type": "Slide", "cause": null, "source_page": 20, "confidence": "TABLE_EXTRACTED", "duplicate_group": "DUP_GROUP_072", "notes": "Extracted from table on page 20" }, "geometry": { "type": "Point", "coordinates": [ 93.019861, 25.17483 ] } },
{ "type": "Feature", "properties": { "landslide_id": "NER_00657", "source": "GSI", "source_id": "GSI_0657", "state": "Assam", "district": "Dima Hasao", "location": "Mahadev Tilla village", "latitude": 25.156806, "longitude": 93.019722, "date": null, "landslide_type": "Slide", "cause": null, "source_page": 20, "confidence": "TABLE_EXTRACTED", "duplicate_group": "DUP_GROUP_054", "notes": "Extracted from table on page 20" }, "geometry": { "type": "Point", "coordinates": [ 93.019722, 25.156806 ] } },
{ "type": "Feature", "properties": { "landslide_id": "NER_00658", "source": "GSI", "source_id": "GSI_0658", "state": "Assam", "district": "Dima Hasao", "location": "Mahadev Tilla village", "latitude": 25.156833, "longitude": 93.017694, "date": null, "landslide_type": "Slide", "cause": null, "source_page": 20, "confidence": "TABLE_EXTRACTED", "duplicate_group": "DUP_GROUP_046", "notes": "Extracted from table on page 20" }, "geometry": { "type": "Point", "coordinates": [ 93.017694, 25.156833 ] } },
{ "type": "Feature", "properties": { "landslide_id": "NER_00659", "source": "GSI", "source_id": "GSI_0659", "state": "Assam", "district": "Dima Hasao", "location": "Demalik Raji", "latitude": 25.1565, "longitude": 93.0151, "date": null, "landslide_type": "Slide", "cause": null, "source_page": 20, "confidence": "TABLE_EXTRACTED", "duplicate_group": null, "notes": "Extracted from table on page 20" }, "geometry": { "type": "Point", "coordinates": [ 93.0151, 25.1565 ] } },
{ "type": "Feature", "properties": { "landslide_id": "NER_00660", "source": "GSI", "source_id": "GSI_0660", "state": "Assam", "district": "Dima Hasao", "location": "Demalik Raji", "latitude": 25.15667, "longitude": 93.01275, "date": null, "landslide_type": "Slide", "cause": null, "source_page": 20, "confidence": "TABLE_EXTRACTED", "duplicate_group": null, "notes": "Extracted from table on page 20" }, "geometry": { "type": "Point", "coordinates": [ 93.01275, 25.15667 ] } },
{ "type": "Feature", "properties": { "landslide_id": "NER_00661", "source": "GSI", "source_id": "GSI_0661", "state": "Assam", "district": "Dima Hasao", "location": "Lower Songpijang", "latitude": 25.16367, "longitude": 93.02478, "date": null, "landslide_type": "Slide", "cause": null, "source_page": 20, "confidence": "TABLE_EXTRACTED", "duplicate_group": null, "notes": "Extracted from table on page 20" }, "geometry": { "type": "Point", "coordinates": [ 93.02478, 25.16367 ] } },
{ "type": "Feature", "properties": { "landslide_id": "NER_00662", "source": "GSI", "source_id": "GSI_0662", "state": "Assam", "district": "Dima Hasao", "location": "Lower Songpijang", "latitude": 25.16649, "longitude": 93.02289, "date": null, "landslide_type": "Slide", "cause": null, "source_page": 20, "confidence": "TABLE_EXTRACTED", "duplicate_group": null, "notes": "Extracted from table on page 20" }, "geometry": { "type": "Point", "coordinates": [ 93.02289, 25.16649 ] } },
{ "type": "Feature", "properties": { "landslide_id": "NER_00663", "source": "GSI", "source_id": "GSI_0663", "state": "Assam", "district": "Dima Hasao", "location": "Lower Songpijang", "latitude": 25.16497, "longitude": 93.02275, "date": null, "landslide_type": "Slide", "cause": null, "source_page": 20, "confidence": "TABLE_EXTRACTED", "duplicate_group": null, "notes": "Extracted from table on page 20" }, "geometry": { "type": "Point", "coordinates": [ 93.02275, 25.16497 ] } },
{ "type": "Feature", "properties": { "landslide_id": "NER_00664", "source": "GSI", "source_id": "GSI_0664", "state": "Assam", "district": "Dima Hasao", "location": "Lower Songpijang", "latitude": 25.1655, "longitude": 93.02556, "date": null, "landslide_type": "Slide", "cause": null, "source_page": 20, "confidence": "TABLE_EXTRACTED", "duplicate_group": "DUP_GROUP_069", "notes": "Extracted from table on page 20" }, "geometry": { "type": "Point", "coordinates": [ 93.02556, 25.1655 ] } },
{ "type": "Feature", "properties": { "landslide_id": "NER_00665", "source": "GSI", "source_id": "GSI_0665", "state": "Assam", "district": "Dima Hasao", "location": "Kokai Punchi", "latitude": 25.16427, "longitude": 92.99788, "date": null, "landslide_type": "Slide", "cause": null, "source_page": 20, "confidence": "TABLE_EXTRACTED", "duplicate_group": null, "notes": "Extracted from table on page 20" }, "geometry": { "type": "Point", "coordinates": [ 92.99788, 25.16427 ] } },
{ "type": "Feature", "properties": { "landslide_id": "NER_00666", "source": "GSI", "source_id": "GSI_0666", "state": "Assam", "district": "Dima Hasao", "location": "Fiangpui", "latitude": 25.17425, "longitude": 93.00244, "date": null, "landslide_type": "Slide", "cause": null, "source_page": 20, "confidence": "TABLE_EXTRACTED", "duplicate_group": null, "notes": "Extracted from table on page 20" }, "geometry": { "type": "Point", "coordinates": [ 93.00244, 25.17425 ] } },
{ "type": "Feature", "properties": { "landslide_id": "NER_00667", "source": "GSI", "source_id": "GSI_0667", "state": "Assam", "district": "Dima Hasao", "location": "Natun Basti, Haflong", "latitude": 25.162667, "longitude": 93.009806, "date": null, "landslide_type": "Slide", "cause": null, "source_page": 20, "confidence": "TABLE_EXTRACTED", "duplicate_group": "DUP_GROUP_219", "notes": "Extracted from table on page 20" }, "geometry": { "type": "Point", "coordinates": [ 93.009806, 25.162667 ] } },
{ "type": "Feature", "properties": { "landslide_id": "NER_00668", "source": "GSI", "source_id": "GSI_0668", "state": "Assam", "district": "Dima Hasao", "location": "Lower Songpijang", "latitude": 25.16553, "longitude": 93.02172, "date": null, "landslide_type": "Slide", "cause": null, "source_page": 20, "confidence": "TABLE_EXTRACTED", "duplicate_group": null, "notes": "Extracted from table on page 20" }, "geometry": { "type": "Point", "coordinates": [ 93.02172, 25.16553 ] } },
{ "type": "Feature", "properties": { "landslide_id": "NER_00669", "source": "GSI", "source_id": "GSI_0669", "state": "Assam", "district": "Dima Hasao (N.C. Hills)", "location": "Near Migrendisa Railway\nStation, Migrendisa.", "latitude": 25.179861, "longitude": 93.070778, "date": null, "landslide_type": "Slide", "cause": null, "source_page": 20, "confidence": "TABLE_EXTRACTED", "duplicate_group": "DUP_GROUP_082", "notes": "Extracted from table on page 20" }, "geometry": { "type": "Point", "coordinates": [ 93.070778, 25.179861 ] } },
{ "type": "Feature", "properties": { "landslide_id": "NER_00670", "source": "GSI", "source_id": "GSI_0670", "state": "Assam", "district": "Dima Hasao (N.C. Hills)", "location": "West slope of New Haflong\nRailway Station.", "latitude": 25.146778, "longitude": 93.030972, "date": null, "landslide_type": "Slide", "cause": null, "source_page": 20, "confidence": "TABLE_EXTRACTED", "duplicate_group": "DUP_GROUP_031", "notes": "Extracted from table on page 20" }, "geometry": { "type": "Point", "coordinates": [ 93.030972, 25.146778 ] } },
{ "type": "Feature", "properties": { "landslide_id": "NER_00671", "source": "GSI", "source_id": "GSI_0671", "state": "Assam", "district": "Dima Hasao", "location": "Haflong town, Dima Hasao (NC\nHills)", "latitude": 25.155611, "longitude": 93.022222, "date": null, "landslide_type": "Slide", "cause": null, "source_page": 21, "confidence": "TABLE_EXTRACTED", "duplicate_group": "DUP_GROUP_039", "notes": "Extracted from table on page 21" }, "geometry": { "type": "Point", "coordinates": [ 93.022222, 25.155611 ] } },
{ "type": "Feature", "properties": { "landslide_id": "NER_00672", "source": "GSI", "source_id": "GSI_0672", "state": "Assam", "district": "Dima Hasao", "location": "Haflong town, Dima Hasao (NC\nHills)", "latitude": 25.156583, "longitude": 93.019611, "date": null, "landslide_type": "Slide", "cause": null, "source_page": 21, "confidence": "TABLE_EXTRACTED", "duplicate_group": "DUP_GROUP_055", "notes": "Extracted from table on page 21" }, "geometry": { "type": "Point", "coordinates": [ 93.019611, 25.156583 ] } },
{ "type": "Feature", "properties": { "landslide_id": "NER_00673", "source": "GSI", "source_id": "GSI_0673", "state": "Assam", "district": "Dima Hasao (N.C. Hills)", "location": "Haflong town,", "latitude": 25.157139, "longitude": 93.017194, "date": null, "landslide_type": "Slide", "cause": null, "source_page": 21, "confidence": "TABLE_EXTRACTED", "duplicate_group": "DUP_GROUP_059", "notes": "Extracted from table on page 21" }, "geometry": { "type": "Point", "coordinates": [ 93.017194, 25.157139 ] } },
{ "type": "Feature", "properties": { "landslide_id": "NER_00674", "source": "GSI", "source_id": "GSI_0674", "state": "Assam", "district": "Dima Hasao (N.C. Hills)", "location": "96 km, Migrendisa – Haflong rail\nsection, near Diyung bridge.", "latitude": 25.164, "longitude": 93.040194, "date": null, "landslide_type": "Slide", "cause": null, "source_page": 21, "confidence": "TABLE_EXTRACTED", "duplicate_group": "DUP_GROUP_068", "notes": "Extracted from table on page 21" }, "geometry": { "type": "Point", "coordinates": [ 93.040194, 25.164 ] } },
{ "type": "Feature", "properties": { "landslide_id": "NER_00675", "source": "GSI", "source_id": "GSI_0675", "state": "Assam", "district": "Dima Hasao (N.C. Hills)", "location": "NH 54, Harangajao, Dima Hasao", "latitude": 25.106389, "longitude": 92.864806, "date": null, "landslide_type": "Slide", "cause": null, "source_page": 21, "confidence": "TABLE_EXTRACTED", "duplicate_group": null, "notes": "Extracted from table on page 21" }, "geometry": { "type": "Point", "coordinates": [ 92.864806, 25.106389 ] } },
{ "type": "Feature", "properties": { "landslide_id": "NER_00676", "source": "GSI", "source_id": "GSI_0676", "state": "Assam", "district": "Dima Hasao (N.C. Hills)", "location": "NH 54, near Rekho village, Dima\nHasao", "latitude": 25.109417, "longitude": 92.88075, "date": null, "landslide_type": "Slide", "cause": null, "source_page": 21, "confidence": "TABLE_EXTRACTED", "duplicate_group": null, "notes": "Extracted from table on page 21" }, "geometry": { "type": "Point", "coordinates": [ 92.88075, 25.109417 ] } },
{ "type": "Feature", "properties": { "landslide_id": "NER_00677", "source": "GSI", "source_id": "GSI_0677", "state": "Assam", "district": "Dima Hasao (N.C. Hills)", "location": "NH 54, near Rekho village, Dima\nHasao", "latitude": 25.109889, "longitude": 92.893167, "date": null, "landslide_type": "Slide", "cause": null, "source_page": 21, "confidence": "TABLE_EXTRACTED", "duplicate_group": null, "notes": "Extracted from table on page 21" }, "geometry": { "type": "Point", "coordinates": [ 92.893167, 25.109889 ] } },
{ "type": "Feature", "properties": { "landslide_id": "NER_00678", "source": "GSI", "source_id": "GSI_0678", "state": "Assam", "district": "Dima Hasao (N.C. Hills)", "location": "NH 54, near Rekho village, Dima\nHasao", "latitude": 25.108778, "longitude": 92.920333, "date": null, "landslide_type": "Slide", "cause": null, "source_page": 21, "confidence": "TABLE_EXTRACTED", "duplicate_group": null, "notes": "Extracted from table on page 21" }, "geometry": { "type": "Point", "coordinates": [ 92.920333, 25.108778 ] } },
{ "type": "Feature", "properties": { "landslide_id": "NER_00679", "source": "GSI", "source_id": "GSI_0679", "state": "Assam", "district": "Dima Hasao (N.C. Hills)", "location": "NH 54, near Ritzawl village,\nDima Hasao", "latitude": 25.108972, "longitude": 92.928861, "date": null, "landslide_type": "Slide", "cause": null, "source_page": 21, "confidence": "TABLE_EXTRACTED", "duplicate_group": "DUP_GROUP_021", "notes": "Extracted from table on page 21" }, "geometry": { "type": "Point", "coordinates": [ 92.928861, 25.108972 ] } },
{ "type": "Feature", "properties": { "landslide_id": "NER_00680", "source": "GSI", "source_id": "GSI_0680", "state": "Assam", "district": "Kamrup (Metro)", "location": "Power grid, Kahilipara", "latitude": 26.146, "longitude": 91.756, "date": null, "landslide_type": "Slide", "cause": null, "source_page": 21, "confidence": "TABLE_EXTRACTED", "duplicate_group": null, "notes": "Extracted from table on page 21" }, "geometry": { "type": "Point", "coordinates": [ 91.756, 26.146 ] } },
{ "type": "Feature", "properties": { "landslide_id": "NER_00681", "source": "GSI", "source_id": "GSI_0681", "state": "Assam", "district": "Dima Hasao (N.C. Hills)", "location": "NH 54, 2 km west of Ritzawl\nvillage, Dima Hasao", "latitude": 25.110111, "longitude": 92.998778, "date": null, "landslide_type": "Slide", "cause": null, "source_page": 21, "confidence": "TABLE_EXTRACTED", "duplicate_group": null, "notes": "Extracted from table on page 21" }, "geometry": { "type": "Point", "coordinates": [ 92.998778, 25.110111 ] } },
{ "type": "Feature", "properties": { "landslide_id": "NER_00682", "source": "GSI", "source_id": "GSI_0682", "state": "Assam", "district": "Dima Hasao (N.C. Hills)", "location": "NH-54, near Ritzawl village", "latitude": 25.110778, "longitude": 93.004583, "date": null, "landslide_type": "Slide", "cause": null, "source_page": 21, "confidence": "TABLE_EXTRACTED", "duplicate_group": null, "notes": "Extracted from table on page 21" }, "geometry": { "type": "Point", "coordinates": [ 93.004583, 25.110778 ] } },
{ "type": "Feature", "properties": { "landslide_id": "NER_00683", "source": "GSI", "source_id": "GSI_0683", "state": "Assam", "district": "Dima Hasao (N.C. Hills)", "location": "NH 54, near Ritzawl village,\nDima Hasao", "latitude": 25.112389, "longitude": 93.00575, "date": null, "landslide_type": "Slide", "cause": null, "source_page": 21, "confidence": "TABLE_EXTRACTED", "duplicate_group": null, "notes": "Extracted from table on page 21" }, "geometry": { "type": "Point", "coordinates": [ 93.00575, 25.112389 ] } },
{ "type": "Feature", "properties": { "landslide_id": "NER_00684", "source": "GSI", "source_id": "GSI_0684", "state": "Assam", "district": "Dima Hasao (N.C. Hills)", "location": "New Haflong Railway Station", "latitude": 25.148722, "longitude": 93.031917, "date": null, "landslide_type": "Creep", "cause": null, "source_page": 21, "confidence": "TABLE_EXTRACTED", "duplicate_group": "DUP_GROUP_033", "notes": "Extracted from table on page 21" }, "geometry": { "type": "Point", "coordinates": [ 93.031917, 25.148722 ] } },
{ "type": "Feature", "properties": { "landslide_id": "NER_00685", "source": "GSI", "source_id": "GSI_0685", "state": "Assam", "district": "Dima Hasao (N.C. Hills)", "location": "New Haflong Railway Station,\nDima Hasao (NC Hills)", "latitude": 25.14525, "longitude": 93.029167, "date": null, "landslide_type": "Slide", "cause": null, "source_page": 21, "confidence": "TABLE_EXTRACTED", "duplicate_group": "DUP_GROUP_029", "notes": "Extracted from table on page 21" }, "geometry": { "type": "Point", "coordinates": [ 93.029167, 25.14525 ] } },
{ "type": "Feature", "properties": { "landslide_id": "NER_00686", "source": "GSI", "source_id": "GSI_0686", "state": "Assam", "district": "Dima Hasao", "location": "Mahadev Tilla, Haflong,Dima\nHasao (NC Hills)", "latitude": 25.155722, "longitude": 93.022778, "date": null, "landslide_type": "Slide", "cause": null, "source_page": 21, "confidence": "TABLE_EXTRACTED", "duplicate_group": "DUP_GROUP_040", "notes": "Extracted from table on page 21" }, "geometry": { "type": "Point", "coordinates": [ 93.022778, 25.155722 ] } },
{ "type": "Feature", "properties": { "landslide_id": "NER_00687", "source": "GSI", "source_id": "GSI_0687", "state": "Assam", "district": "Dima Hasao", "location": "Haflong – Gunjung road section", "latitude": 25.232306, "longitude": 93.033333, "date": null, "landslide_type": "Creep", "cause": null, "source_page": 21, "confidence": "TABLE_EXTRACTED", "duplicate_group": "DUP_GROUP_242", "notes": "Extracted from table on page 21" }, "geometry": { "type": "Point", "coordinates": [ 93.033333, 25.232306 ] } },
{ "type": "Feature", "properties": { "landslide_id": "NER_00688", "source": "GSI", "source_id": "GSI_0688", "state": "Assam", "district": "Kamrup (Metro)", "location": "NH-31", "latitude": 26.210833, "longitude": 91.689444, "date": null, "landslide_type": "Slide", "cause": null, "source_page": 21, "confidence": "TABLE_EXTRACTED", "duplicate_group": null, "notes": "Extracted from table on page 21" }, "geometry": { "type": "Point", "coordinates": [ 91.689444, 26.210833 ] } },
{ "type": "Feature", "properties": { "landslide_id": "NER_00689", "source": "GSI", "source_id": "GSI_0689", "state": "Assam", "district": "Dima Hasao", "location": "New Haflong Railway Station", "latitude": 25.14264, "longitude": 93.03182, "date": null, "landslide_type": "Flow", "cause": null, "source_page": 21, "confidence": "TABLE_EXTRACTED", "duplicate_group": null, "notes": "Extracted from table on page 21" }, "geometry": { "type": "Point", "coordinates": [ 93.03182, 25.14264 ] } },
{ "type": "Feature", "properties": { "landslide_id": "NER_00690", "source": "GSI", "source_id": "GSI_0690", "state": "Assam", "district": "Dima Hasao", "location": "New Haflong Railway Station", "latitude": 25.14722, "longitude": 93.03128, "date": null, "landslide_type": "Slide", "cause": null, "source_page": 21, "confidence": "TABLE_EXTRACTED", "duplicate_group": "DUP_GROUP_032", "notes": "Extracted from table on page 21" }, "geometry": { "type": "Point", "coordinates": [ 93.03128, 25.14722 ] } },
{ "type": "Feature", "properties": { "landslide_id": "NER_00691", "source": "GSI", "source_id": "GSI_0691", "state": "Assam", "district": "Dima Hasao", "location": "New Haflong Railway Station", "latitude": 25.143408, "longitude": 93.02995, "date": null, "landslide_type": "Flow", "cause": null, "source_page": 21, "confidence": "TABLE_EXTRACTED", "duplicate_group": null, "notes": "Extracted from table on page 21" }, "geometry": { "type": "Point", "coordinates": [ 93.02995, 25.143408 ] } },
{ "type": "Feature", "properties": { "landslide_id": "NER_00692", "source": "GSI", "source_id": "GSI_0692", "state": "Assam", "district": "Dima Hasao", "location": "New Haflong Railway Station", "latitude": 25.14879, "longitude": 93.031636, "date": null, "landslide_type": "Slide", "cause": null, "source_page": 21, "confidence": "TABLE_EXTRACTED", "duplicate_group": "DUP_GROUP_034", "notes": "Extracted from table on page 21" }, "geometry": { "type": "Point", "coordinates": [ 93.031636, 25.14879 ] } },
{ "type": "Feature", "properties": { "landslide_id": "NER_00693", "source": "GSI", "source_id": "GSI_0693", "state": "Assam", "district": "Dima Hasao", "location": "New Haflong Railway Station", "latitude": 25.15144, "longitude": 93.0331, "date": null, "landslide_type": "Slide", "cause": null, "source_page": 21, "confidence": "TABLE_EXTRACTED", "duplicate_group": null, "notes": "Extracted from table on page 21" }, "geometry": { "type": "Point", "coordinates": [ 93.0331, 25.15144 ] } },
{ "type": "Feature", "properties": { "landslide_id": "NER_00694", "source": "GSI", "source_id": "GSI_0694", "state": "Assam", "district": "Dima Hasao (N.C. Hills)", "location": "Near Mahadev Tila, Haflong,", "latitude": 25.156694, "longitude": 93.017667, "date": null, "landslide_type": "Slide", "cause": null, "source_page": 21, "confidence": "TABLE_EXTRACTED", "duplicate_group": "DUP_GROUP_047", "notes": "Extracted from table on page 21" }, "geometry": { "type": "Point", "coordinates": [ 93.017667, 25.156694 ] } },
{ "type": "Feature", "properties": { "landslide_id": "NER_00695", "source": "GSI", "source_id": "GSI_0695", "state": "Assam", "district": "Dima Hasao (N.C. Hills)", "location": "Near Gunjung village road\nsection", "latitude": 25.205528, "longitude": 93.020139, "date": null, "landslide_type": "Slide", "cause": null, "source_page": 21, "confidence": "TABLE_EXTRACTED", "duplicate_group": "DUP_GROUP_097", "notes": "Extracted from table on page 21" }, "geometry": { "type": "Point", "coordinates": [ 93.020139, 25.205528 ] } },
{ "type": "Feature", "properties": { "landslide_id": "NER_00696", "source": "GSI", "source_id": "GSI_0696", "state": "Assam", "district": "Dima Hasao", "location": "Haflong – Gunjung road section", "latitude": 25.245972, "longitude": 93.028278, "date": null, "landslide_type": "Slide", "cause": null, "source_page": 21, "confidence": "TABLE_EXTRACTED", "duplicate_group": "DUP_GROUP_244", "notes": "Extracted from table on page 21" }, "geometry": { "type": "Point", "coordinates": [ 93.028278, 25.245972 ] } },
{ "type": "Feature", "properties": { "landslide_id": "NER_00697", "source": "GSI", "source_id": "GSI_0697", "state": "Assam", "district": "Dima Hasao (N.C. Hills)", "location": "Near Gunjung village road", "latitude": 25.214944, "longitude": 93.021611, "date": null, "landslide_type": "Slide", "cause": null, "source_page": 22, "confidence": "TABLE_EXTRACTED", "duplicate_group": "DUP_GROUP_100", "notes": "Extracted from table on page 22" }, "geometry": { "type": "Point", "coordinates": [ 93.021611, 25.214944 ] } },
{ "type": "Feature", "properties": { "landslide_id": "NER_00698", "source": "GSI", "source_id": "GSI_0698", "state": "Assam", "district": "Dima Hasao (N.C. Hills)", "location": "Near Gunjung village road\nsection", "latitude": 25.2185, "longitude": 93.013111, "date": null, "landslide_type": "Slide", "cause": null, "source_page": 22, "confidence": "TABLE_EXTRACTED", "duplicate_group": "DUP_GROUP_102", "notes": "Extracted from table on page 22" }, "geometry": { "type": "Point", "coordinates": [ 93.013111, 25.2185 ] } },
{ "type": "Feature", "properties": { "landslide_id": "NER_00699", "source": "GSI", "source_id": "GSI_0699", "state": "Assam", "district": "Dima Hasao (N.C. Hills)", "location": "Haflong town, Dima Hasao (NC\nHills)", "latitude": 25.216944, "longitude": 93.011361, "date": null, "landslide_type": "Slide", "cause": null, "source_page": 22, "confidence": "TABLE_EXTRACTED", "duplicate_group": "DUP_GROUP_101", "notes": "Extracted from table on page 22" }, "geometry": { "type": "Point", "coordinates": [ 93.011361, 25.216944 ] } },
{ "type": "Feature", "properties": { "landslide_id": "NER_00700", "source": "GSI", "source_id": "GSI_0700", "state": "Assam", "district": "Dima Hasao (N.C. Hills)", "location": "Lower Haflong,", "latitude": 25.199722, "longitude": 93.016722, "date": null, "landslide_type": "Slide", "cause": null, "source_page": 22, "confidence": "TABLE_EXTRACTED", "duplicate_group": "DUP_GROUP_095", "notes": "Extracted from table on page 22" }, "geometry": { "type": "Point", "coordinates": [ 93.016722, 25.199722 ] } },
{ "type": "Feature", "properties": { "landslide_id": "NER_00701", "source": "GSI", "source_id": "GSI_0701", "state": "Assam", "district": "Kamrup (Metro)", "location": "Rudra Nagar, Near Rajohuwa\nNamghar, Chandmari", "latitude": 26.19052, "longitude": 91.77499, "date": null, "landslide_type": "Slide", "cause": null, "source_page": 22, "confidence": "TABLE_EXTRACTED", "duplicate_group": "DUP_GROUP_216", "notes": "Extracted from table on page 22" }, "geometry": { "type": "Point", "coordinates": [ 91.77499, 26.19052 ] } },
{ "type": "Feature", "properties": { "landslide_id": "NER_00702", "source": "GSI", "source_id": "GSI_0702", "state": "Assam", "district": "Dima Hasao", "location": "Haflong town, Dima Hasao (NC\nHills)", "latitude": 25.159333, "longitude": 93.017, "date": null, "landslide_type": "Slide", "cause": null, "source_page": 22, "confidence": "TABLE_EXTRACTED", "duplicate_group": "DUP_GROUP_066", "notes": "Extracted from table on page 22" }, "geometry": { "type": "Point", "coordinates": [ 93.017, 25.159333 ] } },
{ "type": "Feature", "properties": { "landslide_id": "NER_00703", "source": "GSI", "source_id": "GSI_0703", "state": "Assam", "district": "Dima Hasao", "location": "Haflong – Gunjung road section", "latitude": 25.23925, "longitude": 93.031528, "date": null, "landslide_type": "Slide", "cause": null, "source_page": 22, "confidence": "TABLE_EXTRACTED", "duplicate_group": "DUP_GROUP_245", "notes": "Extracted from table on page 22" }, "geometry": { "type": "Point", "coordinates": [ 93.031528, 25.23925 ] } },
{ "type": "Feature", "properties": { "landslide_id": "NER_00704", "source": "GSI", "source_id": "GSI_0704", "state": "Assam", "district": "Dima Hasao", "location": "Haflong – Gunjung road section", "latitude": 25.232972, "longitude": 93.03325, "date": null, "landslide_type": "Slide", "cause": null, "source_page": 22, "confidence": "TABLE_EXTRACTED", "duplicate_group": "DUP_GROUP_242", "notes": "Extracted from table on page 22" }, "geometry": { "type": "Point", "coordinates": [ 93.03325, 25.232972 ] } },
{ "type": "Feature", "properties": { "landslide_id": "NER_00705", "source": "GSI", "source_id": "GSI_0705", "state": "Assam", "district": "Dima Hasao", "location": "Haflong town, Dima Hasao (NC\nHills)", "latitude": 25.156389, "longitude": 93.018389, "date": null, "landslide_type": "Slide", "cause": null, "source_page": 22, "confidence": "TABLE_EXTRACTED", "duplicate_group": "DUP_GROUP_048", "notes": "Extracted from table on page 22" }, "geometry": { "type": "Point", "coordinates": [ 93.018389, 25.156389 ] } },
{ "type": "Feature", "properties": { "landslide_id": "NER_00706", "source": "GSI", "source_id": "GSI_0706", "state": "Assam", "district": "Dima Hasao", "location": "Haflong town, Dima Hasao (NC\nHills)", "latitude": 25.157361, "longitude": 93.016083, "date": null, "landslide_type": "Slide", "cause": null, "source_page": 22, "confidence": "TABLE_EXTRACTED", "duplicate_group": "DUP_GROUP_065", "notes": "Extracted from table on page 22" }, "geometry": { "type": "Point", "coordinates": [ 93.016083, 25.157361 ] } },
{ "type": "Feature", "properties": { "landslide_id": "NER_00707", "source": "GSI", "source_id": "GSI_0707", "state": "Assam", "district": "Dima Hasao", "location": "Haflong – Gunjung road section", "latitude": 25.238806, "longitude": 93.032194, "date": null, "landslide_type": "Slide", "cause": null, "source_page": 22, "confidence": "TABLE_EXTRACTED", "duplicate_group": "DUP_GROUP_245", "notes": "Extracted from table on page 22" }, "geometry": { "type": "Point", "coordinates": [ 93.032194, 25.238806 ] } },
{ "type": "Feature", "properties": { "landslide_id": "NER_00708", "source": "GSI", "source_id": "GSI_0708", "state": "Assam", "district": "Dima Hasao (N.C. Hills)", "location": "-Haflong – Gunjung road section,\nLungkok village, Lower Haflong", "latitude": 25.196694, "longitude": 93.018583, "date": null, "landslide_type": "Slide", "cause": null, "source_page": 22, "confidence": "TABLE_EXTRACTED", "duplicate_group": "DUP_GROUP_094", "notes": "Extracted from table on page 22" }, "geometry": { "type": "Point", "coordinates": [ 93.018583, 25.196694 ] } },
{ "type": "Feature", "properties": { "landslide_id": "NER_00709", "source": "GSI", "source_id": "GSI_0709", "state": "Assam", "district": "Dima Hasao (N.C. Hills)", "location": "Haflong – Gunjung road section,\nLower Haflong", "latitude": 25.188444, "longitude": 93.019667, "date": null, "landslide_type": "Slide", "cause": null, "source_page": 22, "confidence": "TABLE_EXTRACTED", "duplicate_group": "DUP_GROUP_088", "notes": "Extracted from table on page 22" }, "geometry": { "type": "Point", "coordinates": [ 93.019667, 25.188444 ] } },
{ "type": "Feature", "properties": { "landslide_id": "NER_00710", "source": "GSI", "source_id": "GSI_0710", "state": "Assam", "district": "Dima Hasao (N.C. Hills)", "location": "NH 54, Heuwangberam,", "latitude": 25.207389, "longitude": 93.122778, "date": null, "landslide_type": "Initially started\nas a\nsubsidence,\nnow movement\nof slope mass\nhas already\nbeen initiated.", "cause": null, "source_page": 22, "confidence": "TABLE_EXTRACTED", "duplicate_group": "DUP_GROUP_098", "notes": "Extracted from table on page 22" }, "geometry": { "type": "Point", "coordinates": [ 93.122778, 25.207389 ] } },
{ "type": "Feature", "properties": { "landslide_id": "NER_00711", "source": "GSI", "source_id": "GSI_0711", "state": "Assam", "district": "Dima Hasao", "location": "N.D Raji village, Haflong, Dima\nHasao (NC Hills)", "latitude": 25.175972, "longitude": 93.020167, "date": null, "landslide_type": "Slide", "cause": null, "source_page": 22, "confidence": "TABLE_EXTRACTED", "duplicate_group": "DUP_GROUP_074", "notes": "Extracted from table on page 22" }, "geometry": { "type": "Point", "coordinates": [ 93.020167, 25.175972 ] } },
{ "type": "Feature", "properties": { "landslide_id": "NER_00712", "source": "GSI", "source_id": "GSI_0712", "state": "Assam", "district": "Dima Hasao", "location": "N.D Raji (Hamar)village,\nHaflong, Dima Hasao (NC Hills)", "latitude": 25.175056, "longitude": 93.020417, "date": null, "landslide_type": "Slide", "cause": null, "source_page": 22, "confidence": "TABLE_EXTRACTED", "duplicate_group": "DUP_GROUP_073", "notes": "Extracted from table on page 22" }, "geometry": { "type": "Point", "coordinates": [ 93.020417, 25.175056 ] } },
{ "type": "Feature", "properties": { "landslide_id": "NER_00713", "source": "GSI", "source_id": "GSI_0713", "state": "Assam", "district": "Dima Hasao", "location": "N.D Raji (Hmar)village, Haflong,\nDima Hasao (NC Hills)", "latitude": 25.171889, "longitude": 93.020611, "date": null, "landslide_type": "Slide", "cause": null, "source_page": 22, "confidence": "TABLE_EXTRACTED", "duplicate_group": "DUP_GROUP_228", "notes": "Extracted from table on page 22" }, "geometry": { "type": "Point", "coordinates": [ 93.020611, 25.171889 ] } },
{ "type": "Feature", "properties": { "landslide_id": "NER_00714", "source": "GSI", "source_id": "GSI_0714", "state": "Assam", "district": "Dima Hasao", "location": "Songpiang village, Haflong,\nDima Hasao (NC Hills)", "latitude": 25.165639, "longitude": 93.025444, "date": null, "landslide_type": "Fall", "cause": null, "source_page": 22, "confidence": "TABLE_EXTRACTED", "duplicate_group": "DUP_GROUP_070", "notes": "Extracted from table on page 22" }, "geometry": { "type": "Point", "coordinates": [ 93.025444, 25.165639 ] } },
{ "type": "Feature", "properties": { "landslide_id": "NER_00715", "source": "GSI", "source_id": "GSI_0715", "state": "Assam", "district": "Dima Hasao", "location": "Songpiang village, Haflong,\nDima Hasao (NC Hills)", "latitude": 25.163444, "longitude": 93.023167, "date": null, "landslide_type": "Slide", "cause": null, "source_page": 22, "confidence": "TABLE_EXTRACTED", "duplicate_group": "DUP_GROUP_067", "notes": "Extracted from table on page 22" }, "geometry": { "type": "Point", "coordinates": [ 93.023167, 25.163444 ] } },
{ "type": "Feature", "properties": { "landslide_id": "NER_00716", "source": "GSI", "source_id": "GSI_0716", "state": "Assam", "district": "Dima Hasao", "location": "Near Boro Haflong village,\nHaflong, Dima Hasao (NC Hills)", "latitude": 25.150694, "longitude": 93.025833, "date": null, "landslide_type": "slide", "cause": null, "source_page": 22, "confidence": "TABLE_EXTRACTED", "duplicate_group": "DUP_GROUP_035", "notes": "Extracted from table on page 22" }, "geometry": { "type": "Point", "coordinates": [ 93.025833, 25.150694 ] } },
{ "type": "Feature", "properties": { "landslide_id": "NER_00717", "source": "GSI", "source_id": "GSI_0717", "state": "Assam", "district": "Dima Hasao", "location": "Boro Haflong, Haflong, Dima\nHasao (NC Hills)", "latitude": 25.145861, "longitude": 93.024194, "date": null, "landslide_type": "Slide", "cause": null, "source_page": 22, "confidence": "TABLE_EXTRACTED", "duplicate_group": "DUP_GROUP_030", "notes": "Extracted from table on page 22" }, "geometry": { "type": "Point", "coordinates": [ 93.024194, 25.145861 ] } },
{ "type": "Feature", "properties": { "landslide_id": "NER_00718", "source": "GSI", "source_id": "GSI_0718", "state": "Assam", "district": "Dima Hasao", "location": "Boro Haflong, Haflong, Dima\nHasao (NC Hills)", "latitude": 25.140417, "longitude": 93.020389, "date": null, "landslide_type": "Slide", "cause": null, "source_page": 23, "confidence": "TABLE_EXTRACTED", "duplicate_group": "DUP_GROUP_027", "notes": "Extracted from table on page 23" }, "geometry": { "type": "Point", "coordinates": [ 93.020389, 25.140417 ] } },
{ "type": "Feature", "properties": { "landslide_id": "NER_00719", "source": "GSI", "source_id": "GSI_0719", "state": "Assam", "district": "Dima Hasao", "location": "Jatinga-Haflong Road section,\nHaflong, Dima Hasao (NC Hills)", "latitude": 25.139611, "longitude": 93.019556, "date": null, "landslide_type": "Slide", "cause": null, "source_page": 23, "confidence": "TABLE_EXTRACTED", "duplicate_group": "DUP_GROUP_026", "notes": "Extracted from table on page 23" }, "geometry": { "type": "Point", "coordinates": [ 93.019556, 25.139611 ] } },
{ "type": "Feature", "properties": { "landslide_id": "NER_00720", "source": "GSI", "source_id": "GSI_0720", "state": "Assam", "district": "Kamrup (Metro)", "location": "Jonali path", "latitude": 26.150124, "longitude": 91.727915, "date": null, "landslide_type": "Slide", "cause": null, "source_page": 23, "confidence": "TABLE_EXTRACTED", "duplicate_group": "DUP_GROUP_151", "notes": "Extracted from table on page 23" }, "geometry": { "type": "Point", "coordinates": [ 91.727915, 26.150124 ] } },
{ "type": "Feature", "properties": { "landslide_id": "NER_00721", "source": "GSI", "source_id": "GSI_0721", "state": "Assam", "district": "Dima Hasao", "location": "Newngalsong village, Mahur,\nDima Hasao (NC Hills)", "latitude": 25.184528, "longitude": 93.125639, "date": null, "landslide_type": "Slide", "cause": null, "source_page": 23, "confidence": "TABLE_EXTRACTED", "duplicate_group": "DUP_GROUP_086", "notes": "Extracted from table on page 23" }, "geometry": { "type": "Point", "coordinates": [ 93.125639, 25.184528 ] } },
{ "type": "Feature", "properties": { "landslide_id": "NER_00722", "source": "GSI", "source_id": "GSI_0722", "state": "Assam", "district": "Dima Hasao", "location": "Heuwangaberam,village,Mahur,\nDima Hasao (NC Hills)", "latitude": 25.18725, "longitude": 93.120556, "date": null, "landslide_type": "Slide", "cause": null, "source_page": 23, "confidence": "TABLE_EXTRACTED", "duplicate_group": "DUP_GROUP_087", "notes": "Extracted from table on page 23" }, "geometry": { "type": "Point", "coordinates": [ 93.120556, 25.18725 ] } },
{ "type": "Feature", "properties": { "landslide_id": "NER_00723", "source": "GSI", "source_id": "GSI_0723", "state": "Assam", "district": "Dima Hasao", "location": "Mahur, Dima Hasao (NC Hills)", "latitude": 25.176389, "longitude": 93.116139, "date": null, "landslide_type": "Slide", "cause": null, "source_page": 23, "confidence": "TABLE_EXTRACTED", "duplicate_group": "DUP_GROUP_075", "notes": "Extracted from table on page 23" }, "geometry": { "type": "Point", "coordinates": [ 93.116139, 25.176389 ] } },
{ "type": "Feature", "properties": { "landslide_id": "NER_00724", "source": "GSI", "source_id": "GSI_0724", "state": "Assam", "district": "Dima Hasao (N.C. Hills)", "location": "Khongsai village, Haflong,", "latitude": 25.1775, "longitude": 93.026222, "date": null, "landslide_type": "Shallow\nrotational", "cause": null, "source_page": 23, "confidence": "TABLE_EXTRACTED", "duplicate_group": "DUP_GROUP_077", "notes": "Extracted from table on page 23" }, "geometry": { "type": "Point", "coordinates": [ 93.026222, 25.1775 ] } },
{ "type": "Feature", "properties": { "landslide_id": "NER_00725", "source": "GSI", "source_id": "GSI_0725", "state": "Assam", "district": "Dima Hasao", "location": "Khongsai village, Haflong, Dima\nHasao (NC Hills)", "latitude": 25.176917, "longitude": 93.026556, "date": null, "landslide_type": "Slide", "cause": null, "source_page": 23, "confidence": "TABLE_EXTRACTED", "duplicate_group": "DUP_GROUP_078", "notes": "Extracted from table on page 23" }, "geometry": { "type": "Point", "coordinates": [ 93.026556, 25.176917 ] } },
{ "type": "Feature", "properties": { "landslide_id": "NER_00726", "source": "GSI", "source_id": "GSI_0726", "state": "Assam", "district": "Dima Hasao", "location": "Muolhoi /Gilgal village, Haflong,\nDima Hasao (NC Hills)", "latitude": 25.177028, "longitude": 93.020889, "date": null, "landslide_type": "Slide", "cause": null, "source_page": 23, "confidence": "TABLE_EXTRACTED", "duplicate_group": "DUP_GROUP_079", "notes": "Extracted from table on page 23" }, "geometry": { "type": "Point", "coordinates": [ 93.020889, 25.177028 ] } },
{ "type": "Feature", "properties": { "landslide_id": "NER_00727", "source": "GSI", "source_id": "GSI_0727", "state": "Assam", "district": "Dima Hasao", "location": "Heuwangaberam village,\nMahur, Dima Hasao (NC Hills)", "latitude": 25.193083, "longitude": 93.120417, "date": null, "landslide_type": "Slide", "cause": null, "source_page": 23, "confidence": "TABLE_EXTRACTED", "duplicate_group": "DUP_GROUP_093", "notes": "Extracted from table on page 23" }, "geometry": { "type": "Point", "coordinates": [ 93.120417, 25.193083 ] } },
{ "type": "Feature", "properties": { "landslide_id": "NER_00728", "source": "GSI", "source_id": "GSI_0728", "state": "Assam", "district": "Dima Hasao", "location": "Jatinga, Haflong, Dima Hasao\n(NC Hills)", "latitude": 25.134472, "longitude": 93.018972, "date": null, "landslide_type": "Slide", "cause": null, "source_page": 23, "confidence": "TABLE_EXTRACTED", "duplicate_group": "DUP_GROUP_022", "notes": "Extracted from table on page 23" }, "geometry": { "type": "Point", "coordinates": [ 93.018972, 25.134472 ] } },
{ "type": "Feature", "properties": { "landslide_id": "NER_00729", "source": "GSI", "source_id": "GSI_0729", "state": "Assam", "district": "Kamrup (Metro)", "location": "Tuinang colony", "latitude": 26.188417, "longitude": 91.85125, "date": null, "landslide_type": "Slide", "cause": null, "source_page": 23, "confidence": "TABLE_EXTRACTED", "duplicate_group": "DUP_GROUP_162", "notes": "Extracted from table on page 23" }, "geometry": { "type": "Point", "coordinates": [ 91.85125, 26.188417 ] } },
{ "type": "Feature", "properties": { "landslide_id": "NER_00730", "source": "GSI", "source_id": "GSI_0730", "state": "Assam", "district": "Kamrup (Metro)", "location": "Mandakini path, Kharghuli", "latitude": 26.192444, "longitude": 91.764222, "date": null, "landslide_type": "Slide", "cause": null, "source_page": 23, "confidence": "TABLE_EXTRACTED", "duplicate_group": "DUP_GROUP_169", "notes": "Extracted from table on page 23" }, "geometry": { "type": "Point", "coordinates": [ 91.764222, 26.192444 ] } },
{ "type": "Feature", "properties": { "landslide_id": "NER_00731", "source": "GSI", "source_id": "GSI_0731", "state": "Assam", "district": "Kamrup (Metro)", "location": "Chandmari", "latitude": 26.192361, "longitude": 91.780806, "date": null, "landslide_type": "Subsidence", "cause": null, "source_page": 23, "confidence": "TABLE_EXTRACTED", "duplicate_group": null, "notes": "Extracted from table on page 23" }, "geometry": { "type": "Point", "coordinates": [ 91.780806, 26.192361 ] } },
{ "type": "Feature", "properties": { "landslide_id": "NER_00732", "source": "GSI", "source_id": "GSI_0732", "state": "Assam", "district": "Kamrup (Metro)", "location": "Nilachalpur, Bezbaruah Nagar", "latitude": 26.158056, "longitude": 91.712583, "date": null, "landslide_type": "Slide", "cause": null, "source_page": 23, "confidence": "TABLE_EXTRACTED", "duplicate_group": null, "notes": "Extracted from table on page 23" }, "geometry": { "type": "Point", "coordinates": [ 91.712583, 26.158056 ] } },
{ "type": "Feature", "properties": { "landslide_id": "NER_00733", "source": "GSI", "source_id": "GSI_0733", "state": "Assam", "district": "Kamrup (Metro)", "location": "Pub Sarania hill, Guwahati.", "latitude": 26.1755, "longitude": 91.76175, "date": null, "landslide_type": "Slide", "cause": null, "source_page": 23, "confidence": "TABLE_EXTRACTED", "duplicate_group": "DUP_GROUP_158", "notes": "Extracted from table on page 23" }, "geometry": { "type": "Point", "coordinates": [ 91.76175, 26.1755 ] } },
{ "type": "Feature", "properties": { "landslide_id": "NER_00734", "source": "GSI", "source_id": "GSI_0734", "state": "Assam", "district": "Kamrup (Metro)", "location": "Noonmati, Guwahati.", "latitude": 26.190389, "longitude": 91.809944, "date": null, "landslide_type": "Slide", "cause": null, "source_page": 23, "confidence": "TABLE_EXTRACTED", "duplicate_group": "DUP_GROUP_167", "notes": "Extracted from table on page 23" }, "geometry": { "type": "Point", "coordinates": [ 91.809944, 26.190389 ] } },
{ "type": "Feature", "properties": { "landslide_id": "NER_00735", "source": "GSI", "source_id": "GSI_0735", "state": "Assam", "district": "Kamrup (Metro)", "location": "SH: Chandmari Road. Localtiy:\nBapuji Nagar Housing Complex,\nGuwahati.", "latitude": 26.188667, "longitude": 91.766944, "date": null, "landslide_type": "Flow", "cause": null, "source_page": 23, "confidence": "TABLE_EXTRACTED", "duplicate_group": "DUP_GROUP_163", "notes": "Extracted from table on page 23" }, "geometry": { "type": "Point", "coordinates": [ 91.766944, 26.188667 ] } },
{ "type": "Feature", "properties": { "landslide_id": "NER_00736", "source": "GSI", "source_id": "GSI_0736", "state": "Assam", "district": "West Karbi Anglong", "location": "Hatidubi Dam site, Lengery,\nAmtreng", "latitude": 25.91286, "longitude": 92.49797, "date": null, "landslide_type": "Slide", "cause": null, "source_page": 23, "confidence": "TABLE_EXTRACTED", "duplicate_group": null, "notes": "Extracted from table on page 23" }, "geometry": { "type": "Point", "coordinates": [ 92.49797, 25.91286 ] } },
{ "type": "Feature", "properties": { "landslide_id": "NER_00737", "source": "GSI", "source_id": "GSI_0737", "state": "Assam", "district": "Kamrup (Metro)", "location": "SH: Chandmari Road. Localtiy:\nBankuwar Nagar, Karghuli\nPahar, Guwahati.", "latitude": 26.196222, "longitude": 91.763361, "date": null, "landslide_type": "Flow", "cause": null, "source_page": 23, "confidence": "TABLE_EXTRACTED", "duplicate_group": "DUP_GROUP_172", "notes": "Extracted from table on page 23" }, "geometry": { "type": "Point", "coordinates": [ 91.763361, 26.196222 ] } },
{ "type": "Feature", "properties": { "landslide_id": "NER_00738", "source": "GSI", "source_id": "GSI_0738", "state": "Assam", "district": "West Karbi Anglong", "location": "Hatidubi Dam Site, Lengery,\nAmtreng", "latitude": 25.96664, "longitude": 92.51636, "date": null, "landslide_type": "Slide", "cause": null, "source_page": 23, "confidence": "TABLE_EXTRACTED", "duplicate_group": "DUP_GROUP_248", "notes": "Extracted from table on page 23" }, "geometry": { "type": "Point", "coordinates": [ 92.51636, 25.96664 ] } },
{ "type": "Feature", "properties": { "landslide_id": "NER_00739", "source": "GSI", "source_id": "GSI_0739", "state": "Assam", "district": "West Karbi Anglong", "location": "Hatidubi Dam Site, Lengery,\nAmtreng", "latitude": 25.967, "longitude": 92.51617, "date": null, "landslide_type": "Slide", "cause": null, "source_page": 23, "confidence": "TABLE_EXTRACTED", "duplicate_group": "DUP_GROUP_248", "notes": "Extracted from table on page 23" }, "geometry": { "type": "Point", "coordinates": [ 92.51617, 25.967 ] } },
{ "type": "Feature", "properties": { "landslide_id": "NER_00740", "source": "GSI", "source_id": "GSI_0740", "state": "Assam", "district": "West Karbi Anglong", "location": "Hatidubi Dam site, Lengery,\nAmtreng", "latitude": 25.96458, "longitude": 92.52081, "date": null, "landslide_type": "Slide", "cause": null, "source_page": 23, "confidence": "TABLE_EXTRACTED", "duplicate_group": null, "notes": "Extracted from table on page 23" }, "geometry": { "type": "Point", "coordinates": [ 92.52081, 25.96458 ] } },
{ "type": "Feature", "properties": { "landslide_id": "NER_00741", "source": "GSI", "source_id": "GSI_0741", "state": "Assam", "district": "West Karbi Anglong", "location": "Hatidubi Dam Site, Lengery,\nAmtreng", "latitude": 25.96886, "longitude": 92.51572, "date": null, "landslide_type": "Slide", "cause": null, "source_page": 23, "confidence": "TABLE_EXTRACTED", "duplicate_group": null, "notes": "Extracted from table on page 23" }, "geometry": { "type": "Point", "coordinates": [ 92.51572, 25.96886 ] } },
{ "type": "Feature", "properties": { "landslide_id": "NER_00742", "source": "GSI", "source_id": "GSI_0742", "state": "Assam", "district": "West Karbi Anglong", "location": "Hatidubi Dam Site, Lengery,\nAmtreng", "latitude": 25.97461, "longitude": 92.51375, "date": null, "landslide_type": "Slide", "cause": null, "source_page": 24, "confidence": "TABLE_EXTRACTED", "duplicate_group": null, "notes": "Extracted from table on page 24" }, "geometry": { "type": "Point", "coordinates": [ 92.51375, 25.97461 ] } },
{ "type": "Feature", "properties": { "landslide_id": "NER_00743", "source": "GSI", "source_id": "GSI_0743", "state": "Assam", "district": "West Karbi Anglong", "location": "Hatidubi Dam Site, Lengery,\nAmtreng", "latitude": 25.97664, "longitude": 92.51283, "date": null, "landslide_type": "Slide", "cause": null, "source_page": 24, "confidence": "TABLE_EXTRACTED", "duplicate_group": null, "notes": "Extracted from table on page 24" }, "geometry": { "type": "Point", "coordinates": [ 92.51283, 25.97664 ] } },
{ "type": "Feature", "properties": { "landslide_id": "NER_00744", "source": "GSI", "source_id": "GSI_0744", "state": "Assam", "district": "West Karbi Anglong", "location": "Hatidubi Dam Site, Lengery,\nAmtreng", "latitude": 25.98214, "longitude": 92.51139, "date": null, "landslide_type": "Fall", "cause": null, "source_page": 24, "confidence": "TABLE_EXTRACTED", "duplicate_group": null, "notes": "Extracted from table on page 24" }, "geometry": { "type": "Point", "coordinates": [ 92.51139, 25.98214 ] } },
{ "type": "Feature", "properties": { "landslide_id": "NER_00745", "source": "GSI", "source_id": "GSI_0745", "state": "Assam", "district": "West Karbi Anglong", "location": "Hatidubi Dam Site, Lengery,\nAmtreng", "latitude": 25.91608, "longitude": 92.50203, "date": null, "landslide_type": "Slide", "cause": null, "source_page": 24, "confidence": "TABLE_EXTRACTED", "duplicate_group": null, "notes": "Extracted from table on page 24" }, "geometry": { "type": "Point", "coordinates": [ 92.50203, 25.91608 ] } },
{ "type": "Feature", "properties": { "landslide_id": "NER_00746", "source": "GSI", "source_id": "GSI_0746", "state": "Assam", "district": "West Karbi Anglong", "location": "Hatidubi Dam, Lengery,\nAmtreng", "latitude": 25.92153, "longitude": 92.50753, "date": null, "landslide_type": "Slide", "cause": null, "source_page": 24, "confidence": "TABLE_EXTRACTED", "duplicate_group": "DUP_GROUP_249", "notes": "Extracted from table on page 24" }, "geometry": { "type": "Point", "coordinates": [ 92.50753, 25.92153 ] } },
{ "type": "Feature", "properties": { "landslide_id": "NER_00747", "source": "GSI", "source_id": "GSI_0747", "state": "Assam", "district": "West Karbi Anglong", "location": "Hatidubi Dam, Lengery,\nAmtreng", "latitude": 25.92525, "longitude": 92.51031, "date": null, "landslide_type": "Slide", "cause": null, "source_page": 24, "confidence": "TABLE_EXTRACTED", "duplicate_group": null, "notes": "Extracted from table on page 24" }, "geometry": { "type": "Point", "coordinates": [ 92.51031, 25.92525 ] } },
{ "type": "Feature", "properties": { "landslide_id": "NER_00748", "source": "GSI", "source_id": "GSI_0748", "state": "Assam", "district": "West Karbi Anglong", "location": "Hatidubi Dam, Lengery,\nAmtreng", "latitude": 25.91936, "longitude": 92.50556, "date": null, "landslide_type": "Slide", "cause": null, "source_page": 24, "confidence": "TABLE_EXTRACTED", "duplicate_group": null, "notes": "Extracted from table on page 24" }, "geometry": { "type": "Point", "coordinates": [ 92.50556, 25.91936 ] } },
{ "type": "Feature", "properties": { "landslide_id": "NER_00749", "source": "GSI", "source_id": "GSI_0749", "state": "Assam", "district": "West Karbi Anglong", "location": "Hatidubi Dam, Lengery,\nAmtreng", "latitude": 25.92103, "longitude": 92.50708, "date": null, "landslide_type": "Slide", "cause": null, "source_page": 24, "confidence": "TABLE_EXTRACTED", "duplicate_group": "DUP_GROUP_249", "notes": "Extracted from table on page 24" }, "geometry": { "type": "Point", "coordinates": [ 92.50708, 25.92103 ] } },
{ "type": "Feature", "properties": { "landslide_id": "NER_00750", "source": "GSI", "source_id": "GSI_0750", "state": "Assam", "district": "West Karbi Anglong", "location": "Hatidubi Dam, Lengery,\nAmtreng", "latitude": 25.92233, "longitude": 92.50819, "date": null, "landslide_type": "Slide", "cause": null, "source_page": 24, "confidence": "TABLE_EXTRACTED", "duplicate_group": null, "notes": "Extracted from table on page 24" }, "geometry": { "type": "Point", "coordinates": [ 92.50819, 25.92233 ] } },
{ "type": "Feature", "properties": { "landslide_id": "NER_00751", "source": "GSI", "source_id": "GSI_0751", "state": "Assam", "district": "West Karbi Anglong", "location": "Hatidubi Dam, Lengery,\nAmtreng", "latitude": 25.924, "longitude": 92.50939, "date": null, "landslide_type": "Slide", "cause": null, "source_page": 24, "confidence": "TABLE_EXTRACTED", "duplicate_group": null, "notes": "Extracted from table on page 24" }, "geometry": { "type": "Point", "coordinates": [ 92.50939, 25.924 ] } },
{ "type": "Feature", "properties": { "landslide_id": "NER_00752", "source": "GSI", "source_id": "GSI_0752", "state": "Assam", "district": "West Karbi Anglong", "location": "Hatidubi Dam Site, Lengery,\nAmtreng", "latitude": 25.95825, "longitude": 92.51414, "date": null, "landslide_type": "Slide", "cause": null, "source_page": 24, "confidence": "TABLE_EXTRACTED", "duplicate_group": null, "notes": "Extracted from table on page 24" }, "geometry": { "type": "Point", "coordinates": [ 92.51414, 25.95825 ] } },
{ "type": "Feature", "properties": { "landslide_id": "NER_00753", "source": "GSI", "source_id": "GSI_0753", "state": "Assam", "district": "West Karbi Anglong", "location": "Hatidubi Dam Site, Lengery,\nAmtreng", "latitude": 25.96403, "longitude": 92.51631, "date": null, "landslide_type": "Slide", "cause": null, "source_page": 24, "confidence": "TABLE_EXTRACTED", "duplicate_group": null, "notes": "Extracted from table on page 24" }, "geometry": { "type": "Point", "coordinates": [ 92.51631, 25.96403 ] } },
{ "type": "Feature", "properties": { "landslide_id": "NER_00754", "source": "GSI", "source_id": "GSI_0754", "state": "Assam", "district": "West Karbi Anglong", "location": "Hatidubi Dam Site, Lengery,\nAmtreng", "latitude": 25.91406, "longitude": 92.49897, "date": null, "landslide_type": "Slide", "cause": null, "source_page": 24, "confidence": "TABLE_EXTRACTED", "duplicate_group": "DUP_GROUP_250", "notes": "Extracted from table on page 24" }, "geometry": { "type": "Point", "coordinates": [ 92.49897, 25.91406 ] } },
{ "type": "Feature", "properties": { "landslide_id": "NER_00755", "source": "GSI", "source_id": "GSI_0755", "state": "Assam", "district": "West Karbi Anglong", "location": "Hatidubi Dam Site, Lengery,\nAmtreng", "latitude": 25.91422, "longitude": 92.49972, "date": null, "landslide_type": "Slide", "cause": null, "source_page": 24, "confidence": "TABLE_EXTRACTED", "duplicate_group": "DUP_GROUP_250", "notes": "Extracted from table on page 24" }, "geometry": { "type": "Point", "coordinates": [ 92.49972, 25.91422 ] } },
{ "type": "Feature", "properties": { "landslide_id": "NER_00756", "source": "GSI", "source_id": "GSI_0756", "state": "Assam", "district": "West Karbi Anglong", "location": "Hatidubi Dam Site, Lengery,\nAmtreng", "latitude": 25.95478, "longitude": 92.51386, "date": null, "landslide_type": "Slide", "cause": null, "source_page": 24, "confidence": "TABLE_EXTRACTED", "duplicate_group": null, "notes": "Extracted from table on page 24" }, "geometry": { "type": "Point", "coordinates": [ 92.51386, 25.95478 ] } },
{ "type": "Feature", "properties": { "landslide_id": "NER_00757", "source": "GSI", "source_id": "GSI_0757", "state": "Assam", "district": "West Karbi Anglong", "location": "Hatidubi Dam Site, Lengery,\nAmtreng", "latitude": 25.95317, "longitude": 92.51353, "date": null, "landslide_type": "Slide", "cause": null, "source_page": 24, "confidence": "TABLE_EXTRACTED", "duplicate_group": null, "notes": "Extracted from table on page 24" }, "geometry": { "type": "Point", "coordinates": [ 92.51353, 25.95317 ] } },
{ "type": "Feature", "properties": { "landslide_id": "NER_00758", "source": "GSI", "source_id": "GSI_0758", "state": "Assam", "district": "Kamrup (Metro)", "location": "Natun Basti, Matia Pahar, Dipar\nBil", "latitude": 26.105917, "longitude": 91.622833, "date": null, "landslide_type": "Slide", "cause": null, "source_page": 24, "confidence": "TABLE_EXTRACTED", "duplicate_group": "DUP_GROUP_144", "notes": "Extracted from table on page 24" }, "geometry": { "type": "Point", "coordinates": [ 91.622833, 26.105917 ] } },
{ "type": "Feature", "properties": { "landslide_id": "NER_00759", "source": "GSI", "source_id": "GSI_0759", "state": "Assam", "district": "Kamrup (Metro)", "location": "Katahbari, Garchuk,Near\nBethany High school", "latitude": 26.118167, "longitude": 91.713306, "date": null, "landslide_type": "Slide", "cause": null, "source_page": 24, "confidence": "TABLE_EXTRACTED", "duplicate_group": null, "notes": "Extracted from table on page 24" }, "geometry": { "type": "Point", "coordinates": [ 91.713306, 26.118167 ] } },
{ "type": "Feature", "properties": { "landslide_id": "NER_00760", "source": "GSI", "source_id": "GSI_0760", "state": "Assam", "district": "Kamrup (Metro)", "location": "Garo Basti Slide, 8th Mile,\nGuwahati", "latitude": 26.11464, "longitude": 91.83886, "date": null, "landslide_type": "Slide", "cause": null, "source_page": 24, "confidence": "TABLE_EXTRACTED", "duplicate_group": "DUP_GROUP_215", "notes": "Extracted from table on page 24" }, "geometry": { "type": "Point", "coordinates": [ 91.83886, 26.11464 ] } },
{ "type": "Feature", "properties": { "landslide_id": "NER_00761", "source": "GSI", "source_id": "GSI_0761", "state": "Assam", "district": "Dima Hasao", "location": "Between Kalachand and\nMaibong, NH 54", "latitude": 25.320694, "longitude": 93.127333, "date": null, "landslide_type": "Slide", "cause": null, "source_page": 24, "confidence": "TABLE_EXTRACTED", "duplicate_group": null, "notes": "Extracted from table on page 24" }, "geometry": { "type": "Point", "coordinates": [ 93.127333, 25.320694 ] } },
{ "type": "Feature", "properties": { "landslide_id": "NER_00762", "source": "GSI", "source_id": "GSI_0762", "state": "Assam", "district": "Kamrup (Metro)", "location": "Ganpat Mandir road", "latitude": 26.177556, "longitude": 91.765889, "date": null, "landslide_type": "Slide", "cause": null, "source_page": 24, "confidence": "TABLE_EXTRACTED", "duplicate_group": "DUP_GROUP_161", "notes": "Extracted from table on page 24" }, "geometry": { "type": "Point", "coordinates": [ 91.765889, 26.177556 ] } },
{ "type": "Feature", "properties": { "landslide_id": "NER_00763", "source": "GSI", "source_id": "GSI_0763", "state": "Assam", "district": "Kamrup (Metro)", "location": "Ganpat Mandir road", "latitude": 26.176722, "longitude": 91.76525, "date": null, "landslide_type": "Slide", "cause": null, "source_page": 24, "confidence": "TABLE_EXTRACTED", "duplicate_group": "DUP_GROUP_160", "notes": "Extracted from table on page 24" }, "geometry": { "type": "Point", "coordinates": [ 91.76525, 26.176722 ] } },
{ "type": "Feature", "properties": { "landslide_id": "NER_00764", "source": "GSI", "source_id": "GSI_0764", "state": "Assam", "district": "Kamrup (Metro)", "location": "Hengrabari", "latitude": 26.154278, "longitude": 91.792639, "date": null, "landslide_type": "Slide", "cause": null, "source_page": 24, "confidence": "TABLE_EXTRACTED", "duplicate_group": "DUP_GROUP_153", "notes": "Extracted from table on page 24" }, "geometry": { "type": "Point", "coordinates": [ 91.792639, 26.154278 ] } },
{ "type": "Feature", "properties": { "landslide_id": "NER_00765", "source": "GSI", "source_id": "GSI_0765", "state": "Assam", "district": "Kamrup (Metro)", "location": "Guwahati-Shillong Road\n(Merges with NH-37),\nUdayachal pahar, Near\nGuwahati Medical College.", "latitude": 26.154778, "longitude": 91.774111, "date": null, "landslide_type": "Flow", "cause": null, "source_page": 24, "confidence": "TABLE_EXTRACTED", "duplicate_group": "DUP_GROUP_155", "notes": "Extracted from table on page 24" }, "geometry": { "type": "Point", "coordinates": [ 91.774111, 26.154778 ] } },
{ "type": "Feature", "properties": { "landslide_id": "NER_00766", "source": "GSI", "source_id": "GSI_0766", "state": "Assam", "district": "Kamrup (Metro)", "location": "SH: Zoo Tiniali-Narengi Road.\nLocaltiy: Bamunimaidan, South\nRailway Colony (Near Hatigar),\nGuwahati.", "latitude": 26.176722, "longitude": 91.786722, "date": null, "landslide_type": "Flow", "cause": null, "source_page": 25, "confidence": "TABLE_EXTRACTED", "duplicate_group": "DUP_GROUP_159", "notes": "Extracted from table on page 25" }, "geometry": { "type": "Point", "coordinates": [ 91.786722, 26.176722 ] } },
{ "type": "Feature", "properties": { "landslide_id": "NER_00767", "source": "GSI", "source_id": "GSI_0767", "state": "Assam", "district": "Kamrup (Metro)", "location": "Akashi Nagar, Jyoti Nagar,\nGuwahati.", "latitude": 26.1895, "longitude": 91.787167, "date": null, "landslide_type": "Slide", "cause": null, "source_page": 25, "confidence": "TABLE_EXTRACTED", "duplicate_group": "DUP_GROUP_165", "notes": "Extracted from table on page 25" }, "geometry": { "type": "Point", "coordinates": [ 91.787167, 26.1895 ] } },
{ "type": "Feature", "properties": { "landslide_id": "NER_00768", "source": "GSI", "source_id": "GSI_0768", "state": "Assam", "district": "Dima Hasao (N.C. Hills)", "location": "Between Mupa and Dinhaku\nRailway Station,", "latitude": 25.405861, "longitude": 93.110972, "date": null, "landslide_type": "Slide", "cause": null, "source_page": 25, "confidence": "TABLE_EXTRACTED", "duplicate_group": null, "notes": "Extracted from table on page 25" }, "geometry": { "type": "Point", "coordinates": [ 93.110972, 25.405861 ] } },
{ "type": "Feature", "properties": { "landslide_id": "NER_00769", "source": "GSI", "source_id": "GSI_0769", "state": "Assam", "district": "Dima Hasao (N.C. Hills)", "location": "Between Mupa and Dinhaku\nBridge approach no102, at km\n51/9 as 52/1", "latitude": 25.391556, "longitude": 93.113167, "date": null, "landslide_type": "Subsidence", "cause": null, "source_page": 25, "confidence": "TABLE_EXTRACTED", "duplicate_group": null, "notes": "Extracted from table on page 25" }, "geometry": { "type": "Point", "coordinates": [ 93.113167, 25.391556 ] } },
{ "type": "Feature", "properties": { "landslide_id": "NER_00770", "source": "GSI", "source_id": "GSI_0770", "state": "Assam", "district": "Kamrup", "location": "Hastinapur Near Jorabat\nopposite of cow bazaar.", "latitude": 26.112667, "longitude": 91.853889, "date": null, "landslide_type": "Slide", "cause": null, "source_page": 25, "confidence": "TABLE_EXTRACTED", "duplicate_group": "DUP_GROUP_148", "notes": "Extracted from table on page 25" }, "geometry": { "type": "Point", "coordinates": [ 91.853889, 26.112667 ] } },
{ "type": "Feature", "properties": { "landslide_id": "NER_00771", "source": "GSI", "source_id": "GSI_0771", "state": "Assam", "district": "Cachar", "location": "Kanakpur Pt. III, Lakhipur,\nJoypur", "latitude": 24.92097, "longitude": 93.07306, "date": null, "landslide_type": "Slide", "cause": null, "source_page": 25, "confidence": "TABLE_EXTRACTED", "duplicate_group": "DUP_GROUP_001", "notes": "Extracted from table on page 25" }, "geometry": { "type": "Point", "coordinates": [ 93.07306, 24.92097 ] } },
{ "type": "Feature", "properties": { "landslide_id": "NER_00772", "source": "GSI", "source_id": "GSI_0772", "state": "Assam", "district": "Kamrup", "location": "Kharghuli area, near Kharghuli\npost office in Guwahati.", "latitude": 26.195306, "longitude": 91.765639, "date": null, "landslide_type": "Slide", "cause": null, "source_page": 25, "confidence": "TABLE_EXTRACTED", "duplicate_group": "DUP_GROUP_170", "notes": "Extracted from table on page 25" }, "geometry": { "type": "Point", "coordinates": [ 91.765639, 26.195306 ] } },
{ "type": "Feature", "properties": { "landslide_id": "NER_00773", "source": "GSI", "source_id": "GSI_0773", "state": "Assam", "district": "Kamrup", "location": "About 200 m North of NH-31, In\nnorth of IIT(G) approach", "latitude": 26.211111, "longitude": 91.684167, "date": null, "landslide_type": "Toppled the\nwedged\nweathered\nrocks blocks.", "cause": null, "source_page": 25, "confidence": "TABLE_EXTRACTED", "duplicate_group": "DUP_GROUP_173", "notes": "Extracted from table on page 25" }, "geometry": { "type": "Point", "coordinates": [ 91.684167, 26.211111 ] } },
{ "type": "Feature", "properties": { "landslide_id": "NER_00774", "source": "GSI", "source_id": "GSI_0774", "state": "Assam", "district": "Kamrup (Metro)", "location": "Kharghuli", "latitude": 26.193306, "longitude": 91.77725, "date": null, "landslide_type": "Slide", "cause": null, "source_page": 25, "confidence": "TABLE_EXTRACTED", "duplicate_group": null, "notes": "Extracted from table on page 25" }, "geometry": { "type": "Point", "coordinates": [ 91.77725, 26.193306 ] } },
{ "type": "Feature", "properties": { "landslide_id": "NER_00775", "source": "GSI", "source_id": "GSI_0775", "state": "Assam", "district": "Kamrup (Metro)", "location": "12th mile near Jorabat", "latitude": 26.091506, "longitude": 91.878986, "date": null, "landslide_type": "Slide", "cause": null, "source_page": 25, "confidence": "TABLE_EXTRACTED", "duplicate_group": null, "notes": "Extracted from table on page 25" }, "geometry": { "type": "Point", "coordinates": [ 91.878986, 26.091506 ] } },
{ "type": "Feature", "properties": { "landslide_id": "NER_00776", "source": "GSI", "source_id": "GSI_0776", "state": "Assam", "district": "Kamrup (Metro)", "location": "NH-31", "latitude": 26.213056, "longitude": 91.6925, "date": null, "landslide_type": "Fall", "cause": null, "source_page": 25, "confidence": "TABLE_EXTRACTED", "duplicate_group": null, "notes": "Extracted from table on page 25" }, "geometry": { "type": "Point", "coordinates": [ 91.6925, 26.213056 ] } },
{ "type": "Feature", "properties": { "landslide_id": "NER_00777", "source": "GSI", "source_id": "GSI_0777", "state": "Assam", "district": "Kamrup (Metro)", "location": "Near Noonmati bazaar road", "latitude": 26.1916, "longitude": 91.80361, "date": null, "landslide_type": "Slide", "cause": null, "source_page": 25, "confidence": "TABLE_EXTRACTED", "duplicate_group": "DUP_GROUP_168", "notes": "Extracted from table on page 25" }, "geometry": { "type": "Point", "coordinates": [ 91.80361, 26.1916 ] } },
{ "type": "Feature", "properties": { "landslide_id": "NER_00778", "source": "GSI", "source_id": "GSI_0778", "state": "Assam", "district": "Kamrup (Metro)", "location": "Upper Luitpur", "latitude": 26.19322, "longitude": 91.77033, "date": null, "landslide_type": "Slide", "cause": null, "source_page": 25, "confidence": "TABLE_EXTRACTED", "duplicate_group": null, "notes": "Extracted from table on page 25" }, "geometry": { "type": "Point", "coordinates": [ 91.77033, 26.19322 ] } },
{ "type": "Feature", "properties": { "landslide_id": "NER_00779", "source": "GSI", "source_id": "GSI_0779", "state": "Assam", "district": "Kamrup (Metro)", "location": "Anandanagar", "latitude": 26.18789, "longitude": 91.79493, "date": null, "landslide_type": "Slide", "cause": null, "source_page": 25, "confidence": "TABLE_EXTRACTED", "duplicate_group": null, "notes": "Extracted from table on page 25" }, "geometry": { "type": "Point", "coordinates": [ 91.79493, 26.18789 ] } },
{ "type": "Feature", "properties": { "landslide_id": "NER_00780", "source": "GSI", "source_id": "GSI_0780", "state": "Assam", "district": "Dima Hasao", "location": "Disgao Raji, Haflong", "latitude": 25.17136, "longitude": 93.01102, "date": null, "landslide_type": "Slide", "cause": null, "source_page": 25, "confidence": "TABLE_EXTRACTED", "duplicate_group": null, "notes": "Extracted from table on page 25" }, "geometry": { "type": "Point", "coordinates": [ 93.01102, 25.17136 ] } },
{ "type": "Feature", "properties": { "landslide_id": "NER_00781", "source": "GSI", "source_id": "GSI_0781", "state": "Assam", "district": "Dima Hasao", "location": "Fiangpui, Haflong", "latitude": 25.169861, "longitude": 93.002528, "date": null, "landslide_type": "Slide", "cause": null, "source_page": 25, "confidence": "TABLE_EXTRACTED", "duplicate_group": null, "notes": "Extracted from table on page 25" }, "geometry": { "type": "Point", "coordinates": [ 93.002528, 25.169861 ] } },
{ "type": "Feature", "properties": { "landslide_id": "NER_00782", "source": "GSI", "source_id": "GSI_0782", "state": "Assam", "district": "Dima Hasao", "location": "Lower Haflong , Haflong", "latitude": 25.18972, "longitude": 93.02011, "date": null, "landslide_type": "Slide", "cause": null, "source_page": 25, "confidence": "TABLE_EXTRACTED", "duplicate_group": null, "notes": "Extracted from table on page 25" }, "geometry": { "type": "Point", "coordinates": [ 93.02011, 25.18972 ] } },
{ "type": "Feature", "properties": { "landslide_id": "NER_00783", "source": "GSI", "source_id": "GSI_0783", "state": "Assam", "district": "Dima Hasao", "location": "Lower Haflong Road", "latitude": 25.18625, "longitude": 93.01629, "date": null, "landslide_type": "Slide", "cause": null, "source_page": 25, "confidence": "TABLE_EXTRACTED", "duplicate_group": null, "notes": "Extracted from table on page 25" }, "geometry": { "type": "Point", "coordinates": [ 93.01629, 25.18625 ] } },
{ "type": "Feature", "properties": { "landslide_id": "NER_00784", "source": "GSI", "source_id": "GSI_0784", "state": "Assam", "district": "Dima Hasao", "location": "Merryland colony", "latitude": 25.177416, "longitude": 93.00975, "date": null, "landslide_type": "Slide", "cause": null, "source_page": 25, "confidence": "TABLE_EXTRACTED", "duplicate_group": null, "notes": "Extracted from table on page 25" }, "geometry": { "type": "Point", "coordinates": [ 93.00975, 25.177416 ] } },
{ "type": "Feature", "properties": { "landslide_id": "NER_00785", "source": "GSI", "source_id": "GSI_0785", "state": "Assam", "district": "Dima Hasao", "location": "Phiding–Daotuhaja rail section", "latitude": 25.231694, "longitude": 93.161417, "date": null, "landslide_type": "Slide", "cause": null, "source_page": 25, "confidence": "TABLE_EXTRACTED", "duplicate_group": null, "notes": "Extracted from table on page 25" }, "geometry": { "type": "Point", "coordinates": [ 93.161417, 25.231694 ] } },
{ "type": "Feature", "properties": { "landslide_id": "NER_00786", "source": "GSI", "source_id": "GSI_0786", "state": "Assam", "district": "Dima Hasao", "location": "Lower Haflong", "latitude": 25.18919, "longitude": 93.02118, "date": null, "landslide_type": "Slide", "cause": null, "source_page": 25, "confidence": "TABLE_EXTRACTED", "duplicate_group": null, "notes": "Extracted from table on page 25" }, "geometry": { "type": "Point", "coordinates": [ 93.02118, 25.18919 ] } },
{ "type": "Feature", "properties": { "landslide_id": "NER_00787", "source": "GSI", "source_id": "GSI_0787", "state": "Assam", "district": "Karimganj", "location": "NH-44. Satkaragul Village near\nNilambazar, Nilambazar Circle,\nKarimganj.", "latitude": 24.706194, "longitude": 92.289972, "date": null, "landslide_type": "Flow", "cause": null, "source_page": 25, "confidence": "TABLE_EXTRACTED", "duplicate_group": null, "notes": "Extracted from table on page 25" }, "geometry": { "type": "Point", "coordinates": [ 92.289972, 24.706194 ] } },
{ "type": "Feature", "properties": { "landslide_id": "NER_00788", "source": "GSI", "source_id": "GSI_0788", "state": "Assam", "district": "Dima Hasao", "location": "Gilgal Veng, Moulhoi, Haflong", "latitude": 25.17623, "longitude": 93.01326, "date": null, "landslide_type": "Slide", "cause": null, "source_page": 25, "confidence": "TABLE_EXTRACTED", "duplicate_group": null, "notes": "Extracted from table on page 25" }, "geometry": { "type": "Point", "coordinates": [ 93.01326, 25.17623 ] } },
{ "type": "Feature", "properties": { "landslide_id": "NER_00789", "source": "GSI", "source_id": "GSI_0789", "state": "Assam", "district": "Kamrup (Metro)", "location": null, "latitude": 26.159583, "longitude": 91.723889, "date": null, "landslide_type": "NIL", "cause": null, "source_page": 25, "confidence": "TABLE_EXTRACTED", "duplicate_group": null, "notes": "Extracted from table on page 25" }, "geometry": { "type": "Point", "coordinates": [ 91.723889, 26.159583 ] } },
{ "type": "Feature", "properties": { "landslide_id": "NER_00790", "source": "GSI", "source_id": "GSI_0790", "state": "Assam", "district": "Kamrup (Metro)", "location": null, "latitude": 26.151667, "longitude": 91.731389, "date": null, "landslide_type": "NIL", "cause": null, "source_page": 26, "confidence": "TABLE_EXTRACTED", "duplicate_group": null, "notes": "Extracted from table on page 26" }, "geometry": { "type": "Point", "coordinates": [ 91.731389, 26.151667 ] } },
{ "type": "Feature", "properties": { "landslide_id": "NER_00791", "source": "GSI", "source_id": "GSI_0791", "state": "Assam", "district": "Kamrup (Metro)", "location": null, "latitude": 26.155444, "longitude": 91.679, "date": null, "landslide_type": "NIL", "cause": null, "source_page": 26, "confidence": "TABLE_EXTRACTED", "duplicate_group": null, "notes": "Extracted from table on page 26" }, "geometry": { "type": "Point", "coordinates": [ 91.679, 26.155444 ] } },
{ "type": "Feature", "properties": { "landslide_id": "NER_00792", "source": "GSI", "source_id": "GSI_0792", "state": "Assam", "district": "Dima Hasao", "location": null, "latitude": 25.107278, "longitude": 92.883139, "date": null, "landslide_type": "NIL", "cause": null, "source_page": 26, "confidence": "TABLE_EXTRACTED", "duplicate_group": null, "notes": "Extracted from table on page 26" }, "geometry": { "type": "Point", "coordinates": [ 92.883139, 25.107278 ] } },
{ "type": "Feature", "properties": { "landslide_id": "NER_00793", "source": "GSI", "source_id": "GSI_0793", "state": "Assam", "district": "Dima Hasao", "location": null, "latitude": 25.106222, "longitude": 92.8845, "date": null, "landslide_type": "NIL", "cause": null, "source_page": 26, "confidence": "TABLE_EXTRACTED", "duplicate_group": null, "notes": "Extracted from table on page 26" }, "geometry": { "type": "Point", "coordinates": [ 92.8845, 25.106222 ] } },
{ "type": "Feature", "properties": { "landslide_id": "NER_00794", "source": "GSI", "source_id": "GSI_0794", "state": "Assam", "district": "Kamrup", "location": null, "latitude": 26.149889, "longitude": 91.773944, "date": null, "landslide_type": "NIL", "cause": null, "source_page": 26, "confidence": "TABLE_EXTRACTED", "duplicate_group": null, "notes": "Extracted from table on page 26" }, "geometry": { "type": "Point", "coordinates": [ 91.773944, 26.149889 ] } },
{ "type": "Feature", "properties": { "landslide_id": "NER_00795", "source": "GSI", "source_id": "GSI_0795", "state": "Assam", "district": "Kamrup", "location": null, "latitude": 26.108917, "longitude": 91.74175, "date": null, "landslide_type": "NIL", "cause": null, "source_page": 26, "confidence": "TABLE_EXTRACTED", "duplicate_group": null, "notes": "Extracted from table on page 26" }, "geometry": { "type": "Point", "coordinates": [ 91.74175, 26.108917 ] } },
{ "type": "Feature", "properties": { "landslide_id": "NER_00796", "source": "GSI", "source_id": "GSI_0796", "state": "Assam", "district": "Kamrup", "location": null, "latitude": 26.129111, "longitude": 91.749111, "date": null, "landslide_type": "NIL", "cause": null, "source_page": 26, "confidence": "TABLE_EXTRACTED", "duplicate_group": null, "notes": "Extracted from table on page 26" }, "geometry": { "type": "Point", "coordinates": [ 91.749111, 26.129111 ] } },
{ "type": "Feature", "properties": { "landslide_id": "NER_00797", "source": "GSI", "source_id": "GSI_0797", "state": "Assam", "district": "Kamrup", "location": null, "latitude": 26.153333, "longitude": 91.777111, "date": null, "landslide_type": "NIL", "cause": null, "source_page": 26, "confidence": "TABLE_EXTRACTED", "duplicate_group": null, "notes": "Extracted from table on page 26" }, "geometry": { "type": "Point", "coordinates": [ 91.777111, 26.153333 ] } },
{ "type": "Feature", "properties": { "landslide_id": "NER_00798", "source": "GSI", "source_id": "GSI_0798", "state": "Assam", "district": "Kamrup", "location": null, "latitude": 26.150528, "longitude": 91.727667, "date": null, "landslide_type": "NIL", "cause": null, "source_page": 26, "confidence": "TABLE_EXTRACTED", "duplicate_group": "DUP_GROUP_152", "notes": "Extracted from table on page 26" }, "geometry": { "type": "Point", "coordinates": [ 91.727667, 26.150528 ] } },
{ "type": "Feature", "properties": { "landslide_id": "NER_00799", "source": "GSI", "source_id": "GSI_0799", "state": "Assam", "district": "Kamrup", "location": null, "latitude": 26.164056, "longitude": 91.728278, "date": null, "landslide_type": "NIL", "cause": null, "source_page": 26, "confidence": "TABLE_EXTRACTED", "duplicate_group": null, "notes": "Extracted from table on page 26" }, "geometry": { "type": "Point", "coordinates": [ 91.728278, 26.164056 ] } },
{ "type": "Feature", "properties": { "landslide_id": "NER_00800", "source": "GSI", "source_id": "GSI_0800", "state": "Assam", "district": "Kamrup", "location": "Doimuguri,", "latitude": 26.191139, "longitude": 91.829611, "date": null, "landslide_type": "Slide", "cause": null, "source_page": 26, "confidence": "TABLE_EXTRACTED", "duplicate_group": null, "notes": "Extracted from table on page 26" }, "geometry": { "type": "Point", "coordinates": [ 91.829611, 26.191139 ] } },
{ "type": "Feature", "properties": { "landslide_id": "NER_00801", "source": "GSI", "source_id": "GSI_0801", "state": "Assam", "district": "Kamrup", "location": null, "latitude": 26.158193, "longitude": 91.755807, "date": null, "landslide_type": "Slide", "cause": null, "source_page": 26, "confidence": "TABLE_EXTRACTED", "duplicate_group": null, "notes": "Extracted from table on page 26" }, "geometry": { "type": "Point", "coordinates": [ 91.755807, 26.158193 ] } },
{ "type": "Feature", "properties": { "landslide_id": "NER_00802", "source": "GSI", "source_id": "GSI_0802", "state": "Assam", "district": "Kamrup", "location": "Kamakhya Road", "latitude": 26.166185, "longitude": 91.7147, "date": null, "landslide_type": "Slide", "cause": null, "source_page": 26, "confidence": "TABLE_EXTRACTED", "duplicate_group": "DUP_GROUP_157", "notes": "Extracted from table on page 26" }, "geometry": { "type": "Point", "coordinates": [ 91.7147, 26.166185 ] } },
{ "type": "Feature", "properties": { "landslide_id": "NER_00803", "source": "GSI", "source_id": "GSI_0803", "state": "Assam", "district": "Kamrup", "location": "Kamakhya Road", "latitude": 26.16616, "longitude": 91.713803, "date": null, "landslide_type": "Slide", "cause": null, "source_page": 26, "confidence": "TABLE_EXTRACTED", "duplicate_group": "DUP_GROUP_251", "notes": "Extracted from table on page 26" }, "geometry": { "type": "Point", "coordinates": [ 91.713803, 26.16616 ] } },
{ "type": "Feature", "properties": { "landslide_id": "NER_00804", "source": "GSI", "source_id": "GSI_0804", "state": "Assam", "district": "Kamrup", "location": "Kamakhya Road", "latitude": 26.16297, "longitude": 91.7059, "date": null, "landslide_type": "Slide", "cause": null, "source_page": 26, "confidence": "TABLE_EXTRACTED", "duplicate_group": null, "notes": "Extracted from table on page 26" }, "geometry": { "type": "Point", "coordinates": [ 91.7059, 26.16297 ] } },
{ "type": "Feature", "properties": { "landslide_id": "NER_00805", "source": "GSI", "source_id": "GSI_0805", "state": "Assam", "district": "Kamrup", "location": "Pandu", "latitude": 26.17027, "longitude": 91.698, "date": null, "landslide_type": "Slide", "cause": null, "source_page": 26, "confidence": "TABLE_EXTRACTED", "duplicate_group": null, "notes": "Extracted from table on page 26" }, "geometry": { "type": "Point", "coordinates": [ 91.698, 26.17027 ] } },
{ "type": "Feature", "properties": { "landslide_id": "NER_00806", "source": "GSI", "source_id": "GSI_0806", "state": "Assam", "district": "Dima Hasao", "location": "Lower Boulsol", "latitude": 25.117665, "longitude": 92.847709, "date": null, "landslide_type": "Slide", "cause": null, "source_page": 26, "confidence": "TABLE_EXTRACTED", "duplicate_group": null, "notes": "Extracted from table on page 26" }, "geometry": { "type": "Point", "coordinates": [ 92.847709, 25.117665 ] } },
{ "type": "Feature", "properties": { "landslide_id": "NER_00807", "source": "GSI", "source_id": "GSI_0807", "state": "Assam", "district": "Dima Hasao", "location": "Guilongam-Semkhor road\nsection", "latitude": 25.27898, "longitude": 93.241092, "date": null, "landslide_type": "Slide", "cause": null, "source_page": 26, "confidence": "TABLE_EXTRACTED", "duplicate_group": null, "notes": "Extracted from table on page 26" }, "geometry": { "type": "Point", "coordinates": [ 93.241092, 25.27898 ] } },
{ "type": "Feature", "properties": { "landslide_id": "NER_00808", "source": "GSI", "source_id": "GSI_0808", "state": "Assam", "district": "Dima Hasao", "location": "Semkhor I-Semkhor II road\nsection", "latitude": 25.283672, "longitude": 93.301012, "date": null, "landslide_type": "Slide", "cause": null, "source_page": 26, "confidence": "TABLE_EXTRACTED", "duplicate_group": null, "notes": "Extracted from table on page 26" }, "geometry": { "type": "Point", "coordinates": [ 93.301012, 25.283672 ] } },
{ "type": "Feature", "properties": { "landslide_id": "NER_00809", "source": "GSI", "source_id": "GSI_0809", "state": "Assam", "district": "Dima Hasao", "location": "Old Sangbar", "latitude": 25.366255, "longitude": 92.823037, "date": null, "landslide_type": "Slide", "cause": null, "source_page": 26, "confidence": "TABLE_EXTRACTED", "duplicate_group": null, "notes": "Extracted from table on page 26" }, "geometry": { "type": "Point", "coordinates": [ 92.823037, 25.366255 ] } },
{ "type": "Feature", "properties": { "landslide_id": "NER_00810", "source": "GSI", "source_id": "GSI_0810", "state": "Assam", "district": "Dima Hasao", "location": "Duiring", "latitude": 25.1644, "longitude": 92.994643, "date": null, "landslide_type": "Slide", "cause": null, "source_page": 26, "confidence": "TABLE_EXTRACTED", "duplicate_group": null, "notes": "Extracted from table on page 26" }, "geometry": { "type": "Point", "coordinates": [ 92.994643, 25.1644 ] } },
{ "type": "Feature", "properties": { "landslide_id": "NER_00811", "source": "GSI", "source_id": "GSI_0811", "state": "Assam", "district": "Dima Hasao", "location": "Duiring", "latitude": 25.170425, "longitude": 92.989085, "date": null, "landslide_type": "Slide", "cause": null, "source_page": 26, "confidence": "TABLE_EXTRACTED", "duplicate_group": null, "notes": "Extracted from table on page 26" }, "geometry": { "type": "Point", "coordinates": [ 92.989085, 25.170425 ] } },
{ "type": "Feature", "properties": { "landslide_id": "NER_00812", "source": "GSI", "source_id": "GSI_0812", "state": "Assam", "district": "Dima Hasao", "location": "Kalachand", "latitude": 25.412958, "longitude": 93.242826, "date": null, "landslide_type": "Slide", "cause": null, "source_page": 26, "confidence": "TABLE_EXTRACTED", "duplicate_group": null, "notes": "Extracted from table on page 26" }, "geometry": { "type": "Point", "coordinates": [ 93.242826, 25.412958 ] } },
{ "type": "Feature", "properties": { "landslide_id": "NER_00813", "source": "GSI", "source_id": "GSI_0813", "state": "Assam", "district": "Dima Hasao", "location": "Kalachand", "latitude": 25.362612, "longitude": 93.216888, "date": null, "landslide_type": "Slide", "cause": null, "source_page": 26, "confidence": "TABLE_EXTRACTED", "duplicate_group": null, "notes": "Extracted from table on page 26" }, "geometry": { "type": "Point", "coordinates": [ 93.216888, 25.362612 ] } },
{ "type": "Feature", "properties": { "landslide_id": "NER_00814", "source": "GSI", "source_id": "GSI_0814", "state": "Assam", "district": "Dima Hasao", "location": "Gunjung", "latitude": 25.316197, "longitude": 93.006158, "date": null, "landslide_type": "Subsidence", "cause": null, "source_page": 26, "confidence": "TABLE_EXTRACTED", "duplicate_group": null, "notes": "Extracted from table on page 26" }, "geometry": { "type": "Point", "coordinates": [ 93.006158, 25.316197 ] } },
{ "type": "Feature", "properties": { "landslide_id": "NER_00815", "source": "GSI", "source_id": "GSI_0815", "state": "Assam", "district": "Dima Hasao", "location": "Hokai-Duiring road section", "latitude": 25.172918, "longitude": 92.995982, "date": null, "landslide_type": "Slide", "cause": null, "source_page": 26, "confidence": "TABLE_EXTRACTED", "duplicate_group": null, "notes": "Extracted from table on page 26" }, "geometry": { "type": "Point", "coordinates": [ 92.995982, 25.172918 ] } },
{ "type": "Feature", "properties": { "landslide_id": "NER_00816", "source": "GSI", "source_id": "GSI_0816", "state": "Assam", "district": "Dima Hasao", "location": "Maibang", "latitude": 25.319717, "longitude": 93.123028, "date": null, "landslide_type": "Slide", "cause": null, "source_page": 26, "confidence": "TABLE_EXTRACTED", "duplicate_group": null, "notes": "Extracted from table on page 26" }, "geometry": { "type": "Point", "coordinates": [ 93.123028, 25.319717 ] } },
{ "type": "Feature", "properties": { "landslide_id": "NER_00817", "source": "GSI", "source_id": "GSI_0817", "state": "Assam", "district": "Dima Hasao", "location": "Maibang-Gunjung road section", "latitude": 25.318433, "longitude": 93.115767, "date": null, "landslide_type": "Slide", "cause": null, "source_page": 26, "confidence": "TABLE_EXTRACTED", "duplicate_group": null, "notes": "Extracted from table on page 26" }, "geometry": { "type": "Point", "coordinates": [ 93.115767, 25.318433 ] } },
{ "type": "Feature", "properties": { "landslide_id": "NER_00818", "source": "GSI", "source_id": "GSI_0818", "state": "Assam", "district": "Dima Hasao", "location": "Maibang-Gunjung road section", "latitude": 25.313791, "longitude": 93.10552, "date": null, "landslide_type": "Slide", "cause": null, "source_page": 26, "confidence": "TABLE_EXTRACTED", "duplicate_group": "DUP_GROUP_252", "notes": "Extracted from table on page 26" }, "geometry": { "type": "Point", "coordinates": [ 93.10552, 25.313791 ] } },
{ "type": "Feature", "properties": { "landslide_id": "NER_00819", "source": "GSI", "source_id": "GSI_0819", "state": "Assam", "district": "Dima Hasao", "location": "Maibang-Gunjung road section", "latitude": 25.313929, "longitude": 93.10485, "date": null, "landslide_type": "Slide", "cause": null, "source_page": 26, "confidence": "TABLE_EXTRACTED", "duplicate_group": "DUP_GROUP_252", "notes": "Extracted from table on page 26" }, "geometry": { "type": "Point", "coordinates": [ 93.10485, 25.313929 ] } },
{ "type": "Feature", "properties": { "landslide_id": "NER_00820", "source": "GSI", "source_id": "GSI_0820", "state": "Assam", "district": "Dima Hasao", "location": "Maibang-Gunjung road section", "latitude": 25.314558, "longitude": 93.094195, "date": null, "landslide_type": "Slide", "cause": null, "source_page": 26, "confidence": "TABLE_EXTRACTED", "duplicate_group": null, "notes": "Extracted from table on page 26" }, "geometry": { "type": "Point", "coordinates": [ 93.094195, 25.314558 ] } },
{ "type": "Feature", "properties": { "landslide_id": "NER_00821", "source": "GSI", "source_id": "GSI_0821", "state": "Assam", "district": "Dima Hasao", "location": "Gunjung road section", "latitude": 25.22548, "longitude": 93.023783, "date": null, "landslide_type": "Slide", "cause": null, "source_page": 26, "confidence": "TABLE_EXTRACTED", "duplicate_group": null, "notes": "Extracted from table on page 26" }, "geometry": { "type": "Point", "coordinates": [ 93.023783, 25.22548 ] } },
{ "type": "Feature", "properties": { "landslide_id": "NER_00822", "source": "GSI", "source_id": "GSI_0822", "state": "Assam", "district": "Dima Hasao", "location": "Gunjung road section", "latitude": 25.24612, "longitude": 93.028292, "date": null, "landslide_type": "Slide", "cause": null, "source_page": 26, "confidence": "TABLE_EXTRACTED", "duplicate_group": "DUP_GROUP_244", "notes": "Extracted from table on page 26" }, "geometry": { "type": "Point", "coordinates": [ 93.028292, 25.24612 ] } },
{ "type": "Feature", "properties": { "landslide_id": "NER_00823", "source": "GSI", "source_id": "GSI_0823", "state": "Assam", "district": "Dima Hasao", "location": "Gunjung road section", "latitude": 25.23575, "longitude": 93.033317, "date": null, "landslide_type": "Slide", "cause": null, "source_page": 26, "confidence": "TABLE_EXTRACTED", "duplicate_group": null, "notes": "Extracted from table on page 26" }, "geometry": { "type": "Point", "coordinates": [ 93.033317, 25.23575 ] } },
{ "type": "Feature", "properties": { "landslide_id": "NER_00824", "source": "GSI", "source_id": "GSI_0824", "state": "Assam", "district": "Dima Hasao", "location": "Zion road section", "latitude": 25.18846, "longitude": 93.003768, "date": null, "landslide_type": "Slide", "cause": null, "source_page": 26, "confidence": "TABLE_EXTRACTED", "duplicate_group": null, "notes": "Extracted from table on page 26" }, "geometry": { "type": "Point", "coordinates": [ 93.003768, 25.18846 ] } },
{ "type": "Feature", "properties": { "landslide_id": "NER_00825", "source": "GSI", "source_id": "GSI_0825", "state": "Assam", "district": "Dima Hasao", "location": "Lungkhok-Asiakrobi road\nsection", "latitude": 25.20006, "longitude": 92.9972, "date": null, "landslide_type": "Slide", "cause": null, "source_page": 26, "confidence": "TABLE_EXTRACTED", "duplicate_group": "DUP_GROUP_253", "notes": "Extracted from table on page 26" }, "geometry": { "type": "Point", "coordinates": [ 92.9972, 25.20006 ] } },
{ "type": "Feature", "properties": { "landslide_id": "NER_00826", "source": "GSI", "source_id": "GSI_0826", "state": "Assam", "district": "Dima Hasao", "location": "Lungkhok-Asiakrobi road\nsection", "latitude": 25.19509, "longitude": 92.9995, "date": null, "landslide_type": "Slide", "cause": null, "source_page": 27, "confidence": "TABLE_EXTRACTED", "duplicate_group": null, "notes": "Extracted from table on page 27" }, "geometry": { "type": "Point", "coordinates": [ 92.9995, 25.19509 ] } },
{ "type": "Feature", "properties": { "landslide_id": "NER_00827", "source": "GSI", "source_id": "GSI_0827", "state": "Assam", "district": "Dima Hasao", "location": "Lungkhok-Asiakrobi road\nsection", "latitude": 25.199617, "longitude": 92.997478, "date": null, "landslide_type": "Slide", "cause": null, "source_page": 27, "confidence": "TABLE_EXTRACTED", "duplicate_group": "DUP_GROUP_253", "notes": "Extracted from table on page 27" }, "geometry": { "type": "Point", "coordinates": [ 92.997478, 25.199617 ] } },
{ "type": "Feature", "properties": { "landslide_id": "NER_00828", "source": "GSI", "source_id": "GSI_0828", "state": "Assam", "district": "Dima Hasao", "location": "Gunjung-Maibang road section", "latitude": 25.325408, "longitude": 93.037147, "date": null, "landslide_type": "Slide", "cause": null, "source_page": 27, "confidence": "TABLE_EXTRACTED", "duplicate_group": null, "notes": "Extracted from table on page 27" }, "geometry": { "type": "Point", "coordinates": [ 93.037147, 25.325408 ] } },
{ "type": "Feature", "properties": { "landslide_id": "NER_00829", "source": "GSI", "source_id": "GSI_0829", "state": "Assam", "district": "Dima Hasao", "location": "Gunjung-Maibang road section", "latitude": 23.333165, "longitude": 93.057945, "date": null, "landslide_type": "Slide", "cause": null, "source_page": 27, "confidence": "TABLE_EXTRACTED", "duplicate_group": null, "notes": "Extracted from table on page 27" }, "geometry": { "type": "Point", "coordinates": [ 93.057945, 23.333165 ] } },
{ "type": "Feature", "properties": { "landslide_id": "NER_00830", "source": "GSI", "source_id": "GSI_0830", "state": "Assam", "district": "Dima Hasao", "location": "Belang road section", "latitude": 25.197888, "longitude": 93.02683, "date": null, "landslide_type": "Slide", "cause": null, "source_page": 27, "confidence": "TABLE_EXTRACTED", "duplicate_group": null, "notes": "Extracted from table on page 27" }, "geometry": { "type": "Point", "coordinates": [ 93.02683, 25.197888 ] } },
{ "type": "Feature", "properties": { "landslide_id": "NER_00831", "source": "GSI", "source_id": "GSI_0831", "state": "Assam", "district": "Dima Hasao", "location": "Khomunnom", "latitude": 25.18833, "longitude": 93.104922, "date": null, "landslide_type": "Slide", "cause": null, "source_page": 27, "confidence": "TABLE_EXTRACTED", "duplicate_group": null, "notes": "Extracted from table on page 27" }, "geometry": { "type": "Point", "coordinates": [ 93.104922, 25.18833 ] } },
{ "type": "Feature", "properties": { "landslide_id": "NER_00832", "source": "GSI", "source_id": "GSI_0832", "state": "Assam", "district": "Dima Hasao", "location": "Lasang Aam road section", "latitude": 25.147883, "longitude": 93.085354, "date": null, "landslide_type": "Slide", "cause": null, "source_page": 27, "confidence": "TABLE_EXTRACTED", "duplicate_group": null, "notes": "Extracted from table on page 27" }, "geometry": { "type": "Point", "coordinates": [ 93.085354, 25.147883 ] } },
{ "type": "Feature", "properties": { "landslide_id": "NER_00833", "source": "GSI", "source_id": "GSI_0833", "state": "Assam", "district": "Dima Hasao", "location": "Dehangi-Umrangso road section", "latitude": 25.425403, "longitude": 92.982053, "date": null, "landslide_type": "Slide", "cause": null, "source_page": 27, "confidence": "TABLE_EXTRACTED", "duplicate_group": null, "notes": "Extracted from table on page 27" }, "geometry": { "type": "Point", "coordinates": [ 92.982053, 25.425403 ] } },
{ "type": "Feature", "properties": { "landslide_id": "NER_00834", "source": "GSI", "source_id": "GSI_0834", "state": "Assam", "district": "Dima Hasao", "location": "Sampardisa-Gaijon road section", "latitude": 25.241135, "longitude": 93.007627, "date": null, "landslide_type": "Slide", "cause": null, "source_page": 27, "confidence": "TABLE_EXTRACTED", "duplicate_group": null, "notes": "Extracted from table on page 27" }, "geometry": { "type": "Point", "coordinates": [ 93.007627, 25.241135 ] } },
{ "type": "Feature", "properties": { "landslide_id": "NER_00835", "source": "GSI", "source_id": "GSI_0835", "state": "Assam", "district": "Dima Hasao", "location": "Sampardisa-Gaijon road section", "latitude": 25.245448, "longitude": 93.003937, "date": null, "landslide_type": "Slide", "cause": null, "source_page": 27, "confidence": "TABLE_EXTRACTED", "duplicate_group": null, "notes": "Extracted from table on page 27" }, "geometry": { "type": "Point", "coordinates": [ 93.003937, 25.245448 ] } },
{ "type": "Feature", "properties": { "landslide_id": "NER_00836", "source": "GSI", "source_id": "GSI_0836", "state": "Assam", "district": "Dima Hasao", "location": "Lungkhok-Sampardisa road\nsection", "latitude": 25.211625, "longitude": 93.00113, "date": null, "landslide_type": "Slide", "cause": null, "source_page": 27, "confidence": "TABLE_EXTRACTED", "duplicate_group": null, "notes": "Extracted from table on page 27" }, "geometry": { "type": "Point", "coordinates": [ 93.00113, 25.211625 ] } },
{ "type": "Feature", "properties": { "landslide_id": "NER_00837", "source": "GSI", "source_id": "GSI_0837", "state": "Assam", "district": "Dima Hasao", "location": "Lungkhok-Sampardisa road\nsection", "latitude": 25.21112, "longitude": 92.999782, "date": null, "landslide_type": "Slide", "cause": null, "source_page": 27, "confidence": "TABLE_EXTRACTED", "duplicate_group": null, "notes": "Extracted from table on page 27" }, "geometry": { "type": "Point", "coordinates": [ 92.999782, 25.21112 ] } },
{ "type": "Feature", "properties": { "landslide_id": "NER_00838", "source": "GSI", "source_id": "GSI_0838", "state": "Assam", "district": "Dima Hasao", "location": "Maibang-Guilongkam road\nsection", "latitude": 25.267553, "longitude": 93.191317, "date": null, "landslide_type": "Slide", "cause": null, "source_page": 27, "confidence": "TABLE_EXTRACTED", "duplicate_group": "DUP_GROUP_254", "notes": "Extracted from table on page 27" }, "geometry": { "type": "Point", "coordinates": [ 93.191317, 25.267553 ] } },
{ "type": "Feature", "properties": { "landslide_id": "NER_00839", "source": "GSI", "source_id": "GSI_0839", "state": "Assam", "district": "Dima Hasao", "location": "Maibang-Guilongkam road\nsection", "latitude": 25.266788, "longitude": 93.190998, "date": null, "landslide_type": "Slide", "cause": null, "source_page": 27, "confidence": "TABLE_EXTRACTED", "duplicate_group": "DUP_GROUP_254", "notes": "Extracted from table on page 27" }, "geometry": { "type": "Point", "coordinates": [ 93.190998, 25.266788 ] } },
{ "type": "Feature", "properties": { "landslide_id": "NER_00840", "source": "GSI", "source_id": "GSI_0840", "state": "Assam", "district": "Dima Hasao", "location": "Maibang-Guilongkam road\nsection", "latitude": 25.26676, "longitude": 93.1964, "date": null, "landslide_type": "Slide", "cause": null, "source_page": 27, "confidence": "TABLE_EXTRACTED", "duplicate_group": null, "notes": "Extracted from table on page 27" }, "geometry": { "type": "Point", "coordinates": [ 93.1964, 25.26676 ] } },
{ "type": "Feature", "properties": { "landslide_id": "NER_00841", "source": "GSI", "source_id": "GSI_0841", "state": "Assam", "district": "Dima Hasao", "location": "Maibang-Guilongkam road\nsection", "latitude": 25.266142, "longitude": 93.197997, "date": null, "landslide_type": "Slide", "cause": null, "source_page": 27, "confidence": "TABLE_EXTRACTED", "duplicate_group": null, "notes": "Extracted from table on page 27" }, "geometry": { "type": "Point", "coordinates": [ 93.197997, 25.266142 ] } },
{ "type": "Feature", "properties": { "landslide_id": "NER_00842", "source": "GSI", "source_id": "GSI_0842", "state": "Assam", "district": "Dima Hasao", "location": "Maibang-Guilongkam road\nsection", "latitude": 25.265743, "longitude": 93.21778, "date": null, "landslide_type": "Slide", "cause": null, "source_page": 27, "confidence": "TABLE_EXTRACTED", "duplicate_group": null, "notes": "Extracted from table on page 27" }, "geometry": { "type": "Point", "coordinates": [ 93.21778, 25.265743 ] } },
{ "type": "Feature", "properties": { "landslide_id": "NER_00843", "source": "GSI", "source_id": "GSI_0843", "state": "Assam", "district": "Kamrup", "location": null, "latitude": 25.757752, "longitude": 91.252285, "date": null, "landslide_type": "flow", "cause": null, "source_page": 27, "confidence": "TABLE_EXTRACTED", "duplicate_group": null, "notes": "Extracted from table on page 27" }, "geometry": { "type": "Point", "coordinates": [ 91.252285, 25.757752 ] } },
{ "type": "Feature", "properties": { "landslide_id": "NER_00844", "source": "GSI", "source_id": "GSI_0844", "state": "Assam", "district": "Kamrup (Metro)", "location": null, "latitude": 26.238016, "longitude": 91.945953, "date": null, "landslide_type": "slide", "cause": null, "source_page": 27, "confidence": "TABLE_EXTRACTED", "duplicate_group": null, "notes": "Extracted from table on page 27" }, "geometry": { "type": "Point", "coordinates": [ 91.945953, 26.238016 ] } },
{ "type": "Feature", "properties": { "landslide_id": "NER_00845", "source": "GSI", "source_id": "GSI_0845", "state": "Assam", "district": "Kamrup", "location": null, "latitude": 25.872268, "longitude": 91.213965, "date": null, "landslide_type": "flow", "cause": null, "source_page": 27, "confidence": "TABLE_EXTRACTED", "duplicate_group": null, "notes": "Extracted from table on page 27" }, "geometry": { "type": "Point", "coordinates": [ 91.213965, 25.872268 ] } },
{ "type": "Feature", "properties": { "landslide_id": "NER_00846", "source": "GSI", "source_id": "GSI_0846", "state": "Assam", "district": "Kamrup", "location": null, "latitude": 26.227261, "longitude": 91.692246, "date": null, "landslide_type": "slide", "cause": null, "source_page": 27, "confidence": "TABLE_EXTRACTED", "duplicate_group": null, "notes": "Extracted from table on page 27" }, "geometry": { "type": "Point", "coordinates": [ 91.692246, 26.227261 ] } },
{ "type": "Feature", "properties": { "landslide_id": "NER_00847", "source": "GSI", "source_id": "GSI_0847", "state": "Assam", "district": "Kamrup (Metro)", "location": null, "latitude": 26.184324, "longitude": 91.855395, "date": null, "landslide_type": "slide", "cause": null, "source_page": 27, "confidence": "TABLE_EXTRACTED", "duplicate_group": null, "notes": "Extracted from table on page 27" }, "geometry": { "type": "Point", "coordinates": [ 91.855395, 26.184324 ] } },
{ "type": "Feature", "properties": { "landslide_id": "NER_00848", "source": "GSI", "source_id": "GSI_0848", "state": "Assam", "district": "Kamrup", "location": null, "latitude": 26.24698, "longitude": 91.964383, "date": null, "landslide_type": "slide", "cause": null, "source_page": 27, "confidence": "TABLE_EXTRACTED", "duplicate_group": null, "notes": "Extracted from table on page 27" }, "geometry": { "type": "Point", "coordinates": [ 91.964383, 26.24698 ] } },
{ "type": "Feature", "properties": { "landslide_id": "NER_00849", "source": "GSI", "source_id": "GSI_0849", "state": "Assam", "district": "Kamrup (Metro)", "location": null, "latitude": 26.11956, "longitude": 92.052125, "date": null, "landslide_type": "slide", "cause": null, "source_page": 27, "confidence": "TABLE_EXTRACTED", "duplicate_group": null, "notes": "Extracted from table on page 27" }, "geometry": { "type": "Point", "coordinates": [ 92.052125, 26.11956 ] } },
{ "type": "Feature", "properties": { "landslide_id": "NER_00850", "source": "GSI", "source_id": "GSI_0850", "state": "Assam", "district": "Dima Hasao", "location": null, "latitude": 25.69814, "longitude": 93.129423, "date": null, "landslide_type": "slide", "cause": null, "source_page": 27, "confidence": "TABLE_EXTRACTED", "duplicate_group": null, "notes": "Extracted from table on page 27" }, "geometry": { "type": "Point", "coordinates": [ 93.129423, 25.69814 ] } },
{ "type": "Feature", "properties": { "landslide_id": "NER_00851", "source": "GSI", "source_id": "GSI_0851", "state": "Assam", "district": "Dima Hasao", "location": null, "latitude": 25.648512, "longitude": 93.121528, "date": null, "landslide_type": "slide", "cause": null, "source_page": 27, "confidence": "TABLE_EXTRACTED", "duplicate_group": "DUP_GROUP_126", "notes": "Extracted from table on page 27" }, "geometry": { "type": "Point", "coordinates": [ 93.121528, 25.648512 ] } },
{ "type": "Feature", "properties": { "landslide_id": "NER_00852", "source": "GSI", "source_id": "GSI_0852", "state": "Assam", "district": "Dima Hasao", "location": null, "latitude": 25.388977, "longitude": 93.121008, "date": null, "landslide_type": "slide", "cause": null, "source_page": 27, "confidence": "TABLE_EXTRACTED", "duplicate_group": null, "notes": "Extracted from table on page 27" }, "geometry": { "type": "Point", "coordinates": [ 93.121008, 25.388977 ] } },
{ "type": "Feature", "properties": { "landslide_id": "NER_00853", "source": "GSI", "source_id": "GSI_0853", "state": "Assam", "district": "West Khasi Hills", "location": null, "latitude": 25.740148, "longitude": 91.224044, "date": null, "landslide_type": "slide", "cause": null, "source_page": 27, "confidence": "TABLE_EXTRACTED", "duplicate_group": null, "notes": "Extracted from table on page 27" }, "geometry": { "type": "Point", "coordinates": [ 91.224044, 25.740148 ] } },
{ "type": "Feature", "properties": { "landslide_id": "NER_00854", "source": "GSI", "source_id": "GSI_0854", "state": "Assam", "district": "Dima Hasao", "location": null, "latitude": 25.341478, "longitude": 93.133718, "date": null, "landslide_type": "slide", "cause": null, "source_page": 27, "confidence": "TABLE_EXTRACTED", "duplicate_group": null, "notes": "Extracted from table on page 27" }, "geometry": { "type": "Point", "coordinates": [ 93.133718, 25.341478 ] } },
{ "type": "Feature", "properties": { "landslide_id": "NER_00855", "source": "GSI", "source_id": "GSI_0855", "state": "Assam", "district": "West Karbi Anglong", "location": null, "latitude": 25.888959, "longitude": 92.61669, "date": null, "landslide_type": "slide", "cause": null, "source_page": 27, "confidence": "TABLE_EXTRACTED", "duplicate_group": null, "notes": "Extracted from table on page 27" }, "geometry": { "type": "Point", "coordinates": [ 92.61669, 25.888959 ] } },
{ "type": "Feature", "properties": { "landslide_id": "NER_00856", "source": "GSI", "source_id": "GSI_0856", "state": "Assam", "district": "West Karbi Anglong", "location": null, "latitude": 25.890032, "longitude": 92.621245, "date": null, "landslide_type": "slide", "cause": null, "source_page": 27, "confidence": "TABLE_EXTRACTED", "duplicate_group": null, "notes": "Extracted from table on page 27" }, "geometry": { "type": "Point", "coordinates": [ 92.621245, 25.890032 ] } },
{ "type": "Feature", "properties": { "landslide_id": "NER_00857", "source": "GSI", "source_id": "GSI_0857", "state": "Assam", "district": "Kamrup (Metro)", "location": null, "latitude": 26.156633, "longitude": 91.938576, "date": null, "landslide_type": "slide", "cause": null, "source_page": 27, "confidence": "TABLE_EXTRACTED", "duplicate_group": null, "notes": "Extracted from table on page 27" }, "geometry": { "type": "Point", "coordinates": [ 91.938576, 26.156633 ] } },
{ "type": "Feature", "properties": { "landslide_id": "NER_00858", "source": "GSI", "source_id": "GSI_0858", "state": "Assam", "district": "Kamrup (Metro)", "location": null, "latitude": 26.1445, "longitude": 91.7362, "date": null, "landslide_type": "Flow", "cause": null, "source_page": 27, "confidence": "TABLE_EXTRACTED", "duplicate_group": null, "notes": "Extracted from table on page 27" }, "geometry": { "type": "Point", "coordinates": [ 91.7362, 26.1445 ] } },
{ "type": "Feature", "properties": { "landslide_id": "NER_01162", "source": "GSI", "source_id": "GSI_1162", "state": "Arunachal Pradesh", "district": "Upper Siang", "location": "Pasighat-yingkiong road", "latitude": 27.452833, "longitude": 95.239, "date": null, "landslide_type": "slide", "cause": null, "source_page": 35, "confidence": "TABLE_EXTRACTED", "duplicate_group": null, "notes": "Extracted from table on page 35" }, "geometry": { "type": "Point", "coordinates": [ 95.239, 27.452833 ] } },
{ "type": "Feature", "properties": { "landslide_id": "NER_01167", "source": "GSI", "source_id": "GSI_1167", "state": "Arunachal Pradesh", "district": "Upper Siang", "location": "Pasighat-yingkiong road", "latitude": 27.459167, "longitude": 95.233639, "date": null, "landslide_type": "Slide", "cause": null, "source_page": 35, "confidence": "TABLE_EXTRACTED", "duplicate_group": null, "notes": "Extracted from table on page 35" }, "geometry": { "type": "Point", "coordinates": [ 95.233639, 27.459167 ] } },
{ "type": "Feature", "properties": { "landslide_id": "NER_01276", "source": "GSI", "source_id": "GSI_1276", "state": "Arunachal Pradesh", "district": "West Siang", "location": "Likabali petrol pump", "latitude": 27.662194, "longitude": 94.702667, "date": null, "landslide_type": "Slide", "cause": null, "source_page": 39, "confidence": "TABLE_EXTRACTED", "duplicate_group": null, "notes": "Extracted from table on page 39" }, "geometry": { "type": "Point", "coordinates": [ 94.702667, 27.662194 ] } },
{ "type": "Feature", "properties": { "landslide_id": "NER_01277", "source": "GSI", "source_id": "GSI_1277", "state": "Arunachal Pradesh", "district": "West Siang", "location": "Likabali road", "latitude": 27.664972, "longitude": 94.693861, "date": null, "landslide_type": "Slide", "cause": null, "source_page": 39, "confidence": "TABLE_EXTRACTED", "duplicate_group": null, "notes": "Extracted from table on page 39" }, "geometry": { "type": "Point", "coordinates": [ 94.693861, 27.664972 ] } }
]
}
