sample_id,latitude,longitude,timestamp,base_susceptibility,rainfall_1h_mm,rainfall_3h_mm,rainfall_6h_mm,rainfall_12h_mm,rainfall_24h_mm,rainfall_72h_mm,rainfall_7d_mm,soil_moisture,forecast_rain_6h_mm,forecast_rain_24h_mm,forecast_rain_48h_mm,landslide_within_6h,landslide_within_24h,landslide_within_48h,landslide_within_72h
SMP_000677,26.150124,91.727915,2024-07-01T12:00:00Z,0.3477,10.5,29.44,61.18,106.04,172.63,391.08,752.91,0.55,25.7,85.97,144.57,1,1,1,1
SMP_000677,26.150124,91.727915,2024-07-02T12:00:00Z,0.3477,11.97,32.74,65.57,112.59,187.13,436.56,842.75,0.55,31.78,95.99,151.34,1,1,1,1
SMP_000677,26.150124,91.727915,2024-07-03T12:00:00Z,0.3477,6.18,18.4,43.0,79.2,140.12,323.36,637.72,0.5,14.77,72.64,106.86,0,1,1,1
SMP_000677,26.150124,91.727915,2024-07-04T12:00:00Z,0.3477,0.0,3.36,13.61,35.76,70.75,177.11,371.32,0.376,6.69,35.79,64.62,0,0,0,0
SMP_000677,26.150124,91.727915,2024-07-05T12:00:00Z,0.3477,0.0,0.49,7.89,25.28,59.44,180.35,402.53,0.381,3.75,19.78,41.08,0,0,0,0
SMP_001340,25.789140741430664,91.52600795255645,2024-07-01T12:00:00Z,0.6066,8.7,24.49,49.2,85.16,144.46,336.63,670.92,0.527,24.41,73.44,123.21,1,1,1,1
SMP_001340,25.789140741430664,91.52600795255645,2024-07-02T12:00:00Z,0.6066,14.15,41.29,76.13,132.56,221.01,507.61,976.83,0.55,35.34,113.25,172.45,1,1,1,1
SMP_001340,25.789140741430664,91.52600795255645,2024-07-03T12:00:00Z,0.6066,11.03,31.8,61.96,111.06,177.71,413.17,802.62,0.55,32.09,89.7,153.04,1,1,1,1
SMP_001340,25.789140741430664,91.52600795255645,2024-07-04T12:00:00Z,0.6066,1.21,4.58,17.56,35.96,74.74,185.92,376.94,0.39,2.59,28.87,65.88,0,0,1,1
SMP_001340,25.789140741430664,91.52600795255645,2024-07-05T12:00:00Z,0.6066,0.0,0.47,7.19,21.1,37.33,117.61,249.47,0.291,0.3,25.86,21.69,0,0,0,0
SMP_000984,24.81957960068451,93.7769128292564,2024-07-01T12:00:00Z,0.406,0.0,1.84,12.23,34.46,75.5,184.22,365.01,0.372,4.9,36.62,54.95,0,0,0,1
SMP_000984,24.81957960068451,93.7769128292564,2024-07-02T12:00:00Z,0.406,7.57,20.99,47.66,86.94,143.71,330.94,633.19,0.497,18.89,81.86,112.72,1,1,1,1
SMP_000984,24.81957960068451,93.7769128292564,2024-07-03T12:00:00Z,0.406,15.53,45.35,88.01,150.03,236.05,537.16,993.26,0.55,44.0,135.47,188.4,1,1,1,1
SMP_000984,24.81957960068451,93.7769128292564,2024-07-04T12:00:00Z,0.406,14.07,38.95,78.88,132.87,207.91,469.18,887.31,0.55,37.85,108.99,176.26,1,1,1,1
SMP_000984,24.81957960068451,93.7769128292564,2024-07-05T12:00:00Z,0.406,4.08,10.9,24.64,41.52,79.82,219.13,453.97,0.388,13.13,30.75,64.5,0,0,0,1
SMP_000607,25.168083,93.024922,2024-07-01T12:00:00Z,0.5053,0.49,4.58,10.56,20.69,49.43,129.14,280.74,0.337,2.23,24.52,34.93,0,0,0,0
SMP_000607,25.168083,93.024922,2024-07-02T12:00:00Z,0.5053,10.33,27.28,54.04,97.04,162.25,390.7,778.19,0.55,26.1,84.54,138.8,1,1,1,1
SMP_000607,25.168083,93.024922,2024-07-03T12:00:00Z,0.5053,13.91,37.24,76.53,131.09,210.57,501.31,977.87,0.55,33.48,108.6,161.42,1,1,1,1
SMP_000607,25.168083,93.024922,2024-07-04T12:00:00Z,0.5053,9.04,25.66,52.48,97.66,162.49,377.49,731.9,0.55,23.84,85.46,143.35,1,1,1,1
SMP_000607,25.168083,93.024922,2024-07-05T12:00:00Z,0.5053,0.0,1.34,9.05,20.04,51.6,163.07,316.86,0.328,4.35,14.71,51.76,0,0,0,0
SMP_001394,26.382106456807882,94.22325249466157,2024-07-01T12:00:00Z,0.1337,12.37,32.72,64.03,108.04,184.85,417.79,777.71,0.55,31.28,96.6,160.75,1,1,1,1
SMP_001394,26.382106456807882,94.22325249466157,2024-07-02T12:00:00Z,0.1337,11.57,30.25,59.39,100.3,160.15,381.23,744.88,0.55,25.27,84.0,128.85,1,1,1,1
SMP_001394,26.382106456807882,94.22325249466157,2024-07-03T12:00:00Z,0.1337,3.76,12.98,31.67,54.49,104.86,243.42,490.39,0.405,11.45,43.58,75.12,0,0,0,1
SMP_001394,26.382106456807882,94.22325249466157,2024-07-04T12:00:00Z,0.1337,0.0,0.79,2.29,11.28,22.59,92.6,240.3,0.273,2.8,12.38,9.03,0,0,0,0
SMP_001394,26.382106456807882,94.22325249466157,2024-07-05T12:00:00Z,0.1337,0.0,3.53,7.4,22.94,44.76,142.63,310.57,0.321,3.53,23.37,32.81,0,0,0,0
SMP_001033,25.79689360266118,91.51759771841533,2024-07-01T12:00:00Z,0.3573,8.41,25.64,47.97,85.65,135.94,325.22,654.98,0.508,23.65,70.59,101.39,0,1,1,1
SMP_001033,25.79689360266118,91.51759771841533,2024-07-02T12:00:00Z,0.3573,13.57,37.55,76.35,135.61,227.86,516.11,980.86,0.55,34.91,110.43,188.11,1,1,1,1
SMP_001033,25.79689360266118,91.51759771841533,2024-07-03T12:00:00Z,0.3573,10.5,30.45,57.91,97.88,162.54,397.03,761.43,0.55,27.32,85.47,122.19,1,1,1,1
SMP_001033,25.79689360266118,91.51759771841533,2024-07-04T12:00:00Z,0.3573,1.06,3.33,12.32,29.13,52.68,163.87,368.53,0.36,5.95,23.08,36.69,0,0,0,0
SMP_001033,25.79689360266118,91.51759771841533,2024-07-05T12:00:00Z,0.3573,0.0,0.57,11.01,25.11,52.45,147.72,298.87,0.342,1.22,19.62,48.05,0,0,0,0
SMP_001585,23.397754038806013,92.4837094222604,2024-07-01T12:00:00Z,0.3274,0.0,1.3,10.37,22.38,51.83,130.25,299.49,0.31,-0.36,26.95,53.11,0,0,0,0
SMP_001585,23.397754038806013,92.4837094222604,2024-07-02T12:00:00Z,0.3274,0.0,0.81,4.85,22.21,44.14,120.26,263.85,0.308,2.85,23.55,43.36,0,0,0,0
SMP_001585,23.397754038806013,92.4837094222604,2024-07-03T12:00:00Z,0.3274,0.0,2.86,13.53,36.34,66.31,173.21,387.53,0.361,4.44,32.99,58.59,0,0,0,0
SMP_001585,23.397754038806013,92.4837094222604,2024-07-04T12:00:00Z,0.3274,8.52,23.28,51.78,89.69,142.76,357.99,700.22,0.55,19.12,80.72,124.06,1,1,1,1
SMP_001585,23.397754038806013,92.4837094222604,2024-07-05T12:00:00Z,0.3274,13.72,38.97,78.8,140.34,217.94,516.92,1006.56,0.55,36.11,124.52,167.64,1,1,1,1
SMP_001311,23.571986654592102,92.86786171234205,2024-07-01T12:00:00Z,0.3274,0.0,2.16,12.43,26.51,58.13,160.09,326.77,0.338,0.36,22.79,36.85,0,0,0,0
SMP_001311,23.571986654592102,92.86786171234205,2024-07-02T12:00:00Z,0.3274,0.0,1.68,6.06,22.18,41.13,107.38,253.19,0.277,0.19,24.62,39.12,0,0,0,0
SMP_001311,23.571986654592102,92.86786171234205,2024-07-03T12:00:00Z,0.3274,0.54,3.72,10.19,19.77,47.02,122.22,280.64,0.33,2.74,15.38,30.91,0,0,0,0
SMP_001311,23.571986654592102,92.86786171234205,2024-07-04T12:00:00Z,0.3274,10.27,29.91,59.79,100.52,157.02,390.61,734.63,0.55,27.76,91.3,120.21,1,1,1,1
SMP_001311,23.571986654592102,92.86786171234205,2024-07-05T12:00:00Z,0.3274,13.77,39.17,72.64,130.62,201.67,471.12,926.36,0.55,37.41,113.87,172.12,1,1,1,1
SMP_001239,24.284128837564356,92.97492237707516,2024-07-01T12:00:00Z,0.7318,0.0,0.4,2.38,6.15,29.06,101.51,251.42,0.294,-1.19,11.48,26.14,0,0,0,0
SMP_001239,24.284128837564356,92.97492237707516,2024-07-02T12:00:00Z,0.7318,0.0,1.43,3.91,8.42,33.38,122.96,249.54,0.304,4.54,8.6,28.18,0,0,0,0
SMP_001239,24.284128837564356,92.97492237707516,2024-07-03T12:00:00Z,0.7318,10.38,31.18,58.77,101.21,165.42,410.71,817.22,0.55,27.74,85.12,143.77,1,1,1,1
SMP_001239,24.284128837564356,92.97492237707516,2024-07-04T12:00:00Z,0.7318,15.2,44.41,82.78,143.7,222.81,535.1,1036.66,0.55,40.95,125.39,176.43,1,1,1,1
SMP_001239,24.284128837564356,92.97492237707516,2024-07-05T12:00:00Z,0.7318,10.8,31.1,61.37,102.93,178.98,409.77,785.2,0.55,28.08,89.07,149.3,1,1,1,1
SMP_000271,25.439372,93.354197,2024-07-01T12:00:00Z,0.2281,4.11,14.46,32.51,54.04,95.59,223.2,449.8,0.418,13.94,50.45,78.81,0,0,0,1
SMP_000271,25.439372,93.354197,2024-07-02T12:00:00Z,0.2281,12.17,32.79,64.4,105.47,174.45,422.76,811.96,0.55,29.73,95.61,154.48,1,1,1,1
SMP_000271,25.439372,93.354197,2024-07-03T12:00:00Z,0.2281,12.85,33.83,69.44,114.0,188.69,443.63,826.73,0.55,32.31,102.24,152.46,1,1,1,1
SMP_000271,25.439372,93.354197,2024-07-04T12:00:00Z,0.2281,5.73,17.7,32.34,54.91,91.63,221.92,441.46,0.397,16.61,42.25,84.88,0,0,0,1
SMP_000271,25.439372,93.354197,2024-07-05T12:00:00Z,0.2281,0.0,0.69,9.52,26.1,49.42,131.68,296.31,0.299,1.2,25.25,39.72,0,0,0,0
SMP_000464,26.17806,91.76083,2024-07-01T12:00:00Z,0.2265,10.58,29.62,63.07,113.17,184.22,426.18,807.18,0.55,25.65,97.83,156.21,1,1,1,1
SMP_000464,26.17806,91.76083,2024-07-02T12:00:00Z,0.2265,11.77,34.75,70.13,116.29,191.96,459.25,861.76,0.55,30.95,101.85,152.61,1,1,1,1
SMP_000464,26.17806,91.76083,2024-07-03T12:00:00Z,0.2265,5.82,18.34,41.2,80.26,140.14,334.69,666.98,0.511,16.21,69.55,121.69,0,1,1,1
SMP_000464,26.17806,91.76083,2024-07-04T12:00:00Z,0.2265,0.0,4.51,8.15,26.46,46.13,140.64,332.62,0.309,6.95,23.17,31.25,0,0,0,0
SMP_000464,26.17806,91.76083,2024-07-05T12:00:00Z,0.2265,0.0,0.73,6.85,20.28,49.37,152.01,335.4,0.338,3.19,15.97,35.68,0,0,0,0
SMP_001586,23.548670038361873,93.0046258846289,2024-07-01T12:00:00Z,0.3274,0.0,1.87,9.61,27.63,60.2,169.36,366.3,0.367,-0.16,30.99,52.17,0,0,0,0
SMP_001586,23.548670038361873,93.0046258846289,2024-07-02T12:00:00Z,0.3274,0.0,1.82,7.66,17.72,37.12,112.83,266.48,0.274,3.83,20.37,43.68,0,0,0,0
SMP_001586,23.548670038361873,93.0046258846289,2024-07-03T12:00:00Z,0.3274,0.22,4.48,11.54,26.84,45.92,118.53,245.51,0.308,3.77,25.8,46.89,0,0,0,0
SMP_001586,23.548670038361873,93.0046258846289,2024-07-04T12:00:00Z,0.3274,10.05,29.56,54.93,98.59,165.13,405.95,764.84,0.55,26.78,91.41,128.64,1,1,1,1
SMP_001586,23.548670038361873,93.0046258846289,2024-07-05T12:00:00Z,0.3274,13.79,39.19,73.51,120.54,191.04,441.76,865.1,0.55,37.73,102.79,146.12,1,1,1,1
SMP_001052,25.732775247940534,92.24658365045256,2024-07-01T12:00:00Z,0.131,8.61,27.23,51.45,90.95,156.18,390.0,724.69,0.55,25.74,72.75,134.67,1,1,1,1
SMP_001052,25.732775247940534,92.24658365045256,2024-07-02T12:00:00Z,0.131,15.02,43.11,79.81,140.0,225.23,534.57,983.18,0.55,40.95,114.23,190.87,1,1,1,1
SMP_001052,25.732775247940534,92.24658365045256,2024-07-03T12:00:00Z,0.131,12.32,34.63,67.92,115.49,184.78,418.7,802.85,0.55,32.29,98.18,143.46,1,1,1,1
SMP_001052,25.732775247940534,92.24658365045256,2024-07-04T12:00:00Z,0.131,2.15,10.54,19.72,38.76,82.67,222.04,446.29,0.391,9.34,35.26,78.87,0,0,0,0
SMP_001052,25.732775247940534,92.24658365045256,2024-07-05T12:00:00Z,0.131,0.0,4.8,14.59,25.85,52.27,149.03,322.26,0.34,3.64,23.34,33.94,0,0,0,0
SMP_001609,26.646443455668315,94.3809156328095,2024-07-01T12:00:00Z,0.1053,12.48,37.24,77.02,128.99,216.2,500.87,973.27,0.55,35.9,107.99,166.06,1,1,1,1
SMP_001609,26.646443455668315,94.3809156328095,2024-07-02T12:00:00Z,0.1053,9.21,24.04,50.36,90.72,144.38,354.24,660.28,0.55,20.37,79.05,117.73,0,1,1,1
SMP_001609,26.646443455668315,94.3809156328095,2024-07-03T12:00:00Z,0.1053,0.35,1.67,4.31,9.83,36.19,117.84,282.61,0.287,1.89,6.87,43.3,0,0,0,0
SMP_001609,26.646443455668315,94.3809156328095,2024-07-04T12:00:00Z,0.1053,0.0,1.7,11.12,29.99,56.76,138.56,294.11,0.347,-0.1,32.97,47.47,0,0,0,0
SMP_001609,26.646443455668315,94.3809156328095,2024-07-05T12:00:00Z,0.1053,0.0,4.87,15.33,35.19,69.12,179.6,393.61,0.358,6.34,35.51,59.88,0,0,0,0
SMP_000692,26.188667,91.766944,2024-07-01T12:00:00Z,0.2441,10.81,30.53,63.3,107.83,172.45,425.32,797.03,0.55,27.35,97.8,149.17,1,1,1,1
SMP_000692,26.188667,91.766944,2024-07-02T12:00:00Z,0.2441,11.91,33.88,61.74,101.23,173.03,428.26,844.59,0.55,32.42,81.31,130.83,1,1,1,1
SMP_000692,26.188667,91.766944,2024-07-03T12:00:00Z,0.2441,5.8,18.06,35.12,65.29,103.83,238.95,484.17,0.423,19.31,52.32,92.14,0,0,1,1
SMP_000692,26.188667,91.766944,2024-07-04T12:00:00Z,0.2441,0.0,3.8,9.21,28.17,62.69,179.09,373.47,0.351,3.95,21.18,48.23,0,0,0,0
SMP_000692,26.188667,91.766944,2024-07-05T12:00:00Z,0.2441,0.0,1.88,4.95,17.27,36.78,112.95,281.57,0.312,0.09,10.97,35.86,0,0,0,0
SMP_000462,26.17672,91.76525,2024-07-01T12:00:00Z,0.338,10.64,31.76,65.81,111.84,190.24,444.11,837.36,0.55,32.31,99.44,142.24,1,1,1,1
SMP_000462,26.17672,91.76525,2024-07-02T12:00:00Z,0.338,11.86,33.46,62.81,112.63,181.29,442.47,867.59,0.55,29.24,102.46,139.2,1,1,1,1
SMP_000462,26.17672,91.76525,2024-07-03T12:00:00Z,0.338,5.88,17.08,32.49,63.03,109.38,285.49,571.4,0.469,14.08,61.02,100.56,0,1,1,1
SMP_000462,26.17672,91.76525,2024-07-04T12:00:00Z,0.338,0.0,4.61,14.71,29.45,69.06,182.13,380.36,0.372,6.05,22.46,52.86,0,0,0,0
SMP_000462,26.17672,91.76525,2024-07-05T12:00:00Z,0.338,0.0,2.63,7.66,26.66,62.88,166.41,375.16,0.365,5.75,28.41,64.09,0,0,0,0
SMP_000483,26.211111,91.684167,2024-07-01T12:00:00Z,0.166,10.79,32.83,68.41,113.5,182.38,437.6,864.09,0.55,31.3,99.05,147.11,1,1,1,1
SMP_000483,26.211111,91.684167,2024-07-02T12:00:00Z,0.166,11.67,33.62,61.73,107.48,167.91,404.13,806.27,0.55,28.74,99.11,136.41,1,1,1,1
SMP_000483,26.211111,91.684167,2024-07-03T12:00:00Z,0.166,5.47,15.81,30.34,58.71,95.24,252.14,491.32,0.454,17.8,57.23,85.56,0,0,0,1
SMP_000483,26.211111,91.684167,2024-07-04T12:00:00Z,0.166,0.0,4.54,9.18,28.71,52.88,149.04,346.09,0.346,5.51,24.88,52.7,0,0,0,0
SMP_000483,26.211111,91.684167,2024-07-05T12:00:00Z,0.166,0.0,1.53,10.82,32.23,68.09,165.05,355.24,0.364,4.38,23.61,62.77,0,0,0,0
SMP_000522,26.56,94.36,2024-07-01T12:00:00Z,0.1658,12.66,33.21,69.32,117.85,186.99,425.18,821.15,0.55,32.96,106.1,145.18,1,1,1,1
SMP_000522,26.56,94.36,2024-07-02T12:00:00Z,0.1658,10.13,26.81,51.65,94.55,158.99,374.91,709.68,0.55,27.31,80.6,134.67,1,1,1,1
SMP_000522,26.56,94.36,2024-07-03T12:00:00Z,0.1658,1.46,7.17,14.89,29.92,61.01,168.48,358.39,0.363,5.28,21.38,42.28,0,0,0,0
SMP_000522,26.56,94.36,2024-07-04T12:00:00Z,0.1658,0.0,3.81,14.48,30.71,68.1,167.18,342.96,0.35,7.3,31.6,59.69,0,0,0,0
SMP_000522,26.56,94.36,2024-07-05T12:00:00Z,0.1658,0.0,2.32,6.49,16.98,37.21,97.92,200.28,0.287,5.77,20.58,39.3,0,0,0,0
SMP_001078,23.162676775265496,92.85904380385746,2024-07-01T12:00:00Z,0.3274,0.0,1.96,11.6,27.53,56.86,168.0,374.56,0.369,1.34,21.76,51.65,0,0,0,0
SMP_001078,23.162676775265496,92.85904380385746,2024-07-02T12:00:00Z,0.3274,0.0,0.83,9.42,25.29,61.11,164.36,324.61,0.341,-1.24,27.92,39.3,0,0,0,0
SMP_001078,23.162676775265496,92.85904380385746,2024-07-03T12:00:00Z,0.3274,0.0,0.58,6.28,24.68,59.72,166.88,378.16,0.331,3.5,17.58,59.92,0,0,0,0
SMP_001078,23.162676775265496,92.85904380385746,2024-07-04T12:00:00Z,0.3274,5.75,17.05,37.71,72.31,115.44,270.53,565.02,0.47,17.9,67.02,89.73,0,1,1,1
SMP_001078,23.162676775265496,92.85904380385746,2024-07-05T12:00:00Z,0.3274,13.01,38.14,75.2,127.86,197.94,451.8,845.73,0.55,37.8,112.95,158.48,1,1,1,1
SMP_000590,25.16579,93.00948,2024-07-01T12:00:00Z,0.4137,0.47,5.16,17.71,39.09,69.05,187.75,384.07,0.351,4.07,39.73,57.57,0,0,0,1
SMP_000590,25.16579,93.00948,2024-07-02T12:00:00Z,0.4137,10.59,30.17,57.37,98.61,158.29,384.25,740.28,0.55,27.29,83.98,125.28,1,1,1,1
SMP_000590,25.16579,93.00948,2024-07-03T12:00:00Z,0.4137,14.29,37.75,73.21,121.23,191.8,470.04,900.32,0.55,33.69,106.04,146.06,1,1,1,1
SMP_000590,25.16579,93.00948,2024-07-04T12:00:00Z,0.4137,9.32,25.3,53.58,92.56,155.76,369.88,720.04,0.543,26.1,85.96,132.5,1,1,1,1
SMP_000590,25.16579,93.00948,2024-07-05T12:00:00Z,0.4137,0.0,1.33,8.07,22.43,53.38,159.01,362.25,0.348,3.02,26.77,54.49,0,0,0,0
SMP_000548,26.88969,92.12266,2024-07-01T12:00:00Z,0.6352,12.89,36.99,68.07,118.48,190.01,438.22,841.94,0.55,32.84,97.22,148.38,1,1,1,1
SMP_000548,26.88969,92.12266,2024-07-02T12:00:00Z,0.6352,7.24,21.97,45.13,76.77,135.77,329.3,655.88,0.51,20.84,65.39,112.67,1,1,1,1
SMP_000548,26.88969,92.12266,2024-07-03T12:00:00Z,0.6352,0.0,1.6,9.04,25.37,47.6,140.05,277.93,0.342,2.69,27.61,40.79,0,0,0,1
SMP_000548,26.88969,92.12266,2024-07-04T12:00:00Z,0.6352,0.0,1.46,9.92,26.8,63.54,185.86,365.59,0.374,-0.42,25.46,56.91,0,0,1,1
SMP_000548,26.88969,92.12266,2024-07-05T12:00:00Z,0.6352,0.0,3.07,7.08,24.99,58.15,148.34,288.17,0.327,5.58,20.14,40.93,0,0,0,1
SMP_000679,25.18725,93.120556,2024-07-01T12:00:00Z,0.1274,0.8,5.42,18.51,37.19,76.53,214.34,409.41,0.384,6.22,27.65,71.05,0,0,0,0
SMP_000679,25.18725,93.120556,2024-07-02T12:00:00Z,0.1274,11.02,29.09,55.13,96.1,161.62,384.39,749.01,0.55,26.83,85.62,137.69,1,1,1,1
SMP_000679,25.18725,93.120556,2024-07-03T12:00:00Z,0.1274,14.55,42.42,77.87,132.65,204.46,478.25,891.05,0.55,40.69,118.9,177.47,1,1,1,1
SMP_000679,25.18725,93.120556,2024-07-04T12:00:00Z,0.1274,9.26,27.03,55.78,93.8,150.38,357.6,682.36,0.543,23.69,77.6,116.22,0,1,1,1
SMP_000679,25.18725,93.120556,2024-07-05T12:00:00Z,0.1274,0.0,3.28,10.39,24.84,55.17,151.51,330.47,0.358,5.8,18.44,34.31,0,0,0,0
SMP_001128,23.676058409598316,91.57223004037019,2024-07-01T12:00:00Z,0.3274,0.0,3.46,16.14,31.39,54.95,160.17,315.88,0.327,2.18,29.02,34.82,0,0,0,0
SMP_001128,23.676058409598316,91.57223004037019,2024-07-02T12:00:00Z,0.3274,0.0,0.97,7.46,21.42,48.55,154.03,329.27,0.341,2.12,26.03,31.68,0,0,0,0
SMP_001128,23.676058409598316,91.57223004037019,2024-07-03T12:00:00Z,0.3274,1.97,7.24,15.3,33.24,71.73,173.03,334.49,0.374,10.39,36.06,62.41,0,0,0,0
SMP_001128,23.676058409598316,91.57223004037019,2024-07-04T12:00:00Z,0.3274,11.17,29.97,54.61,94.55,161.55,366.35,719.04,0.526,27.5,86.25,119.82,1,1,1,1
SMP_001128,23.676058409598316,91.57223004037019,2024-07-05T12:00:00Z,0.3274,13.6,37.35,71.65,124.79,199.18,479.1,931.19,0.55,32.73,103.33,159.39,1,1,1,1
SMP_001450,25.178344842230842,93.80315720931802,2024-07-01T12:00:00Z,0.2018,0.72,4.08,10.34,20.93,38.13,94.47,192.13,0.283,4.26,18.24,34.71,0,0,0,0
SMP_001450,25.178344842230842,93.80315720931802,2024-07-02T12:00:00Z,0.2018,11.83,34.33,67.96,116.55,197.58,471.31,907.69,0.55,33.32,98.11,168.0,1,1,1,1
SMP_001450,25.178344842230842,93.80315720931802,2024-07-03T12:00:00Z,0.2018,15.76,44.52,85.58,141.71,225.7,522.66,1000.62,0.55,40.03,127.19,180.79,1,1,1,1
SMP_001450,25.178344842230842,93.80315720931802,2024-07-04T12:00:00Z,0.2018,10.13,29.93,61.99,110.38,187.56,447.94,846.34,0.55,30.92,99.51,157.33,1,1,1,1
SMP_001450,25.178344842230842,93.80315720931802,2024-07-05T12:00:00Z,0.2018,0.0,3.33,13.0,23.94,46.74,126.56,250.73,0.318,3.58,26.9,29.97,0,0,0,0
SMP_000611,25.175,93.01967,2024-07-01T12:00:00Z,0.7274,0.61,4.29,11.5,21.66,41.53,115.84,279.03,0.293,5.87,14.72,40.59,0,0,0,0
SMP_000611,25.175,93.01967,2024-07-02T12:00:00Z,0.7274,10.81,31.05,56.04,100.45,162.82,406.13,804.52,0.55,30.24,86.86,139.56,1,1,1,1
SMP_000611,25.175,93.01967,2024-07-03T12:00:00Z,0.7274,14.45,38.59,70.99,125.82,199.34,473.79,917.08,0.55,38.21,106.39,160.35,1,1,1,1
SMP_000611,25.175,93.01967,2024-07-04T12:00:00Z,0.7274,9.33,28.48,60.16,100.47,159.61,386.62,726.35,0.55,24.79,90.07,124.37,1,1,1,1
SMP_000611,25.175,93.01967,2024-07-05T12:00:00Z,0.7274,0.0,2.89,11.33,32.56,58.1,162.23,345.52,0.337,4.96,33.89,48.44,0,0,1,1
SMP_001387,26.239890754628586,91.0163565492883,2024-07-01T12:00:00Z,0.102,10.89,29.13,53.55,88.6,143.56,327.36,623.19,0.488,28.23,73.7,122.97,0,1,1,1
SMP_001387,26.239890754628586,91.0163565492883,2024-07-02T12:00:00Z,0.102,11.49,33.94,65.48,114.52,180.47,446.3,841.01,0.55,28.8,102.82,149.87,1,1,1,1
SMP_001387,26.239890754628586,91.0163565492883,2024-07-03T12:00:00Z,0.102,5.12,16.33,36.36,68.43,122.55,303.98,623.75,0.508,15.09,58.18,110.86,0,0,1,1
SMP_001387,26.239890754628586,91.0163565492883,2024-07-04T12:00:00Z,0.102,0.0,4.12,13.13,32.48,54.43,168.36,357.13,0.367,2.49,26.62,36.63,0,0,0,0
SMP_001387,26.239890754628586,91.0163565492883,2024-07-05T12:00:00Z,0.102,0.0,4.79,13.64,25.2,50.92,158.1,347.87,0.342,6.47,29.29,44.69,0,0,0,0
SMP_000485,26.256139,91.711583,2024-07-01T12:00:00Z,0.2928,11.09,31.91,63.47,110.27,174.54,418.41,830.35,0.55,28.14,95.5,134.26,1,1,1,1
SMP_000485,26.256139,91.711583,2024-07-02T12:00:00Z,0.2928,11.55,30.66,63.23,111.23,180.91,436.34,835.01,0.55,25.94,97.7,159.23,1,1,1,1
SMP_000485,26.256139,91.711583,2024-07-03T12:00:00Z,0.2928,5.0,13.81,27.29,56.08,89.85,210.5,441.64,0.383,12.23,47.87,76.5,0,0,0,1
SMP_000485,26.256139,91.711583,2024-07-04T12:00:00Z,0.2928,0.0,4.58,16.97,32.17,55.59,165.31,353.94,0.342,6.53,32.88,40.55,0,0,0,0
SMP_000485,26.256139,91.711583,2024-07-05T12:00:00Z,0.2928,0.0,1.44,10.41,21.74,37.71,96.32,239.18,0.3,4.44,16.32,25.12,0,0,0,0
SMP_000416,26.102167,92.440472,2024-07-01T12:00:00Z,0.1883,10.93,31.89,57.69,103.88,176.06,428.65,803.67,0.55,28.48,90.53,139.19,1,1,1,1
SMP_000416,26.102167,92.440472,2024-07-02T12:00:00Z,0.1883,13.0,34.51,62.98,113.57,194.79,448.62,829.26,0.55,31.29,95.38,162.15,1,1,1,1
SMP_000416,26.102167,92.440472,2024-07-03T12:00:00Z,0.1883,7.18,21.12,40.39,71.83,114.48,270.8,523.9,0.438,17.71,60.08,88.63,0,0,1,1
SMP_000416,26.102167,92.440472,2024-07-04T12:00:00Z,0.1883,0.0,4.36,13.88,32.43,64.73,189.41,380.24,0.381,3.29,23.21,57.07,0,0,0,0
SMP_000416,26.102167,92.440472,2024-07-05T12:00:00Z,0.1883,0.0,1.12,3.8,13.14,33.98,116.39,286.43,0.304,-0.7,8.61,29.76,0,0,0,0
SMP_000881,27.371575977889087,95.15776030445011,2024-07-01T12:00:00Z,0.102,9.77,28.63,60.37,110.11,178.9,407.43,776.02,0.55,25.5,91.25,156.29,1,1,1,1
SMP_000881,27.371575977889087,95.15776030445011,2024-07-02T12:00:00Z,0.102,1.28,7.94,15.2,34.48,70.42,177.53,366.26,0.358,10.66,28.68,53.04,0,0,0,0
SMP_000881,27.371575977889087,95.15776030445011,2024-07-03T12:00:00Z,0.102,0.0,2.98,12.24,34.15,65.16,165.41,339.22,0.371,4.58,31.07,62.8,0,0,0,0
SMP_000881,27.371575977889087,95.15776030445011,2024-07-04T12:00:00Z,0.102,0.0,0.55,8.76,28.03,65.07,162.85,346.85,0.327,3.72,27.44,59.63,0,0,0,0
SMP_000881,27.371575977889087,95.15776030445011,2024-07-05T12:00:00Z,0.102,0.0,3.58,13.0,32.49,62.29,182.03,379.1,0.386,1.58,32.86,57.02,0,0,0,0
SMP_000070,25.088389,92.958944,2024-07-01T12:00:00Z,0.5003,0.0,0.01,7.97,25.93,57.65,136.83,317.5,0.328,1.7,22.8,58.56,0,0,0,0
SMP_000070,25.088389,92.958944,2024-07-02T12:00:00Z,0.5003,10.87,29.31,61.03,111.26,176.63,427.69,812.31,0.55,30.3,90.48,136.19,1,1,1,1
SMP_000070,25.088389,92.958944,2024-07-03T12:00:00Z,0.5003,15.85,45.51,86.9,152.09,242.29,582.11,1120.33,0.55,41.39,132.71,202.61,1,1,1,1
SMP_000070,25.088389,92.958944,2024-07-04T12:00:00Z,0.5003,11.22,30.57,56.28,104.38,175.76,428.05,827.11,0.55,27.17,87.96,135.26,1,1,1,1
SMP_000070,25.088389,92.958944,2024-07-05T12:00:00Z,0.5003,0.0,3.86,6.95,15.18,38.24,98.81,242.75,0.298,7.26,10.78,28.73,0,0,0,0
SMP_000759,26.166185,91.7147,2024-07-01T12:00:00Z,0.3844,10.65,32.17,60.39,106.58,180.24,427.35,846.89,0.55,27.69,87.0,149.55,1,1,1,1
SMP_000759,26.166185,91.7147,2024-07-02T12:00:00Z,0.3844,11.97,31.64,59.09,107.17,180.87,416.28,773.31,0.55,32.34,94.09,151.93,1,1,1,1
SMP_000759,26.166185,91.7147,2024-07-03T12:00:00Z,0.3844,6.03,18.72,41.43,74.25,116.46,272.96,562.39,0.474,20.47,61.07,89.62,0,1,1,1
SMP_000759,26.166185,91.7147,2024-07-04T12:00:00Z,0.3844,0.0,1.02,6.62,13.77,34.05,124.2,245.86,0.315,1.16,19.51,35.52,0,0,0,0
SMP_000759,26.166185,91.7147,2024-07-05T12:00:00Z,0.3844,0.0,1.08,11.5,27.08,59.2,153.75,318.28,0.324,1.07,19.66,48.65,0,0,0,0
SMP_000203,25.229556,93.1556,2024-07-01T12:00:00Z,0.3075,1.34,6.62,20.0,42.94,84.73,198.3,396.4,0.408,4.03,41.91,62.7,0,0,0,1
SMP_000203,25.229556,93.1556,2024-07-02T12:00:00Z,0.3075,10.79,29.87,57.15,102.73,163.24,375.82,751.23,0.55,28.75,83.72,143.96,1,1,1,1
SMP_000203,25.229556,93.1556,2024-07-03T12:00:00Z,0.3075,13.7,36.78,71.65,121.04,198.15,484.26,915.62,0.55,32.2,101.72,162.94,1,1,1,1
SMP_000203,25.229556,93.1556,2024-07-04T12:00:00Z,0.3075,8.3,22.07,42.1,72.98,119.8,285.19,542.22,0.464,23.34,68.38,103.81,0,1,1,1
SMP_000203,25.229556,93.1556,2024-07-05T12:00:00Z,0.3075,0.0,4.71,16.06,31.81,62.73,185.42,381.8,0.367,6.72,33.5,40.7,0,0,0,0
SMP_001049,26.050297807362533,94.52347403349097,2024-07-01T12:00:00Z,0.4708,14.63,41.59,81.33,134.98,210.87,489.61,930.78,0.55,39.3,117.52,181.21,1,1,1,1
SMP_001049,26.050297807362533,94.52347403349097,2024-07-02T12:00:00Z,0.4708,18.23,49.24,94.36,156.68,243.82,561.78,1061.5,0.55,44.69,129.68,189.41,1,1,1,1
SMP_001049,26.050297807362533,94.52347403349097,2024-07-03T12:00:00Z,0.4708,10.77,32.98,64.22,116.43,189.88,442.14,820.14,0.55,30.55,104.65,161.16,1,1,1,1
SMP_001049,26.050297807362533,94.52347403349097,2024-07-04T12:00:00Z,0.4708,0.0,3.77,10.17,25.76,63.42,150.68,332.17,0.347,4.52,24.01,64.45,0,0,0,0
SMP_001049,26.050297807362533,94.52347403349097,2024-07-05T12:00:00Z,0.4708,0.0,1.42,7.69,22.45,49.74,134.35,288.27,0.326,4.85,18.55,43.64,0,0,0,0
SMP_000361,25.96094,92.60122,2024-07-01T12:00:00Z,0.203,9.22,26.98,51.54,92.98,145.88,364.81,694.22,0.55,24.18,86.31,111.74,0,1,1,1
SMP_000361,25.96094,92.60122,2024-07-02T12:00:00Z,0.203,12.5,35.35,63.97,113.73,189.25,458.09,869.87,0.55,34.33,100.86,151.48,1,1,1,1
SMP_000361,25.96094,92.60122,2024-07-03T12:00:00Z,0.203,8.19,23.38,50.7,89.83,158.22,385.9,715.95,0.55,19.92,77.8,120.9,1,1,1,1
SMP_000361,25.96094,92.60122,2024-07-04T12:00:00Z,0.203,0.0,0.43,10.09,24.33,48.86,150.6,314.71,0.316,2.81,19.01,48.6,0,0,0,0
SMP_000361,25.96094,92.60122,2024-07-05T12:00:00Z,0.203,0.0,3.85,10.41,31.52,70.71,171.94,357.33,0.352,2.07,25.74,49.98,0,0,0,0
SMP_001412,26.12727225480419,94.88469806908755,2024-07-01T12:00:00Z,0.5375,14.68,42.87,79.48,139.69,215.51,493.72,950.9,0.55,39.58,123.8,177.5,1,1,1,1
SMP_001412,26.12727225480419,94.88469806908755,2024-07-02T12:00:00Z,0.5375,17.07,45.18,82.89,143.17,228.56,545.11,1018.57,0.55,41.78,129.27,193.2,1,1,1,1
SMP_001412,26.12727225480419,94.88469806908755,2024-07-03T12:00:00Z,0.5375,9.11,28.52,58.49,104.54,162.6,374.94,698.96,0.55,26.17,86.23,125.75,1,1,1,1
SMP_001412,26.12727225480419,94.88469806908755,2024-07-04T12:00:00Z,0.5375,0.0,3.45,9.02,17.59,34.26,120.24,261.38,0.302,4.23,18.66,33.29,0,0,0,0
SMP_001412,26.12727225480419,94.88469806908755,2024-07-05T12:00:00Z,0.5375,0.0,4.21,17.03,30.14,56.78,137.43,280.16,0.312,3.23,27.5,40.18,0,0,0,0
SMP_001521,26.67517471992699,92.47571842394615,2024-07-01T12:00:00Z,0.1139,12.3,34.17,62.16,113.57,183.42,430.65,821.26,0.55,32.11,98.47,146.91,1,1,1,1
SMP_001521,26.67517471992699,92.47571842394615,2024-07-02T12:00:00Z,0.1139,8.82,26.96,56.58,104.54,170.22,385.49,727.35,0.55,26.56,93.18,145.56,1,1,1,1
SMP_001521,26.67517471992699,92.47571842394615,2024-07-03T12:00:00Z,0.1139,0.0,2.28,5.35,13.54,32.23,117.62,232.06,0.308,4.23,8.28,17.39,0,0,0,0
SMP_001521,26.67517471992699,92.47571842394615,2024-07-04T12:00:00Z,0.1139,0.0,3.41,9.0,19.86,35.75,115.7,268.66,0.317,1.76,24.3,23.76,0,0,0,0
SMP_001521,26.67517471992699,92.47571842394615,2024-07-05T12:00:00Z,0.1139,0.0,1.28,3.78,13.35,38.83,111.73,254.85,0.283,0.43,18.85,36.39,0,0,0,0
SMP_000724,26.1895,91.787167,2024-07-01T12:00:00Z,0.1616,10.73,32.12,61.96,102.23,173.83,409.66,785.11,0.55,29.91,91.49,151.9,1,1,1,1
SMP_000724,26.1895,91.787167,2024-07-02T12:00:00Z,0.1616,11.82,31.41,61.35,108.69,174.91,414.58,788.22,0.55,27.13,90.47,136.16,1,1,1,1
SMP_000724,26.1895,91.787167,2024-07-03T12:00:00Z,0.1616,5.74,17.98,42.0,73.67,134.95,308.55,633.24,0.511,16.06,62.64,101.65,0,1,1,1
SMP_000724,26.1895,91.787167,2024-07-04T12:00:00Z,0.1616,0.0,2.02,11.86,24.35,45.3,138.5,310.61,0.332,0.59,27.7,47.89,0,0,0,0
SMP_000724,26.1895,91.787167,2024-07-05T12:00:00Z,0.1616,0.0,0.71,1.54,9.42,26.16,86.8,216.34,0.263,3.24,10.49,21.65,0,0,0,0
SMP_000275,25.443417,93.421444,2024-07-01T12:00:00Z,0.1807,4.17,11.35,29.71,53.29,96.57,224.39,439.27,0.413,10.85,45.48,80.86,0,0,0,1
SMP_000275,25.443417,93.421444,2024-07-02T12:00:00Z,0.1807,12.23,32.04,59.93,108.44,173.24,417.08,798.11,0.55,30.41,94.8,134.1,1,1,1,1
SMP_000275,25.443417,93.421444,2024-07-03T12:00:00Z,0.1807,12.86,33.96,65.24,117.69,186.5,444.37,823.06,0.55,33.42,101.04,154.13,1,1,1,1
SMP_000275,25.443417,93.421444,2024-07-04T12:00:00Z,0.1807,5.7,16.05,29.05,60.48,109.33,273.47,521.64,0.464,17.22,50.73,97.17,0,0,1,1
SMP_000275,25.443417,93.421444,2024-07-05T12:00:00Z,0.1807,0.0,0.74,8.72,28.2,51.36,153.02,297.99,0.324,2.69,25.54,37.46,0,0,0,0
SMP_000029,25.0,92.43,2024-07-01T12:00:00Z,0.1266,0.0,1.59,11.11,32.01,53.26,152.19,316.27,0.342,4.98,31.33,43.42,0,0,0,0
SMP_000029,25.0,92.43,2024-07-02T12:00:00Z,0.1266,7.48,20.12,38.63,75.45,131.51,303.59,623.06,0.498,17.3,62.62,95.76,0,1,1,1
SMP_000029,25.0,92.43,2024-07-03T12:00:00Z,0.1266,12.02,31.36,64.93,115.47,190.41,454.07,892.97,0.55,29.66,99.52,166.49,1,1,1,1
SMP_000029,25.0,92.43,2024-07-04T12:00:00Z,0.1266,9.27,24.71,54.16,90.88,160.55,377.57,712.19,0.546,20.97,83.42,136.3,1,1,1,1
SMP_000029,25.0,92.43,2024-07-05T12:00:00Z,0.1266,0.9,5.91,16.35,31.55,68.44,186.05,407.22,0.353,3.59,31.31,59.38,0,0,0,0
SMP_001270,26.691311640180345,94.43386826130227,2024-07-01T12:00:00Z,0.1066,12.47,37.41,72.44,120.17,193.95,469.33,866.56,0.55,33.9,109.18,148.01,1,1,1,1
SMP_001270,26.691311640180345,94.43386826130227,2024-07-02T12:00:00Z,0.1066,8.8,23.65,50.43,92.28,151.74,378.99,719.33,0.547,22.79,82.24,112.7,0,1,1,1
SMP_001270,26.691311640180345,94.43386826130227,2024-07-03T12:00:00Z,0.1066,0.0,2.29,8.1,26.67,59.12,173.77,374.35,0.372,2.5,21.14,51.25,0,0,0,0
SMP_001270,26.691311640180345,94.43386826130227,2024-07-04T12:00:00Z,0.1066,0.0,0.93,9.59,28.07,65.53,185.11,363.79,0.387,0.51,30.76,61.76,0,0,0,0
SMP_001270,26.691311640180345,94.43386826130227,2024-07-05T12:00:00Z,0.1066,0.0,4.23,14.91,35.35,60.59,181.01,385.53,0.352,4.32,36.79,44.14,0,0,0,0
SMP_000289,25.453611,93.371389,2024-07-01T12:00:00Z,0.192,4.36,12.47,24.4,41.36,72.41,192.2,419.73,0.37,14.97,39.44,66.99,0,0,0,0
SMP_000289,25.453611,93.371389,2024-07-02T12:00:00Z,0.192,12.45,36.83,66.43,120.44,195.69,466.48,890.67,0.55,34.77,106.26,170.82,1,1,1,1
SMP_000289,25.453611,93.371389,2024-07-03T12:00:00Z,0.192,12.99,37.77,75.75,127.12,198.03,459.84,849.46,0.55,32.68,108.77,160.26,1,1,1,1
SMP_000289,25.453611,93.371389,2024-07-04T12:00:00Z,0.192,5.65,15.47,36.1,63.62,114.36,264.42,524.4,0.44,13.89,52.16,85.73,0,0,1,1
SMP_000289,25.453611,93.371389,2024-07-05T12:00:00Z,0.192,0.0,1.64,12.61,23.39,58.18,158.52,312.45,0.327,2.37,23.54,53.21,0,0,0,0
SMP_000923,26.570859795407266,91.36524322250592,2024-07-01T12:00:00Z,0.1053,12.12,34.33,67.44,111.08,179.04,411.4,804.51,0.55,31.15,91.82,143.44,1,1,1,1
SMP_000923,26.570859795407266,91.36524322250592,2024-07-02T12:00:00Z,0.1053,9.61,26.76,52.4,89.52,145.74,366.56,693.97,0.55,26.36,76.06,126.34,0,1,1,1
SMP_000923,26.570859795407266,91.36524322250592,2024-07-03T12:00:00Z,0.1053,1.26,6.45,15.44,36.59,66.06,185.74,384.09,0.348,7.24,32.04,65.34,0,0,0,0
SMP_000923,26.570859795407266,91.36524322250592,2024-07-04T12:00:00Z,0.1053,0.0,3.02,11.55,22.24,52.34,126.6,288.41,0.336,5.94,21.91,44.4,0,0,0,0
SMP_000923,26.570859795407266,91.36524322250592,2024-07-05T12:00:00Z,0.1053,0.0,0.65,7.63,22.44,45.1,143.47,308.92,0.347,4.52,20.48,40.48,0,0,0,0
SMP_000570,26.972889,92.632833,2024-07-01T12:00:00Z,0.131,12.09,35.74,65.53,108.75,174.38,429.5,794.4,0.55,32.66,97.26,151.77,1,1,1,1
SMP_000570,26.972889,92.632833,2024-07-02T12:00:00Z,0.131,6.03,19.95,37.64,74.46,127.59,318.92,644.49,0.513,17.42,65.3,112.47,0,1,1,1
SMP_000570,26.972889,92.632833,2024-07-03T12:00:00Z,0.131,0.0,0.69,6.18,24.49,54.51,148.17,309.93,0.319,3.9,23.7,52.19,0,0,0,0
SMP_000570,26.972889,92.632833,2024-07-04T12:00:00Z,0.131,0.0,1.12,3.17,14.85,34.81,108.42,271.05,0.282,-0.58,13.33,41.75,0,0,0,0
SMP_000570,26.972889,92.632833,2024-07-05T12:00:00Z,0.131,0.0,0.84,6.52,18.73,52.41,135.15,267.99,0.307,-0.42,22.91,38.66,0,0,0,0
SMP_000030,25.003,93.164,2024-07-01T12:00:00Z,0.2158,0.0,3.07,7.34,22.39,49.32,127.72,291.18,0.33,0.8,24.32,37.34,0,0,0,0
SMP_000030,25.003,93.164,2024-07-02T12:00:00Z,0.2158,8.0,23.73,50.33,86.42,135.59,337.08,632.14,0.516,22.22,75.35,116.98,0,1,1,1
SMP_000030,25.003,93.164,2024-07-03T12:00:00Z,0.2158,12.81,35.17,66.28,117.46,192.78,449.67,851.56,0.55,33.54,101.08,161.85,1,1,1,1
SMP_000030,25.003,93.164,2024-07-04T12:00:00Z,0.2158,9.86,26.66,55.73,100.19,174.91,423.75,827.04,0.55,27.95,92.73,151.95,1,1,1,1
SMP_000030,25.003,93.164,2024-07-05T12:00:00Z,0.2158,0.92,5.33,18.67,35.9,68.99,186.29,399.84,0.388,8.56,33.27,48.47,0,0,0,0
SMP_000339,25.85072,93.56682,2024-07-01T12:00:00Z,0.1202,8.54,22.24,49.4,88.19,139.54,356.62,699.13,0.541,22.75,70.58,103.29,0,1,1,1
SMP_000339,25.85072,93.56682,2024-07-02T12:00:00Z,0.1202,12.96,38.17,72.04,118.18,188.96,454.93,881.84,0.55,33.45,96.84,150.26,1,1,1,1
SMP_000339,25.85072,93.56682,2024-07-03T12:00:00Z,0.1202,9.52,25.82,53.16,98.24,170.52,398.94,752.16,0.55,21.76,80.26,141.14,1,1,1,1
SMP_000339,25.85072,93.56682,2024-07-04T12:00:00Z,0.1202,0.31,3.34,8.55,18.95,47.76,124.68,253.91,0.324,5.93,22.06,51.83,0,0,0,0
SMP_000339,25.85072,93.56682,2024-07-05T12:00:00Z,0.1202,0.0,4.89,17.76,32.49,71.57,177.33,366.22,0.343,5.46,23.16,49.98,0,0,0,0
SMP_001464,23.533452456215016,92.92485633581559,2024-07-01T12:00:00Z,0.3274,0.0,2.12,9.98,28.78,54.9,139.52,318.48,0.305,-0.02,29.92,54.3,0,0,0,0
SMP_001464,23.533452456215016,92.92485633581559,2024-07-02T12:00:00Z,0.3274,0.0,4.7,14.35,37.16,78.45,212.98,452.9,0.397,5.09,33.66,75.88,0,0,0,1
SMP_001464,23.533452456215016,92.92485633581559,2024-07-03T12:00:00Z,0.3274,0.01,1.92,8.23,22.33,41.69,108.49,250.8,0.311,2.3,24.9,47.86,0,0,0,0
SMP_001464,23.533452456215016,92.92485633581559,2024-07-04T12:00:00Z,0.3274,9.91,27.7,50.63,85.65,145.03,343.44,645.25,0.53,23.79,76.36,114.77,1,1,1,1
SMP_001464,23.533452456215016,92.92485633581559,2024-07-05T12:00:00Z,0.3274,13.79,40.12,75.9,126.64,203.19,493.11,921.13,0.55,36.26,103.44,177.29,1,1,1,1
SMP_000529,26.57411,93.09811,2024-07-01T12:00:00Z,0.2471,12.28,35.79,73.56,128.56,202.75,484.73,950.22,0.55,31.55,105.36,158.96,1,1,1,1
SMP_000529,26.57411,93.09811,2024-07-02T12:00:00Z,0.2471,9.7,25.84,55.89,102.72,161.71,402.35,757.39,0.55,21.5,88.96,128.45,1,1,1,1
SMP_000529,26.57411,93.09811,2024-07-03T12:00:00Z,0.2471,1.24,7.41,18.09,39.51,70.57,186.32,402.14,0.374,9.01,35.16,51.33,0,0,0,0
SMP_000529,26.57411,93.09811,2024-07-04T12:00:00Z,0.2471,0.0,2.0,4.43,20.02,51.7,152.02,337.93,0.323,1.02,13.27,36.18,0,0,0,0
SMP_000529,26.57411,93.09811,2024-07-05T12:00:00Z,0.2471,0.0,2.79,7.21,24.27,48.21,126.76,296.25,0.312,2.13,21.59,48.89,0,0,0,0
SMP_000493,26.314964,93.256408,2024-07-01T12:00:00Z,0.1816,12.5,34.43,62.73,102.37,173.84,392.59,735.99,0.55,29.51,86.91,140.54,1,1,1,1
SMP_000493,26.314964,93.256408,2024-07-02T12:00:00Z,0.1816,12.38,36.33,68.4,119.89,202.58,457.51,886.13,0.55,34.96,105.77,163.11,1,1,1,1
SMP_000493,26.314964,93.256408,2024-07-03T12:00:00Z,0.1816,4.75,15.03,33.78,67.35,120.85,308.82,601.35,0.511,13.87,58.25,98.46,0,1,1,1
SMP_000493,26.314964,93.256408,2024-07-04T12:00:00Z,0.1816,0.0,1.25,3.47,15.58,40.11,134.37,317.18,0.323,0.05,18.16,30.52,0,0,0,0
SMP_000493,26.314964,93.256408,2024-07-05T12:00:00Z,0.1816,0.0,4.92,17.04,34.17,64.07,181.97,386.2,0.371,6.6,27.9,65.16,0,0,0,0
SMP_000251,25.423861,93.369417,2024-07-01T12:00:00Z,0.199,3.91,11.46,25.94,48.4,78.24,219.01,454.36,0.413,11.3,43.04,65.44,0,0,0,0
SMP_000251,25.423861,93.369417,2024-07-02T12:00:00Z,0.199,12.08,31.89,66.48,114.28,189.47,453.53,864.21,0.55,32.55,95.1,151.55,1,1,1,1
SMP_000251,25.423861,93.369417,2024-07-03T12:00:00Z,0.199,12.92,36.22,71.56,122.97,208.76,484.5,922.82,0.55,36.31,100.77,160.69,1,1,1,1
SMP_000251,25.423861,93.369417,2024-07-04T12:00:00Z,0.199,5.93,17.61,36.94,69.77,111.51,273.16,563.46,0.469,17.63,59.26,96.68,0,0,1,1
SMP_000251,25.423861,93.369417,2024-07-05T12:00:00Z,0.199,0.0,2.2,11.91,26.53,49.22,127.14,269.64,0.308,3.57,20.07,46.37,0,0,0,0
SMP_000342,25.85189,93.56633,2024-07-01T12:00:00Z,0.1395,8.56,22.57,46.15,77.29,133.77,307.23,577.37,0.517,20.6,65.13,106.18,0,1,1,1
SMP_000342,25.85189,93.56633,2024-07-02T12:00:00Z,0.1395,12.97,37.6,68.04,115.41,195.3,447.48,848.85,0.55,33.37,103.04,150.31,1,1,1,1
SMP_000342,25.85189,93.56633,2024-07-03T12:00:00Z,0.1395,9.52,29.47,59.04,109.16,172.92,428.82,845.04,0.55,26.76,97.44,134.82,1,1,1,1
SMP_000342,25.85189,93.56633,2024-07-04T12:00:00Z,0.1395,0.29,2.12,13.13,32.09,66.81,165.35,343.8,0.358,3.4,26.8,55.84,0,0,0,0
SMP_000342,25.85189,93.56633,2024-07-05T12:00:00Z,0.1395,0.0,4.86,10.04,27.09,45.73,122.61,267.05,0.319,3.33,21.15,27.42,0,0,0,0
SMP_000300,25.65167,93.12083,2024-07-01T12:00:00Z,0.2256,6.66,19.97,43.73,81.77,131.87,318.51,621.33,0.508,20.63,73.67,105.79,0,1,1,1
SMP_000300,25.65167,93.12083,2024-07-02T12:00:00Z,0.2256,13.0,34.15,69.02,116.17,191.5,447.25,855.72,0.55,33.05,97.97,157.06,1,1,1,1
SMP_000300,25.65167,93.12083,2024-07-03T12:00:00Z,0.2256,11.46,32.73,68.31,113.17,180.48,419.08,815.33,0.55,27.55,97.98,135.35,1,1,1,1
SMP_000300,25.65167,93.12083,2024-07-04T12:00:00Z,0.2256,2.97,11.2,22.85,48.04,78.02,206.24,421.88,0.371,11.74,42.88,66.79,0,0,0,0
SMP_000300,25.65167,93.12083,2024-07-05T12:00:00Z,0.2256,0.0,1.78,11.69,23.53,58.17,161.99,361.05,0.338,2.9,27.28,57.43,0,0,0,0
SMP_001168,26.804359589811696,94.22315583144494,2024-07-01T12:00:00Z,0.1164,12.3,35.87,70.28,123.21,194.57,458.83,866.14,0.55,33.61,110.32,155.23,1,1,1,1
SMP_001168,26.804359589811696,94.22315583144494,2024-07-02T12:00:00Z,0.1164,7.68,20.15,40.39,77.56,127.65,320.71,614.15,0.491,18.46,73.3,110.03,0,1,1,1
SMP_001168,26.804359589811696,94.22315583144494,2024-07-03T12:00:00Z,0.1164,0.0,3.18,8.89,19.27,40.76,132.59,276.01,0.332,1.48,11.98,42.59,0,0,0,0
SMP_001168,26.804359589811696,94.22315583144494,2024-07-04T12:00:00Z,0.1164,0.0,1.94,12.34,34.55,61.57,175.99,356.07,0.361,-0.22,35.82,45.39,0,0,0,0
SMP_001168,26.804359589811696,94.22315583144494,2024-07-05T12:00:00Z,0.1164,0.0,2.16,4.06,15.24,42.23,142.78,315.76,0.323,2.97,9.15,39.27,0,0,0,0
SMP_000551,26.92088,92.75933,2024-07-01T12:00:00Z,0.2214,12.28,35.78,71.07,122.81,203.4,486.09,911.73,0.55,32.41,111.44,162.83,1,1,1,1
SMP_000551,26.92088,92.75933,2024-07-02T12:00:00Z,0.2214,6.61,20.74,38.0,67.02,112.98,292.28,549.95,0.479,20.03,55.79,103.96,0,1,1,1
SMP_000551,26.92088,92.75933,2024-07-03T12:00:00Z,0.2214,0.0,3.56,8.5,19.89,45.55,146.79,304.04,0.317,6.61,21.74,48.51,0,0,0,0
SMP_000551,26.92088,92.75933,2024-07-04T12:00:00Z,0.2214,0.0,4.0,9.73,19.96,53.83,161.11,345.5,0.331,2.43,18.64,53.08,0,0,0,0
SMP_000551,26.92088,92.75933,2024-07-05T12:00:00Z,0.2214,0.0,1.82,12.32,22.35,55.21,160.41,351.11,0.353,0.28,15.66,44.47,0,0,0,0
SMP_000931,23.455752034945416,91.79852843503282,2024-07-01T12:00:00Z,0.3274,0.0,1.37,3.49,12.77,36.7,128.06,253.25,0.308,1.63,17.38,26.75,0,0,0,0
SMP_000931,23.455752034945416,91.79852843503282,2024-07-02T12:00:00Z,0.3274,0.0,0.52,10.55,29.48,54.95,154.8,340.25,0.329,3.25,25.95,34.16,0,0,0,0
SMP_000931,23.455752034945416,91.79852843503282,2024-07-03T12:00:00Z,0.3274,0.0,0.56,1.68,14.81,40.67,135.95,324.61,0.325,-1.43,18.48,30.15,0,0,0,0
SMP_000931,23.455752034945416,91.79852843503282,2024-07-04T12:00:00Z,0.3274,9.13,26.91,50.16,88.82,152.55,363.85,685.51,0.55,26.81,76.77,136.92,1,1,1,1
SMP_000931,23.455752034945416,91.79852843503282,2024-07-05T12:00:00Z,0.3274,13.78,39.45,72.66,128.56,216.84,487.76,903.65,0.55,35.31,113.01,183.41,1,1,1,1
SMP_001138,26.4797663418571,90.37964697007975,2024-07-01T12:00:00Z,0.1048,11.91,32.33,67.46,121.94,204.55,487.66,954.17,0.55,28.6,109.97,159.55,1,1,1,1
SMP_001138,26.4797663418571,90.37964697007975,2024-07-02T12:00:00Z,0.1048,10.24,27.62,50.35,92.06,147.77,335.6,630.34,0.508,28.63,75.77,117.41,0,1,1,1
SMP_001138,26.4797663418571,90.37964697007975,2024-07-03T12:00:00Z,0.1048,2.36,6.39,19.6,42.61,73.29,200.24,419.2,0.401,4.15,43.28,62.85,0,0,0,0
SMP_001138,26.4797663418571,90.37964697007975,2024-07-04T12:00:00Z,0.1048,0.0,0.68,9.32,25.67,49.64,124.63,262.4,0.313,4.55,27.03,49.77,0,0,0,0
SMP_001138,26.4797663418571,90.37964697007975,2024-07-05T12:00:00Z,0.1048,0.0,4.75,10.27,25.23,46.09,128.72,304.45,0.299,7.59,22.08,37.39,0,0,0,0
SMP_000478,26.19622,91.76336,2024-07-01T12:00:00Z,0.1644,10.81,32.15,59.32,103.72,179.12,442.59,827.45,0.55,27.04,93.77,140.27,1,1,1,1
SMP_000478,26.19622,91.76336,2024-07-02T12:00:00Z,0.1644,11.84,32.88,59.38,103.53,176.94,428.76,838.98,0.55,31.03,90.3,156.22,1,1,1,1
SMP_000478,26.19622,91.76336,2024-07-03T12:00:00Z,0.1644,5.69,19.65,37.15,66.32,112.3,275.21,534.4,0.468,16.15,51.57,85.05,0,0,1,1
SMP_000478,26.19622,91.76336,2024-07-04T12:00:00Z,0.1644,0.0,0.4,2.91,12.62,34.38,100.81,259.14,0.266,4.34,8.88,32.76,0,0,0,0
SMP_000478,26.19622,91.76336,2024-07-05T12:00:00Z,0.1644,0.0,3.1,15.11,29.54,64.9,164.33,333.94,0.355,4.34,21.96,42.86,0,0,0,0
SMP_000351,25.90653,92.65819,2024-07-01T12:00:00Z,0.3081,9.16,23.89,49.01,88.69,148.75,366.61,729.44,0.545,20.62,79.71,128.46,1,1,1,1
SMP_000351,25.90653,92.65819,2024-07-02T12:00:00Z,0.3081,13.11,36.88,67.81,116.9,187.51,450.79,864.32,0.55,35.76,102.26,149.71,1,1,1,1
SMP_000351,25.90653,92.65819,2024-07-03T12:00:00Z,0.3081,9.1,28.53,52.84,96.04,156.42,356.73,664.31,0.528,27.07,85.36,120.2,1,1,1,1
SMP_000351,25.90653,92.65819,2024-07-04T12:00:00Z,0.3081,0.0,2.45,10.64,28.26,54.46,159.66,312.31,0.344,4.34,23.38,54.48,0,0,0,0
SMP_000351,25.90653,92.65819,2024-07-05T12:00:00Z,0.3081,0.0,3.55,14.59,38.13,72.34,202.64,429.43,0.406,6.79,33.77,57.5,0,0,0,0
SMP_000433,26.112667,91.853889,2024-07-01T12:00:00Z,0.3658,10.64,31.37,59.79,109.03,169.53,397.2,788.98,0.55,29.37,97.42,140.9,1,1,1,1
SMP_000433,26.112667,91.853889,2024-07-02T12:00:00Z,0.3658,12.54,36.4,68.59,118.69,184.61,452.5,837.31,0.55,35.36,99.84,144.41,1,1,1,1
SMP_000433,26.112667,91.853889,2024-07-03T12:00:00Z,0.3658,6.83,19.06,34.34,62.06,104.16,249.78,507.01,0.456,15.69,50.78,75.18,0,0,1,1
SMP_000433,26.112667,91.853889,2024-07-04T12:00:00Z,0.3658,0.0,1.34,7.91,25.05,53.85,136.49,274.45,0.313,3.89,25.78,33.41,0,0,0,0
SMP_000433,26.112667,91.853889,2024-07-05T12:00:00Z,0.3658,0.0,3.55,7.36,24.99,51.36,126.8,270.15,0.321,5.12,20.58,36.14,0,0,0,0
SMP_000065,25.063472,92.807796,2024-07-01T12:00:00Z,0.5746,0.0,1.74,8.24,23.7,40.9,105.95,246.41,0.268,5.29,15.53,46.49,0,0,0,0
SMP_000065,25.063472,92.807796,2024-07-02T12:00:00Z,0.5746,8.47,23.27,48.83,88.97,140.88,334.28,666.07,0.531,20.25,78.04,125.73,1,1,1,1
SMP_000065,25.063472,92.807796,2024-07-03T12:00:00Z,0.5746,12.69,35.2,67.73,116.18,180.06,411.64,811.89,0.55,31.52,104.77,158.25,1,1,1,1
SMP_000065,25.063472,92.807796,2024-07-04T12:00:00Z,0.5746,9.2,24.68,51.29,93.45,152.13,347.77,675.29,0.539,21.47,78.69,114.39,1,1,1,1
SMP_000065,25.063472,92.807796,2024-07-05T12:00:00Z,0.5746,0.14,5.34,19.53,46.17,76.39,191.89,424.74,0.372,3.54,43.85,63.15,0,0,1,1
SMP_000598,25.15556,93.021583,2024-07-01T12:00:00Z,0.2177,0.33,1.18,3.79,9.35,31.17,107.2,250.77,0.277,3.35,12.87,15.94,0,0,0,0
SMP_000598,25.15556,93.021583,2024-07-02T12:00:00Z,0.2177,10.58,30.64,64.07,105.72,164.05,405.12,795.81,0.55,30.14,92.06,125.76,1,1,1,1
SMP_000598,25.15556,93.021583,2024-07-03T12:00:00Z,0.2177,14.41,42.26,85.42,151.58,242.49,571.77,1098.44,0.55,40.49,131.05,197.25,1,1,1,1
SMP_000598,25.15556,93.021583,2024-07-04T12:00:00Z,0.2177,9.5,27.37,58.95,105.12,167.85,415.02,781.14,0.55,26.56,85.35,129.93,1,1,1,1
SMP_000598,25.15556,93.021583,2024-07-05T12:00:00Z,0.2177,0.0,3.36,8.57,27.98,66.14,166.25,358.62,0.335,6.53,26.17,65.23,0,0,0,0
SMP_001156,26.35573936579758,92.80948780931298,2024-07-01T12:00:00Z,0.1189,11.55,30.98,64.83,115.19,183.6,416.58,777.71,0.55,28.37,104.25,140.25,1,1,1,1
SMP_001156,26.35573936579758,92.80948780931298,2024-07-02T12:00:00Z,0.1189,11.05,33.21,62.07,106.04,179.95,416.21,769.21,0.55,30.02,93.06,144.9,1,1,1,1
SMP_001156,26.35573936579758,92.80948780931298,2024-07-03T12:00:00Z,0.1189,3.85,12.65,30.72,51.3,92.73,234.2,458.59,0.415,11.23,46.68,79.59,0,0,0,0
SMP_001156,26.35573936579758,92.80948780931298,2024-07-04T12:00:00Z,0.1189,0.0,2.43,8.08,27.85,61.63,180.85,351.8,0.39,5.01,25.1,43.35,0,0,0,0
SMP_001156,26.35573936579758,92.80948780931298,2024-07-05T12:00:00Z,0.1189,0.0,0.48,7.65,26.32,50.17,157.89,325.81,0.333,1.06,29.41,47.14,0,0,0,0
SMP_000185,25.206,93.126,2024-07-01T12:00:00Z,0.4476,1.1,6.28,17.97,39.42,83.7,195.38,400.22,0.358,3.77,29.32,81.47,0,0,0,1
SMP_000185,25.206,93.126,2024-07-02T12:00:00Z,0.4476,11.56,34.76,63.22,107.82,175.64,426.44,809.85,0.55,31.06,94.42,150.65,1,1,1,1
SMP_000185,25.206,93.126,2024-07-03T12:00:00Z,0.4476,15.01,43.86,80.89,135.32,224.31,531.72,993.3,0.55,41.67,111.61,173.23,1,1,1,1
SMP_000185,25.206,93.126,2024-07-04T12:00:00Z,0.4476,9.35,27.77,59.46,102.3,164.44,380.12,753.51,0.55,28.41,93.52,127.26,1,1,1,1
SMP_000185,25.206,93.126,2024-07-05T12:00:00Z,0.4476,0.0,4.06,11.11,23.31,59.88,164.17,351.55,0.334,5.17,17.28,53.9,0,0,0,0
SMP_000921,25.932548957493758,92.73959555915461,2024-07-01T12:00:00Z,0.1129,8.82,26.92,56.3,98.61,159.25,388.31,728.21,0.549,26.42,91.73,134.17,1,1,1,1
SMP_000921,25.932548957493758,92.73959555915461,2024-07-02T12:00:00Z,0.1129,12.29,35.04,66.57,109.41,173.48,425.51,806.49,0.55,29.73,99.58,133.48,1,1,1,1
SMP_000921,25.932548957493758,92.73959555915461,2024-07-03T12:00:00Z,0.1129,8.3,24.6,49.4,92.81,160.72,375.14,725.23,0.55,22.79,79.5,128.45,1,1,1,1
SMP_000921,25.932548957493758,92.73959555915461,2024-07-04T12:00:00Z,0.1129,0.0,2.95,6.86,19.56,46.24,125.11,259.77,0.323,3.18,20.39,35.54,0,0,0,0
SMP_000921,25.932548957493758,92.73959555915461,2024-07-05T12:00:00Z,0.1129,0.0,3.46,15.71,38.35,79.94,185.98,371.82,0.356,2.09,39.97,68.81,0,0,0,0
SMP_000023,24.98,92.72,2024-07-01T12:00:00Z,0.1148,0.0,1.4,5.39,18.41,33.3,107.15,271.13,0.271,3.29,22.47,32.46,0,0,0,0
SMP_000023,24.98,92.72,2024-07-02T12:00:00Z,0.1148,7.32,19.52,36.25,72.03,121.36,306.43,591.85,0.516,21.42,56.87,102.44,0,0,1,1
SMP_000023,24.98,92.72,2024-07-03T12:00:00Z,0.1148,12.05,31.49,61.21,103.81,162.08,372.28,724.94,0.55,26.58,85.42,120.11,1,1,1,1
SMP_000023,24.98,92.72,2024-07-04T12:00:00Z,0.1148,9.47,26.47,48.06,86.04,148.77,353.36,686.51,0.522,23.56,68.93,122.97,0,1,1,1
SMP_000023,24.98,92.72,2024-07-05T12:00:00Z,0.1148,1.14,7.92,19.23,40.76,78.17,195.58,417.9,0.396,9.31,39.63,57.94,0,0,0,0
SMP_000244,25.42,93.002,2024-07-01T12:00:00Z,0.1442,3.71,11.94,23.53,42.85,74.04,206.37,408.12,0.375,11.9,43.45,63.4,0,0,0,0
SMP_000244,25.42,93.002,2024-07-02T12:00:00Z,0.1442,11.59,31.61,56.95,94.18,156.85,362.0,704.94,0.55,31.69,86.62,129.82,0,1,1,1
SMP_000244,25.42,93.002,2024-07-03T12:00:00Z,0.1442,12.45,36.7,74.04,129.1,216.12,509.66,956.97,0.55,36.76,110.86,179.61,1,1,1,1
SMP_000244,25.42,93.002,2024-07-04T12:00:00Z,0.1442,5.75,19.93,42.35,80.27,125.63,316.86,646.56,0.501,16.57,70.46,105.68,0,1,1,1
SMP_000244,25.42,93.002,2024-07-05T12:00:00Z,0.1442,0.0,1.31,8.45,22.59,40.02,115.09,229.19,0.32,3.63,26.63,35.85,0,0,0,0
SMP_000032,25.01,92.75,2024-07-01T12:00:00Z,0.1349,0.0,0.87,10.17,24.05,54.94,135.81,307.43,0.316,1.38,25.4,54.81,0,0,0,0
SMP_000032,25.01,92.75,2024-07-02T12:00:00Z,0.1349,7.62,23.1,49.78,93.99,160.88,399.66,796.47,0.55,22.04,75.34,121.5,1,1,1,1
SMP_000032,25.01,92.75,2024-07-03T12:00:00Z,0.1349,12.11,32.97,65.83,118.88,203.05,489.47,933.14,0.55,29.48,100.25,168.07,1,1,1,1
SMP_000032,25.01,92.75,2024-07-04T12:00:00Z,0.1349,9.25,28.73,61.09,102.52,166.51,396.18,781.09,0.55,28.89,94.73,138.82,1,1,1,1
SMP_000032,25.01,92.75,2024-07-05T12:00:00Z,0.1349,0.78,3.08,11.69,22.65,40.81,101.17,232.71,0.289,6.34,18.34,45.55,0,0,0,0
SMP_001073,24.459628533414325,92.41626743148403,2024-07-01T12:00:00Z,0.1103,0.0,3.78,15.24,35.83,59.52,148.1,345.63,0.336,2.74,25.6,39.91,0,0,0,0
SMP_001073,24.459628533414325,92.41626743148403,2024-07-02T12:00:00Z,0.1103,1.53,7.82,21.35,47.24,92.73,230.99,459.51,0.418,7.1,35.5,72.24,0,0,0,0
SMP_001073,24.459628533414325,92.41626743148403,2024-07-03T12:00:00Z,0.1103,9.7,29.42,58.96,105.5,173.07,413.23,800.59,0.55,28.9,92.88,138.74,1,1,1,1
SMP_001073,24.459628533414325,92.41626743148403,2024-07-04T12:00:00Z,0.1103,11.98,35.08,68.93,115.23,189.41,446.94,855.41,0.55,34.83,105.08,142.89,1,1,1,1
SMP_001073,24.459628533414325,92.41626743148403,2024-07-05T12:00:00Z,0.1103,6.99,21.02,38.91,71.86,117.14,289.11,566.06,0.487,17.6,60.92,99.82,0,0,1,1
SMP_000173,25.191,93.192,2024-07-01T12:00:00Z,0.2479,0.88,4.04,10.03,19.49,37.33,103.83,208.03,0.283,2.46,24.06,29.34,0,0,0,0
SMP_000173,25.191,93.192,2024-07-02T12:00:00Z,0.2479,11.44,34.68,66.07,118.32,190.35,468.32,901.99,0.55,30.66,108.49,149.82,1,1,1,1
SMP_000173,25.191,93.192,2024-07-03T12:00:00Z,0.2479,15.07,39.88,81.34,139.37,232.95,525.56,971.84,0.55,36.07,119.95,199.39,1,1,1,1
SMP_000173,25.191,93.192,2024-07-04T12:00:00Z,0.2479,9.55,26.35,49.36,81.84,135.22,346.78,677.64,0.531,21.98,75.79,122.44,0,1,1,1
SMP_000173,25.191,93.192,2024-07-05T12:00:00Z,0.2479,0.0,4.74,9.27,17.69,35.96,99.25,245.55,0.291,4.69,22.66,31.05,0,0,0,0
SMP_000432,26.112083,92.091028,2024-07-01T12:00:00Z,0.1411,10.18,26.62,53.25,93.85,150.77,346.04,654.44,0.517,26.76,77.67,130.3,0,1,1,1
SMP_000432,26.112083,92.091028,2024-07-02T12:00:00Z,0.1411,12.0,32.75,61.3,100.17,162.86,400.3,787.14,0.55,31.9,85.77,138.54,1,1,1,1
SMP_000432,26.112083,92.091028,2024-07-03T12:00:00Z,0.1411,6.54,19.25,41.73,77.59,127.96,294.96,582.22,0.498,21.14,73.77,104.63,0,1,1,1
SMP_000432,26.112083,92.091028,2024-07-04T12:00:00Z,0.1411,0.0,1.79,10.13,29.58,53.85,134.16,286.18,0.333,5.18,30.86,54.7,0,0,0,0
SMP_000432,26.112083,92.091028,2024-07-05T12:00:00Z,0.1411,0.0,2.27,13.79,24.58,61.07,171.5,357.39,0.379,3.35,19.65,43.08,0,0,0,0
SMP_001626,25.87958797401187,92.0776267037386,2024-07-01T12:00:00Z,0.2554,10.31,27.83,56.31,100.41,158.72,385.84,723.14,0.55,27.55,87.86,122.26,1,1,1,1
SMP_001626,25.87958797401187,92.0776267037386,2024-07-02T12:00:00Z,0.2554,15.18,41.96,83.58,139.45,214.55,510.16,992.08,0.55,38.54,121.64,184.91,1,1,1,1
SMP_001626,25.87958797401187,92.0776267037386,2024-07-03T12:00:00Z,0.2554,10.84,32.04,57.87,97.15,168.98,383.06,742.8,0.55,28.48,81.38,149.0,1,1,1,1
SMP_001626,25.87958797401187,92.0776267037386,2024-07-04T12:00:00Z,0.2554,0.0,3.71,12.01,26.11,53.77,164.65,352.99,0.352,2.27,29.01,53.19,0,0,0,0
SMP_001626,25.87958797401187,92.0776267037386,2024-07-05T12:00:00Z,0.2554,0.0,4.09,16.17,31.41,62.38,185.9,403.58,0.347,5.72,29.77,42.63,0,0,0,0
SMP_001040,26.537358984509595,94.67602027933557,2024-07-01T12:00:00Z,0.3806,14.61,40.74,74.01,126.16,205.85,497.44,935.87,0.55,36.88,102.45,172.6,1,1,1,1
SMP_001040,26.537358984509595,94.67602027933557,2024-07-02T12:00:00Z,0.3806,11.94,33.56,61.7,102.02,160.96,371.34,714.01,0.55,29.95,94.28,141.55,1,1,1,1
SMP_001040,26.537358984509595,94.67602027933557,2024-07-03T12:00:00Z,0.3806,2.02,7.19,17.09,38.2,68.3,160.27,328.83,0.341,8.8,28.27,46.4,0,0,0,0
SMP_001040,26.537358984509595,94.67602027933557,2024-07-04T12:00:00Z,0.3806,0.0,3.34,15.73,28.92,58.64,146.01,333.33,0.335,3.82,25.72,50.7,0,0,0,0
SMP_001040,26.537358984509595,94.67602027933557,2024-07-05T12:00:00Z,0.3806,0.0,4.4,15.66,28.26,49.74,152.76,308.6,0.338,6.62,28.7,40.81,0,0,0,0
SMP_001201,24.65290718026624,92.64110655040875,2024-07-01T12:00:00Z,0.1156,0.0,4.88,12.6,33.52,74.24,191.58,390.08,0.364,5.39,34.53,50.64,0,0,0,0
SMP_001201,24.65290718026624,92.64110655040875,2024-07-02T12:00:00Z,0.1156,3.81,11.34,25.26,48.2,90.99,230.36,446.55,0.398,10.14,47.25,64.08,0,0,0,0
SMP_001201,24.65290718026624,92.64110655040875,2024-07-03T12:00:00Z,0.1156,10.89,33.26,60.91,101.95,172.05,404.31,763.05,0.55,33.87,89.78,132.99,1,1,1,1
SMP_001201,24.65290718026624,92.64110655040875,2024-07-04T12:00:00Z,0.1156,11.37,34.52,67.9,120.74,197.15,476.59,918.46,0.55,32.22,110.29,167.21,1,1,1,1
SMP_001201,24.65290718026624,92.64110655040875,2024-07-05T12:00:00Z,0.1156,4.95,17.42,33.54,65.96,114.81,270.18,507.38,0.476,19.37,54.81,94.07,0,0,1,1
SMP_001446,24.957316704603077,92.68426081212847,2024-07-01T12:00:00Z,0.1496,0.0,1.39,4.83,15.43,46.68,143.97,298.02,0.313,3.0,15.33,44.0,0,0,0,0
SMP_001446,24.957316704603077,92.68426081212847,2024-07-02T12:00:00Z,0.1496,7.09,18.78,38.03,71.46,117.13,293.96,564.56,0.5,15.41,64.64,105.0,0,0,1,1
SMP_001446,24.957316704603077,92.68426081212847,2024-07-03T12:00:00Z,0.1496,12.0,31.49,63.82,107.04,182.7,431.36,813.77,0.55,31.02,90.63,154.08,1,1,1,1
SMP_001446,24.957316704603077,92.68426081212847,2024-07-04T12:00:00Z,0.1496,9.63,29.47,57.75,106.25,175.18,432.78,815.33,0.55,27.63,85.58,136.53,1,1,1,1
SMP_001446,24.957316704603077,92.68426081212847,2024-07-05T12:00:00Z,0.1496,1.42,4.8,10.95,20.7,47.0,150.17,305.16,0.326,7.9,17.73,30.3,0,0,0,0
SMP_001174,24.048977100583784,91.75550971676057,2024-07-01T12:00:00Z,0.2523,0.0,4.52,14.02,26.61,54.08,163.56,356.92,0.36,2.6,20.36,54.58,0,0,0,0
SMP_001174,24.048977100583784,91.75550971676057,2024-07-02T12:00:00Z,0.2523,0.0,3.54,9.39,28.06,53.92,136.16,315.57,0.336,4.38,31.48,36.44,0,0,0,0
SMP_001174,24.048977100583784,91.75550971676057,2024-07-03T12:00:00Z,0.2523,6.41,19.18,37.76,72.76,119.22,304.56,627.46,0.47,16.58,60.25,97.46,0,1,1,1
SMP_001174,24.048977100583784,91.75550971676057,2024-07-04T12:00:00Z,0.2523,12.58,37.47,72.86,123.63,190.78,440.56,858.17,0.55,35.48,101.31,160.93,1,1,1,1
SMP_001174,24.048977100583784,91.75550971676057,2024-07-05T12:00:00Z,0.2523,11.11,30.02,54.82,91.91,150.5,351.04,665.0,0.521,29.8,76.17,113.74,1,1,1,1
SMP_000303,25.67153,93.11522,2024-07-01T12:00:00Z,0.1679,6.83,17.97,40.67,69.39,127.23,309.91,597.61,0.516,16.05,53.98,107.33,0,1,1,1
SMP_000303,25.67153,93.11522,2024-07-02T12:00:00Z,0.1679,12.96,38.3,73.68,129.95,216.86,503.91,954.18,0.55,38.11,116.53,173.58,1,1,1,1
SMP_000303,25.67153,93.11522,2024-07-03T12:00:00Z,0.1679,11.23,34.17,70.94,116.73,183.04,418.61,798.71,0.55,34.27,102.41,152.39,1,1,1,1
SMP_000303,25.67153,93.11522,2024-07-04T12:00:00Z,0.1679,2.68,10.18,27.45,53.45,92.67,239.26,458.81,0.44,11.93,46.95,79.94,0,0,0,1
SMP_000303,25.67153,93.11522,2024-07-05T12:00:00Z,0.1679,0.0,2.44,10.23,19.8,40.57,132.5,266.15,0.329,2.28,15.92,42.27,0,0,0,0
SMP_000901,26.54000586569111,92.28304735677459,2024-07-01T12:00:00Z,0.0998,12.1,33.64,62.34,101.83,170.87,392.44,762.85,0.55,31.79,92.96,135.48,1,1,1,1
SMP_000901,26.54000586569111,92.28304735677459,2024-07-02T12:00:00Z,0.0998,9.86,28.88,61.29,111.71,179.96,407.0,752.95,0.55,24.73,99.33,158.33,1,1,1,1
SMP_000901,26.54000586569111,92.28304735677459,2024-07-03T12:00:00Z,0.0998,1.64,7.43,22.07,45.92,79.47,215.71,450.37,0.418,8.6,34.21,66.89,0,0,0,0
SMP_000901,26.54000586569111,92.28304735677459,2024-07-04T12:00:00Z,0.0998,0.0,1.42,2.69,11.42,34.14,106.23,258.78,0.269,3.27,14.99,22.35,0,0,0,0
SMP_000901,26.54000586569111,92.28304735677459,2024-07-05T12:00:00Z,0.0998,0.0,2.72,9.31,25.12,43.77,124.03,275.4,0.317,4.43,27.73,45.12,0,0,0,0
SMP_001474,26.06601228686111,93.10593363792333,2024-07-01T12:00:00Z,0.1101,9.94,29.06,57.62,103.6,169.66,384.06,725.22,0.55,29.62,94.82,135.9,1,1,1,1
SMP_001474,26.06601228686111,93.10593363792333,2024-07-02T12:00:00Z,0.1101,12.21,34.45,66.14,114.33,178.05,410.42,808.66,0.55,31.79,98.65,145.94,1,1,1,1
SMP_001474,26.06601228686111,93.10593363792333,2024-07-03T12:00:00Z,0.1101,7.07,19.18,40.26,69.47,126.41,294.34,562.86,0.477,19.17,56.13,102.02,0,0,1,1
SMP_001474,26.06601228686111,93.10593363792333,2024-07-04T12:00:00Z,0.1101,0.0,2.24,7.55,17.29,31.25,86.41,193.81,0.278,0.55,13.08,38.53,0,0,0,0
SMP_001474,26.06601228686111,93.10593363792333,2024-07-05T12:00:00Z,0.1101,0.0,0.32,9.09,23.3,59.77,148.88,297.8,0.345,-1.06,19.0,54.31,0,0,0,0
SMP_001305,25.70325128818331,90.88366887578248,2024-07-01T12:00:00Z,0.2245,7.8,24.08,52.75,91.56,159.28,366.91,695.05,0.55,23.28,81.33,129.34,1,1,1,1
SMP_001305,25.70325128818331,90.88366887578248,2024-07-02T12:00:00Z,0.2245,14.15,41.28,80.55,141.53,219.06,519.68,965.35,0.55,38.59,118.66,182.47,1,1,1,1
SMP_001305,25.70325128818331,90.88366887578248,2024-07-03T12:00:00Z,0.2245,11.92,32.16,67.64,112.91,193.53,456.12,884.21,0.55,32.42,102.91,157.48,1,1,1,1
SMP_001305,25.70325128818331,90.88366887578248,2024-07-04T12:00:00Z,0.2245,2.46,8.8,25.06,49.64,89.57,214.27,443.57,0.386,9.77,39.03,68.26,0,0,0,1
SMP_001305,25.70325128818331,90.88366887578248,2024-07-05T12:00:00Z,0.2245,0.0,2.91,13.39,35.05,76.83,184.13,371.9,0.371,5.24,31.65,76.28,0,0,0,0
SMP_000059,25.060088,92.807089,2024-07-01T12:00:00Z,0.516,0.0,0.12,4.22,11.15,32.48,106.04,211.0,0.271,-1.43,12.35,35.76,0,0,0,0
SMP_000059,25.060088,92.807089,2024-07-02T12:00:00Z,0.516,8.48,25.58,52.6,98.55,163.96,408.72,810.61,0.55,23.29,87.44,124.82,1,1,1,1
SMP_000059,25.060088,92.807089,2024-07-03T12:00:00Z,0.516,12.75,36.56,67.18,116.21,198.13,456.34,864.31,0.55,31.28,103.92,158.1,1,1,1,1
SMP_000059,25.060088,92.807089,2024-07-04T12:00:00Z,0.516,9.28,25.01,51.38,92.14,146.7,372.51,712.92,0.539,25.94,85.07,118.22,1,1,1,1
SMP_000059,25.060088,92.807089,2024-07-05T12:00:00Z,0.516,0.18,2.81,10.03,25.66,43.67,118.42,288.71,0.293,4.89,26.0,32.97,0,0,0,0
SMP_001418,25.54732182158987,91.50824689494418,2024-07-01T12:00:00Z,0.2359,7.43,23.9,50.65,90.41,143.61,364.6,684.18,0.546,19.55,76.69,125.72,1,1,1,1
SMP_001418,25.54732182158987,91.50824689494418,2024-07-02T12:00:00Z,0.2359,17.29,49.57,91.29,148.15,227.4,511.63,968.91,0.55,47.5,127.53,181.78,1,1,1,1
SMP_001418,25.54732182158987,91.50824689494418,2024-07-03T12:00:00Z,0.2359,16.66,45.99,85.28,139.05,222.49,501.02,966.51,0.55,43.7,114.22,185.52,1,1,1,1
SMP_001418,25.54732182158987,91.50824689494418,2024-07-04T12:00:00Z,0.2359,5.93,17.19,31.56,59.5,95.32,254.44,482.5,0.443,14.79,47.54,75.01,0,0,1,1
SMP_001418,25.54732182158987,91.50824689494418,2024-07-05T12:00:00Z,0.2359,0.0,1.64,8.98,17.32,33.66,107.49,224.07,0.292,5.05,12.98,22.58,0,0,0,0
SMP_000069,25.078935,92.95379,2024-07-01T12:00:00Z,0.238,0.0,0.61,9.36,27.7,50.95,150.83,306.87,0.323,2.0,18.8,54.64,0,0,0,0
SMP_000069,25.078935,92.95379,2024-07-02T12:00:00Z,0.238,11.1,32.49,65.76,117.31,190.26,467.44,912.8,0.55,28.77,105.94,145.87,1,1,1,1
SMP_000069,25.078935,92.95379,2024-07-03T12:00:00Z,0.238,16.35,44.47,82.06,133.77,218.06,501.1,978.15,0.55,43.99,112.56,164.66,1,1,1,1
SMP_000069,25.078935,92.95379,2024-07-04T12:00:00Z,0.238,11.68,32.34,58.48,105.96,178.46,406.77,811.78,0.55,31.0,92.9,138.81,1,1,1,1
SMP_000069,25.078935,92.95379,2024-07-05T12:00:00Z,0.238,0.0,2.2,12.55,30.02,57.09,167.62,335.65,0.364,2.85,30.1,57.22,0,0,0,0
SMP_001353,26.26489318736852,92.26571286283523,2024-07-01T12:00:00Z,0.1022,11.07,30.74,57.21,95.41,154.66,383.27,712.93,0.55,29.65,76.7,130.18,0,1,1,1
SMP_001353,26.26489318736852,92.26571286283523,2024-07-02T12:00:00Z,0.1022,11.44,34.31,63.65,116.32,190.05,445.86,839.19,0.55,29.01,96.33,148.78,1,1,1,1
SMP_001353,26.26489318736852,92.26571286283523,2024-07-03T12:00:00Z,0.1022,4.87,13.81,32.27,59.75,110.09,286.43,563.54,0.447,15.36,52.77,95.94,0,0,1,1
SMP_001353,26.26489318736852,92.26571286283523,2024-07-04T12:00:00Z,0.1022,0.0,3.13,9.67,28.1,63.11,149.69,336.33,0.334,4.07,29.75,45.88,0,0,0,0
SMP_001353,26.26489318736852,92.26571286283523,2024-07-05T12:00:00Z,0.1022,0.0,2.83,11.34,23.1,54.02,138.26,305.38,0.303,6.51,25.81,37.37,0,0,0,0
SMP_001164,24.134093710903155,94.17242946202731,2024-07-01T12:00:00Z,0.2153,0.0,4.23,17.22,33.84,71.53,204.6,447.24,0.38,2.44,34.83,69.89,0,0,0,0
SMP_001164,24.134093710903155,94.17242946202731,2024-07-02T12:00:00Z,0.2153,0.0,3.76,7.03,18.22,37.24,126.68,296.36,0.321,1.72,13.94,30.04,0,0,0,0
SMP_001164,24.134093710903155,94.17242946202731,2024-07-03T12:00:00Z,0.2153,7.6,21.32,42.96,79.61,138.25,350.76,693.06,0.55,19.95,74.85,124.6,0,1,1,1
SMP_001164,24.134093710903155,94.17242946202731,2024-07-04T12:00:00Z,0.2153,13.24,37.92,76.57,125.04,201.38,465.35,905.47,0.55,34.05,105.01,171.34,1,1,1,1
SMP_001164,24.134093710903155,94.17242946202731,2024-07-05T12:00:00Z,0.2153,10.85,28.9,61.61,109.89,182.38,446.61,834.45,0.55,28.09,98.23,159.99,1,1,1,1
SMP_001471,25.987281376606457,92.25850381917927,2024-07-01T12:00:00Z,0.2039,11.21,33.95,63.79,109.91,186.91,443.96,851.93,0.55,31.91,97.65,161.05,1,1,1,1
SMP_001471,25.987281376606457,92.25850381917927,2024-07-02T12:00:00Z,0.2039,14.82,38.92,76.59,137.54,216.08,498.37,939.05,0.55,34.96,114.86,180.15,1,1,1,1
SMP_001471,25.987281376606457,92.25850381917927,2024-07-03T12:00:00Z,0.2039,9.43,29.3,54.01,99.55,161.64,395.91,741.53,0.55,25.85,88.64,121.01,1,1,1,1
SMP_001471,25.987281376606457,92.25850381917927,2024-07-04T12:00:00Z,0.2039,0.0,4.2,15.35,27.96,66.73,194.64,420.26,0.363,6.01,23.47,65.59,0,0,0,0
SMP_001471,25.987281376606457,92.25850381917927,2024-07-05T12:00:00Z,0.2039,0.0,2.1,11.8,30.77,58.65,169.0,329.42,0.359,0.17,22.09,52.65,0,0,0,0
SMP_000298,25.61092,93.09178,2024-07-01T12:00:00Z,0.1049,5.96,19.89,38.77,65.31,116.83,293.94,550.09,0.464,20.29,51.17,107.48,0,0,1,1
SMP_000298,25.61092,93.09178,2024-07-02T12:00:00Z,0.1049,12.39,33.22,64.75,106.67,171.3,397.41,757.0,0.55,32.54,94.33,140.66,1,1,1,1
SMP_000298,25.61092,93.09178,2024-07-03T12:00:00Z,0.1049,11.31,34.18,63.57,110.34,180.74,428.2,815.9,0.55,32.76,100.28,140.26,1,1,1,1
SMP_000298,25.61092,93.09178,2024-07-04T12:00:00Z,0.1049,3.37,11.15,21.57,47.37,79.97,189.82,414.03,0.35,9.24,42.58,54.62,0,0,0,0
SMP_000298,25.61092,93.09178,2024-07-05T12:00:00Z,0.1049,0.0,4.07,12.66,23.07,40.82,117.19,238.15,0.298,5.35,26.21,37.63,0,0,0,0
SMP_001322,25.535153634233993,93.79461539310883,2024-07-01T12:00:00Z,0.4105,6.11,20.87,42.9,82.29,136.61,314.01,604.69,0.491,18.74,74.22,111.78,1,1,1,1
SMP_001322,25.535153634233993,93.79461539310883,2024-07-02T12:00:00Z,0.4105,14.56,40.09,77.44,130.89,203.93,488.8,944.45,0.55,37.95,112.54,153.74,1,1,1,1
SMP_001322,25.535153634233993,93.79461539310883,2024-07-03T12:00:00Z,0.4105,14.17,41.25,78.63,135.65,223.91,532.76,1018.12,0.55,40.27,113.42,193.98,1,1,1,1
SMP_001322,25.535153634233993,93.79461539310883,2024-07-04T12:00:00Z,0.4105,5.19,13.91,30.95,59.11,108.27,265.21,518.8,0.427,12.98,51.53,96.89,0,1,1,1
SMP_001322,25.535153634233993,93.79461539310883,2024-07-05T12:00:00Z,0.4105,0.0,3.85,7.83,21.9,48.07,139.51,310.01,0.348,4.61,15.75,31.15,0,0,0,0
SMP_001178,25.837674798155334,94.83813064373848,2024-07-01T12:00:00Z,0.3841,10.01,29.49,58.27,101.58,164.0,373.85,741.0,0.55,30.25,84.01,129.68,1,1,1,1
SMP_001178,25.837674798155334,94.83813064373848,2024-07-02T12:00:00Z,0.3841,15.41,44.35,87.17,148.15,242.3,572.62,1089.32,0.55,43.32,127.25,196.46,1,1,1,1
SMP_001178,25.837674798155334,94.83813064373848,2024-07-03T12:00:00Z,0.3841,11.47,31.69,59.62,104.6,180.48,415.46,769.06,0.55,31.94,89.3,151.7,1,1,1,1
SMP_001178,25.837674798155334,94.83813064373848,2024-07-04T12:00:00Z,0.3841,0.57,4.84,12.32,32.87,68.18,164.63,327.29,0.348,3.27,25.7,58.83,0,0,0,0
SMP_001178,25.837674798155334,94.83813064373848,2024-07-05T12:00:00Z,0.3841,0.0,1.17,7.75,16.11,41.42,128.87,257.42,0.314,4.89,10.89,34.89,0,0,0,0
SMP_000861,24.426238214534575,92.69043402883528,2024-07-01T12:00:00Z,0.1043,0.0,2.37,8.47,20.6,43.68,143.44,289.19,0.309,4.16,13.18,41.45,0,0,0,0
SMP_000861,24.426238214534575,92.69043402883528,2024-07-02T12:00:00Z,0.1043,1.14,6.91,22.38,48.62,83.73,211.42,418.86,0.413,9.61,46.99,79.77,0,0,0,0
SMP_000861,24.426238214534575,92.69043402883528,2024-07-03T12:00:00Z,0.1043,9.54,27.79,51.4,84.96,137.71,341.21,648.27,0.52,28.27,67.35,107.46,0,1,1,1
SMP_000861,24.426238214534575,92.69043402883528,2024-07-04T12:00:00Z,0.1043,12.14,34.52,71.78,122.4,190.69,448.99,857.17,0.55,32.6,102.27,150.1,1,1,1,1
SMP_000861,24.426238214534575,92.69043402883528,2024-07-05T12:00:00Z,0.1043,7.39,24.01,47.1,79.11,134.75,327.7,612.03,0.535,24.01,64.81,119.87,0,1,1,1
SMP_001493,26.410968794494156,90.76925021136097,2024-07-01T12:00:00Z,0.1122,11.66,33.3,69.72,122.16,190.12,451.05,890.02,0.55,28.48,100.04,164.89,1,1,1,1
SMP_001493,26.410968794494156,90.76925021136097,2024-07-02T12:00:00Z,0.1122,10.65,31.77,57.7,95.0,147.99,361.68,729.2,0.545,26.73,85.06,109.39,0,1,1,1
SMP_001493,26.410968794494156,90.76925021136097,2024-07-03T12:00:00Z,0.1122,3.17,12.72,29.58,62.12,114.05,281.25,552.96,0.444,13.93,52.53,95.25,0,0,1,1
SMP_001493,26.410968794494156,90.76925021136097,2024-07-04T12:00:00Z,0.1122,0.0,1.26,3.32,14.11,29.57,105.95,230.87,0.286,3.6,16.1,30.5,0,0,0,0
SMP_001493,26.410968794494156,90.76925021136097,2024-07-05T12:00:00Z,0.1122,0.0,4.42,15.56,28.94,65.37,154.95,313.74,0.337,7.44,20.29,53.72,0,0,0,0
SMP_000124,25.146778,93.030972,2024-07-01T12:00:00Z,0.6848,0.2,1.78,8.76,16.9,46.56,120.07,280.81,0.305,5.43,11.87,46.66,0,0,0,0
SMP_000124,25.146778,93.030972,2024-07-02T12:00:00Z,0.6848,10.12,27.0,48.77,85.28,141.26,353.07,688.34,0.55,25.19,73.61,119.75,1,1,1,1
SMP_000124,25.146778,93.030972,2024-07-03T12:00:00Z,0.6848,13.91,37.39,76.57,131.57,217.07,493.18,955.86,0.55,35.87,110.97,177.37,1,1,1,1
SMP_000124,25.146778,93.030972,2024-07-04T12:00:00Z,0.6848,9.26,26.86,57.18,106.02,183.2,429.72,803.14,0.55,25.03,88.81,157.46,1,1,1,1
SMP_000124,25.146778,93.030972,2024-07-05T12:00:00Z,0.6848,0.0,3.63,7.82,24.4,48.89,147.41,305.39,0.335,1.82,28.06,48.14,0,0,0,1
SMP_001118,23.944721040503826,91.44679349810042,2024-07-01T12:00:00Z,0.3274,0.0,0.48,3.38,14.18,44.17,115.84,258.23,0.296,0.06,16.69,43.9,0,0,0,0
SMP_001118,23.944721040503826,91.44679349810042,2024-07-02T12:00:00Z,0.3274,0.0,3.0,14.66,32.06,54.81,160.56,339.94,0.338,1.83,27.56,42.26,0,0,0,0
SMP_001118,23.944721040503826,91.44679349810042,2024-07-03T12:00:00Z,0.3274,5.53,18.3,40.44,77.59,136.31,329.66,640.93,0.53,16.69,68.51,123.3,0,1,1,1
SMP_001118,23.944721040503826,91.44679349810042,2024-07-04T12:00:00Z,0.3274,12.92,38.28,69.48,119.4,201.14,478.09,894.27,0.55,34.85,100.75,167.53,1,1,1,1
SMP_001118,23.944721040503826,91.44679349810042,2024-07-05T12:00:00Z,0.3274,12.48,33.85,62.49,103.83,179.46,413.65,808.77,0.55,30.48,88.92,155.68,1,1,1,1
SMP_000988,26.13640407998129,93.46040330302344,2024-07-01T12:00:00Z,0.1522,12.32,32.36,67.11,120.08,197.82,461.39,879.97,0.55,28.04,105.78,150.18,1,1,1,1
SMP_000988,26.13640407998129,93.46040330302344,2024-07-02T12:00:00Z,0.1522,14.21,37.63,73.47,121.94,189.13,447.2,836.67,0.55,33.3,106.27,163.52,1,1,1,1
SMP_000988,26.13640407998129,93.46040330302344,2024-07-03T12:00:00Z,0.1522,7.48,20.34,44.48,78.74,132.57,319.58,634.52,0.508,21.58,72.33,102.28,0,1,1,1
SMP_000988,26.13640407998129,93.46040330302344,2024-07-04T12:00:00Z,0.1522,0.0,3.83,13.22,28.31,57.28,174.26,362.41,0.336,6.33,27.16,52.01,0,0,0,0
SMP_000988,26.13640407998129,93.46040330302344,2024-07-05T12:00:00Z,0.1522,0.0,4.73,14.16,37.24,65.17,175.57,394.05,0.382,5.72,33.45,45.44,0,0,0,0
SMP_001125,26.66183542329428,93.81729325354117,2024-07-01T12:00:00Z,0.1077,12.34,35.54,72.91,131.52,206.39,481.61,918.85,0.55,35.2,118.88,167.19,1,1,1,1
SMP_001125,26.66183542329428,93.81729325354117,2024-07-02T12:00:00Z,0.1077,8.97,24.76,53.89,90.22,148.99,345.6,701.39,0.508,22.49,81.78,113.47,0,1,1,1
SMP_001125,26.66183542329428,93.81729325354117,2024-07-03T12:00:00Z,0.1077,0.15,4.64,12.02,31.69,61.55,163.15,344.31,0.364,5.77,28.58,62.99,0,0,0,0
SMP_001125,26.66183542329428,93.81729325354117,2024-07-04T12:00:00Z,0.1077,0.0,3.65,15.64,36.9,80.13,213.84,410.35,0.41,5.38,33.49,72.8,0,0,0,0
SMP_001125,26.66183542329428,93.81729325354117,2024-07-05T12:00:00Z,0.1077,0.0,2.29,7.58,26.68,61.8,154.72,334.48,0.315,3.2,20.41,49.64,0,0,0,0
SMP_000247,25.421333,93.370361,2024-07-01T12:00:00Z,0.1606,3.86,13.45,31.83,54.63,96.37,226.13,443.29,0.408,12.08,45.92,73.93,0,0,0,1
SMP_000247,25.421333,93.370361,2024-07-02T12:00:00Z,0.1606,12.0,31.73,66.8,116.29,181.98,413.7,820.61,0.55,26.74,106.21,138.41,1,1,1,1
SMP_000247,25.421333,93.370361,2024-07-03T12:00:00Z,0.1606,12.87,35.52,66.99,115.45,185.61,433.39,849.88,0.55,32.78,103.15,157.51,1,1,1,1
SMP_000247,25.421333,93.370361,2024-07-04T12:00:00Z,0.1606,5.93,17.45,38.19,63.92,105.88,282.51,540.55,0.467,16.96,56.18,81.99,0,0,1,1
SMP_000247,25.421333,93.370361,2024-07-05T12:00:00Z,0.1606,0.0,3.44,10.58,19.49,40.93,122.45,242.79,0.313,4.26,22.29,23.45,0,0,0,0
SMP_000099,25.12906,92.97418,2024-07-01T12:00:00Z,0.5019,0.0,2.27,6.39,16.6,38.42,97.01,231.48,0.292,6.04,14.43,42.37,0,0,0,0
SMP_000099,25.12906,92.97418,2024-07-02T12:00:00Z,0.5019,10.62,32.24,60.83,102.69,173.65,410.75,776.09,0.55,32.39,89.85,140.79,1,1,1,1
SMP_000099,25.12906,92.97418,2024-07-03T12:00:00Z,0.5019,14.86,42.07,77.45,138.77,216.39,503.66,975.35,0.55,40.96,114.4,174.61,1,1,1,1
SMP_000099,25.12906,92.97418,2024-07-04T12:00:00Z,0.5019,10.08,30.62,55.44,97.41,160.69,393.03,778.73,0.55,30.38,84.96,126.47,1,1,1,1
SMP_000099,25.12906,92.97418,2024-07-05T12:00:00Z,0.5019,0.0,3.68,7.85,26.04,53.69,154.21,311.27,0.359,1.54,24.91,51.05,0,0,0,0
SMP_000353,25.91,91.4,2024-07-01T12:00:00Z,0.1133,8.57,22.72,41.47,70.6,129.8,302.67,582.82,0.493,23.8,56.95,114.05,0,1,1,1
SMP_000353,25.91,91.4,2024-07-02T12:00:00Z,0.1133,12.22,32.4,60.9,100.1,159.15,386.89,725.44,0.55,33.14,88.09,136.72,1,1,1,1
SMP_000353,25.91,91.4,2024-07-03T12:00:00Z,0.1133,8.46,22.59,47.35,90.12,148.78,354.36,663.21,0.547,21.44,81.03,129.32,0,1,1,1
SMP_000353,25.91,91.4,2024-07-04T12:00:00Z,0.1133,0.0,1.44,2.92,19.45,49.39,143.29,337.06,0.318,2.62,21.31,51.08,0,0,0,0
SMP_000353,25.91,91.4,2024-07-05T12:00:00Z,0.1133,0.0,4.38,11.44,22.79,48.93,122.86,300.83,0.283,6.82,21.14,51.65,0,0,0,0
SMP_000530,26.57436,93.10647,2024-07-01T12:00:00Z,0.4455,12.42,33.02,66.61,118.8,187.53,432.43,807.68,0.55,31.81,100.66,140.28,1,1,1,1
SMP_000530,26.57436,93.10647,2024-07-02T12:00:00Z,0.4455,9.81,26.89,54.26,90.99,143.15,359.39,702.67,0.536,22.63,84.54,105.47,1,1,1,1
SMP_000530,26.57436,93.10647,2024-07-03T12:00:00Z,0.4455,1.25,3.73,7.45,25.85,51.68,127.2,287.57,0.336,5.81,23.75,42.16,0,0,0,0
SMP_000530,26.57436,93.10647,2024-07-04T12:00:00Z,0.4455,0.0,1.34,11.87,30.73,61.19,182.4,388.69,0.363,-0.67,33.42,40.51,0,0,0,0
SMP_000530,26.57436,93.10647,2024-07-05T12:00:00Z,0.4455,0.0,2.64,10.26,22.61,51.98,139.25,291.8,0.312,1.95,16.59,54.28,0,0,0,0
SMP_001330,24.24561790709143,93.13240249740959,2024-07-01T12:00:00Z,0.6876,0.0,4.2,14.72,37.01,68.24,168.3,358.1,0.361,3.83,34.48,53.46,0,0,1,1
SMP_001330,24.24561790709143,93.13240249740959,2024-07-02T12:00:00Z,0.6876,0.0,4.69,9.76,17.62,43.71,146.01,324.15,0.349,4.97,21.24,33.93,0,0,0,1
SMP_001330,24.24561790709143,93.13240249740959,2024-07-03T12:00:00Z,0.6876,9.77,29.82,58.11,99.06,157.78,365.95,731.76,0.55,25.92,85.45,136.49,1,1,1,1
SMP_001330,24.24561790709143,93.13240249740959,2024-07-04T12:00:00Z,0.6876,14.91,40.77,78.19,139.9,218.51,494.75,934.35,0.55,39.24,126.62,183.07,1,1,1,1
SMP_001330,24.24561790709143,93.13240249740959,2024-07-05T12:00:00Z,0.6876,11.01,31.71,63.71,111.0,173.21,421.62,825.93,0.55,31.75,101.49,151.51,1,1,1,1
SMP_000792,25.245448,93.003937,2024-07-01T12:00:00Z,0.3267,1.48,4.96,10.31,21.16,40.58,101.59,226.52,0.263,2.86,16.97,44.41,0,0,0,0
SMP_000792,25.245448,93.003937,2024-07-02T12:00:00Z,0.3267,10.43,28.31,53.71,88.34,146.37,332.47,655.03,0.501,28.34,78.07,110.14,1,1,1,1
SMP_000792,25.245448,93.003937,2024-07-03T12:00:00Z,0.3267,13.05,35.32,65.39,112.39,193.45,439.09,816.32,0.55,30.08,100.34,154.75,1,1,1,1
SMP_000792,25.245448,93.003937,2024-07-04T12:00:00Z,0.3267,7.75,22.5,50.23,88.72,150.72,366.45,718.95,0.529,19.37,82.82,121.63,1,1,1,1
SMP_000792,25.245448,93.003937,2024-07-05T12:00:00Z,0.3267,0.0,1.79,4.63,16.3,33.63,118.74,252.84,0.294,2.68,9.88,37.01,0,0,0,0
SMP_000756,26.164056,91.728278,2024-07-01T12:00:00Z,0.4009,10.6,28.34,52.87,97.4,153.9,375.65,727.63,0.55,28.62,84.85,125.61,1,1,1,1
SMP_000756,26.164056,91.728278,2024-07-02T12:00:00Z,0.4009,11.94,34.97,69.58,124.26,201.08,463.21,866.25,0.55,32.18,105.36,155.65,1,1,1,1
SMP_000756,26.164056,91.728278,2024-07-03T12:00:00Z,0.4009,6.03,18.57,35.93,69.37,112.1,281.3,570.58,0.483,19.62,57.15,101.87,0,1,1,1
SMP_000756,26.164056,91.728278,2024-07-04T12:00:00Z,0.4009,0.0,4.71,17.13,35.9,67.26,182.03,375.0,0.367,4.04,37.41,44.11,0,0,0,0
SMP_000756,26.164056,91.728278,2024-07-05T12:00:00Z,0.4009,0.0,2.65,8.68,20.8,42.18,132.16,273.86,0.332,2.28,20.88,34.85,0,0,0,0
SMP_000672,25.163444,93.023167,2024-07-01T12:00:00Z,0.5897,0.44,4.5,9.91,23.02,55.81,138.49,272.69,0.322,5.72,16.78,37.34,0,0,0,1
SMP_000672,25.163444,93.023167,2024-07-02T12:00:00Z,0.5897,10.48,30.18,59.78,109.25,179.03,439.88,866.78,0.55,28.2,93.86,146.5,1,1,1,1
SMP_000672,25.163444,93.023167,2024-07-03T12:00:00Z,0.5897,14.17,41.57,81.86,145.45,240.27,556.92,1034.5,0.55,39.35,121.38,195.21,1,1,1,1
SMP_000672,25.163444,93.023167,2024-07-04T12:00:00Z,0.5897,9.26,26.38,52.17,86.26,145.97,359.45,695.26,0.55,26.94,74.17,114.62,1,1,1,1
SMP_000672,25.163444,93.023167,2024-07-05T12:00:00Z,0.5897,0.0,3.37,14.72,38.21,77.12,195.61,431.43,0.382,4.11,35.65,55.03,0,0,1,1
SMP_001163,25.593758706020274,92.58035075763486,2024-07-01T12:00:00Z,0.1639,6.73,19.99,36.92,62.29,108.01,254.99,492.03,0.418,17.91,52.7,77.8,0,0,1,1
SMP_001163,25.593758706020274,92.58035075763486,2024-07-02T12:00:00Z,0.1639,14.41,40.88,74.27,122.11,194.57,444.11,822.9,0.55,37.81,99.11,161.63,1,1,1,1
SMP_001163,25.593758706020274,92.58035075763486,2024-07-03T12:00:00Z,0.1639,13.35,39.4,76.42,126.62,195.67,470.77,880.14,0.55,35.14,114.63,167.42,1,1,1,1
SMP_001163,25.593758706020274,92.58035075763486,2024-07-04T12:00:00Z,0.1639,4.19,12.73,26.65,47.38,78.83,199.8,379.91,0.392,11.46,46.82,55.99,0,0,0,0
SMP_001163,25.593758706020274,92.58035075763486,2024-07-05T12:00:00Z,0.1639,0.0,0.38,9.51,21.85,52.08,147.2,322.27,0.339,2.84,23.78,38.46,0,0,0,0
SMP_000893,25.17657921458555,90.50728251785875,2024-07-01T12:00:00Z,0.1031,0.53,3.45,13.32,29.82,60.26,149.1,313.61,0.349,2.45,32.83,47.6,0,0,0,0
SMP_000893,25.17657921458555,90.50728251785875,2024-07-02T12:00:00Z,0.1031,9.03,24.63,47.33,78.94,135.28,323.43,644.93,0.513,25.18,65.22,115.09,0,1,1,1
SMP_000893,25.17657921458555,90.50728251785875,2024-07-03T12:00:00Z,0.1031,12.06,31.56,62.65,106.46,175.82,413.6,819.24,0.55,27.04,92.03,131.96,1,1,1,1
SMP_000893,25.17657921458555,90.50728251785875,2024-07-04T12:00:00Z,0.1031,7.77,20.9,44.21,75.17,126.33,308.38,602.56,0.476,22.22,64.19,98.35,0,0,1,1
SMP_000893,25.17657921458555,90.50728251785875,2024-07-05T12:00:00Z,0.1031,0.0,0.34,3.01,12.83,40.1,125.02,268.73,0.324,2.6,8.72,33.14,0,0,0,0
SMP_001189,26.438753281656595,91.7508197756863,2024-07-01T12:00:00Z,0.1156,11.8,35.37,66.67,121.28,188.75,462.96,907.93,0.55,35.0,105.7,157.85,1,1,1,1
SMP_001189,26.438753281656595,91.7508197756863,2024-07-02T12:00:00Z,0.1156,10.52,28.33,56.77,94.35,155.27,372.16,710.53,0.55,24.81,83.51,126.12,0,1,1,1
SMP_001189,26.438753281656595,91.7508197756863,2024-07-03T12:00:00Z,0.1156,2.85,11.9,24.83,45.57,83.83,212.28,419.77,0.406,13.01,41.99,63.6,0,0,0,0
SMP_001189,26.438753281656595,91.7508197756863,2024-07-04T12:00:00Z,0.1156,0.0,1.38,8.39,23.98,43.68,137.24,281.81,0.313,3.88,28.25,25.26,0,0,0,0
SMP_001189,26.438753281656595,91.7508197756863,2024-07-05T12:00:00Z,0.1156,0.0,3.07,11.83,30.66,56.38,154.51,323.5,0.358,1.7,28.66,45.94,0,0,0,0
SMP_001326,24.096414548483335,93.36513892313098,2024-07-01T12:00:00Z,0.4379,0.0,2.03,11.78,26.44,64.65,163.3,323.94,0.34,5.09,17.68,53.41,0,0,0,0
SMP_001326,24.096414548483335,93.36513892313098,2024-07-02T12:00:00Z,0.4379,0.0,0.86,9.47,22.55,44.56,129.22,256.85,0.294,0.59,23.66,46.07,0,0,0,0
SMP_001326,24.096414548483335,93.36513892313098,2024-07-03T12:00:00Z,0.4379,8.03,23.53,51.09,96.22,160.83,392.58,785.86,0.55,24.88,89.1,128.72,1,1,1,1
SMP_001326,24.096414548483335,93.36513892313098,2024-07-04T12:00:00Z,0.4379,14.71,40.57,76.26,134.4,206.85,466.14,872.2,0.55,35.59,118.62,155.91,1,1,1,1
SMP_001326,24.096414548483335,93.36513892313098,2024-07-05T12:00:00Z,0.4379,12.46,37.25,76.56,136.72,219.68,524.18,1013.33,0.55,31.79,122.23,190.32,1,1,1,1
SMP_001620,25.432549714141246,93.87332444279214,2024-07-01T12:00:00Z,0.3918,5.63,18.61,35.25,67.27,119.15,308.61,578.76,0.479,18.36,57.19,96.18,0,1,1,1
SMP_001620,25.432549714141246,93.87332444279214,2024-07-02T12:00:00Z,0.3918,17.0,47.48,86.31,140.54,222.79,523.67,989.24,0.55,45.61,117.81,183.86,1,1,1,1
SMP_001620,25.432549714141246,93.87332444279214,2024-07-03T12:00:00Z,0.3918,18.05,48.42,87.7,147.4,228.74,521.02,962.56,0.55,45.49,124.28,183.66,1,1,1,1
SMP_001620,25.432549714141246,93.87332444279214,2024-07-04T12:00:00Z,0.3918,8.16,24.61,51.07,84.36,132.41,303.02,588.74,0.473,22.28,76.25,109.14,0,1,1,1
SMP_001620,25.432549714141246,93.87332444279214,2024-07-05T12:00:00Z,0.3918,0.0,1.21,4.18,19.94,53.0,135.46,311.55,0.326,2.01,16.0,38.07,0,0,0,0
SMP_001055,25.448612746701443,91.90304723665236,2024-07-01T12:00:00Z,0.3217,5.85,17.07,37.4,65.12,122.29,308.03,575.83,0.486,19.04,55.99,96.5,0,1,1,1
SMP_001055,25.448612746701443,91.90304723665236,2024-07-02T12:00:00Z,0.3217,16.92,46.66,88.3,152.35,250.03,578.98,1074.01,0.55,41.27,132.56,208.37,1,1,1,1
SMP_001055,25.448612746701443,91.90304723665236,2024-07-03T12:00:00Z,0.3217,17.72,50.07,94.2,155.87,242.21,555.25,1028.12,0.55,45.65,136.23,190.75,1,1,1,1
SMP_001055,25.448612746701443,91.90304723665236,2024-07-04T12:00:00Z,0.3217,7.78,23.55,45.14,77.61,125.8,323.79,621.19,0.534,23.95,72.93,100.84,0,1,1,1
SMP_001055,25.448612746701443,91.90304723665236,2024-07-05T12:00:00Z,0.3217,0.0,0.05,3.21,19.91,51.37,140.14,284.18,0.301,1.07,15.28,41.56,0,0,0,0
SMP_000722,26.154778,91.774111,2024-07-01T12:00:00Z,0.2963,10.57,28.71,54.68,96.61,164.88,376.9,725.78,0.55,29.57,80.62,135.74,1,1,1,1
SMP_000722,26.154778,91.774111,2024-07-02T12:00:00Z,0.2963,12.0,35.52,73.69,127.41,204.21,491.11,942.82,0.55,30.02,113.56,177.6,1,1,1,1
SMP_000722,26.154778,91.774111,2024-07-03T12:00:00Z,0.2963,6.15,19.83,37.25,66.53,108.82,263.27,548.59,0.457,16.79,60.0,80.08,0,0,1,1
SMP_000722,26.154778,91.774111,2024-07-04T12:00:00Z,0.2963,0.0,1.96,8.51,18.06,36.93,126.26,288.32,0.333,4.99,12.88,38.83,0,0,0,0
SMP_000722,26.154778,91.774111,2024-07-05T12:00:00Z,0.2963,0.0,4.71,18.13,35.1,65.45,167.41,335.55,0.344,6.5,37.57,53.8,0,0,0,0
SMP_000588,25.170194,93.007389,2024-07-01T12:00:00Z,0.4508,0.55,4.74,12.1,31.33,54.79,170.14,355.06,0.34,7.25,31.74,54.68,0,0,0,0
SMP_000588,25.170194,93.007389,2024-07-02T12:00:00Z,0.4508,10.98,31.36,57.64,106.63,166.38,388.23,752.03,0.55,32.11,88.24,147.37,1,1,1,1
SMP_000588,25.170194,93.007389,2024-07-03T12:00:00Z,0.4508,14.74,41.12,83.61,136.19,226.7,512.32,947.29,0.55,37.84,121.1,173.27,1,1,1,1
SMP_000588,25.170194,93.007389,2024-07-04T12:00:00Z,0.4508,9.57,25.9,51.16,85.43,147.87,336.3,629.19,0.534,24.15,74.02,128.56,1,1,1,1
SMP_000588,25.170194,93.007389,2024-07-05T12:00:00Z,0.4508,0.0,4.44,13.18,31.8,54.12,130.81,288.92,0.292,3.85,25.54,35.74,0,0,0,0
SMP_001146,22.907033830340037,92.78131507909767,2024-07-01T12:00:00Z,0.3274,0.0,4.18,8.52,24.86,55.19,143.7,304.38,0.334,5.44,22.2,58.42,0,0,0,0
SMP_001146,22.907033830340037,92.78131507909767,2024-07-02T12:00:00Z,0.3274,0.0,3.41,11.7,31.12,71.08,175.66,383.49,0.351,6.17,33.69,55.74,0,0,0,0
SMP_001146,22.907033830340037,92.78131507909767,2024-07-03T12:00:00Z,0.3274,0.0,2.75,5.97,15.63,43.82,121.16,246.82,0.326,2.71,8.87,41.04,0,0,0,0
SMP_001146,22.907033830340037,92.78131507909767,2024-07-04T12:00:00Z,0.3274,2.39,6.33,13.23,24.24,49.22,152.68,337.88,0.357,4.73,26.02,42.84,0,0,0,0
SMP_001146,22.907033830340037,92.78131507909767,2024-07-05T12:00:00Z,0.3274,11.42,31.78,65.58,114.47,183.93,416.4,793.8,0.55,28.58,100.86,140.38,1,1,1,1
SMP_000405,26.077844,92.035022,2024-07-01T12:00:00Z,0.1263,10.44,29.87,57.35,101.27,175.32,406.36,760.45,0.55,26.66,86.61,136.89,1,1,1,1
SMP_000405,26.077844,92.035022,2024-07-02T12:00:00Z,0.1263,12.68,33.15,64.26,113.58,182.67,447.6,850.51,0.55,33.33,94.81,152.75,1,1,1,1
SMP_000405,26.077844,92.035022,2024-07-03T12:00:00Z,0.1263,7.23,19.93,37.5,65.56,121.08,281.97,528.84,0.465,17.66,55.48,102.11,0,0,1,1
SMP_000405,26.077844,92.035022,2024-07-04T12:00:00Z,0.1263,0.0,0.25,6.56,18.07,36.05,101.85,249.31,0.3,-1.1,11.46,40.06,0,0,0,0
SMP_000405,26.077844,92.035022,2024-07-05T12:00:00Z,0.1263,0.0,4.73,15.63,34.35,64.89,171.26,348.29,0.371,7.22,26.08,47.66,0,0,0,0
SMP_000767,25.1644,92.994643,2024-07-01T12:00:00Z,0.472,0.44,4.85,16.03,32.84,67.16,189.28,404.06,0.355,5.25,26.79,61.44,0,0,0,1
SMP_000767,25.1644,92.994643,2024-07-02T12:00:00Z,0.472,10.31,30.42,64.52,108.57,171.76,396.09,776.48,0.55,27.1,87.93,127.79,1,1,1,1
SMP_000767,25.1644,92.994643,2024-07-03T12:00:00Z,0.472,13.92,39.02,72.58,121.14,190.07,448.86,864.74,0.55,38.6,101.52,152.94,1,1,1,1
SMP_000767,25.1644,92.994643,2024-07-04T12:00:00Z,0.472,9.09,24.54,53.61,92.25,147.97,345.68,678.66,0.534,22.34,73.76,127.15,1,1,1,1
SMP_000767,25.1644,92.994643,2024-07-05T12:00:00Z,0.472,0.0,2.88,14.02,26.26,51.84,149.47,341.44,0.333,3.79,24.19,47.37,0,0,0,0
SMP_000324,25.82769,92.55658,2024-07-01T12:00:00Z,0.1925,8.89,27.3,53.76,88.55,148.99,375.75,744.31,0.55,26.2,82.09,124.13,1,1,1,1
SMP_000324,25.82769,92.55658,2024-07-02T12:00:00Z,0.1925,13.85,39.19,73.8,132.44,205.5,497.29,920.33,0.55,36.79,108.77,168.81,1,1,1,1
SMP_000324,25.82769,92.55658,2024-07-03T12:00:00Z,0.1925,10.4,28.67,60.7,108.06,168.36,384.44,743.44,0.55,23.83,87.26,127.53,1,1,1,1
SMP_000324,25.82769,92.55658,2024-07-04T12:00:00Z,0.1925,0.65,2.13,11.5,29.48,58.55,171.88,352.72,0.353,2.27,29.47,61.59,0,0,0,0
SMP_000324,25.82769,92.55658,2024-07-05T12:00:00Z,0.1925,0.0,5.0,13.92,36.06,74.68,197.43,392.46,0.372,7.51,29.05,72.33,0,0,0,0
SMP_000915,25.243626655743775,93.16627064102346,2024-07-01T12:00:00Z,0.3524,1.54,4.69,15.21,36.93,61.45,155.92,333.91,0.358,5.23,35.97,52.94,0,0,0,0
SMP_000915,25.243626655743775,93.16627064102346,2024-07-02T12:00:00Z,0.3524,10.98,29.86,59.43,98.92,167.17,400.76,799.42,0.55,30.83,79.91,132.98,1,1,1,1
SMP_000915,25.243626655743775,93.16627064102346,2024-07-03T12:00:00Z,0.3524,13.76,37.75,74.05,123.9,202.92,474.31,924.98,0.55,36.76,111.04,174.65,1,1,1,1
SMP_000915,25.243626655743775,93.16627064102346,2024-07-04T12:00:00Z,0.3524,8.2,21.71,48.55,84.98,137.23,326.03,663.79,0.515,19.4,72.08,112.33,0,1,1,1
SMP_000915,25.243626655743775,93.16627064102346,2024-07-05T12:00:00Z,0.3524,0.0,4.14,14.22,29.47,63.39,172.61,368.94,0.341,3.93,32.24,42.53,0,0,0,0
SMP_001582,26.03214364456022,89.98397961505083,2024-07-01T12:00:00Z,0.1066,9.48,26.12,54.24,88.97,148.72,343.4,648.15,0.534,26.55,80.98,114.78,0,1,1,1
SMP_001582,26.03214364456022,89.98397961505083,2024-07-02T12:00:00Z,0.1066,12.01,33.14,60.12,105.8,172.38,405.18,773.33,0.55,32.95,95.04,132.23,1,1,1,1
SMP_001582,26.03214364456022,89.98397961505083,2024-07-03T12:00:00Z,0.1066,7.25,21.36,44.92,81.82,137.88,334.74,681.26,0.524,19.07,69.62,100.55,0,1,1,1
SMP_001582,26.03214364456022,89.98397961505083,2024-07-04T12:00:00Z,0.1066,0.0,4.76,17.77,31.44,65.08,173.49,347.91,0.358,6.49,28.27,59.18,0,0,0,0
SMP_001582,26.03214364456022,89.98397961505083,2024-07-05T12:00:00Z,0.1066,0.0,0.63,3.34,14.7,39.8,106.03,269.02,0.303,-0.91,8.16,36.52,0,0,0,0
SMP_001232,26.775568930517935,94.5617966150177,2024-07-01T12:00:00Z,0.1074,12.4,37.16,73.12,122.3,197.03,480.68,908.03,0.55,35.49,110.38,151.59,1,1,1,1
SMP_001232,26.775568930517935,94.5617966150177,2024-07-02T12:00:00Z,0.1074,8.0,25.13,52.25,92.97,160.01,378.48,713.43,0.55,20.73,83.19,129.6,1,1,1,1
SMP_001232,26.775568930517935,94.5617966150177,2024-07-03T12:00:00Z,0.1074,0.0,3.34,10.22,30.99,60.33,181.79,375.22,0.38,5.21,32.62,52.05,0,0,0,0
SMP_001232,26.775568930517935,94.5617966150177,2024-07-04T12:00:00Z,0.1074,0.0,0.42,8.28,19.44,49.84,135.94,277.55,0.31,-0.87,16.48,39.69,0,0,0,0
SMP_001232,26.775568930517935,94.5617966150177,2024-07-05T12:00:00Z,0.1074,0.0,3.86,12.01,33.39,56.06,169.63,378.24,0.349,2.48,25.22,44.46,0,0,0,0
SMP_001358,25.38237750348674,90.15665476805407,2024-07-01T12:00:00Z,0.2301,3.11,9.59,17.84,33.76,58.4,176.19,350.03,0.356,7.07,26.3,47.99,0,0,0,0
SMP_001358,25.38237750348674,90.15665476805407,2024-07-02T12:00:00Z,0.2301,10.91,29.88,55.04,99.05,170.15,417.47,825.53,0.55,26.29,80.63,147.9,1,1,1,1
SMP_001358,25.38237750348674,90.15665476805407,2024-07-03T12:00:00Z,0.2301,12.1,32.91,59.67,110.02,186.27,433.53,833.76,0.55,31.73,94.14,157.41,1,1,1,1
SMP_001358,25.38237750348674,90.15665476805407,2024-07-04T12:00:00Z,0.2301,5.94,15.76,30.44,63.02,104.0,268.5,553.95,0.46,17.46,57.42,96.49,0,0,1,1
SMP_001358,25.38237750348674,90.15665476805407,2024-07-05T12:00:00Z,0.2301,0.0,4.77,17.61,30.48,60.25,175.73,346.4,0.358,6.59,21.82,55.27,0,0,0,0
SMP_001304,25.79855410184372,93.88777487948946,2024-07-01T12:00:00Z,0.1083,8.25,25.99,51.06,94.11,155.25,388.63,777.44,0.55,21.76,85.09,134.93,1,1,1,1
SMP_001304,25.79855410184372,93.88777487948946,2024-07-02T12:00:00Z,0.1083,13.27,35.95,67.65,118.45,182.92,423.13,812.51,0.55,34.61,98.64,146.12,1,1,1,1
SMP_001304,25.79855410184372,93.88777487948946,2024-07-03T12:00:00Z,0.1083,10.25,27.93,52.06,86.97,150.0,342.99,665.72,0.521,28.56,71.44,115.85,0,1,1,1
SMP_001304,25.79855410184372,93.88777487948946,2024-07-04T12:00:00Z,0.1083,1.01,2.83,5.81,12.66,31.18,105.15,250.17,0.3,0.65,9.83,37.23,0,0,0,0
SMP_001304,25.79855410184372,93.88777487948946,2024-07-05T12:00:00Z,0.1083,0.0,1.14,11.13,28.93,66.75,166.91,356.14,0.338,-0.4,19.63,52.26,0,0,0,0
SMP_001271,22.68632811576551,92.88056872630249,2024-07-01T12:00:00Z,0.3274,0.0,0.67,8.76,17.29,37.78,106.5,262.52,0.313,1.67,17.2,34.7,0,0,0,0
SMP_001271,22.68632811576551,92.88056872630249,2024-07-02T12:00:00Z,0.3274,0.0,3.98,13.05,22.91,55.16,156.4,307.63,0.331,1.71,27.36,44.84,0,0,0,0
SMP_001271,22.68632811576551,92.88056872630249,2024-07-03T12:00:00Z,0.3274,0.0,2.07,11.27,28.56,52.76,135.59,313.41,0.326,3.6,19.66,56.4,0,0,0,0
SMP_001271,22.68632811576551,92.88056872630249,2024-07-04T12:00:00Z,0.3274,0.0,4.07,8.05,23.94,56.65,174.41,368.26,0.351,7.05,23.67,38.54,0,0,0,0
SMP_001271,22.68632811576551,92.88056872630249,2024-07-05T12:00:00Z,0.3274,9.44,26.37,48.92,87.94,140.06,325.31,651.33,0.511,26.87,77.64,112.76,0,1,1,1
SMP_000576,24.58585,92.70274,2024-07-01T12:00:00Z,0.142,0.0,3.78,10.89,32.16,61.86,163.25,366.01,0.354,2.94,34.09,55.52,0,0,0,0
SMP_000576,24.58585,92.70274,2024-07-02T12:00:00Z,0.142,3.05,10.17,19.39,42.48,88.55,230.63,493.47,0.416,10.2,38.72,67.24,0,0,0,0
SMP_000576,24.58585,92.70274,2024-07-03T12:00:00Z,0.142,10.6,32.33,61.88,104.01,172.77,427.18,817.2,0.55,28.38,83.69,152.97,1,1,1,1
SMP_000576,24.58585,92.70274,2024-07-04T12:00:00Z,0.142,11.71,31.33,59.46,100.27,165.88,389.09,775.32,0.55,27.13,83.09,136.06,1,1,1,1
SMP_000576,24.58585,92.70274,2024-07-05T12:00:00Z,0.142,5.72,18.64,42.18,79.64,130.67,334.95,658.86,0.531,20.72,75.5,107.33,0,1,1,1
SMP_001277,26.486008730783865,93.88192689689356,2024-07-01T12:00:00Z,0.1136,12.12,35.76,66.54,110.68,178.07,409.29,783.64,0.55,35.66,100.4,149.58,1,1,1,1
SMP_001277,26.486008730783865,93.88192689689356,2024-07-02T12:00:00Z,0.1136,10.37,27.79,58.61,104.37,163.25,397.25,756.25,0.55,28.74,84.91,136.24,1,1,1,1
SMP_001277,26.486008730783865,93.88192689689356,2024-07-03T12:00:00Z,0.1136,2.32,9.18,24.59,50.35,88.3,229.59,467.43,0.393,7.57,50.77,71.5,0,0,0,0
SMP_001277,26.486008730783865,93.88192689689356,2024-07-04T12:00:00Z,0.1136,0.0,2.42,4.4,21.59,41.14,134.02,265.14,0.325,5.31,24.46,27.55,0,0,0,0
SMP_001277,26.486008730783865,93.88192689689356,2024-07-05T12:00:00Z,0.1136,0.0,4.82,11.03,27.39,54.86,163.01,341.7,0.349,7.58,30.8,41.8,0,0,0,0
SMP_000237,25.40837,92.82826,2024-07-01T12:00:00Z,0.2484,4.24,11.28,28.16,50.39,91.8,249.16,479.16,0.423,10.33,44.45,80.4,0,0,0,1
SMP_000237,25.40837,92.82826,2024-07-02T12:00:00Z,0.2484,13.71,38.44,77.04,134.7,222.64,501.04,934.58,0.55,33.67,120.36,169.78,1,1,1,1
SMP_000237,25.40837,92.82826,2024-07-03T12:00:00Z,0.2484,14.86,38.87,79.6,131.15,214.82,499.24,940.93,0.55,35.91,112.55,163.31,1,1,1,1
SMP_000237,25.40837,92.82826,2024-07-04T12:00:00Z,0.2484,7.0,21.68,47.41,81.98,135.64,339.44,641.99,0.514,20.42,66.88,115.47,0,1,1,1
SMP_000237,25.40837,92.82826,2024-07-05T12:00:00Z,0.2484,0.0,0.05,8.36,27.97,54.94,143.05,282.32,0.338,1.79,30.56,34.93,0,0,0,0
SMP_000049,25.041083,92.783111,2024-07-01T12:00:00Z,0.5526,0.0,1.42,3.75,16.94,32.35,115.16,243.28,0.28,0.94,14.05,34.23,0,0,0,0
SMP_000049,25.041083,92.783111,2024-07-02T12:00:00Z,0.5526,8.11,24.04,47.71,84.56,133.45,327.24,625.08,0.515,22.04,74.8,121.03,1,1,1,1
SMP_000049,25.041083,92.783111,2024-07-03T12:00:00Z,0.5526,12.44,34.92,63.37,103.44,172.38,391.71,729.8,0.55,32.12,83.44,133.3,1,1,1,1
SMP_000049,25.041083,92.783111,2024-07-04T12:00:00Z,0.5526,9.23,26.39,57.28,105.39,179.22,429.84,822.49,0.55,23.67,93.49,144.96,1,1,1,1
SMP_000049,25.041083,92.783111,2024-07-05T12:00:00Z,0.5526,0.41,2.82,15.06,33.68,62.79,154.94,345.92,0.361,5.03,34.02,64.04,0,0,0,1
SMP_001140,25.918793601766367,93.38091586427953,2024-07-01T12:00:00Z,0.1503,8.98,23.85,52.14,85.83,134.09,319.36,607.79,0.525,19.76,71.35,118.85,0,1,1,1
SMP_001140,25.918793601766367,93.38091586427953,2024-07-02T12:00:00Z,0.1503,12.69,36.18,74.07,121.56,191.3,469.2,909.81,0.55,31.39,107.73,159.84,1,1,1,1
SMP_001140,25.918793601766367,93.38091586427953,2024-07-03T12:00:00Z,0.1503,8.71,25.91,49.85,83.73,149.72,376.24,725.27,0.55,24.19,76.47,134.04,0,1,1,1
SMP_001140,25.918793601766367,93.38091586427953,2024-07-04T12:00:00Z,0.1503,0.0,2.55,13.66,35.62,63.39,166.72,339.94,0.339,4.33,33.14,63.14,0,0,0,0
SMP_001140,25.918793601766367,93.38091586427953,2024-07-05T12:00:00Z,0.1503,0.0,3.89,9.41,23.9,58.21,166.91,332.32,0.346,1.67,26.48,56.49,0,0,0,0
SMP_001229,25.585450152823118,91.74500882685854,2024-07-01T12:00:00Z,0.1306,8.23,22.07,43.39,83.78,140.95,330.51,617.57,0.512,23.21,72.07,123.69,0,1,1,1
SMP_001229,25.585450152823118,91.74500882685854,2024-07-02T12:00:00Z,0.1306,17.86,50.63,96.58,158.0,258.42,581.87,1121.5,0.55,45.04,129.79,218.71,1,1,1,1
SMP_001229,25.585450152823118,91.74500882685854,2024-07-03T12:00:00Z,0.1306,16.67,44.0,82.8,145.56,235.98,530.23,978.41,0.55,40.42,125.08,183.78,1,1,1,1
SMP_001229,25.585450152823118,91.74500882685854,2024-07-04T12:00:00Z,0.1306,5.36,14.26,27.19,47.66,89.09,238.87,478.57,0.448,11.4,38.61,85.64,0,0,0,1
SMP_001229,25.585450152823118,91.74500882685854,2024-07-05T12:00:00Z,0.1306,0.0,3.6,12.57,33.1,74.55,175.27,386.06,0.383,5.43,35.57,71.02,0,0,0,0
SMP_000765,25.283672,93.301012,2024-07-01T12:00:00Z,0.2424,2.2,8.52,23.28,44.72,88.33,204.62,426.07,0.404,9.09,41.3,74.73,0,0,0,1
SMP_000765,25.283672,93.301012,2024-07-02T12:00:00Z,0.2424,11.89,35.0,71.76,123.78,195.83,450.08,844.18,0.55,30.34,104.28,150.15,1,1,1,1
SMP_000765,25.283672,93.301012,2024-07-03T12:00:00Z,0.2424,14.37,41.88,81.69,136.18,229.13,545.96,1039.09,0.55,41.09,115.48,189.39,1,1,1,1
SMP_000765,25.283672,93.301012,2024-07-04T12:00:00Z,0.2424,8.14,25.0,45.04,82.93,145.34,338.28,652.32,0.524,25.46,70.5,110.29,0,1,1,1
SMP_000765,25.283672,93.301012,2024-07-05T12:00:00Z,0.2424,0.0,4.39,13.22,29.71,67.55,165.01,349.76,0.331,7.21,33.06,68.96,0,0,0,0
SMP_000414,26.101333,92.440556,2024-07-01T12:00:00Z,0.1841,10.96,30.88,64.12,110.08,186.64,429.64,831.85,0.55,26.15,100.99,160.36,1,1,1,1
SMP_000414,26.101333,92.440556,2024-07-02T12:00:00Z,0.1841,13.04,37.76,74.6,131.53,218.09,519.83,984.58,0.55,35.38,119.14,177.82,1,1,1,1
SMP_000414,26.101333,92.440556,2024-07-03T12:00:00Z,0.1841,7.21,22.08,47.31,81.81,147.21,350.28,654.92,0.546,23.52,71.53,109.24,0,1,1,1
SMP_000414,26.101333,92.440556,2024-07-04T12:00:00Z,0.1841,0.0,3.3,15.49,33.4,59.03,152.53,333.03,0.323,3.85,34.03,42.42,0,0,0,0
SMP_000414,26.101333,92.440556,2024-07-05T12:00:00Z,0.1841,0.0,4.12,8.75,21.53,54.49,139.68,290.57,0.313,3.72,16.04,46.37,0,0,0,0
SMP_000727,26.112667,91.853889,2024-07-01T12:00:00Z,0.3658,10.64,31.78,65.94,113.82,192.01,454.38,850.09,0.55,26.63,97.88,145.7,1,1,1,1
SMP_000727,26.112667,91.853889,2024-07-02T12:00:00Z,0.3658,12.54,36.32,66.45,118.4,192.26,465.72,914.86,0.55,33.37,100.4,157.67,1,1,1,1
SMP_000727,26.112667,91.853889,2024-07-03T12:00:00Z,0.3658,6.83,21.0,41.35,75.18,135.98,338.45,630.13,0.534,20.21,64.71,113.56,1,1,1,1
SMP_000727,26.112667,91.853889,2024-07-04T12:00:00Z,0.3658,0.0,0.2,3.74,17.91,50.44,122.46,267.05,0.326,3.98,21.93,31.36,0,0,0,0
SMP_000727,26.112667,91.853889,2024-07-05T12:00:00Z,0.3658,0.0,4.2,10.09,26.16,54.7,167.93,326.92,0.367,7.67,24.76,47.83,0,0,0,0
SMP_001629,26.199064417452703,91.14388114281462,2024-07-01T12:00:00Z,0.11,10.65,28.25,52.63,91.08,160.59,402.29,762.54,0.55,24.28,83.59,130.8,1,1,1,1
SMP_001629,26.199064417452703,91.14388114281462,2024-07-02T12:00:00Z,0.11,11.64,35.0,64.58,105.63,178.95,409.43,808.76,0.55,33.35,85.67,134.13,1,1,1,1
SMP_001629,26.199064417452703,91.14388114281462,2024-07-03T12:00:00Z,0.11,5.57,15.1,33.67,59.73,99.72,259.48,517.6,0.422,12.7,56.04,83.44,0,0,0,1
SMP_001629,26.199064417452703,91.14388114281462,2024-07-04T12:00:00Z,0.11,0.0,2.36,8.43,26.85,51.7,127.35,260.0,0.302,4.5,27.21,53.33,0,0,0,0
SMP_001629,26.199064417452703,91.14388114281462,2024-07-05T12:00:00Z,0.11,0.0,0.63,1.33,15.84,46.81,146.06,308.14,0.31,0.41,10.23,27.97,0,0,0,0
SMP_000398,26.061,90.605,2024-07-01T12:00:00Z,0.1758,9.79,27.55,52.76,86.96,139.71,347.15,688.68,0.541,28.16,76.9,119.22,0,1,1,1
SMP_000398,26.061,90.605,2024-07-02T12:00:00Z,0.1758,12.08,36.23,74.81,125.82,197.31,464.23,886.82,0.55,31.46,112.65,157.54,1,1,1,1
SMP_000398,26.061,90.605,2024-07-03T12:00:00Z,0.1758,7.04,22.25,46.83,87.8,149.14,341.38,666.67,0.52,18.79,77.76,122.95,0,1,1,1
SMP_000398,26.061,90.605,2024-07-04T12:00:00Z,0.1758,0.0,2.63,14.58,28.22,48.52,142.49,327.01,0.346,3.15,29.28,47.82,0,0,0,0
SMP_000398,26.061,90.605,2024-07-05T12:00:00Z,0.1758,0.0,0.6,7.26,16.06,30.93,117.38,241.71,0.322,1.39,10.6,20.69,0,0,0,0
SMP_001074,25.357209234478017,92.92651404555046,2024-07-01T12:00:00Z,0.157,3.03,8.58,24.19,47.76,85.08,227.95,461.73,0.399,6.91,38.19,80.58,0,0,0,0
SMP_001074,25.357209234478017,92.92651404555046,2024-07-02T12:00:00Z,0.157,11.62,32.34,66.18,119.55,189.72,455.4,864.6,0.55,31.93,107.78,161.81,1,1,1,1
SMP_001074,25.357209234478017,92.92651404555046,2024-07-03T12:00:00Z,0.157,13.16,37.39,74.3,123.12,190.89,462.66,894.09,0.55,35.98,101.22,154.32,1,1,1,1
SMP_001074,25.357209234478017,92.92651404555046,2024-07-04T12:00:00Z,0.157,6.72,20.0,41.38,80.97,132.01,304.77,588.59,0.493,18.56,70.43,118.22,0,1,1,1
SMP_001074,25.357209234478017,92.92651404555046,2024-07-05T12:00:00Z,0.157,0.0,4.97,12.55,29.66,66.76,160.43,315.85,0.329,5.06,20.27,48.08,0,0,0,0
SMP_000841,26.78441667799842,90.47857898689361,2024-07-01T12:00:00Z,0.1053,12.54,35.41,72.33,121.18,204.55,461.95,904.62,0.55,33.4,103.99,165.21,1,1,1,1
SMP_000841,26.78441667799842,90.47857898689361,2024-07-02T12:00:00Z,0.1053,8.01,21.94,47.82,86.33,139.41,355.62,674.5,0.517,20.61,76.33,102.57,0,1,1,1
SMP_000841,26.78441667799842,90.47857898689361,2024-07-03T12:00:00Z,0.1053,0.0,1.52,6.45,21.34,52.36,131.68,283.78,0.313,0.25,21.11,40.38,0,0,0,0
SMP_000841,26.78441667799842,90.47857898689361,2024-07-04T12:00:00Z,0.1053,0.0,2.22,12.29,30.33,50.53,144.84,304.78,0.34,5.8,27.25,46.53,0,0,0,0
SMP_000841,26.78441667799842,90.47857898689361,2024-07-05T12:00:00Z,0.1053,0.0,0.7,2.4,15.31,28.76,95.45,200.87,0.276,4.62,18.35,27.29,0,0,0,0
SMP_000832,25.485810795230844,94.18869796277757,2024-07-01T12:00:00Z,0.2276,6.12,19.45,41.06,79.27,137.16,329.62,666.43,0.493,19.73,69.41,105.94,0,1,1,1
SMP_000832,25.485810795230844,94.18869796277757,2024-07-02T12:00:00Z,0.2276,16.18,45.67,82.25,140.03,221.81,505.82,989.22,0.55,39.44,120.08,176.53,1,1,1,1
SMP_000832,25.485810795230844,94.18869796277757,2024-07-03T12:00:00Z,0.2276,16.43,42.75,80.81,135.63,213.26,508.77,985.55,0.55,39.78,120.85,166.97,1,1,1,1
SMP_000832,25.485810795230844,94.18869796277757,2024-07-04T12:00:00Z,0.2276,6.71,18.97,38.75,67.36,118.77,274.12,536.63,0.454,20.44,63.13,104.65,0,0,1,1
SMP_000832,25.485810795230844,94.18869796277757,2024-07-05T12:00:00Z,0.2276,0.0,0.49,3.19,8.08,36.7,101.1,248.04,0.298,1.87,8.59,28.83,0,0,0,0
SMP_000429,26.110056,91.908944,2024-07-01T12:00:00Z,0.1873,10.27,30.76,61.21,100.94,168.17,385.6,745.23,0.55,28.69,86.37,144.96,1,1,1,1
SMP_000429,26.110056,91.908944,2024-07-02T12:00:00Z,0.1873,12.13,35.92,68.04,113.81,195.28,447.56,845.96,0.55,31.73,96.2,159.18,1,1,1,1
SMP_000429,26.110056,91.908944,2024-07-03T12:00:00Z,0.1873,6.63,19.57,37.11,74.02,133.52,337.22,682.21,0.518,21.3,64.73,114.14,0,1,1,1
SMP_000429,26.110056,91.908944,2024-07-04T12:00:00Z,0.1873,0.0,2.37,12.89,35.08,67.65,194.26,393.17,0.375,1.64,28.17,44.88,0,0,0,0
SMP_000429,26.110056,91.908944,2024-07-05T12:00:00Z,0.1873,0.0,1.77,6.91,22.18,38.72,106.01,241.01,0.304,0.89,25.09,44.44,0,0,0,0
SMP_000135,25.156583,93.019611,2024-07-01T12:00:00Z,0.4392,0.35,2.06,9.84,25.65,51.58,140.66,325.3,0.329,4.79,21.28,49.84,0,0,0,0
SMP_000135,25.156583,93.019611,2024-07-02T12:00:00Z,0.4392,10.64,29.02,55.63,95.38,154.65,381.85,762.41,0.55,27.17,85.4,134.57,1,1,1,1
SMP_000135,25.156583,93.019611,2024-07-03T12:00:00Z,0.4392,14.48,41.38,74.92,122.99,198.38,470.14,877.28,0.55,39.81,108.79,173.31,1,1,1,1
SMP_000135,25.156583,93.019611,2024-07-04T12:00:00Z,0.4392,9.54,26.38,52.0,85.88,143.51,336.12,653.72,0.503,22.9,78.34,113.94,1,1,1,1
SMP_000135,25.156583,93.019611,2024-07-05T12:00:00Z,0.4392,0.0,1.55,9.79,24.1,60.82,162.96,356.56,0.35,3.15,25.64,63.09,0,0,0,0
SMP_000636,25.108972,92.928861,2024-07-01T12:00:00Z,0.254,0.0,3.3,12.93,35.32,64.42,180.14,383.24,0.368,0.99,36.4,60.46,0,0,0,0
SMP_000636,25.108972,92.928861,2024-07-02T12:00:00Z,0.254,9.12,25.05,46.72,78.51,132.56,319.54,637.88,0.524,25.0,73.12,113.24,0,1,1,1
SMP_000636,25.108972,92.928861,2024-07-03T12:00:00Z,0.254,13.02,38.13,70.49,122.47,196.77,465.39,892.35,0.55,37.64,99.91,163.9,1,1,1,1
SMP_000636,25.108972,92.928861,2024-07-04T12:00:00Z,0.254,9.02,27.74,51.18,89.7,151.71,381.75,761.86,0.55,28.51,71.63,130.75,1,1,1,1
SMP_000636,25.108972,92.928861,2024-07-05T12:00:00Z,0.254,0.0,3.06,7.63,19.64,51.28,131.1,315.57,0.324,1.33,16.08,54.52,0,0,0,0
SMP_000704,25.92525,92.51031,2024-07-01T12:00:00Z,0.3936,9.57,27.89,54.19,99.23,161.19,383.4,764.0,0.55,26.61,87.53,138.09,1,1,1,1
SMP_000704,25.92525,92.51031,2024-07-02T12:00:00Z,0.3936,13.44,39.56,74.19,124.94,192.75,465.61,895.63,0.55,34.37,112.69,159.32,1,1,1,1
SMP_000704,25.92525,92.51031,2024-07-03T12:00:00Z,0.3936,9.15,26.58,48.99,92.76,152.54,347.64,669.83,0.519,25.35,76.88,130.73,1,1,1,1
SMP_000704,25.92525,92.51031,2024-07-04T12:00:00Z,0.3936,0.0,0.9,6.52,13.82,28.49,84.74,186.14,0.291,4.69,12.83,28.25,0,0,0,0
SMP_000704,25.92525,92.51031,2024-07-05T12:00:00Z,0.3936,0.0,2.59,12.11,33.31,67.16,184.74,363.82,0.359,0.99,25.89,58.56,0,0,0,0
SMP_000482,26.205583,91.963222,2024-07-01T12:00:00Z,0.2121,10.8,28.29,54.71,97.97,156.69,370.37,708.34,0.55,27.46,90.13,120.19,1,1,1,1
SMP_000482,26.205583,91.963222,2024-07-02T12:00:00Z,0.2121,11.73,33.14,63.56,108.66,170.59,398.7,741.03,0.55,28.96,97.44,140.26,1,1,1,1
SMP_000482,26.205583,91.963222,2024-07-03T12:00:00Z,0.2121,5.55,15.13,33.12,55.74,101.7,263.77,506.12,0.453,13.89,44.97,77.06,0,0,1,1
SMP_000482,26.205583,91.963222,2024-07-04T12:00:00Z,0.2121,0.0,2.27,9.62,27.48,52.05,140.0,310.96,0.321,1.23,19.0,43.48,0,0,0,0
SMP_000482,26.205583,91.963222,2024-07-05T12:00:00Z,0.2121,0.0,2.62,7.07,17.68,48.95,144.87,334.1,0.341,0.69,10.95,47.8,0,0,0,0
SMP_000710,25.96403,92.51631,2024-07-01T12:00:00Z,0.5356,9.6,29.73,57.35,101.02,174.31,411.34,779.28,0.55,26.06,93.43,145.99,1,1,1,1
SMP_000710,25.96403,92.51631,2024-07-02T12:00:00Z,0.5356,12.97,36.58,68.57,112.37,184.37,416.77,823.84,0.55,35.67,93.07,159.72,1,1,1,1
SMP_000710,25.96403,92.51631,2024-07-03T12:00:00Z,0.5356,8.47,22.21,40.23,68.62,110.97,267.86,551.36,0.434,21.43,53.94,84.02,0,1,1,1
SMP_000710,25.96403,92.51631,2024-07-04T12:00:00Z,0.5356,0.0,0.75,10.79,22.43,47.16,135.36,300.83,0.337,-0.8,22.34,33.09,0,0,0,0
SMP_000710,25.96403,92.51631,2024-07-05T12:00:00Z,0.5356,0.0,4.56,16.28,35.49,73.42,186.72,414.84,0.393,2.14,27.49,59.29,0,0,1,1
SMP_001621,27.252711704605396,95.61091050781195,2024-07-01T12:00:00Z,0.1618,10.92,29.63,61.24,109.79,171.98,421.35,823.54,0.55,29.55,89.73,151.39,1,1,1,1
SMP_001621,27.252711704605396,95.61091050781195,2024-07-02T12:00:00Z,0.1618,2.81,11.01,25.31,48.48,90.34,223.21,470.66,0.392,12.06,48.31,79.93,0,0,0,0
SMP_001621,27.252711704605396,95.61091050781195,2024-07-03T12:00:00Z,0.1618,0.0,0.84,4.14,19.36,43.3,135.48,286.22,0.318,0.52,16.27,34.81,0,0,0,0
SMP_001621,27.252711704605396,95.61091050781195,2024-07-04T12:00:00Z,0.1618,0.0,4.43,12.84,29.21,57.57,167.15,366.58,0.376,2.2,31.68,51.84,0,0,0,0
SMP_001621,27.252711704605396,95.61091050781195,2024-07-05T12:00:00Z,0.1618,0.0,0.85,2.0,5.31,23.27,83.42,219.56,0.277,-0.3,10.43,31.63,0,0,0,0
SMP_000802,25.872268,91.213965,2024-07-01T12:00:00Z,0.5273,8.76,26.12,53.36,97.19,168.16,410.6,778.17,0.55,27.06,84.84,126.36,1,1,1,1
SMP_000802,25.872268,91.213965,2024-07-02T12:00:00Z,0.5273,12.99,37.39,76.63,133.88,217.08,512.93,971.01,0.55,32.99,110.57,165.53,1,1,1,1
SMP_000802,25.872268,91.213965,2024-07-03T12:00:00Z,0.5273,9.34,28.49,59.83,108.44,180.43,414.43,785.73,0.55,28.26,96.9,154.66,1,1,1,1
SMP_000802,25.872268,91.213965,2024-07-04T12:00:00Z,0.5273,0.03,4.69,10.68,29.42,54.09,148.81,290.43,0.338,7.62,21.18,55.89,0,0,0,0
SMP_000802,25.872268,91.213965,2024-07-05T12:00:00Z,0.5273,0.0,0.35,1.74,11.99,42.4,133.05,279.1,0.295,2.18,5.54,42.05,0,0,0,0
SMP_000073,25.1,93.28,2024-07-01T12:00:00Z,0.3112,0.0,2.62,8.94,27.55,65.05,155.89,306.17,0.319,5.47,29.09,47.64,0,0,0,0
SMP_000073,25.1,93.28,2024-07-02T12:00:00Z,0.3112,10.86,31.05,57.94,105.05,163.84,376.53,716.0,0.55,26.22,86.72,136.37,1,1,1,1
SMP_000073,25.1,93.28,2024-07-03T12:00:00Z,0.3112,15.64,41.39,77.58,126.58,210.8,502.04,941.23,0.55,38.34,104.49,170.64,1,1,1,1
SMP_000073,25.1,93.28,2024-07-04T12:00:00Z,0.3112,10.94,30.62,58.57,99.79,155.31,377.38,735.28,0.543,29.56,88.32,137.83,1,1,1,1
SMP_000073,25.1,93.28,2024-07-05T12:00:00Z,0.3112,0.0,4.26,10.93,26.03,58.25,145.58,305.29,0.329,3.28,21.7,52.8,0,0,0,0
SMP_000109,25.137,93.04,2024-07-01T12:00:00Z,0.3301,0.06,3.71,8.41,24.22,51.24,131.81,305.97,0.336,1.45,27.15,55.89,0,0,0,0
SMP_000109,25.137,93.04,2024-07-02T12:00:00Z,0.3301,10.46,27.87,59.57,109.03,177.01,405.84,757.47,0.55,28.72,91.1,150.84,1,1,1,1
SMP_000109,25.137,93.04,2024-07-03T12:00:00Z,0.3301,14.52,37.9,68.67,114.97,187.81,436.8,818.34,0.55,36.56,100.05,156.16,1,1,1,1
SMP_000109,25.137,93.04,2024-07-04T12:00:00Z,0.3301,9.76,26.62,53.49,95.79,159.54,376.37,722.85,0.55,26.34,82.02,121.57,1,1,1,1
SMP_000109,25.137,93.04,2024-07-05T12:00:00Z,0.3301,0.0,3.49,14.27,27.33,52.24,145.89,303.61,0.321,1.44,23.13,55.12,0,0,0,0
SMP_000451,26.15478,91.77411,2024-07-01T12:00:00Z,0.2963,10.57,31.95,64.87,118.1,187.72,439.82,846.81,0.55,27.32,96.73,161.62,1,1,1,1
SMP_000451,26.15478,91.77411,2024-07-02T12:00:00Z,0.2963,12.0,35.68,66.45,116.81,182.71,412.45,809.33,0.55,30.23,95.47,160.28,1,1,1,1
SMP_000451,26.15478,91.77411,2024-07-03T12:00:00Z,0.2963,6.15,20.11,38.49,66.6,122.93,294.92,574.73,0.46,18.06,55.89,111.59,0,1,1,1
SMP_000451,26.15478,91.77411,2024-07-04T12:00:00Z,0.2963,0.0,2.11,10.75,21.93,43.37,118.31,240.43,0.315,1.6,14.17,42.1,0,0,0,0
SMP_000451,26.15478,91.77411,2024-07-05T12:00:00Z,0.2963,0.0,0.48,2.05,6.84,21.76,95.22,195.16,0.256,2.08,4.16,23.43,0,0,0,0
SMP_000976,26.068582729313093,93.95485839475444,2024-07-01T12:00:00Z,0.1031,10.09,28.41,59.21,106.38,168.11,404.32,805.38,0.55,23.84,86.26,146.09,1,1,1,1
SMP_000976,26.068582729313093,93.95485839475444,2024-07-02T12:00:00Z,0.1031,12.36,32.49,64.77,111.85,178.72,440.24,841.02,0.55,29.68,101.84,148.39,1,1,1,1
SMP_000976,26.068582729313093,93.95485839475444,2024-07-03T12:00:00Z,0.1031,7.13,23.42,49.89,90.89,145.66,331.73,632.98,0.506,21.38,79.72,131.43,0,1,1,1
SMP_000976,26.068582729313093,93.95485839475444,2024-07-04T12:00:00Z,0.1031,0.0,0.51,10.23,23.15,58.51,159.46,340.4,0.337,3.03,20.48,46.69,0,0,0,0
SMP_000976,26.068582729313093,93.95485839475444,2024-07-05T12:00:00Z,0.1031,0.0,0.01,4.6,14.06,41.55,138.14,273.57,0.34,2.16,18.17,27.93,0,0,0,0
SMP_000583,25.162389,93.010222,2024-07-01T12:00:00Z,0.49,0.42,1.12,9.81,30.11,67.78,191.68,389.73,0.402,1.97,24.29,56.17,0,0,0,1
SMP_000583,25.162389,93.010222,2024-07-02T12:00:00Z,0.49,10.57,27.74,58.27,99.09,156.62,371.7,740.67,0.55,28.42,91.26,137.38,1,1,1,1
SMP_000583,25.162389,93.010222,2024-07-03T12:00:00Z,0.49,14.31,41.23,76.3,129.96,207.48,505.9,976.65,0.55,35.19,112.01,177.72,1,1,1,1
SMP_000583,25.162389,93.010222,2024-07-04T12:00:00Z,0.49,9.36,28.23,58.12,101.72,177.29,421.84,814.71,0.55,23.65,90.91,156.45,1,1,1,1
SMP_000583,25.162389,93.010222,2024-07-05T12:00:00Z,0.49,0.0,4.29,13.24,25.15,54.78,168.74,360.55,0.36,6.56,21.21,36.19,0,0,0,0
SMP_000949,26.417665470523858,90.11396308337538,2024-07-01T12:00:00Z,0.1156,11.68,34.57,65.75,115.91,188.29,440.47,841.55,0.55,31.36,98.47,161.4,1,1,1,1
SMP_000949,26.417665470523858,90.11396308337538,2024-07-02T12:00:00Z,0.1156,10.6,31.41,65.11,109.04,180.18,415.7,783.4,0.55,31.24,92.6,155.05,1,1,1,1
SMP_000949,26.417665470523858,90.11396308337538,2024-07-03T12:00:00Z,0.1156,3.09,11.86,27.32,51.5,86.94,239.67,465.09,0.407,9.6,50.1,63.76,0,0,0,0
SMP_000949,26.417665470523858,90.11396308337538,2024-07-04T12:00:00Z,0.1156,0.0,1.15,9.18,25.64,46.07,150.25,340.95,0.32,0.52,28.25,50.54,0,0,0,0
SMP_000949,26.417665470523858,90.11396308337538,2024-07-05T12:00:00Z,0.1156,0.0,3.88,14.29,29.63,67.12,194.19,374.36,0.375,4.8,32.98,43.89,0,0,0,0
SMP_000978,26.582553798111434,91.60939842760303,2024-07-01T12:00:00Z,0.1043,12.17,32.04,67.36,117.3,197.95,474.08,894.36,0.55,29.62,99.08,160.91,1,1,1,1
SMP_000978,26.582553798111434,91.60939842760303,2024-07-02T12:00:00Z,0.1043,9.54,29.19,57.27,105.49,169.03,405.58,800.79,0.55,29.32,94.22,129.75,1,1,1,1
SMP_000978,26.582553798111434,91.60939842760303,2024-07-03T12:00:00Z,0.1043,1.12,5.39,14.37,28.31,66.92,176.74,345.83,0.35,4.1,26.19,48.5,0,0,0,0
SMP_000978,26.582553798111434,91.60939842760303,2024-07-04T12:00:00Z,0.1043,0.0,3.12,12.77,31.89,67.66,173.63,370.55,0.374,3.02,28.91,63.7,0,0,0,0
SMP_000978,26.582553798111434,91.60939842760303,2024-07-05T12:00:00Z,0.1043,0.0,3.78,6.93,19.28,50.64,144.99,309.52,0.348,6.0,14.11,52.74,0,0,0,0
SMP_000240,25.416056,93.284222,2024-07-01T12:00:00Z,0.283,3.66,12.4,29.24,48.88,81.78,205.15,446.34,0.367,12.77,39.1,79.28,0,0,0,1
SMP_000240,25.416056,93.284222,2024-07-02T12:00:00Z,0.283,11.57,33.5,62.3,106.14,164.94,386.55,766.81,0.55,30.41,88.62,140.68,1,1,1,1
SMP_000240,25.416056,93.284222,2024-07-03T12:00:00Z,0.283,12.46,35.04,65.47,118.16,193.15,435.75,810.57,0.55,33.26,99.59,168.73,1,1,1,1
SMP_000240,25.416056,93.284222,2024-07-04T12:00:00Z,0.283,5.79,15.74,34.83,60.04,113.28,290.04,587.5,0.454,16.58,46.05,88.1,0,1,1,1
SMP_000240,25.416056,93.284222,2024-07-05T12:00:00Z,0.283,0.0,0.47,1.8,13.06,42.42,134.77,287.72,0.315,3.93,12.95,30.41,0,0,0,0
SMP_001142,25.952396515823093,91.75073094037633,2024-07-01T12:00:00Z,0.1268,9.42,24.91,50.67,86.65,154.82,359.38,713.27,0.542,24.16,75.51,131.29,0,1,1,1
SMP_001142,25.952396515823093,91.75073094037633,2024-07-02T12:00:00Z,0.1268,12.87,35.99,73.45,131.31,203.27,477.05,925.59,0.55,33.03,111.35,154.8,1,1,1,1
SMP_001142,25.952396515823093,91.75073094037633,2024-07-03T12:00:00Z,0.1268,8.52,26.62,51.55,93.87,156.29,365.13,726.77,0.543,25.47,76.31,134.4,0,1,1,1
SMP_001142,25.952396515823093,91.75073094037633,2024-07-04T12:00:00Z,0.1268,0.0,0.91,6.72,20.76,45.62,140.7,286.24,0.324,-0.16,14.1,32.88,0,0,0,0
SMP_001142,25.952396515823093,91.75073094037633,2024-07-05T12:00:00Z,0.1268,0.0,2.96,8.32,24.23,60.06,180.63,391.68,0.357,1.1,22.55,57.27,0,0,0,0
SMP_000051,25.046778,92.790111,2024-07-01T12:00:00Z,0.4739,0.0,0.07,9.11,21.65,47.99,155.24,348.4,0.341,-0.6,22.61,50.41,0,0,0,0
SMP_000051,25.046778,92.790111,2024-07-02T12:00:00Z,0.4739,8.14,21.77,47.69,89.65,148.62,371.12,743.21,0.55,21.04,77.17,113.43,1,1,1,1
SMP_000051,25.046778,92.790111,2024-07-03T12:00:00Z,0.4739,12.4,33.3,68.65,117.66,191.24,463.74,901.52,0.55,29.47,107.0,149.45,1,1,1,1
SMP_000051,25.046778,92.790111,2024-07-04T12:00:00Z,0.4739,9.15,24.26,48.69,83.58,148.09,369.85,709.37,0.542,23.21,73.44,121.57,1,1,1,1
SMP_000051,25.046778,92.790111,2024-07-05T12:00:00Z,0.4739,0.34,5.06,15.71,38.2,74.69,187.85,362.26,0.394,6.06,31.45,69.79,0,0,0,1
SMP_000076,25.105414,92.972784,2024-07-01T12:00:00Z,0.2684,0.0,3.57,9.61,24.68,44.87,120.76,288.9,0.313,6.59,22.4,50.77,0,0,0,0
SMP_000076,25.105414,92.972784,2024-07-02T12:00:00Z,0.2684,9.43,29.06,54.71,93.59,162.55,370.61,719.43,0.55,25.59,80.15,121.96,1,1,1,1
SMP_000076,25.105414,92.972784,2024-07-03T12:00:00Z,0.2684,13.52,39.03,75.11,126.65,206.38,491.29,931.45,0.55,35.7,108.79,166.81,1,1,1,1
SMP_000076,25.105414,92.972784,2024-07-04T12:00:00Z,0.2684,9.4,28.34,56.41,103.96,175.54,397.89,792.07,0.55,27.92,89.86,154.85,1,1,1,1
SMP_000076,25.105414,92.972784,2024-07-05T12:00:00Z,0.2684,0.0,3.82,15.91,31.66,57.29,170.37,356.77,0.338,5.53,24.19,48.18,0,0,0,0
SMP_001401,23.54222130400486,92.807891883358,2024-07-01T12:00:00Z,0.3274,0.0,2.62,8.63,17.75,39.48,120.1,263.56,0.28,6.26,21.02,31.32,0,0,0,0
SMP_001401,23.54222130400486,92.807891883358,2024-07-02T12:00:00Z,0.3274,0.0,2.92,5.71,14.36,40.92,139.7,324.99,0.318,5.42,9.24,38.76,0,0,0,0
SMP_001401,23.54222130400486,92.807891883358,2024-07-03T12:00:00Z,0.3274,0.13,4.65,12.15,27.77,51.47,127.82,292.65,0.304,5.84,30.76,50.37,0,0,0,0
SMP_001401,23.54222130400486,92.807891883358,2024-07-04T12:00:00Z,0.3274,9.99,28.15,59.39,104.72,169.43,418.21,775.74,0.55,26.43,84.05,135.71,1,1,1,1
SMP_001401,23.54222130400486,92.807891883358,2024-07-05T12:00:00Z,0.3274,13.79,35.93,73.37,131.27,212.25,501.69,951.71,0.55,36.09,119.25,171.81,1,1,1,1
SMP_000316,25.81678,92.71878,2024-07-01T12:00:00Z,0.173,8.1,24.79,53.27,90.95,152.31,366.71,710.19,0.545,25.15,74.08,136.13,1,1,1,1
SMP_000316,25.81678,92.71878,2024-07-02T12:00:00Z,0.173,12.78,35.57,71.77,122.38,192.84,434.44,835.4,0.55,35.43,105.68,153.23,1,1,1,1
SMP_000316,25.81678,92.71878,2024-07-03T12:00:00Z,0.173,9.7,27.48,55.03,99.33,166.23,384.14,770.84,0.55,26.02,91.93,140.68,1,1,1,1
SMP_000316,25.81678,92.71878,2024-07-04T12:00:00Z,0.173,0.74,5.09,12.89,33.62,66.95,193.14,393.85,0.374,7.89,36.42,57.25,0,0,0,0
SMP_000316,25.81678,92.71878,2024-07-05T12:00:00Z,0.173,0.0,1.53,3.51,11.52,26.14,78.57,193.19,0.265,2.45,6.43,30.29,0,0,0,0
SMP_000162,25.186,93.104,2024-07-01T12:00:00Z,0.1537,0.75,3.98,15.99,34.69,62.36,161.54,322.86,0.355,1.84,26.56,46.22,0,0,0,0
SMP_000162,25.186,93.104,2024-07-02T12:00:00Z,0.1537,10.61,28.33,58.42,104.61,175.67,433.24,856.72,0.55,26.11,85.36,149.74,1,1,1,1
SMP_000162,25.186,93.104,2024-07-03T12:00:00Z,0.1537,14.03,38.42,75.93,130.08,217.73,492.45,922.22,0.55,35.39,114.68,165.14,1,1,1,1
SMP_000162,25.186,93.104,2024-07-04T12:00:00Z,0.1537,8.94,27.77,50.06,95.02,151.24,376.73,736.63,0.55,26.91,87.57,132.14,1,1,1,1
SMP_000162,25.186,93.104,2024-07-05T12:00:00Z,0.1537,0.0,0.09,2.97,16.59,30.37,79.56,178.63,0.276,-0.22,16.22,18.01,0,0,0,0
SMP_000331,25.84512,93.56682,2024-07-01T12:00:00Z,0.1121,8.52,22.96,45.15,85.29,148.79,361.95,708.46,0.55,21.46,76.86,116.98,0,1,1,1
SMP_000331,25.84512,93.56682,2024-07-02T12:00:00Z,0.1121,13.01,34.39,65.64,113.61,191.9,470.24,904.81,0.55,30.36,95.15,152.15,1,1,1,1
SMP_000331,25.84512,93.56682,2024-07-03T12:00:00Z,0.1121,9.61,29.23,62.3,112.78,190.73,436.34,853.84,0.55,25.09,97.82,146.07,1,1,1,1
SMP_000331,25.84512,93.56682,2024-07-04T12:00:00Z,0.1121,0.38,3.84,13.26,36.12,78.18,203.41,404.57,0.367,6.9,29.39,63.96,0,0,0,0
SMP_000331,25.84512,93.56682,2024-07-05T12:00:00Z,0.1121,0.0,2.93,9.38,24.24,50.26,155.56,303.32,0.361,1.65,23.09,52.4,0,0,0,0
SMP_001253,26.078958033716084,92.73209038029157,2024-07-01T12:00:00Z,0.1031,9.97,29.19,62.02,106.15,178.99,429.39,821.31,0.55,25.98,88.87,154.93,1,1,1,1
SMP_001253,26.078958033716084,92.73209038029157,2024-07-02T12:00:00Z,0.1031,12.11,33.43,64.97,114.76,181.21,440.81,815.01,0.55,31.24,105.32,138.72,1,1,1,1
SMP_001253,26.078958033716084,92.73209038029157,2024-07-03T12:00:00Z,0.1031,6.9,19.6,36.72,61.29,115.91,288.87,585.49,0.452,16.73,56.58,91.49,0,0,1,1
SMP_001253,26.078958033716084,92.73209038029157,2024-07-04T12:00:00Z,0.1031,0.0,4.07,12.65,25.88,48.61,130.19,302.88,0.316,7.3,26.73,51.46,0,0,0,0
SMP_001253,26.078958033716084,92.73209038029157,2024-07-05T12:00:00Z,0.1031,0.0,3.24,13.01,25.1,51.4,143.88,330.94,0.334,3.4,21.63,43.48,0,0,0,0
SMP_001285,24.809913768949514,92.54331822766332,2024-07-01T12:00:00Z,0.1345,0.0,1.26,3.52,18.77,52.4,151.86,306.29,0.334,2.97,22.76,45.59,0,0,0,0
SMP_001285,24.809913768949514,92.54331822766332,2024-07-02T12:00:00Z,0.1345,5.6,16.64,30.24,53.71,101.8,249.84,512.27,0.452,17.56,51.9,71.95,0,0,0,1
SMP_001285,24.809913768949514,92.54331822766332,2024-07-03T12:00:00Z,0.1345,11.68,32.48,65.06,112.62,191.89,439.57,863.79,0.55,31.29,102.09,155.87,1,1,1,1
SMP_001285,24.809913768949514,92.54331822766332,2024-07-04T12:00:00Z,0.1345,10.67,27.87,51.79,90.03,145.12,344.99,669.19,0.506,26.84,73.58,107.62,0,1,1,1
SMP_001285,24.809913768949514,92.54331822766332,2024-07-05T12:00:00Z,0.1345,3.19,11.06,26.58,48.24,86.26,208.54,398.98,0.401,10.46,46.23,76.12,0,0,0,0
SMP_000123,25.146306,93.942167,2024-07-01T12:00:00Z,0.2937,0.23,1.77,5.2,18.44,40.48,102.79,225.98,0.307,0.29,13.58,40.82,0,0,0,0
SMP_000123,25.146306,93.942167,2024-07-02T12:00:00Z,0.2937,12.5,35.59,68.79,112.65,184.22,436.95,848.31,0.55,33.93,95.56,144.14,1,1,1,1
SMP_000123,25.146306,93.942167,2024-07-03T12:00:00Z,0.2937,17.18,49.4,94.24,157.67,255.38,595.42,1094.25,0.55,45.73,134.07,202.26,1,1,1,1
SMP_000123,25.146306,93.942167,2024-07-04T12:00:00Z,0.2937,11.44,30.97,59.75,98.96,173.37,421.49,811.63,0.55,26.72,79.12,133.96,1,1,1,1
SMP_000123,25.146306,93.942167,2024-07-05T12:00:00Z,0.2937,0.0,0.54,1.56,4.95,15.94,52.92,160.06,0.247,2.89,-0.28,11.45,0,0,0,0
SMP_001022,24.699296798365076,93.21987728703205,2024-07-01T12:00:00Z,0.5907,0.0,2.14,12.6,32.63,58.94,153.4,338.18,0.327,4.05,30.02,45.81,0,0,0,1
SMP_001022,24.699296798365076,93.21987728703205,2024-07-02T12:00:00Z,0.5907,4.66,15.56,32.82,58.65,102.81,246.18,491.78,0.433,14.89,54.85,96.73,0,1,1,1
SMP_001022,24.699296798365076,93.21987728703205,2024-07-03T12:00:00Z,0.5907,11.96,33.43,60.74,101.28,165.88,380.93,754.33,0.548,31.45,83.86,136.08,1,1,1,1
SMP_001022,24.699296798365076,93.21987728703205,2024-07-04T12:00:00Z,0.5907,12.01,35.85,65.81,120.22,193.3,451.1,872.92,0.55,30.39,98.52,156.5,1,1,1,1
SMP_001022,24.699296798365076,93.21987728703205,2024-07-05T12:00:00Z,0.5907,4.77,14.57,30.09,62.51,99.19,236.82,446.93,0.445,16.05,48.63,81.05,0,1,1,1
SMP_000168,25.189556,93.096417,2024-07-01T12:00:00Z,0.3956,0.8,3.62,6.89,20.54,46.03,141.4,330.87,0.35,5.69,23.29,47.5,0,0,0,0
SMP_000168,25.189556,93.096417,2024-07-02T12:00:00Z,0.3956,10.64,27.9,55.26,96.71,160.29,381.17,750.7,0.55,28.15,84.77,127.76,1,1,1,1
SMP_000168,25.189556,93.096417,2024-07-03T12:00:00Z,0.3956,14.03,36.53,74.04,127.94,206.82,501.47,946.69,0.55,34.46,106.21,174.0,1,1,1,1
SMP_000168,25.189556,93.096417,2024-07-04T12:00:00Z,0.3956,8.91,27.52,50.45,93.93,164.9,384.55,770.54,0.55,25.62,85.33,143.25,1,1,1,1
SMP_000168,25.189556,93.096417,2024-07-05T12:00:00Z,0.3956,0.0,2.71,9.04,28.87,58.51,164.26,322.52,0.344,4.33,31.69,52.51,0,0,0,0
SMP_000680,25.176389,93.116139,2024-07-01T12:00:00Z,0.2705,0.62,3.13,8.27,15.45,42.54,127.2,250.32,0.32,5.94,16.83,28.78,0,0,0,0
SMP_000680,25.176389,93.116139,2024-07-02T12:00:00Z,0.2705,10.64,29.51,56.27,104.88,175.93,407.02,800.75,0.55,27.73,95.48,136.03,1,1,1,1
SMP_000680,25.176389,93.116139,2024-07-03T12:00:00Z,0.2705,14.21,40.02,78.82,131.44,204.49,461.9,894.7,0.55,38.57,118.95,166.93,1,1,1,1
SMP_000680,25.176389,93.116139,2024-07-04T12:00:00Z,0.2705,9.15,28.29,53.76,90.26,151.22,369.77,723.77,0.543,28.47,84.0,121.69,1,1,1,1
SMP_000680,25.176389,93.116139,2024-07-05T12:00:00Z,0.2705,0.0,4.96,11.3,30.74,59.51,156.82,330.45,0.322,4.95,28.24,60.06,0,0,0,0
SMP_001110,25.547889759440807,90.23230567763342,2024-07-01T12:00:00Z,0.1345,5.49,16.78,30.99,55.61,90.1,233.56,453.62,0.417,17.98,49.3,63.44,0,0,0,0
SMP_001110,25.547889759440807,90.23230567763342,2024-07-02T12:00:00Z,0.1345,12.77,33.94,61.92,114.01,191.56,455.1,852.86,0.55,34.0,92.83,162.63,1,1,1,1
SMP_001110,25.547889759440807,90.23230567763342,2024-07-03T12:00:00Z,0.1345,12.3,33.43,66.64,116.82,198.87,465.03,864.61,0.55,29.93,106.37,163.17,1,1,1,1
SMP_001110,25.547889759440807,90.23230567763342,2024-07-04T12:00:00Z,0.1345,4.37,16.23,38.43,69.46,115.75,277.61,577.94,0.447,14.06,61.2,96.53,0,0,1,1
SMP_001110,25.547889759440807,90.23230567763342,2024-07-05T12:00:00Z,0.1345,0.0,3.86,15.67,32.15,73.1,189.16,414.05,0.364,1.85,31.27,49.88,0,0,0,0
SMP_000602,25.417333,93.129083,2024-07-01T12:00:00Z,0.1688,3.8,10.86,26.09,44.11,81.62,204.04,400.64,0.391,10.86,40.12,77.85,0,0,0,0
SMP_000602,25.417333,93.129083,2024-07-02T12:00:00Z,0.1688,11.97,34.32,71.31,125.98,200.8,485.7,927.23,0.55,31.37,104.84,155.59,1,1,1,1
SMP_000602,25.417333,93.129083,2024-07-03T12:00:00Z,0.1688,12.88,36.67,66.67,109.9,189.42,465.31,861.55,0.55,31.68,98.86,162.3,1,1,1,1
SMP_000602,25.417333,93.129083,2024-07-04T12:00:00Z,0.1688,5.97,19.75,43.66,73.76,118.16,308.26,581.14,0.475,19.81,63.6,96.94,0,1,1,1
SMP_000602,25.417333,93.129083,2024-07-05T12:00:00Z,0.1688,0.0,0.19,1.8,11.18,32.22,113.04,245.01,0.283,2.12,10.4,25.54,0,0,0,0
SMP_001567,26.656776243256665,94.45729140731382,2024-07-01T12:00:00Z,0.1083,12.54,34.43,64.25,107.02,173.91,428.22,830.1,0.55,33.26,89.49,143.93,1,1,1,1
SMP_001567,26.656776243256665,94.45729140731382,2024-07-02T12:00:00Z,0.1083,9.16,24.74,46.35,76.2,126.54,318.9,633.48,0.519,24.35,61.17,100.45,0,1,1,1
SMP_001567,26.656776243256665,94.45729140731382,2024-07-03T12:00:00Z,0.1083,0.22,4.23,16.6,32.78,60.19,164.3,353.83,0.367,6.26,27.49,56.4,0,0,0,0
SMP_001567,26.656776243256665,94.45729140731382,2024-07-04T12:00:00Z,0.1083,0.0,3.6,10.82,24.5,51.35,160.97,367.76,0.363,4.27,26.71,54.96,0,0,0,0
SMP_001567,26.656776243256665,94.45729140731382,2024-07-05T12:00:00Z,0.1083,0.0,3.75,10.63,24.48,55.1,170.33,341.82,0.335,3.38,18.65,57.09,0,0,0,0
SMP_000261,25.436528,93.4065,2024-07-01T12:00:00Z,0.1599,4.05,12.63,26.04,46.32,76.94,208.56,415.96,0.37,11.14,35.6,66.88,0,0,0,0
SMP_000261,25.436528,93.4065,2024-07-02T12:00:00Z,0.1599,12.09,34.99,65.27,118.56,185.1,449.7,868.1,0.55,31.1,104.98,159.66,1,1,1,1
SMP_000261,25.436528,93.4065,2024-07-03T12:00:00Z,0.1599,12.8,33.75,66.02,116.8,192.2,446.92,854.66,0.55,34.05,100.72,160.18,1,1,1,1
SMP_000261,25.436528,93.4065,2024-07-04T12:00:00Z,0.1599,5.74,17.08,34.17,66.66,122.82,308.53,578.23,0.509,14.69,62.53,108.56,0,1,1,1
SMP_000261,25.436528,93.4065,2024-07-05T12:00:00Z,0.1599,0.0,2.4,10.85,29.5,66.8,166.94,373.29,0.367,2.13,24.63,61.42,0,0,0,0
SMP_001453,26.683941970265167,94.60846536930654,2024-07-01T12:00:00Z,0.1582,13.03,37.28,76.86,127.81,204.61,495.32,943.85,0.55,35.64,104.17,176.22,1,1,1,1
SMP_001453,26.683941970265167,94.60846536930654,2024-07-02T12:00:00Z,0.1582,9.26,24.51,46.0,83.97,139.13,353.2,685.8,0.516,24.35,71.57,113.77,0,1,1,1
SMP_001453,26.683941970265167,94.60846536930654,2024-07-03T12:00:00Z,0.1582,0.0,0.07,5.49,21.74,48.06,141.19,284.77,0.315,-1.23,21.78,40.36,0,0,0,0
SMP_001453,26.683941970265167,94.60846536930654,2024-07-04T12:00:00Z,0.1582,0.0,0.11,4.68,17.91,36.55,117.28,244.39,0.315,-0.52,22.56,20.76,0,0,0,0
SMP_001453,26.683941970265167,94.60846536930654,2024-07-05T12:00:00Z,0.1582,0.0,0.13,1.5,7.14,30.22,99.35,218.52,0.302,-1.74,6.49,36.5,0,0,0,0
SMP_000560,26.93641,92.70308,2024-07-01T12:00:00Z,0.1227,12.18,35.65,72.52,123.07,196.67,470.65,907.16,0.55,32.04,110.58,166.21,1,1,1,1
SMP_000560,26.93641,92.70308,2024-07-02T12:00:00Z,0.1227,6.41,19.58,38.99,72.45,117.42,271.15,532.09,0.443,21.07,65.33,95.53,0,0,1,1
SMP_000560,26.93641,92.70308,2024-07-03T12:00:00Z,0.1227,0.0,4.89,12.6,28.72,55.66,142.97,278.0,0.333,2.8,21.13,40.93,0,0,0,0
SMP_000560,26.93641,92.70308,2024-07-04T12:00:00Z,0.1227,0.0,0.01,0.38,13.25,43.2,144.49,318.82,0.33,3.81,16.6,45.27,0,0,0,0
SMP_000560,26.93641,92.70308,2024-07-05T12:00:00Z,0.1227,0.0,0.35,1.04,7.5,32.62,99.01,224.8,0.298,-0.13,10.98,35.84,0,0,0,0
SMP_001422,23.116902404096933,93.19979210259717,2024-07-01T12:00:00Z,0.3274,0.0,1.33,6.57,18.54,38.12,129.47,292.97,0.305,-0.79,23.46,39.11,0,0,0,0
SMP_001422,23.116902404096933,93.19979210259717,2024-07-02T12:00:00Z,0.3274,0.0,4.5,12.67,32.43,59.14,150.33,331.59,0.324,6.51,28.22,39.74,0,0,0,0
SMP_001422,23.116902404096933,93.19979210259717,2024-07-03T12:00:00Z,0.3274,0.0,3.01,14.19,25.35,43.04,122.1,272.79,0.332,5.29,26.19,27.12,0,0,0,0
SMP_001422,23.116902404096933,93.19979210259717,2024-07-04T12:00:00Z,0.3274,5.17,17.5,38.14,69.02,122.33,296.91,606.74,0.499,14.97,53.78,103.99,0,1,1,1
SMP_001422,23.116902404096933,93.19979210259717,2024-07-05T12:00:00Z,0.3274,12.78,35.8,72.31,126.3,198.87,453.98,886.22,0.55,30.97,103.55,172.82,1,1,1,1
SMP_000777,25.314558,93.094195,2024-07-01T12:00:00Z,0.2513,2.5,7.72,23.3,40.76,81.28,215.22,426.46,0.398,8.58,38.61,69.28,0,0,0,1
SMP_000777,25.314558,93.094195,2024-07-02T12:00:00Z,0.2513,11.49,31.73,62.41,113.75,184.66,418.0,793.88,0.55,32.5,98.22,145.72,1,1,1,1
SMP_000777,25.314558,93.094195,2024-07-03T12:00:00Z,0.2513,13.51,38.81,70.43,119.69,191.83,432.92,840.86,0.55,38.86,104.62,145.42,1,1,1,1
SMP_000777,25.314558,93.094195,2024-07-04T12:00:00Z,0.2513,7.34,21.15,47.44,84.0,136.5,329.22,623.8,0.537,20.88,68.87,107.41,0,1,1,1
SMP_000777,25.314558,93.094195,2024-07-05T12:00:00Z,0.2513,0.0,4.0,14.7,27.81,65.32,172.34,349.64,0.362,5.14,21.25,48.57,0,0,0,0
SMP_000067,25.072636,92.794514,2024-07-01T12:00:00Z,0.6377,0.0,2.27,9.15,22.11,52.92,163.69,330.71,0.347,5.6,19.74,42.39,0,0,0,1
SMP_000067,25.072636,92.794514,2024-07-02T12:00:00Z,0.6377,9.4,25.39,54.54,97.85,168.17,394.06,732.5,0.55,22.05,89.68,128.31,1,1,1,1
SMP_000067,25.072636,92.794514,2024-07-03T12:00:00Z,0.6377,13.93,39.32,75.19,131.55,215.11,512.76,992.84,0.55,36.43,107.95,168.16,1,1,1,1
SMP_000067,25.072636,92.794514,2024-07-04T12:00:00Z,0.6377,10.02,30.33,63.4,103.68,161.49,405.16,765.86,0.55,30.14,91.08,122.93,1,1,1,1
SMP_000067,25.072636,92.794514,2024-07-05T12:00:00Z,0.6377,0.02,1.26,5.45,16.98,47.55,150.47,335.37,0.329,0.32,16.65,49.74,0,0,0,1
SMP_000427,26.109222,91.939,2024-07-01T12:00:00Z,0.2741,10.22,29.73,55.26,92.36,160.78,383.42,758.09,0.55,26.29,83.91,120.16,1,1,1,1
SMP_000427,26.109222,91.939,2024-07-02T12:00:00Z,0.2741,12.08,34.27,67.91,118.76,185.37,419.97,778.24,0.55,32.28,104.63,142.72,1,1,1,1
SMP_000427,26.109222,91.939,2024-07-03T12:00:00Z,0.2741,6.61,20.5,39.09,72.34,117.11,272.24,512.64,0.476,16.83,59.7,84.0,0,1,1,1
SMP_000427,26.109222,91.939,2024-07-04T12:00:00Z,0.2741,0.0,2.89,14.33,30.15,53.73,137.4,274.86,0.299,4.23,31.07,52.79,0,0,0,0
SMP_000427,26.109222,91.939,2024-07-05T12:00:00Z,0.2741,0.0,3.85,14.3,31.77,70.31,174.59,348.13,0.38,3.25,27.63,62.61,0,0,0,0
SMP_000847,25.6206751190183,91.55515630436679,2024-07-01T12:00:00Z,0.2258,8.38,23.51,45.91,87.52,154.05,385.54,735.3,0.55,19.17,72.01,121.0,1,1,1,1
SMP_000847,25.6206751190183,91.55515630436679,2024-07-02T12:00:00Z,0.2258,17.17,48.01,94.8,158.44,249.47,559.55,1050.57,0.55,45.58,136.94,193.11,1,1,1,1
SMP_000847,25.6206751190183,91.55515630436679,2024-07-03T12:00:00Z,0.2258,15.55,44.51,86.41,148.16,244.05,581.66,1108.89,0.55,42.12,132.8,197.56,1,1,1,1
SMP_000847,25.6206751190183,91.55515630436679,2024-07-04T12:00:00Z,0.2258,4.49,14.65,28.04,54.08,94.01,227.72,430.34,0.388,16.91,44.41,75.48,0,0,0,1
SMP_000847,25.6206751190183,91.55515630436679,2024-07-05T12:00:00Z,0.2258,0.0,1.44,9.04,20.65,44.7,132.15,310.74,0.335,0.21,14.65,39.23,0,0,0,0
SMP_000141,25.159333,93.017,2024-07-01T12:00:00Z,0.2657,0.39,4.74,15.88,38.93,75.14,192.07,396.82,0.365,6.44,39.28,57.12,0,0,0,0
SMP_000141,25.159333,93.017,2024-07-02T12:00:00Z,0.2657,10.85,30.39,59.01,98.19,170.78,409.18,761.76,0.55,28.06,78.95,142.51,1,1,1,1
SMP_000141,25.159333,93.017,2024-07-03T12:00:00Z,0.2657,14.73,39.13,71.61,126.19,202.79,460.74,896.62,0.55,36.63,115.18,168.39,1,1,1,1
SMP_000141,25.159333,93.017,2024-07-04T12:00:00Z,0.2657,9.67,28.58,56.99,103.28,166.88,408.36,776.42,0.55,27.87,92.47,147.27,1,1,1,1
SMP_000141,25.159333,93.017,2024-07-05T12:00:00Z,0.2657,0.0,0.99,3.38,10.78,29.77,98.02,205.62,0.278,1.86,12.05,28.25,0,0,0,0
SMP_000332,25.84516,93.68408,2024-07-01T12:00:00Z,0.1445,8.32,22.8,41.56,69.88,112.19,257.39,541.22,0.431,20.8,62.06,94.61,0,0,1,1
SMP_000332,25.84516,93.68408,2024-07-02T12:00:00Z,0.1445,12.71,33.07,63.86,109.56,185.62,433.22,859.24,0.55,33.13,93.24,162.06,1,1,1,1
SMP_000332,25.84516,93.68408,2024-07-03T12:00:00Z,0.1445,9.39,25.76,49.33,86.14,136.0,331.7,639.27,0.521,21.33,68.93,106.32,0,1,1,1
SMP_000332,25.84516,93.68408,2024-07-04T12:00:00Z,0.1445,0.37,4.74,16.29,35.89,69.52,193.11,391.21,0.397,6.35,30.92,49.86,0,0,0,0
SMP_000332,25.84516,93.68408,2024-07-05T12:00:00Z,0.1445,0.0,0.64,4.07,20.13,49.55,120.27,240.44,0.288,0.39,17.18,34.53,0,0,0,0
SMP_001429,22.075196645292863,92.62397637006309,2024-07-01T12:00:00Z,0.3274,0.0,1.16,11.77,24.93,46.49,119.8,261.06,0.292,3.47,24.01,41.37,0,0,0,0
SMP_001429,22.075196645292863,92.62397637006309,2024-07-02T12:00:00Z,0.3274,0.0,4.09,10.85,31.42,67.72,193.43,422.48,0.379,2.82,23.07,49.45,0,0,0,0
SMP_001429,22.075196645292863,92.62397637006309,2024-07-03T12:00:00Z,0.3274,0.0,4.49,10.7,31.15,59.75,161.94,325.88,0.336,7.94,23.05,41.2,0,0,0,0
SMP_001429,22.075196645292863,92.62397637006309,2024-07-04T12:00:00Z,0.3274,0.0,3.34,7.3,13.79,43.48,113.72,257.17,0.276,3.47,9.79,46.94,0,0,0,0
SMP_001429,22.075196645292863,92.62397637006309,2024-07-05T12:00:00Z,0.3274,1.96,9.79,22.52,42.83,83.46,219.81,444.45,0.383,9.67,35.34,56.87,0,0,0,1
SMP_001023,25.30995334862844,90.2348580112725,2024-07-01T12:00:00Z,0.2219,2.22,8.97,16.19,34.98,72.73,179.03,375.5,0.36,10.62,29.49,63.8,0,0,0,0
SMP_001023,25.30995334862844,90.2348580112725,2024-07-02T12:00:00Z,0.2219,10.42,31.39,65.58,111.7,175.6,400.46,782.7,0.55,29.95,101.12,144.1,1,1,1,1
SMP_001023,25.30995334862844,90.2348580112725,2024-07-03T12:00:00Z,0.2219,12.31,32.86,60.71,101.99,165.66,405.06,752.1,0.55,31.07,93.31,133.78,1,1,1,1
SMP_001023,25.30995334862844,90.2348580112725,2024-07-04T12:00:00Z,0.2219,6.73,21.15,47.87,87.64,152.29,383.64,760.37,0.55,19.09,77.67,112.38,1,1,1,1
SMP_001023,25.30995334862844,90.2348580112725,2024-07-05T12:00:00Z,0.2219,0.0,3.54,11.42,31.88,53.47,134.05,307.56,0.334,7.0,33.07,56.44,0,0,0,0
SMP_001473,25.324861688965484,93.65460914709534,2024-07-01T12:00:00Z,0.3282,2.74,11.19,24.79,49.17,79.34,217.61,428.97,0.397,10.39,38.87,68.67,0,0,0,1
SMP_001473,25.324861688965484,93.65460914709534,2024-07-02T12:00:00Z,0.3282,12.02,35.27,71.44,122.28,196.99,482.76,933.47,0.55,34.49,108.18,152.55,1,1,1,1
SMP_001473,25.324861688965484,93.65460914709534,2024-07-03T12:00:00Z,0.3282,14.01,37.03,76.01,133.55,223.08,539.64,1008.52,0.55,32.88,121.51,183.94,1,1,1,1
SMP_001473,25.324861688965484,93.65460914709534,2024-07-04T12:00:00Z,0.3282,7.5,19.89,42.55,73.78,129.3,303.43,610.19,0.49,20.93,61.06,104.89,0,1,1,1
SMP_001473,25.324861688965484,93.65460914709534,2024-07-05T12:00:00Z,0.3282,0.0,0.57,2.8,8.43,32.76,121.89,297.86,0.285,2.52,15.01,27.44,0,0,0,0
SMP_000591,25.15859,93.01292,2024-07-01T12:00:00Z,0.5842,0.37,5.64,11.96,27.02,45.89,138.97,283.96,0.327,8.41,28.03,37.86,0,0,0,0
SMP_000591,25.15859,93.01292,2024-07-02T12:00:00Z,0.5842,10.57,27.59,57.19,96.08,164.27,406.94,786.09,0.55,24.44,81.82,128.08,1,1,1,1
SMP_000591,25.15859,93.01292,2024-07-03T12:00:00Z,0.5842,14.35,38.04,76.38,128.44,212.02,494.47,947.2,0.55,34.96,108.47,164.81,1,1,1,1
SMP_000591,25.15859,93.01292,2024-07-04T12:00:00Z,0.5842,9.43,28.03,50.48,89.59,150.03,377.07,734.86,0.55,29.18,74.82,129.97,1,1,1,1
SMP_000591,25.15859,93.01292,2024-07-05T12:00:00Z,0.5842,0.0,4.74,10.75,30.33,67.78,182.88,385.7,0.343,6.1,30.49,46.52,0,0,0,1
SMP_001378,24.450968200521014,93.5616815172006,2024-07-01T12:00:00Z,0.2904,0.0,2.83,10.61,31.03,52.11,153.97,323.04,0.352,3.78,24.72,42.47,0,0,0,0
SMP_001378,24.450968200521014,93.5616815172006,2024-07-02T12:00:00Z,0.2904,1.82,8.43,20.45,42.63,82.88,215.99,457.82,0.386,9.64,33.13,56.46,0,0,0,1
SMP_001378,24.450968200521014,93.5616815172006,2024-07-03T12:00:00Z,0.2904,12.24,32.2,61.3,111.12,179.87,430.09,834.57,0.55,29.44,93.69,145.89,1,1,1,1
SMP_001378,24.450968200521014,93.5616815172006,2024-07-04T12:00:00Z,0.2904,15.23,43.56,82.07,137.7,222.24,535.82,1008.1,0.55,38.01,121.91,188.72,1,1,1,1
SMP_001378,24.450968200521014,93.5616815172006,2024-07-05T12:00:00Z,0.2904,8.99,24.34,44.81,83.49,136.46,348.54,661.13,0.55,23.79,73.22,107.1,0,1,1,1
SMP_000650,25.15144,93.0331,2024-07-01T12:00:00Z,0.6549,0.26,3.79,7.01,22.3,54.82,145.79,301.78,0.336,6.85,26.77,41.67,0,0,0,1
SMP_000650,25.15144,93.0331,2024-07-02T12:00:00Z,0.6549,10.06,26.19,47.93,84.31,143.86,339.15,684.38,0.502,23.73,74.84,124.24,1,1,1,1
SMP_000650,25.15144,93.0331,2024-07-03T12:00:00Z,0.6549,13.76,40.48,74.75,132.25,205.75,482.67,920.92,0.55,36.36,110.17,178.33,1,1,1,1
SMP_000650,25.15144,93.0331,2024-07-04T12:00:00Z,0.6549,9.11,27.55,59.27,97.66,155.24,365.8,728.22,0.531,23.39,86.43,129.02,1,1,1,1
SMP_000650,25.15144,93.0331,2024-07-05T12:00:00Z,0.6549,0.0,1.25,6.33,12.51,27.19,103.02,222.2,0.312,0.13,18.29,16.45,0,0,0,0
SMP_001210,25.125886709195903,94.02403534259992,2024-07-01T12:00:00Z,0.4269,0.0,3.88,9.34,21.67,49.42,131.7,300.73,0.32,2.19,18.87,48.08,0,0,0,0
SMP_001210,25.125886709195903,94.02403534259992,2024-07-02T12:00:00Z,0.4269,12.68,35.34,73.21,129.32,218.77,528.54,984.07,0.55,33.68,113.15,175.31,1,1,1,1
SMP_001210,25.125886709195903,94.02403534259992,2024-07-03T12:00:00Z,0.4269,17.79,51.11,98.51,165.65,258.34,582.79,1119.47,0.55,47.82,140.85,212.49,1,1,1,1
SMP_001210,25.125886709195903,94.02403534259992,2024-07-04T12:00:00Z,0.4269,12.11,32.45,62.64,112.36,192.91,441.31,847.53,0.55,28.77,97.35,150.59,1,1,1,1
SMP_001210,25.125886709195903,94.02403534259992,2024-07-05T12:00:00Z,0.4269,0.0,3.67,8.17,24.24,41.62,102.15,244.86,0.304,4.87,21.94,35.31,0,0,0,0
SMP_000670,25.171889,93.020611,2024-07-01T12:00:00Z,0.7275,0.56,4.46,17.95,43.67,84.43,230.33,465.27,0.399,3.98,38.97,76.51,0,1,1,1
SMP_000670,25.171889,93.020611,2024-07-02T12:00:00Z,0.7275,10.63,27.8,60.03,104.88,170.32,418.2,824.83,0.55,28.35,89.54,150.88,1,1,1,1
SMP_000670,25.171889,93.020611,2024-07-03T12:00:00Z,0.7275,14.25,38.32,74.47,128.09,214.97,519.83,964.02,0.55,37.76,108.56,172.88,1,1,1,1
SMP_000670,25.171889,93.020611,2024-07-04T12:00:00Z,0.7275,9.23,28.76,61.72,111.24,182.77,424.41,787.42,0.55,24.88,94.18,156.14,1,1,1,1
SMP_000670,25.171889,93.020611,2024-07-05T12:00:00Z,0.7275,0.0,3.87,15.12,29.19,63.31,154.58,322.55,0.326,5.71,21.12,45.61,0,0,1,1
SMP_000807,25.69814,93.129423,2024-07-01T12:00:00Z,0.2509,7.11,18.51,36.21,64.77,103.67,243.31,466.78,0.417,15.1,61.94,85.07,0,0,1,1
SMP_000807,25.69814,93.129423,2024-07-02T12:00:00Z,0.2509,12.99,35.5,64.95,114.2,176.77,428.85,814.88,0.55,33.82,104.77,143.3,1,1,1,1
SMP_000807,25.69814,93.129423,2024-07-03T12:00:00Z,0.2509,10.99,32.31,62.3,109.61,179.28,436.49,852.45,0.55,28.79,98.81,136.04,1,1,1,1
SMP_000807,25.69814,93.129423,2024-07-04T12:00:00Z,0.2509,2.32,8.93,24.87,54.2,88.52,215.69,426.45,0.422,8.74,47.08,81.43,0,0,0,1
SMP_000807,25.69814,93.129423,2024-07-05T12:00:00Z,0.2509,0.0,4.48,9.45,25.77,61.08,146.73,325.23,0.31,2.2,28.6,51.72,0,0,0,0
SMP_001530,26.05359585318774,93.1852206344451,2024-07-01T12:00:00Z,0.1043,9.87,27.6,55.68,92.2,154.81,382.39,725.13,0.55,23.34,76.39,122.87,0,1,1,1
SMP_001530,26.05359585318774,93.1852206344451,2024-07-02T12:00:00Z,0.1043,12.26,32.38,61.85,106.97,177.77,408.41,804.04,0.55,28.42,92.16,154.71,1,1,1,1
SMP_001530,26.05359585318774,93.1852206344451,2024-07-03T12:00:00Z,0.1043,7.21,22.1,39.88,72.07,131.94,337.18,659.21,0.522,20.76,58.3,118.74,0,1,1,1
SMP_001530,26.05359585318774,93.1852206344451,2024-07-04T12:00:00Z,0.1043,0.0,4.46,13.13,24.34,44.29,138.54,322.19,0.3,2.74,17.12,38.11,0,0,0,0
SMP_001530,26.05359585318774,93.1852206344451,2024-07-05T12:00:00Z,0.1043,0.0,4.06,9.69,27.61,56.4,148.09,294.68,0.333,2.93,26.66,37.17,0,0,0,0
SMP_001564,26.26810105558309,94.03878379642353,2024-07-01T12:00:00Z,0.1053,11.33,32.94,63.56,112.07,187.44,460.98,902.41,0.55,32.31,97.65,155.6,1,1,1,1
SMP_001564,26.26810105558309,94.03878379642353,2024-07-02T12:00:00Z,0.1053,11.67,30.86,56.65,102.39,178.34,436.32,822.66,0.55,26.96,83.82,149.36,1,1,1,1
SMP_001564,26.26810105558309,94.03878379642353,2024-07-03T12:00:00Z,0.1053,4.94,13.12,33.34,67.55,107.29,259.06,492.64,0.421,13.08,57.23,91.07,0,0,0,1
SMP_001564,26.26810105558309,94.03878379642353,2024-07-04T12:00:00Z,0.1053,0.0,1.06,9.69,25.68,60.53,163.52,362.64,0.34,2.77,25.17,38.62,0,0,0,0
SMP_001564,26.26810105558309,94.03878379642353,2024-07-05T12:00:00Z,0.1053,0.0,0.93,2.4,16.52,40.52,105.42,258.24,0.301,1.28,19.38,30.74,0,0,0,0
SMP_000184,25.205528,93.020139,2024-07-01T12:00:00Z,0.4063,0.97,3.43,10.39,22.36,51.45,161.61,354.05,0.337,2.0,17.72,46.55,0,0,0,0
SMP_000184,25.205528,93.020139,2024-07-02T12:00:00Z,0.4063,10.27,28.2,53.87,95.58,160.74,371.38,728.62,0.55,27.12,87.28,139.07,1,1,1,1
SMP_000184,25.205528,93.020139,2024-07-03T12:00:00Z,0.4063,13.33,38.54,76.97,136.83,216.71,526.63,1010.41,0.55,35.99,114.57,186.33,1,1,1,1
SMP_000184,25.205528,93.020139,2024-07-04T12:00:00Z,0.4063,8.31,24.46,52.26,91.45,153.15,377.11,711.54,0.55,23.68,80.26,116.2,1,1,1,1
SMP_000184,25.205528,93.020139,2024-07-05T12:00:00Z,0.4063,0.0,2.87,8.82,20.96,49.9,129.75,261.23,0.305,2.59,19.16,49.02,0,0,0,0
SMP_001365,25.561224824561656,91.0411052380661,2024-07-01T12:00:00Z,0.202,6.57,17.78,37.16,72.08,120.12,282.14,582.59,0.452,14.9,58.94,88.86,0,0,1,1
SMP_001365,25.561224824561656,91.0411052380661,2024-07-02T12:00:00Z,0.202,14.89,39.67,78.24,129.5,218.9,517.08,954.53,0.55,37.08,107.56,181.18,1,1,1,1
SMP_001365,25.561224824561656,91.0411052380661,2024-07-03T12:00:00Z,0.202,14.18,38.37,75.58,125.08,196.32,457.6,849.48,0.55,37.3,113.27,152.31,1,1,1,1
SMP_001365,25.561224824561656,91.0411052380661,2024-07-04T12:00:00Z,0.202,4.87,13.72,25.23,45.23,83.61,220.6,457.66,0.406,13.32,42.65,65.89,0,0,0,0
SMP_001365,25.561224824561656,91.0411052380661,2024-07-05T12:00:00Z,0.202,0.0,3.06,6.09,23.69,57.34,141.16,304.23,0.303,2.35,16.6,58.35,0,0,0,0
SMP_000453,26.158639,91.921889,2024-07-01T12:00:00Z,0.21,10.67,29.48,54.96,95.35,153.17,353.36,715.35,0.525,27.0,84.43,119.19,1,1,1,1
SMP_000453,26.158639,91.921889,2024-07-02T12:00:00Z,0.21,12.08,34.34,66.32,116.83,181.22,440.07,866.86,0.55,34.73,94.54,157.56,1,1,1,1
SMP_000453,26.158639,91.921889,2024-07-03T12:00:00Z,0.21,6.15,19.74,43.36,74.61,121.6,281.34,568.68,0.452,16.94,59.31,98.63,0,1,1,1
SMP_000453,26.158639,91.921889,2024-07-04T12:00:00Z,0.21,0.0,2.98,14.08,26.77,46.27,128.07,290.35,0.321,6.42,20.82,30.37,0,0,0,0
SMP_000453,26.158639,91.921889,2024-07-05T12:00:00Z,0.21,0.0,1.21,11.85,25.28,49.7,148.87,303.37,0.32,4.98,26.32,31.01,0,0,0,0
SMP_000422,26.105806,91.62275,2024-07-01T12:00:00Z,0.2422,10.12,29.67,53.89,92.39,149.32,366.68,712.41,0.55,26.86,84.83,111.09,1,1,1,1
SMP_000422,26.105806,91.62275,2024-07-02T12:00:00Z,0.2422,11.99,33.21,66.07,112.09,179.55,429.99,815.7,0.55,33.25,99.27,142.19,1,1,1,1
SMP_000422,26.105806,91.62275,2024-07-03T12:00:00Z,0.2422,6.59,21.62,46.66,79.0,133.63,314.06,608.13,0.509,20.17,72.82,108.71,0,1,1,1
SMP_000422,26.105806,91.62275,2024-07-04T12:00:00Z,0.2422,0.0,3.38,15.78,37.05,60.82,153.61,348.55,0.345,5.84,27.22,48.86,0,0,0,0
SMP_000422,26.105806,91.62275,2024-07-05T12:00:00Z,0.2422,0.0,0.62,6.93,14.99,32.75,90.24,186.36,0.283,-0.26,15.83,25.8,0,0,0,0
SMP_000806,26.11956,92.052125,2024-07-01T12:00:00Z,0.1277,10.27,27.79,56.25,103.32,168.82,405.64,758.09,0.55,23.75,95.72,134.2,1,1,1,1
SMP_000806,26.11956,92.052125,2024-07-02T12:00:00Z,0.1277,12.03,35.87,67.85,120.54,185.94,442.03,839.98,0.55,33.93,103.36,155.71,1,1,1,1
SMP_000806,26.11956,92.052125,2024-07-03T12:00:00Z,0.1277,6.49,18.22,41.22,71.01,122.37,284.92,558.98,0.487,14.86,60.34,105.8,0,0,1,1
SMP_000806,26.11956,92.052125,2024-07-04T12:00:00Z,0.1277,0.0,1.07,7.78,23.78,58.9,150.65,337.94,0.345,2.07,22.29,42.27,0,0,0,0
SMP_000806,26.11956,92.052125,2024-07-05T12:00:00Z,0.1277,0.0,3.4,11.22,22.31,40.88,108.07,260.8,0.293,1.66,23.18,37.94,0,0,0,0
SMP_001562,23.104712878485852,93.05373898223245,2024-07-01T12:00:00Z,0.3274,0.0,4.82,14.06,37.11,79.8,213.91,435.94,0.393,4.13,35.92,71.16,0,0,0,1
SMP_001562,23.104712878485852,93.05373898223245,2024-07-02T12:00:00Z,0.3274,0.0,4.16,12.81,34.87,71.57,205.91,449.39,0.413,5.56,36.25,59.51,0,0,0,1
SMP_001562,23.104712878485852,93.05373898223245,2024-07-03T12:00:00Z,0.3274,0.0,4.87,13.58,29.13,64.14,152.21,337.49,0.324,5.65,31.14,42.1,0,0,0,0
SMP_001562,23.104712878485852,93.05373898223245,2024-07-04T12:00:00Z,0.3274,5.02,17.29,40.49,79.3,131.84,329.87,652.13,0.537,13.83,75.02,105.72,0,1,1,1
SMP_001562,23.104712878485852,93.05373898223245,2024-07-05T12:00:00Z,0.3274,12.72,33.16,68.79,124.56,194.7,465.5,880.9,0.55,32.22,107.54,151.81,1,1,1,1
SMP_001010,25.463256994976526,92.53645319125815,2024-07-01T12:00:00Z,0.1493,5.0,16.12,36.96,68.73,110.32,266.82,520.26,0.47,17.6,54.55,100.12,0,0,1,1
SMP_001010,25.463256994976526,92.53645319125815,2024-07-02T12:00:00Z,0.1493,13.94,40.15,78.74,133.15,221.42,515.11,952.49,0.55,39.15,118.84,169.4,1,1,1,1
SMP_001010,25.463256994976526,92.53645319125815,2024-07-03T12:00:00Z,0.1493,14.43,41.05,81.49,134.66,210.21,489.48,924.94,0.55,35.67,119.62,179.0,1,1,1,1
SMP_001010,25.463256994976526,92.53645319125815,2024-07-04T12:00:00Z,0.1493,6.16,17.08,39.51,68.3,111.92,285.98,543.43,0.446,14.48,56.29,98.77,0,0,1,1
SMP_001010,25.463256994976526,92.53645319125815,2024-07-05T12:00:00Z,0.1493,0.0,1.6,11.27,26.45,62.32,187.0,391.67,0.351,4.41,26.32,61.04,0,0,0,0
SMP_001525,23.875832450083543,93.01875527357247,2024-07-01T12:00:00Z,0.3274,0.0,4.23,10.55,28.87,49.01,149.21,303.15,0.332,2.16,28.66,36.47,0,0,0,0
SMP_001525,23.875832450083543,93.01875527357247,2024-07-02T12:00:00Z,0.3274,0.0,2.0,5.55,20.1,52.83,152.36,320.87,0.333,0.66,15.43,36.06,0,0,0,0
SMP_001525,23.875832450083543,93.01875527357247,2024-07-03T12:00:00Z,0.3274,4.64,13.17,25.96,51.37,98.11,258.14,485.73,0.426,11.99,49.66,84.75,0,0,1,1
SMP_001525,23.875832450083543,93.01875527357247,2024-07-04T12:00:00Z,0.3274,12.56,34.02,70.37,117.5,200.36,460.95,852.16,0.55,30.52,98.64,174.0,1,1,1,1
SMP_001525,23.875832450083543,93.01875527357247,2024-07-05T12:00:00Z,0.3274,12.85,36.08,73.59,123.19,206.56,476.69,897.92,0.55,30.55,111.31,173.72,1,1,1,1
SMP_000486,26.297306,93.211833,2024-07-01T12:00:00Z,0.3037,11.6,31.89,61.32,106.11,174.26,410.5,758.96,0.55,32.28,87.2,134.61,1,1,1,1
SMP_000486,26.297306,93.211833,2024-07-02T12:00:00Z,0.3037,11.67,31.55,62.12,104.83,170.73,401.25,747.93,0.55,27.73,86.83,130.77,1,1,1,1
SMP_000486,26.297306,93.211833,2024-07-03T12:00:00Z,0.3037,4.65,12.64,32.41,54.49,90.83,239.78,488.45,0.412,12.39,53.0,85.9,0,0,1,1
SMP_000486,26.297306,93.211833,2024-07-04T12:00:00Z,0.3037,0.0,4.93,18.26,44.01,74.29,202.92,395.75,0.413,4.62,37.22,60.8,0,0,0,1
SMP_000486,26.297306,93.211833,2024-07-05T12:00:00Z,0.3037,0.0,1.51,9.61,28.39,49.25,131.96,270.88,0.318,4.27,28.64,31.23,0,0,0,0
SMP_001359,26.235858529240865,91.48835917368561,2024-07-01T12:00:00Z,0.1031,10.88,28.77,58.04,99.34,166.7,398.33,796.47,0.55,24.41,80.47,128.59,1,1,1,1
SMP_001359,26.235858529240865,91.48835917368561,2024-07-02T12:00:00Z,0.1031,11.52,30.98,62.26,105.93,169.08,399.98,789.92,0.55,30.99,87.54,125.9,1,1,1,1
SMP_001359,26.235858529240865,91.48835917368561,2024-07-03T12:00:00Z,0.1031,5.17,16.38,30.47,55.8,95.67,253.92,507.97,0.461,15.64,47.38,91.28,0,0,0,1
SMP_001359,26.235858529240865,91.48835917368561,2024-07-04T12:00:00Z,0.1031,0.0,2.5,12.28,23.41,50.89,142.92,308.59,0.343,2.03,17.27,47.06,0,0,0,0
SMP_001359,26.235858529240865,91.48835917368561,2024-07-05T12:00:00Z,0.1031,0.0,1.22,6.49,21.15,44.8,143.66,325.48,0.349,3.3,20.05,34.16,0,0,0,0
SMP_000834,26.281590357037164,91.68656648967429,2024-07-01T12:00:00Z,0.1077,11.14,31.0,64.87,107.4,171.79,424.16,831.54,0.55,28.17,89.21,146.79,1,1,1,1
SMP_000834,26.281590357037164,91.68656648967429,2024-07-02T12:00:00Z,0.1077,11.35,32.51,63.99,116.11,181.53,423.95,818.87,0.55,30.0,97.62,157.87,1,1,1,1
SMP_000834,26.281590357037164,91.68656648967429,2024-07-03T12:00:00Z,0.1077,4.67,14.73,35.81,61.18,96.99,255.25,479.93,0.42,15.71,56.79,85.18,0,0,0,1
SMP_000834,26.281590357037164,91.68656648967429,2024-07-04T12:00:00Z,0.1077,0.0,4.32,8.19,15.77,31.18,106.25,260.26,0.287,5.57,14.38,32.81,0,0,0,0
SMP_000834,26.281590357037164,91.68656648967429,2024-07-05T12:00:00Z,0.1077,0.0,3.2,11.6,21.94,43.75,133.47,264.09,0.307,5.68,15.46,39.98,0,0,0,0
SMP_000408,26.094578,92.135144,2024-07-01T12:00:00Z,0.1509,10.09,30.47,64.0,113.83,192.81,434.44,846.18,0.55,28.58,102.25,152.45,1,1,1,1
SMP_000408,26.094578,92.135144,2024-07-02T12:00:00Z,0.1509,12.08,33.67,64.04,113.04,178.29,411.79,786.44,0.55,30.26,102.75,154.49,1,1,1,1
SMP_000408,26.094578,92.135144,2024-07-03T12:00:00Z,0.1509,6.74,20.89,46.55,88.46,149.31,363.49,729.47,0.55,21.85,77.6,126.94,0,1,1,1
SMP_000408,26.094578,92.135144,2024-07-04T12:00:00Z,0.1509,0.0,0.53,3.17,13.53,43.17,137.35,306.33,0.331,3.93,13.37,45.76,0,0,0,0
SMP_000408,26.094578,92.135144,2024-07-05T12:00:00Z,0.1509,0.0,4.13,9.08,22.57,45.87,120.32,251.32,0.314,3.37,26.4,33.0,0,0,0,0
SMP_000350,25.88692,92.61347,2024-07-01T12:00:00Z,0.1365,9.44,29.18,59.46,108.67,182.31,422.29,795.75,0.55,30.01,99.29,136.35,1,1,1,1
SMP_000350,25.88692,92.61347,2024-07-02T12:00:00Z,0.1365,13.78,39.93,73.79,129.19,202.8,456.85,873.34,0.55,34.14,110.46,164.21,1,1,1,1
SMP_000350,25.88692,92.61347,2024-07-03T12:00:00Z,0.1365,9.77,29.88,56.14,93.51,147.75,371.92,692.77,0.549,26.44,85.11,127.03,0,1,1,1
SMP_000350,25.88692,92.61347,2024-07-04T12:00:00Z,0.1365,0.0,1.82,4.89,18.8,35.74,123.43,276.97,0.294,0.57,22.76,37.49,0,0,0,0
SMP_000350,25.88692,92.61347,2024-07-05T12:00:00Z,0.1365,0.0,3.17,6.0,21.0,46.25,119.62,261.96,0.317,6.31,22.78,38.22,0,0,0,0
SMP_000857,26.292705163120385,93.91197815183222,2024-07-01T12:00:00Z,0.1103,11.43,32.46,65.22,111.98,187.77,429.43,793.21,0.55,31.15,95.72,149.43,1,1,1,1
SMP_000857,26.292705163120385,93.91197815183222,2024-07-02T12:00:00Z,0.1103,11.53,33.94,70.92,126.18,204.61,493.96,942.4,0.55,31.73,113.99,161.41,1,1,1,1
SMP_000857,26.292705163120385,93.91197815183222,2024-07-03T12:00:00Z,0.1103,4.64,13.63,30.89,58.55,102.2,238.85,478.91,0.447,15.21,47.06,81.12,0,0,0,1
SMP_000857,26.292705163120385,93.91197815183222,2024-07-04T12:00:00Z,0.1103,0.0,3.39,15.19,35.64,77.41,205.76,402.98,0.397,2.91,26.88,68.34,0,0,0,0
SMP_000857,26.292705163120385,93.91197815183222,2024-07-05T12:00:00Z,0.1103,0.0,4.77,8.69,22.58,57.57,149.28,320.44,0.326,2.37,19.8,44.77,0,0,0,0
SMP_001061,26.40424056745513,92.83380116010709,2024-07-01T12:00:00Z,0.1053,11.71,33.51,62.63,110.22,171.29,409.85,803.83,0.55,30.97,91.56,130.4,1,1,1,1
SMP_001061,26.40424056745513,92.83380116010709,2024-07-02T12:00:00Z,0.1053,10.76,28.66,60.88,99.62,170.45,421.83,780.39,0.55,24.67,81.42,140.91,1,1,1,1
SMP_001061,26.40424056745513,92.83380116010709,2024-07-03T12:00:00Z,0.1053,3.27,10.72,20.48,42.39,69.89,200.69,408.67,0.38,12.2,37.65,66.1,0,0,0,0
SMP_001061,26.40424056745513,92.83380116010709,2024-07-04T12:00:00Z,0.1053,0.0,2.79,10.87,21.76,46.32,134.42,316.08,0.342,5.16,19.81,39.74,0,0,0,0
SMP_001061,26.40424056745513,92.83380116010709,2024-07-05T12:00:00Z,0.1053,0.0,4.55,14.0,30.76,71.09,202.51,424.73,0.377,8.01,32.36,53.18,0,0,0,0
SMP_000481,26.20536,91.86497,2024-07-01T12:00:00Z,0.2362,10.82,28.51,56.26,93.53,155.1,359.97,687.07,0.533,26.21,87.2,127.14,1,1,1,1
SMP_000481,26.20536,91.86497,2024-07-02T12:00:00Z,0.2362,11.76,30.58,60.09,108.14,170.61,400.22,798.37,0.55,31.32,94.14,149.0,1,1,1,1
SMP_000481,26.20536,91.86497,2024-07-03T12:00:00Z,0.2362,5.56,15.57,36.99,66.08,110.65,290.62,587.84,0.481,17.05,59.72,85.43,0,0,1,1
SMP_000481,26.20536,91.86497,2024-07-04T12:00:00Z,0.2362,0.0,1.19,9.25,26.01,56.08,143.54,296.68,0.315,4.14,29.57,49.06,0,0,0,0
SMP_000481,26.20536,91.86497,2024-07-05T12:00:00Z,0.2362,0.0,3.54,6.5,16.4,39.38,120.63,258.58,0.328,3.63,11.67,29.91,0,0,0,0
SMP_000755,26.150528,91.727667,2024-07-01T12:00:00Z,0.5611,10.56,30.75,61.01,107.38,167.88,404.07,794.18,0.55,27.99,87.91,141.29,1,1,1,1
SMP_000755,26.150528,91.727667,2024-07-02T12:00:00Z,0.5611,12.03,32.92,68.0,113.18,181.49,428.64,813.16,0.55,30.88,99.42,146.3,1,1,1,1
SMP_000755,26.150528,91.727667,2024-07-03T12:00:00Z,0.5611,6.2,17.19,34.52,70.12,128.21,302.56,588.48,0.509,13.62,59.04,107.9,0,1,1,1
SMP_000755,26.150528,91.727667,2024-07-04T12:00:00Z,0.5611,0.0,4.21,16.98,37.78,67.84,184.98,382.05,0.373,6.64,35.94,60.58,0,0,0,1
SMP_000755,26.150528,91.727667,2024-07-05T12:00:00Z,0.5611,0.0,3.55,8.27,27.31,65.71,188.83,387.85,0.384,4.46,30.03,62.98,0,0,0,1
SMP_000270,25.438723,92.912025,2024-07-01T12:00:00Z,0.2536,4.3,13.82,29.37,59.39,101.0,266.65,524.21,0.451,10.93,51.94,85.63,0,0,1,1
SMP_000270,25.438723,92.912025,2024-07-02T12:00:00Z,0.2536,12.76,33.34,66.52,113.18,193.46,468.36,877.61,0.55,31.23,92.64,162.21,1,1,1,1
SMP_000270,25.438723,92.912025,2024-07-03T12:00:00Z,0.2536,13.48,37.83,76.35,134.18,223.8,527.98,1004.12,0.55,35.87,114.23,188.99,1,1,1,1
SMP_000270,25.438723,92.912025,2024-07-04T12:00:00Z,0.2536,6.02,20.31,46.05,76.6,134.25,310.7,618.68,0.506,22.1,63.97,99.91,0,1,1,1
SMP_000270,25.438723,92.912025,2024-07-05T12:00:00Z,0.2536,0.0,4.05,11.68,26.35,57.59,146.37,305.92,0.314,5.02,22.41,49.25,0,0,0,0
SMP_001505,26.773125046166612,90.74538741807301,2024-07-01T12:00:00Z,0.1071,13.07,38.21,72.95,119.58,203.2,471.47,919.02,0.55,32.55,104.12,159.52,1,1,1,1
SMP_001505,26.773125046166612,90.74538741807301,2024-07-02T12:00:00Z,0.1071,8.45,25.49,49.45,91.28,156.03,390.71,741.02,0.55,24.77,77.65,130.19,1,1,1,1
SMP_001505,26.773125046166612,90.74538741807301,2024-07-03T12:00:00Z,0.1071,0.0,4.09,16.54,35.91,71.35,193.49,412.76,0.364,4.04,35.38,55.93,0,0,0,0
SMP_001505,26.773125046166612,90.74538741807301,2024-07-04T12:00:00Z,0.1071,0.0,4.66,13.1,33.09,65.9,172.86,354.77,0.367,5.9,28.81,52.25,0,0,0,0
SMP_001505,26.773125046166612,90.74538741807301,2024-07-05T12:00:00Z,0.1071,0.0,0.4,3.75,11.73,25.3,66.1,170.79,0.248,2.04,5.31,10.65,0,0,0,0
SMP_001155,25.676183474945624,94.11965910790495,2024-07-01T12:00:00Z,0.4,9.29,25.77,55.14,95.21,150.77,365.88,688.17,0.539,25.19,79.82,112.05,1,1,1,1
SMP_001155,25.676183474945624,94.11965910790495,2024-07-02T12:00:00Z,0.4,17.5,49.41,96.77,161.41,255.74,574.72,1061.12,0.55,45.17,143.11,214.05,1,1,1,1
SMP_001155,25.676183474945624,94.11965910790495,2024-07-03T12:00:00Z,0.4,15.1,42.97,77.9,133.4,215.47,516.32,989.51,0.55,37.29,112.83,180.86,1,1,1,1
SMP_001155,25.676183474945624,94.11965910790495,2024-07-04T12:00:00Z,0.4,3.54,11.4,23.92,43.38,74.19,194.33,397.68,0.375,9.16,35.59,65.26,0,0,0,1
SMP_001155,25.676183474945624,94.11965910790495,2024-07-05T12:00:00Z,0.4,0.0,0.91,7.67,14.65,35.38,108.29,243.62,0.276,3.48,19.72,30.31,0,0,0,0
SMP_000420,26.103028,92.440889,2024-07-01T12:00:00Z,0.2544,10.89,28.47,54.4,96.14,160.78,368.01,718.76,0.533,25.4,81.89,127.37,1,1,1,1
SMP_000420,26.103028,92.440889,2024-07-02T12:00:00Z,0.2544,12.94,35.51,70.35,124.96,197.63,476.5,929.63,0.55,35.74,110.31,153.34,1,1,1,1
SMP_000420,26.103028,92.440889,2024-07-03T12:00:00Z,0.2544,7.14,22.21,48.71,86.66,136.3,325.79,656.27,0.493,18.99,78.35,109.0,0,1,1,1
SMP_000420,26.103028,92.440889,2024-07-04T12:00:00Z,0.2544,0.0,1.21,6.25,15.7,44.14,115.82,260.36,0.321,0.03,16.85,26.5,0,0,0,0
SMP_000420,26.103028,92.440889,2024-07-05T12:00:00Z,0.2544,0.0,0.25,5.46,10.92,39.83,122.54,274.99,0.284,-0.16,13.72,29.23,0,0,0,0
SMP_001324,24.873552565239695,92.84040443298048,2024-07-01T12:00:00Z,0.1031,0.0,4.59,11.67,23.37,41.81,123.11,272.36,0.303,3.04,23.69,37.97,0,0,0,0
SMP_001324,24.873552565239695,92.84040443298048,2024-07-02T12:00:00Z,0.1031,6.22,19.76,38.18,72.46,119.18,294.58,605.2,0.478,20.93,69.33,97.38,0,0,1,1
SMP_001324,24.873552565239695,92.84040443298048,2024-07-03T12:00:00Z,0.1031,11.76,32.4,60.85,106.94,168.89,397.83,789.97,0.55,31.63,94.7,134.25,1,1,1,1
SMP_001324,24.873552565239695,92.84040443298048,2024-07-04T12:00:00Z,0.1031,10.17,28.93,54.47,94.23,148.19,363.74,723.21,0.54,27.06,85.84,129.67,0,1,1,1
SMP_001324,24.873552565239695,92.84040443298048,2024-07-05T12:00:00Z,0.1031,2.41,9.41,20.58,42.81,82.57,219.55,439.62,0.39,12.28,36.45,77.79,0,0,0,0
SMP_000918,25.971242688157176,93.25247625163347,2024-07-01T12:00:00Z,0.1608,9.49,27.72,50.57,85.07,139.86,324.96,606.68,0.495,23.03,69.71,107.06,0,1,1,1
SMP_000918,25.971242688157176,93.25247625163347,2024-07-02T12:00:00Z,0.1608,12.73,34.93,67.07,115.11,186.29,445.45,855.12,0.55,33.22,101.83,144.31,1,1,1,1
SMP_000918,25.971242688157176,93.25247625163347,2024-07-03T12:00:00Z,0.1608,8.25,26.1,55.84,95.95,156.9,384.38,750.35,0.55,22.26,81.44,117.95,1,1,1,1
SMP_000918,25.971242688157176,93.25247625163347,2024-07-04T12:00:00Z,0.1608,0.0,1.9,3.42,10.36,20.72,59.33,173.69,0.258,0.42,12.27,18.75,0,0,0,0
SMP_000918,25.971242688157176,93.25247625163347,2024-07-05T12:00:00Z,0.1608,0.0,4.8,15.72,35.64,60.06,179.63,396.9,0.376,7.79,37.83,43.73,0,0,0,0
SMP_001246,25.983236885299277,90.20774316154909,2024-07-01T12:00:00Z,0.1022,9.1,24.23,52.01,96.07,156.79,388.19,772.06,0.55,23.32,86.27,119.63,1,1,1,1
SMP_001246,25.983236885299277,90.20774316154909,2024-07-02T12:00:00Z,0.1022,12.07,35.14,66.14,115.81,194.9,453.12,874.95,0.55,35.15,99.96,157.29,1,1,1,1
SMP_001246,25.983236885299277,90.20774316154909,2024-07-03T12:00:00Z,0.1022,7.72,23.26,44.46,84.53,132.94,313.52,606.22,0.484,24.42,72.5,96.98,0,1,1,1
SMP_001246,25.983236885299277,90.20774316154909,2024-07-04T12:00:00Z,0.1022,0.0,4.24,15.0,31.78,70.82,200.25,381.3,0.362,5.81,28.2,59.45,0,0,0,0
SMP_001246,25.983236885299277,90.20774316154909,2024-07-05T12:00:00Z,0.1022,0.0,0.93,9.78,20.71,44.16,131.41,264.91,0.328,4.07,17.68,46.45,0,0,0,0
SMP_000781,25.18846,93.003768,2024-07-01T12:00:00Z,0.4025,0.84,3.26,7.7,14.8,44.18,134.41,305.69,0.301,1.01,20.22,38.08,0,0,0,0
SMP_000781,25.18846,93.003768,2024-07-02T12:00:00Z,0.4025,11.34,32.18,62.59,111.21,172.58,399.1,783.48,0.55,30.42,97.02,143.57,1,1,1,1
SMP_000781,25.18846,93.003768,2024-07-03T12:00:00Z,0.4025,14.96,43.2,84.77,141.29,222.01,513.57,959.76,0.55,37.82,116.19,170.82,1,1,1,1
SMP_000781,25.18846,93.003768,2024-07-04T12:00:00Z,0.4025,9.51,28.26,56.14,96.0,161.22,403.81,778.6,0.55,24.59,77.53,137.84,1,1,1,1
SMP_000781,25.18846,93.003768,2024-07-05T12:00:00Z,0.4025,0.0,4.53,16.9,39.84,70.65,186.27,359.58,0.359,3.29,32.41,59.61,0,0,0,1
SMP_000383,26.039194,92.4595,2024-07-01T12:00:00Z,0.3499,10.44,31.66,63.72,115.57,180.87,421.48,797.85,0.55,28.11,100.08,153.03,1,1,1,1
SMP_000383,26.039194,92.4595,2024-07-02T12:00:00Z,0.3499,13.13,34.67,68.73,118.37,201.88,460.11,903.84,0.55,34.76,105.72,165.17,1,1,1,1
SMP_000383,26.039194,92.4595,2024-07-03T12:00:00Z,0.3499,7.86,21.08,39.43,72.01,119.12,310.58,625.83,0.474,19.06,65.77,107.27,0,1,1,1
SMP_000383,26.039194,92.4595,2024-07-04T12:00:00Z,0.3499,0.0,1.11,9.86,26.74,56.0,173.07,371.4,0.377,3.37,29.42,59.29,0,0,0,0
SMP_000383,26.039194,92.4595,2024-07-05T12:00:00Z,0.3499,0.0,3.04,9.02,19.5,41.16,126.91,261.65,0.336,1.98,11.87,24.88,0,0,0,0
SMP_001352,25.874319673627646,93.57851044520176,2024-07-01T12:00:00Z,0.1484,8.66,25.58,50.74,89.6,157.03,379.47,747.79,0.55,23.07,73.53,133.12,1,1,1,1
SMP_001352,25.874319673627646,93.57851044520176,2024-07-02T12:00:00Z,0.1484,12.82,35.01,64.24,108.6,183.62,443.6,840.8,0.55,29.72,99.67,137.02,1,1,1,1
SMP_001352,25.874319673627646,93.57851044520176,2024-07-03T12:00:00Z,0.1484,9.2,24.76,46.83,77.0,140.2,337.6,645.54,0.512,24.35,69.47,124.8,0,1,1,1
SMP_001352,25.874319673627646,93.57851044520176,2024-07-04T12:00:00Z,0.1484,0.0,2.47,8.9,23.9,46.21,137.0,278.12,0.311,4.58,19.09,34.04,0,0,0,0
SMP_001352,25.874319673627646,93.57851044520176,2024-07-05T12:00:00Z,0.1484,0.0,1.57,10.27,30.13,67.53,198.56,417.24,0.368,-0.28,24.61,48.7,0,0,0,0
SMP_001029,26.751229435773997,92.84254111539413,2024-07-01T12:00:00Z,0.1141,12.27,32.06,62.49,112.44,187.39,438.01,824.97,0.55,30.74,102.77,148.49,1,1,1,1
SMP_001029,26.751229435773997,92.84254111539413,2024-07-02T12:00:00Z,0.1141,8.13,22.75,48.3,86.32,137.11,325.97,657.46,0.492,22.11,76.89,119.89,0,1,1,1
SMP_001029,26.751229435773997,92.84254111539413,2024-07-03T12:00:00Z,0.1141,0.0,0.2,9.42,19.52,51.9,124.93,290.93,0.33,-1.74,13.78,49.14,0,0,0,0
SMP_001029,26.751229435773997,92.84254111539413,2024-07-04T12:00:00Z,0.1141,0.0,1.91,5.92,19.17,47.46,117.48,246.58,0.289,0.67,18.22,32.39,0,0,0,0
SMP_001029,26.751229435773997,92.84254111539413,2024-07-05T12:00:00Z,0.1141,0.0,0.26,8.12,23.62,48.28,144.3,321.35,0.32,-0.22,18.74,50.91,0,0,0,0
SMP_000617,25.15667,93.01275,2024-07-01T12:00:00Z,0.4158,0.34,3.17,5.74,15.32,30.93,96.68,229.78,0.294,4.25,14.27,38.12,0,0,0,0
SMP_000617,25.15667,93.01275,2024-07-02T12:00:00Z,0.4158,10.44,28.18,56.61,103.59,162.87,381.7,717.82,0.55,23.86,83.17,126.57,1,1,1,1
SMP_000617,25.15667,93.01275,2024-07-03T12:00:00Z,0.4158,14.21,37.0,66.91,111.99,177.61,422.78,797.21,0.55,33.66,95.37,154.95,1,1,1,1
SMP_000617,25.15667,93.01275,2024-07-04T12:00:00Z,0.4158,9.36,28.46,60.38,104.34,175.03,398.45,781.59,0.55,25.34,84.33,133.12,1,1,1,1
SMP_000617,25.15667,93.01275,2024-07-05T12:00:00Z,0.4158,0.0,0.43,1.21,4.19,16.71,47.29,141.65,0.24,-0.43,1.56,12.29,0,0,0,0
SMP_000239,25.410611,93.284,2024-07-01T12:00:00Z,0.2057,3.59,9.71,23.64,46.52,83.36,227.88,452.36,0.398,7.52,47.19,81.67,0,0,0,1
SMP_000239,25.410611,93.284,2024-07-02T12:00:00Z,0.2057,11.53,32.68,63.82,104.3,180.32,423.53,838.08,0.55,30.09,95.1,146.91,1,1,1,1
SMP_000239,25.410611,93.284,2024-07-03T12:00:00Z,0.2057,12.48,36.3,66.42,116.94,193.83,438.0,835.57,0.55,32.3,103.46,163.71,1,1,1,1
SMP_000239,25.410611,93.284,2024-07-04T12:00:00Z,0.2057,5.85,16.84,36.07,63.11,118.17,288.0,574.82,0.457,15.63,49.97,91.12,0,0,1,1
SMP_000239,25.410611,93.284,2024-07-05T12:00:00Z,0.2057,0.0,0.71,2.53,16.17,41.66,132.93,289.42,0.327,0.71,12.42,30.42,0,0,0,0
SMP_000843,25.71977025930174,93.94302824000414,2024-07-01T12:00:00Z,0.3113,9.13,23.89,46.71,85.04,144.97,348.44,687.11,0.52,23.54,76.69,108.52,1,1,1,1
SMP_000843,25.71977025930174,93.94302824000414,2024-07-02T12:00:00Z,0.3113,16.2,46.23,89.75,154.95,246.23,554.73,1026.77,0.55,39.75,128.17,191.55,1,1,1,1
SMP_000843,25.71977025930174,93.94302824000414,2024-07-03T12:00:00Z,0.3113,13.45,36.59,70.43,124.51,209.38,506.98,949.29,0.55,35.97,109.89,174.96,1,1,1,1
SMP_000843,25.71977025930174,93.94302824000414,2024-07-04T12:00:00Z,0.3113,2.54,11.13,20.21,38.23,81.07,215.17,446.3,0.404,9.26,39.01,79.65,0,0,0,1
SMP_000843,25.71977025930174,93.94302824000414,2024-07-05T12:00:00Z,0.3113,0.0,3.14,11.23,26.83,57.69,147.61,310.27,0.329,6.25,27.85,49.67,0,0,0,0
SMP_001342,25.428073701418942,91.41894075582026,2024-07-01T12:00:00Z,0.2452,5.28,16.97,37.05,72.71,122.15,297.77,601.34,0.491,18.1,65.02,101.69,0,1,1,1
SMP_001342,25.428073701418942,91.41894075582026,2024-07-02T12:00:00Z,0.2452,16.13,45.78,90.05,155.72,239.12,557.83,1037.19,0.55,43.96,132.07,196.04,1,1,1,1
SMP_001342,25.428073701418942,91.41894075582026,2024-07-03T12:00:00Z,0.2452,17.19,48.01,96.37,159.49,263.91,630.09,1196.34,0.55,42.83,136.38,221.53,1,1,1,1
SMP_001342,25.428073701418942,91.41894075582026,2024-07-04T12:00:00Z,0.2452,7.83,23.36,49.19,85.95,144.41,343.48,644.05,0.54,20.94,69.18,108.84,0,1,1,1
SMP_001342,25.428073701418942,91.41894075582026,2024-07-05T12:00:00Z,0.2452,0.0,2.6,9.83,25.35,58.64,159.0,306.35,0.325,2.73,25.76,59.02,0,0,0,0
SMP_000170,25.19,93.3,2024-07-01T12:00:00Z,0.2184,0.85,5.11,14.07,34.09,57.33,150.57,306.78,0.354,5.65,28.73,54.99,0,0,0,0
SMP_000170,25.19,93.3,2024-07-02T12:00:00Z,0.2184,11.3,31.06,57.67,96.22,154.72,362.72,716.42,0.55,26.06,88.59,113.81,1,1,1,1
SMP_000170,25.19,93.3,2024-07-03T12:00:00Z,0.2184,14.88,42.47,85.36,142.96,233.61,560.06,1050.48,0.55,36.59,123.77,195.46,1,1,1,1
SMP_000170,25.19,93.3,2024-07-04T12:00:00Z,0.2184,9.44,24.77,48.3,81.42,131.48,327.58,650.73,0.534,22.44,67.97,115.66,0,1,1,1
SMP_000170,25.19,93.3,2024-07-05T12:00:00Z,0.2184,0.0,2.69,5.59,13.37,36.63,91.46,197.86,0.293,5.77,16.29,42.23,0,0,0,0
SMP_001114,24.179978266892718,93.76118790228773,2024-07-01T12:00:00Z,0.4023,0.0,4.57,8.45,26.88,49.96,154.22,339.55,0.331,6.12,23.77,40.28,0,0,0,0
SMP_001114,24.179978266892718,93.76118790228773,2024-07-02T12:00:00Z,0.4023,0.0,2.53,14.17,28.24,57.87,149.95,326.02,0.317,1.13,28.12,56.78,0,0,0,0
SMP_001114,24.179978266892718,93.76118790228773,2024-07-03T12:00:00Z,0.4023,9.91,29.77,61.74,112.32,184.2,438.37,864.53,0.55,25.66,91.01,137.69,1,1,1,1
SMP_001114,24.179978266892718,93.76118790228773,2024-07-04T12:00:00Z,0.4023,16.31,46.62,91.61,153.06,246.77,589.28,1112.99,0.55,42.5,135.24,207.2,1,1,1,1
SMP_001114,24.179978266892718,93.76118790228773,2024-07-05T12:00:00Z,0.4023,12.82,35.25,68.05,122.34,194.83,446.09,870.56,0.55,32.8,104.0,159.3,1,1,1,1
SMP_001313,27.473930873195798,95.24389957847903,2024-07-01T12:00:00Z,0.1034,8.96,24.04,49.16,87.05,144.97,361.93,700.57,0.55,20.73,76.08,113.12,0,1,1,1
SMP_001313,27.473930873195798,95.24389957847903,2024-07-02T12:00:00Z,0.1034,0.01,3.85,13.25,31.39,71.63,185.58,363.03,0.356,3.79,34.28,66.2,0,0,0,0
SMP_001313,27.473930873195798,95.24389957847903,2024-07-03T12:00:00Z,0.1034,0.0,0.21,0.4,13.41,44.8,123.16,264.74,0.289,-0.74,13.17,36.92,0,0,0,0
SMP_001313,27.473930873195798,95.24389957847903,2024-07-04T12:00:00Z,0.1034,0.0,0.38,8.33,25.74,51.88,142.12,307.74,0.325,1.3,23.49,51.24,0,0,0,0
SMP_001313,27.473930873195798,95.24389957847903,2024-07-05T12:00:00Z,0.1034,0.0,0.19,0.59,6.12,26.47,102.87,245.59,0.306,3.1,0.75,32.48,0,0,0,0
SMP_000651,25.156694,93.017667,2024-07-01T12:00:00Z,0.653,0.35,2.86,9.78,25.7,53.19,136.44,305.56,0.304,1.27,18.68,55.42,0,0,0,1
SMP_000651,25.156694,93.017667,2024-07-02T12:00:00Z,0.653,10.62,31.39,59.42,102.86,171.78,420.39,800.51,0.55,28.76,92.61,138.3,1,1,1,1
SMP_000651,25.156694,93.017667,2024-07-03T12:00:00Z,0.653,14.45,37.98,68.49,118.64,192.06,433.71,831.83,0.55,35.6,101.91,150.35,1,1,1,1
SMP_000651,25.156694,93.017667,2024-07-04T12:00:00Z,0.653,9.51,25.1,50.33,94.55,165.8,381.78,735.94,0.55,21.63,84.91,129.91,1,1,1,1
SMP_000651,25.156694,93.017667,2024-07-05T12:00:00Z,0.653,0.0,0.67,2.61,9.79,36.03,123.71,286.73,0.31,-0.18,11.66,25.67,0,0,0,0
SMP_000044,25.032989,92.462214,2024-07-01T12:00:00Z,0.5276,0.0,1.34,11.54,22.66,40.19,105.22,223.64,0.268,1.45,24.54,39.08,0,0,0,0
SMP_000044,25.032989,92.462214,2024-07-02T12:00:00Z,0.5276,8.01,23.91,49.77,91.93,162.55,387.96,748.11,0.55,20.95,78.2,130.31,1,1,1,1
SMP_000044,25.032989,92.462214,2024-07-03T12:00:00Z,0.5276,12.41,36.93,73.92,124.57,201.5,478.34,903.7,0.55,35.2,101.16,162.32,1,1,1,1
SMP_000044,25.032989,92.462214,2024-07-04T12:00:00Z,0.5276,9.27,24.43,46.13,82.96,139.22,343.22,675.8,0.534,21.65,70.25,111.88,1,1,1,1
SMP_000044,25.032989,92.462214,2024-07-05T12:00:00Z,0.5276,0.51,6.31,15.94,35.82,65.79,191.22,396.97,0.384,6.23,30.2,50.14,0,0,0,1
SMP_000411,26.098167,91.881278,2024-07-01T12:00:00Z,0.22,10.17,27.64,51.8,96.66,163.19,398.09,740.24,0.55,25.6,81.42,125.81,1,1,1,1
SMP_000411,26.098167,91.881278,2024-07-02T12:00:00Z,0.22,12.13,35.51,73.06,119.04,202.92,458.14,865.83,0.55,31.28,107.26,165.33,1,1,1,1
SMP_000411,26.098167,91.881278,2024-07-03T12:00:00Z,0.22,6.74,20.97,42.37,81.48,133.86,306.74,630.6,0.503,21.5,66.4,117.16,0,1,1,1
SMP_000411,26.098167,91.881278,2024-07-04T12:00:00Z,0.22,0.0,4.23,14.25,29.85,65.17,184.66,357.79,0.362,4.85,23.62,57.94,0,0,0,0
SMP_000411,26.098167,91.881278,2024-07-05T12:00:00Z,0.22,0.0,4.88,16.46,31.38,63.39,189.36,414.46,0.361,4.31,28.35,44.13,0,0,0,0
SMP_000887,23.38244426635971,93.13200852270515,2024-07-01T12:00:00Z,0.3274,0.0,4.38,13.01,31.37,54.56,167.12,376.71,0.367,5.21,24.16,44.62,0,0,0,0
SMP_000887,23.38244426635971,93.13200852270515,2024-07-02T12:00:00Z,0.3274,0.0,0.39,3.08,7.84,27.65,78.08,166.12,0.284,3.48,4.67,27.19,0,0,0,0
SMP_000887,23.38244426635971,93.13200852270515,2024-07-03T12:00:00Z,0.3274,0.0,4.3,13.69,33.31,58.86,167.98,366.76,0.351,4.66,26.29,61.19,0,0,0,0
SMP_000887,23.38244426635971,93.13200852270515,2024-07-04T12:00:00Z,0.3274,8.35,23.19,47.47,79.03,143.47,360.63,687.28,0.544,24.86,69.75,108.9,1,1,1,1
SMP_000887,23.38244426635971,93.13200852270515,2024-07-05T12:00:00Z,0.3274,13.7,39.13,80.36,135.91,210.17,493.09,931.29,0.55,37.19,113.75,180.97,1,1,1,1
SMP_001223,23.20607389313763,92.95570453389452,2024-07-01T12:00:00Z,0.3274,0.0,2.2,11.63,29.74,69.38,194.4,390.2,0.361,5.92,30.91,51.68,0,0,0,0
SMP_001223,23.20607389313763,92.95570453389452,2024-07-02T12:00:00Z,0.3274,0.0,1.71,10.61,25.44,55.86,136.94,278.4,0.313,3.92,27.32,42.59,0,0,0,0
SMP_001223,23.20607389313763,92.95570453389452,2024-07-03T12:00:00Z,0.3274,0.0,3.0,11.11,20.04,50.68,150.73,343.39,0.32,2.19,20.09,54.3,0,0,0,0
SMP_001223,23.20607389313763,92.95570453389452,2024-07-04T12:00:00Z,0.3274,6.29,16.81,35.51,67.41,107.34,271.67,547.15,0.463,14.04,60.18,88.53,0,1,1,1
SMP_001223,23.20607389313763,92.95570453389452,2024-07-05T12:00:00Z,0.3274,13.19,36.74,70.59,115.2,187.54,446.76,870.04,0.55,34.19,104.7,152.62,1,1,1,1
SMP_000589,25.17144,93.005694,2024-07-01T12:00:00Z,0.3216,0.57,4.14,14.74,30.56,55.19,135.56,304.83,0.342,5.16,22.32,37.87,0,0,0,0
SMP_000589,25.17144,93.005694,2024-07-02T12:00:00Z,0.3216,11.02,33.24,66.23,119.19,191.18,439.8,818.0,0.55,29.52,100.67,155.66,1,1,1,1
SMP_000589,25.17144,93.005694,2024-07-03T12:00:00Z,0.3216,14.78,41.39,80.39,141.67,227.87,511.43,973.02,0.55,40.57,117.76,177.22,1,1,1,1
SMP_000589,25.17144,93.005694,2024-07-04T12:00:00Z,0.3216,9.57,29.25,61.03,103.02,167.9,416.62,774.05,0.55,24.63,88.88,138.01,1,1,1,1
SMP_000589,25.17144,93.005694,2024-07-05T12:00:00Z,0.3216,0.0,2.66,5.68,22.77,48.66,134.72,321.25,0.339,1.08,25.45,44.67,0,0,0,0
SMP_000715,26.105917,91.622833,2024-07-01T12:00:00Z,0.2422,10.12,27.26,50.92,92.58,150.22,358.46,719.46,0.55,25.36,75.62,119.47,1,1,1,1
SMP_000715,26.105917,91.622833,2024-07-02T12:00:00Z,0.2422,11.99,32.37,63.59,111.46,191.75,445.75,859.68,0.55,31.49,96.9,152.63,1,1,1,1
SMP_000715,26.105917,91.622833,2024-07-03T12:00:00Z,0.2422,6.59,21.6,47.88,85.67,142.37,345.54,659.71,0.524,23.43,68.19,112.68,0,1,1,1
SMP_000715,26.105917,91.622833,2024-07-04T12:00:00Z,0.2422,0.0,4.35,12.27,33.87,70.43,189.67,373.12,0.354,5.04,25.81,71.24,0,0,0,0
SMP_000715,26.105917,91.622833,2024-07-05T12:00:00Z,0.2422,0.0,2.12,10.9,24.08,58.48,174.04,369.07,0.335,4.17,17.55,41.86,0,0,0,0
SMP_000366,25.96667,92.356917,2024-07-01T12:00:00Z,0.1869,10.88,30.48,56.7,101.34,157.26,392.3,726.79,0.55,25.75,84.88,137.82,1,1,1,1
SMP_000366,25.96667,92.356917,2024-07-02T12:00:00Z,0.1869,14.66,42.94,83.34,146.36,229.97,532.88,983.94,0.55,38.01,123.56,182.64,1,1,1,1
SMP_000366,25.96667,92.356917,2024-07-03T12:00:00Z,0.1869,9.55,26.98,49.13,84.13,148.28,348.53,677.74,0.53,28.19,68.67,127.69,0,1,1,1
SMP_000366,25.96667,92.356917,2024-07-04T12:00:00Z,0.1869,0.0,3.45,7.98,23.94,57.03,164.4,358.71,0.367,6.57,27.2,48.22,0,0,0,0
SMP_000366,25.96667,92.356917,2024-07-05T12:00:00Z,0.1869,0.0,0.15,3.35,17.4,44.77,142.79,310.5,0.308,2.39,10.29,32.11,0,0,0,0
SMP_000889,23.42549262568174,91.33722361146005,2024-07-01T12:00:00Z,0.3274,0.0,1.38,3.01,17.33,43.85,130.59,280.05,0.321,-0.28,10.07,25.51,0,0,0,0
SMP_000889,23.42549262568174,91.33722361146005,2024-07-02T12:00:00Z,0.3274,0.0,2.53,12.02,29.8,57.1,173.37,359.92,0.352,3.76,22.62,52.13,0,0,0,0
SMP_000889,23.42549262568174,91.33722361146005,2024-07-03T12:00:00Z,0.3274,0.0,4.0,15.56,32.5,58.66,150.38,298.16,0.348,3.24,28.18,57.36,0,0,0,0
SMP_000889,23.42549262568174,91.33722361146005,2024-07-04T12:00:00Z,0.3274,8.81,23.01,48.53,86.23,137.22,314.62,645.67,0.485,21.35,80.76,115.64,0,1,1,1
SMP_000889,23.42549262568174,91.33722361146005,2024-07-05T12:00:00Z,0.3274,13.76,36.18,70.61,127.74,215.72,523.2,992.84,0.55,34.22,109.71,163.2,1,1,1,1
SMP_001630,26.247916785615324,92.18339955387356,2024-07-01T12:00:00Z,0.1031,10.97,32.93,59.39,108.37,169.69,385.02,745.58,0.55,29.21,99.21,150.1,1,1,1,1
SMP_001630,26.247916785615324,92.18339955387356,2024-07-02T12:00:00Z,0.1031,11.5,33.21,61.65,112.68,193.51,460.44,876.46,0.55,28.54,91.7,149.46,1,1,1,1
SMP_001630,26.247916785615324,92.18339955387356,2024-07-03T12:00:00Z,0.1031,5.05,16.16,32.44,66.26,121.04,306.28,629.25,0.48,16.8,56.89,89.75,0,0,1,1
SMP_001630,26.247916785615324,92.18339955387356,2024-07-04T12:00:00Z,0.1031,0.0,3.8,16.48,30.78,51.45,147.58,295.19,0.311,3.74,31.37,48.35,0,0,0,0
SMP_001630,26.247916785615324,92.18339955387356,2024-07-05T12:00:00Z,0.1031,0.0,2.47,12.46,27.14,57.94,167.44,367.11,0.339,1.05,23.32,54.33,0,0,0,0
SMP_000561,26.93819,92.70402,2024-07-01T12:00:00Z,0.1637,12.23,32.73,61.65,101.66,171.3,389.11,754.71,0.55,30.22,88.36,144.54,1,1,1,1
SMP_000561,26.93819,92.70402,2024-07-02T12:00:00Z,0.1637,6.42,19.98,41.38,80.95,135.58,315.49,591.53,0.496,21.88,72.58,122.44,0,1,1,1
SMP_000561,26.93819,92.70402,2024-07-03T12:00:00Z,0.1637,0.0,0.5,7.11,14.86,45.02,109.71,260.05,0.291,3.71,18.52,29.46,0,0,0,0
SMP_000561,26.93819,92.70402,2024-07-04T12:00:00Z,0.1637,0.0,2.58,10.77,29.25,62.06,175.43,365.74,0.368,1.06,21.54,60.89,0,0,0,0
SMP_000561,26.93819,92.70402,2024-07-05T12:00:00Z,0.1637,0.0,3.39,12.7,34.48,73.92,183.7,350.81,0.374,1.1,26.07,62.67,0,0,0,0
SMP_000297,25.57994,92.72822,2024-07-01T12:00:00Z,0.3503,5.96,15.91,38.14,69.38,118.25,294.16,593.42,0.459,12.79,62.42,92.79,0,1,1,1
SMP_000297,25.57994,92.72822,2024-07-02T12:00:00Z,0.3503,13.06,36.59,69.51,114.49,195.25,472.52,896.11,0.55,32.85,94.14,149.16,1,1,1,1
SMP_000297,25.57994,92.72822,2024-07-03T12:00:00Z,0.3503,12.25,35.65,64.74,116.85,199.74,464.75,899.77,0.55,33.9,96.44,158.48,1,1,1,1
SMP_000297,25.57994,92.72822,2024-07-04T12:00:00Z,0.3503,4.0,15.12,36.85,69.3,118.57,295.1,553.54,0.504,16.37,62.82,108.5,0,1,1,1
SMP_000297,25.57994,92.72822,2024-07-05T12:00:00Z,0.3503,0.0,2.82,12.81,28.58,67.38,161.73,344.73,0.325,5.76,25.39,60.33,0,0,0,0
SMP_001295,26.517164613609655,92.49718904456212,2024-07-01T12:00:00Z,0.1053,12.04,35.73,68.22,111.37,185.56,456.98,869.65,0.55,30.91,89.71,150.24,1,1,1,1
SMP_001295,26.517164613609655,92.49718904456212,2024-07-02T12:00:00Z,0.1053,10.01,27.77,57.01,97.93,154.43,358.31,676.41,0.55,28.7,78.6,114.48,0,1,1,1
SMP_001295,26.517164613609655,92.49718904456212,2024-07-03T12:00:00Z,0.1053,1.92,7.63,22.9,46.91,76.49,185.49,385.16,0.357,8.6,36.7,72.3,0,0,0,0
SMP_001295,26.517164613609655,92.49718904456212,2024-07-04T12:00:00Z,0.1053,0.0,2.55,11.34,31.12,60.86,169.57,379.52,0.344,3.8,27.35,52.95,0,0,0,0
SMP_001295,26.517164613609655,92.49718904456212,2024-07-05T12:00:00Z,0.1053,0.0,3.23,6.45,20.63,53.77,156.02,309.01,0.326,6.57,16.75,41.89,0,0,0,0
SMP_000115,25.14,93.31,2024-07-01T12:00:00Z,0.2464,0.12,2.78,6.99,25.69,60.55,159.15,339.5,0.337,1.43,18.33,53.16,0,0,0,0
SMP_000115,25.14,93.31,2024-07-02T12:00:00Z,0.2464,11.72,31.64,62.17,114.41,185.15,420.53,794.44,0.55,26.61,102.69,143.47,1,1,1,1
SMP_000115,25.14,93.31,2024-07-03T12:00:00Z,0.2464,16.22,46.98,91.02,153.17,237.45,557.66,1040.52,0.55,40.55,134.56,190.64,1,1,1,1
SMP_000115,25.14,93.31,2024-07-04T12:00:00Z,0.2464,10.87,28.37,60.89,108.54,179.96,445.19,852.97,0.55,25.3,90.89,151.23,1,1,1,1
SMP_000115,25.14,93.31,2024-07-05T12:00:00Z,0.2464,0.0,2.0,11.55,33.09,62.21,154.0,321.45,0.338,0.76,34.5,55.19,0,0,0,0
SMP_000394,26.048611,92.432194,2024-07-01T12:00:00Z,0.1335,10.88,29.66,53.84,88.28,142.0,345.56,699.3,0.531,28.73,76.66,110.12,0,1,1,1
SMP_000394,26.048611,92.432194,2024-07-02T12:00:00Z,0.1335,13.58,36.02,65.52,111.14,188.47,436.9,825.32,0.55,31.16,98.23,145.31,1,1,1,1
SMP_000394,26.048611,92.432194,2024-07-03T12:00:00Z,0.1335,8.04,21.47,44.27,78.97,140.93,328.7,668.74,0.521,19.36,67.99,121.24,0,1,1,1
SMP_000394,26.048611,92.432194,2024-07-04T12:00:00Z,0.1335,0.0,4.23,12.73,33.28,70.56,200.51,398.86,0.364,4.23,35.34,57.3,0,0,0,0
SMP_000394,26.048611,92.432194,2024-07-05T12:00:00Z,0.1335,0.0,3.67,16.46,32.67,58.13,150.07,325.56,0.349,6.0,32.95,49.02,0,0,0,0
SMP_000425,26.107667,92.44003,2024-07-01T12:00:00Z,0.2763,10.76,28.17,54.22,95.3,152.44,380.5,711.64,0.55,27.89,85.27,121.68,1,1,1,1
SMP_000425,26.107667,92.44003,2024-07-02T12:00:00Z,0.2763,12.73,37.36,76.88,135.72,227.91,528.2,981.01,0.55,34.11,120.67,195.44,1,1,1,1
SMP_000425,26.107667,92.44003,2024-07-03T12:00:00Z,0.2763,6.98,21.33,39.63,65.95,120.6,281.51,533.72,0.448,18.99,58.09,89.27,0,1,1,1
SMP_000425,26.107667,92.44003,2024-07-04T12:00:00Z,0.2763,0.0,2.31,11.89,21.55,41.02,106.43,235.2,0.297,3.91,25.32,35.26,0,0,0,0
SMP_000425,26.107667,92.44003,2024-07-05T12:00:00Z,0.2763,0.0,4.97,18.78,39.89,83.02,224.49,427.23,0.433,6.09,35.83,57.07,0,0,0,1
SMP_001421,24.379343048872457,93.97319047185272,2024-07-01T12:00:00Z,0.5916,0.0,1.33,3.76,12.92,36.13,93.32,197.2,0.257,4.36,11.43,28.91,0,0,0,0
SMP_001421,24.379343048872457,93.97319047185272,2024-07-02T12:00:00Z,0.5916,0.78,6.77,19.11,43.95,76.9,212.32,421.49,0.414,5.53,36.9,60.53,0,0,1,1
SMP_001421,24.379343048872457,93.97319047185272,2024-07-03T12:00:00Z,0.5916,12.6,35.02,69.72,121.59,206.21,466.18,884.19,0.55,30.01,104.52,178.02,1,1,1,1
SMP_001421,24.379343048872457,93.97319047185272,2024-07-04T12:00:00Z,0.5916,16.78,46.35,92.35,159.55,253.81,568.51,1068.06,0.55,41.8,137.64,202.72,1,1,1,1
SMP_001421,24.379343048872457,93.97319047185272,2024-07-05T12:00:00Z,0.5916,10.77,28.89,54.05,101.2,175.86,402.63,796.97,0.55,27.74,88.43,150.02,1,1,1,1
SMP_000220,25.320232,92.818091,2024-07-01T12:00:00Z,0.1513,2.99,11.18,25.97,44.23,76.86,188.39,375.86,0.364,11.83,43.79,62.5,0,0,0,0
SMP_000220,25.320232,92.818091,2024-07-02T12:00:00Z,0.1513,13.4,37.66,73.9,126.71,206.56,469.05,886.82,0.55,37.33,114.41,161.71,1,1,1,1
SMP_000220,25.320232,92.818091,2024-07-03T12:00:00Z,0.1513,15.68,45.68,86.62,145.19,237.98,558.71,1050.56,0.55,44.48,121.34,183.5,1,1,1,1
SMP_000220,25.320232,92.818091,2024-07-04T12:00:00Z,0.1513,8.45,25.96,55.55,94.19,157.46,383.47,719.3,0.55,22.63,85.42,118.78,1,1,1,1
SMP_000220,25.320232,92.818091,2024-07-05T12:00:00Z,0.1513,0.0,3.06,11.61,24.06,58.67,164.6,335.24,0.333,6.55,21.74,43.03,0,0,0,0
SMP_000532,26.57455,93.11244,2024-07-01T12:00:00Z,0.4081,12.43,35.37,64.79,116.12,188.88,464.96,886.84,0.55,30.61,105.0,145.72,1,1,1,1
SMP_000532,26.57455,93.11244,2024-07-02T12:00:00Z,0.4081,9.82,28.08,56.33,101.24,175.58,417.7,784.13,0.55,25.98,93.4,133.57,1,1,1,1
SMP_000532,26.57455,93.11244,2024-07-03T12:00:00Z,0.4081,1.25,6.39,19.66,37.72,64.31,168.92,379.22,0.34,9.41,39.6,60.32,0,0,0,0
SMP_000532,26.57455,93.11244,2024-07-04T12:00:00Z,0.4081,0.0,1.09,7.37,17.63,38.54,114.49,257.44,0.288,4.44,20.17,37.15,0,0,0,0
SMP_000532,26.57455,93.11244,2024-07-05T12:00:00Z,0.4081,0.0,0.26,3.1,19.49,53.57,164.13,317.09,0.368,0.53,12.4,37.49,0,0,0,0
SMP_000426,26.108417,92.440222,2024-07-01T12:00:00Z,0.2442,10.74,32.86,68.17,120.18,201.96,491.24,906.28,0.55,31.76,104.36,171.28,1,1,1,1
SMP_000426,26.108417,92.440222,2024-07-02T12:00:00Z,0.2442,12.7,37.14,75.26,126.4,198.68,485.23,914.12,0.55,35.37,111.58,171.0,1,1,1,1
SMP_000426,26.108417,92.440222,2024-07-03T12:00:00Z,0.2442,6.95,19.73,39.64,78.22,123.73,299.72,572.55,0.493,19.08,69.96,104.25,0,1,1,1
SMP_000426,26.108417,92.440222,2024-07-04T12:00:00Z,0.2442,0.0,4.21,12.18,27.37,54.18,134.09,302.75,0.335,5.08,24.48,55.5,0,0,0,0
SMP_000426,26.108417,92.440222,2024-07-05T12:00:00Z,0.2442,0.0,3.68,10.55,28.23,63.63,187.14,375.3,0.348,5.51,21.94,54.06,0,0,0,0
SMP_000916,25.79013447551615,94.9563427853993,2024-07-01T12:00:00Z,0.5245,11.7,32.89,61.05,104.8,168.73,400.87,777.6,0.55,33.45,96.97,140.6,1,1,1,1
SMP_000916,25.79013447551615,94.9563427853993,2024-07-02T12:00:00Z,0.5245,19.02,54.41,107.66,176.96,275.77,646.38,1230.83,0.55,51.44,155.8,211.29,1,1,1,1
SMP_000916,25.79013447551615,94.9563427853993,2024-07-03T12:00:00Z,0.5245,14.8,42.42,78.8,135.97,222.18,532.55,1023.6,0.55,37.12,116.87,171.59,1,1,1,1
SMP_000916,25.79013447551615,94.9563427853993,2024-07-04T12:00:00Z,0.5245,1.61,4.56,11.72,23.31,40.1,127.7,265.35,0.325,7.11,20.17,29.24,0,0,0,0
SMP_000916,25.79013447551615,94.9563427853993,2024-07-05T12:00:00Z,0.5245,0.0,4.46,12.28,25.39,60.75,149.86,321.54,0.329,3.43,21.7,47.4,0,0,0,0
SMP_000175,25.196694,93.018583,2024-07-01T12:00:00Z,0.5244,0.88,2.46,12.01,33.83,65.63,180.82,373.16,0.37,2.56,29.92,61.4,0,0,0,1
SMP_000175,25.196694,93.018583,2024-07-02T12:00:00Z,0.5244,10.52,28.55,55.59,98.31,161.87,386.35,765.0,0.55,28.88,81.65,125.18,1,1,1,1
SMP_000175,25.196694,93.018583,2024-07-03T12:00:00Z,0.5244,13.78,36.24,72.61,119.29,187.32,445.93,867.07,0.55,35.58,101.61,142.91,1,1,1,1
SMP_000175,25.196694,93.018583,2024-07-04T12:00:00Z,0.5244,8.68,26.22,55.12,91.26,155.18,376.0,749.72,0.537,27.48,80.61,124.15,1,1,1,1
SMP_000175,25.196694,93.018583,2024-07-05T12:00:00Z,0.5244,0.0,2.85,5.14,19.45,39.42,121.84,297.57,0.314,2.67,15.32,35.16,0,0,0,0
SMP_001286,27.3032736087343,94.55334745658874,2024-07-01T12:00:00Z,0.1053,10.22,26.9,58.24,103.07,168.28,395.8,765.52,0.55,25.95,83.41,142.56,1,1,1,1
SMP_001286,27.3032736087343,94.55334745658874,2024-07-02T12:00:00Z,0.1053,2.11,9.55,18.61,42.9,73.33,179.61,344.16,0.359,10.36,41.67,54.93,0,0,0,0
SMP_001286,27.3032736087343,94.55334745658874,2024-07-03T12:00:00Z,0.1053,0.0,1.82,4.86,18.55,49.78,144.05,335.97,0.325,1.74,17.27,38.28,0,0,0,0
SMP_001286,27.3032736087343,94.55334745658874,2024-07-04T12:00:00Z,0.1053,0.0,0.73,7.43,25.32,54.59,137.0,307.78,0.32,2.62,18.1,57.18,0,0,0,0
SMP_001286,27.3032736087343,94.55334745658874,2024-07-05T12:00:00Z,0.1053,0.0,1.48,4.68,22.16,40.72,110.02,259.39,0.307,0.57,22.21,29.81,0,0,0,0
SMP_001489,23.09422112492679,93.01689095541657,2024-07-01T12:00:00Z,0.3274,0.0,2.35,8.32,20.24,38.26,127.61,266.47,0.336,1.43,16.62,44.7,0,0,0,0
SMP_001489,23.09422112492679,93.01689095541657,2024-07-02T12:00:00Z,0.3274,0.0,4.65,15.75,32.43,68.63,169.08,325.56,0.358,3.14,30.09,65.75,0,0,0,0
SMP_001489,23.09422112492679,93.01689095541657,2024-07-03T12:00:00Z,0.3274,0.0,3.04,10.54,21.6,57.32,137.14,319.42,0.329,1.05,16.86,37.57,0,0,0,0
SMP_001489,23.09422112492679,93.01689095541657,2024-07-04T12:00:00Z,0.3274,4.88,16.38,32.66,54.92,97.03,236.45,494.64,0.397,17.47,43.69,91.38,0,0,1,1
SMP_001489,23.09422112492679,93.01689095541657,2024-07-05T12:00:00Z,0.3274,12.66,34.85,68.49,117.51,199.98,473.91,886.64,0.55,34.94,99.53,169.97,1,1,1,1
SMP_001386,26.065719668978897,91.65365826465322,2024-07-01T12:00:00Z,0.19,10.14,27.48,56.63,98.3,170.44,424.44,841.64,0.55,27.43,81.86,131.61,1,1,1,1
SMP_001386,26.065719668978897,91.65365826465322,2024-07-02T12:00:00Z,0.19,12.45,35.65,65.26,113.88,190.08,446.04,869.2,0.55,33.92,102.95,153.56,1,1,1,1
SMP_001386,26.065719668978897,91.65365826465322,2024-07-03T12:00:00Z,0.19,7.22,20.67,42.66,73.64,125.77,290.83,599.48,0.473,17.16,61.33,106.63,0,1,1,1
SMP_001386,26.065719668978897,91.65365826465322,2024-07-04T12:00:00Z,0.19,0.0,3.37,12.35,32.63,66.71,179.65,350.23,0.378,3.49,26.18,51.49,0,0,0,0
SMP_001386,26.065719668978897,91.65365826465322,2024-07-05T12:00:00Z,0.19,0.0,2.1,11.56,22.74,42.65,118.9,239.15,0.318,4.37,20.38,45.51,0,0,0,0
SMP_000344,25.85498,93.56638,2024-07-01T12:00:00Z,0.1678,8.58,26.0,49.17,91.24,153.16,358.08,702.58,0.55,24.84,85.41,125.29,0,1,1,1
SMP_000344,25.85498,93.56638,2024-07-02T12:00:00Z,0.1678,12.97,38.65,74.42,133.7,213.87,510.98,945.48,0.55,38.2,109.15,172.29,1,1,1,1
SMP_000344,25.85498,93.56638,2024-07-03T12:00:00Z,0.1678,9.49,27.79,50.56,83.98,146.04,355.47,698.78,0.55,27.03,76.29,129.9,0,1,1,1
SMP_000344,25.85498,93.56638,2024-07-04T12:00:00Z,0.1678,0.25,3.48,7.43,16.36,32.96,91.82,225.33,0.296,6.29,16.39,41.27,0,0,0,0
SMP_000344,25.85498,93.56638,2024-07-05T12:00:00Z,0.1678,0.0,0.3,6.44,19.96,49.65,123.18,276.62,0.311,2.48,12.54,35.68,0,0,0,0
SMP_000078,25.106956,92.991363,2024-07-01T12:00:00Z,0.3417,0.0,2.61,9.45,19.84,47.89,134.6,290.38,0.339,5.37,23.75,47.27,0,0,0,0
SMP_000078,25.106956,92.991363,2024-07-02T12:00:00Z,0.3417,10.02,30.39,61.55,105.97,170.69,402.11,763.6,0.55,27.53,97.0,137.29,1,1,1,1
SMP_000078,25.106956,92.991363,2024-07-03T12:00:00Z,0.3417,14.34,38.19,72.5,123.88,199.56,461.59,851.1,0.55,32.54,106.26,164.14,1,1,1,1
SMP_000078,25.106956,92.991363,2024-07-04T12:00:00Z,0.3417,9.95,28.71,55.59,93.86,155.01,390.06,738.71,0.55,24.45,76.23,121.78,1,1,1,1
SMP_000078,25.106956,92.991363,2024-07-05T12:00:00Z,0.3417,0.0,1.94,6.17,21.82,57.38,174.16,380.5,0.369,1.67,17.76,42.02,0,0,0,0
SMP_000374,26.022833,92.274028,2024-07-01T12:00:00Z,0.3481,10.24,29.55,60.5,110.99,189.1,460.66,885.86,0.55,25.95,98.04,151.49,1,1,1,1
SMP_000374,26.022833,92.274028,2024-07-02T12:00:00Z,0.3481,13.09,34.6,68.83,118.75,196.63,448.71,843.96,0.55,33.48,101.08,153.76,1,1,1,1
SMP_000374,26.022833,92.274028,2024-07-03T12:00:00Z,0.3481,7.99,24.17,53.3,92.57,149.75,357.9,676.77,0.526,22.1,80.28,123.76,1,1,1,1
SMP_000374,26.022833,92.274028,2024-07-04T12:00:00Z,0.3481,0.0,0.83,4.42,9.97,24.01,97.27,215.51,0.291,3.98,9.28,16.87,0,0,0,0
SMP_000374,26.022833,92.274028,2024-07-05T12:00:00Z,0.3481,0.0,3.63,12.17,28.88,61.94,161.45,323.59,0.352,5.04,30.01,62.98,0,0,0,0
SMP_001510,25.378137015073754,93.22276699044554,2024-07-01T12:00:00Z,0.2148,3.39,8.85,17.92,34.36,64.98,186.34,398.29,0.378,9.12,27.59,45.2,0,0,0,0
SMP_001510,25.378137015073754,93.22276699044554,2024-07-02T12:00:00Z,0.2148,12.08,32.34,58.87,104.0,166.08,395.29,767.47,0.55,32.9,96.32,147.5,1,1,1,1
SMP_001510,25.378137015073754,93.22276699044554,2024-07-03T12:00:00Z,0.2148,13.44,35.61,69.44,121.49,206.8,502.23,929.82,0.55,32.13,106.54,159.01,1,1,1,1
SMP_001510,25.378137015073754,93.22276699044554,2024-07-04T12:00:00Z,0.2148,6.65,21.51,43.29,76.29,126.99,317.77,646.33,0.495,22.75,68.02,99.69,0,1,1,1
SMP_001510,25.378137015073754,93.22276699044554,2024-07-05T12:00:00Z,0.2148,0.0,3.35,15.49,29.11,52.31,139.73,282.33,0.309,6.49,27.74,33.72,0,0,0,0
SMP_000543,26.6,94.35,2024-07-01T12:00:00Z,0.2008,12.67,36.52,69.46,117.22,184.61,453.68,894.5,0.55,34.6,102.88,156.62,1,1,1,1
SMP_000543,26.6,94.35,2024-07-02T12:00:00Z,0.2008,9.77,25.44,46.25,88.79,144.98,347.39,645.49,0.545,23.21,77.61,125.79,0,1,1,1
SMP_000543,26.6,94.35,2024-07-03T12:00:00Z,0.2008,0.95,4.3,8.93,20.15,41.72,140.53,286.29,0.322,7.35,19.44,33.13,0,0,0,0
SMP_000543,26.6,94.35,2024-07-04T12:00:00Z,0.2008,0.0,1.99,5.73,13.58,44.13,138.11,295.92,0.34,5.22,19.3,25.39,0,0,0,0
SMP_000543,26.6,94.35,2024-07-05T12:00:00Z,0.2008,0.0,1.14,8.89,23.49,53.81,157.11,351.0,0.335,2.78,22.35,40.44,0,0,0,0
SMP_000757,26.191139,91.829611,2024-07-01T12:00:00Z,0.1655,10.84,30.33,55.31,93.61,146.55,352.82,713.86,0.55,25.3,85.02,123.51,0,1,1,1
SMP_000757,26.191139,91.829611,2024-07-02T12:00:00Z,0.1655,11.93,33.26,65.78,118.3,193.8,446.17,879.06,0.55,32.22,107.61,148.32,1,1,1,1
SMP_000757,26.191139,91.829611,2024-07-03T12:00:00Z,0.1655,5.78,19.64,40.67,70.11,121.78,294.03,581.23,0.481,18.95,54.92,108.74,0,1,1,1
SMP_000757,26.191139,91.829611,2024-07-04T12:00:00Z,0.1655,0.0,0.05,7.55,18.33,52.0,148.4,301.81,0.309,-1.31,16.22,40.1,0,0,0,0
SMP_000757,26.191139,91.829611,2024-07-05T12:00:00Z,0.1655,0.0,4.45,14.73,30.25,55.14,138.38,274.97,0.332,7.59,27.99,53.03,0,0,0,0
SMP_000212,25.263528,93.390611,2024-07-01T12:00:00Z,0.4109,2.0,9.89,25.31,48.62,88.71,232.66,462.54,0.396,7.82,47.66,63.2,0,0,1,1
SMP_000212,25.263528,93.390611,2024-07-02T12:00:00Z,0.4109,12.31,36.99,68.26,114.95,177.99,410.28,764.05,0.55,35.11,101.85,154.76,1,1,1,1
SMP_000212,25.263528,93.390611,2024-07-03T12:00:00Z,0.4109,15.15,42.68,82.03,141.5,234.2,562.91,1043.15,0.55,40.84,124.14,192.72,1,1,1,1
SMP_000212,25.263528,93.390611,2024-07-04T12:00:00Z,0.4109,8.8,27.49,55.67,101.96,164.2,399.56,751.29,0.55,24.55,85.18,130.69,1,1,1,1
SMP_000212,25.263528,93.390611,2024-07-05T12:00:00Z,0.4109,0.0,2.98,15.02,32.06,67.82,188.0,418.1,0.368,3.18,34.63,68.14,0,0,0,1
SMP_000259,25.435917,93.455944,2024-07-01T12:00:00Z,0.2473,4.14,12.07,26.73,45.6,78.05,210.13,451.31,0.393,12.36,41.94,57.97,0,0,0,0
SMP_000259,25.435917,93.455944,2024-07-02T12:00:00Z,0.2473,12.38,34.07,69.74,121.16,191.45,469.11,917.71,0.55,31.69,99.47,152.5,1,1,1,1
SMP_000259,25.435917,93.455944,2024-07-03T12:00:00Z,0.2473,13.11,37.01,76.18,128.59,209.83,486.85,941.02,0.55,33.39,109.92,172.76,1,1,1,1
SMP_000259,25.435917,93.455944,2024-07-04T12:00:00Z,0.2473,5.89,18.39,40.8,76.3,127.9,296.69,593.48,0.474,18.45,62.96,93.78,0,1,1,1
SMP_000259,25.435917,93.455944,2024-07-05T12:00:00Z,0.2473,0.0,3.89,8.05,14.97,41.0,122.19,287.42,0.296,2.21,7.89,29.7,0,0,0,0
SMP_000706,25.92103,92.50708,2024-07-01T12:00:00Z,0.524,9.56,26.1,52.17,86.29,139.41,348.58,674.05,0.523,25.68,76.34,105.03,1,1,1,1
SMP_000706,25.92103,92.50708,2024-07-02T12:00:00Z,0.524,13.48,35.65,72.53,124.74,209.08,494.21,931.35,0.55,34.45,106.54,175.8,1,1,1,1
SMP_000706,25.92103,92.50708,2024-07-03T12:00:00Z,0.524,9.22,24.8,45.98,86.58,151.37,361.32,725.12,0.55,25.86,74.34,118.4,1,1,1,1
SMP_000706,25.92103,92.50708,2024-07-04T12:00:00Z,0.524,0.0,2.33,11.1,30.03,64.7,182.54,392.09,0.365,2.45,20.93,54.02,0,0,0,1
SMP_000706,25.92103,92.50708,2024-07-05T12:00:00Z,0.524,0.0,3.51,6.89,17.93,47.42,122.49,277.95,0.319,3.82,10.59,31.15,0,0,0,0
SMP_000618,25.16367,93.02478,2024-07-01T12:00:00Z,0.4629,0.43,6.07,11.08,20.39,36.17,115.09,242.7,0.279,3.71,18.05,22.54,0,0,0,0
SMP_000618,25.16367,93.02478,2024-07-02T12:00:00Z,0.4629,10.38,31.03,62.97,111.84,185.22,431.61,838.33,0.55,30.88,99.56,156.81,1,1,1,1
SMP_000618,25.16367,93.02478,2024-07-03T12:00:00Z,0.4629,14.02,38.09,78.25,137.69,218.04,526.4,1016.07,0.55,35.99,115.33,169.57,1,1,1,1
SMP_000618,25.16367,93.02478,2024-07-04T12:00:00Z,0.4629,9.16,27.09,52.68,93.89,160.82,373.28,747.88,0.55,22.68,82.69,141.31,1,1,1,1
SMP_000618,25.16367,93.02478,2024-07-05T12:00:00Z,0.4629,0.0,4.91,16.94,33.69,67.1,179.27,378.76,0.381,3.31,33.84,65.26,0,0,0,1
SMP_000198,25.22,93.34,2024-07-01T12:00:00Z,0.4182,1.5,5.55,10.05,18.22,47.16,117.84,286.37,0.297,7.59,13.86,31.69,0,0,0,0
SMP_000198,25.22,93.34,2024-07-02T12:00:00Z,0.4182,13.32,35.29,66.93,109.11,185.86,454.08,881.72,0.55,29.84,96.09,148.69,1,1,1,1
SMP_000198,25.22,93.34,2024-07-03T12:00:00Z,0.4182,17.06,45.92,88.84,149.79,245.69,558.75,1042.92,0.55,40.46,132.63,188.94,1,1,1,1
SMP_000198,25.22,93.34,2024-07-04T12:00:00Z,0.4182,10.45,28.21,56.01,94.57,155.02,382.1,736.83,0.55,23.67,86.28,133.96,1,1,1,1
SMP_000198,25.22,93.34,2024-07-05T12:00:00Z,0.4182,0.0,3.43,12.24,33.43,71.79,201.22,385.88,0.4,5.97,33.54,71.14,0,0,0,1
SMP_000015,24.97,92.72,2024-07-01T12:00:00Z,0.1208,0.0,2.68,11.72,31.23,67.82,196.56,413.26,0.374,1.97,33.63,68.14,0,0,0,0
SMP_000015,24.97,92.72,2024-07-02T12:00:00Z,0.1208,7.28,19.25,39.55,66.35,106.25,274.97,554.17,0.441,19.88,52.1,98.92,0,0,1,1
SMP_000015,24.97,92.72,2024-07-03T12:00:00Z,0.1208,12.12,33.14,62.84,107.99,169.78,412.35,817.56,0.55,30.32,87.91,148.18,1,1,1,1
SMP_000015,24.97,92.72,2024-07-04T12:00:00Z,0.1208,9.61,25.52,54.65,100.92,156.97,379.78,717.37,0.544,23.99,91.5,130.26,1,1,1,1
SMP_000015,24.97,92.72,2024-07-05T12:00:00Z,0.1208,1.27,3.4,6.78,16.49,35.28,120.51,285.8,0.307,4.58,12.55,42.35,0,0,0,0
SMP_000582,25.16023,93.01084,2024-07-01T12:00:00Z,0.5016,0.39,1.63,4.19,14.58,42.92,111.87,250.21,0.302,1.76,16.27,47.56,0,0,0,0
SMP_000582,25.16023,93.01084,2024-07-02T12:00:00Z,0.5016,10.55,30.61,60.29,104.08,162.18,379.7,717.44,0.55,28.07,89.42,121.23,1,1,1,1
SMP_000582,25.16023,93.01084,2024-07-03T12:00:00Z,0.5016,14.31,39.98,76.27,130.0,208.47,498.5,923.35,0.55,39.64,114.05,162.11,1,1,1,1
SMP_000582,25.16023,93.01084,2024-07-04T12:00:00Z,0.5016,9.39,28.78,53.54,96.44,168.15,415.52,772.5,0.55,25.43,81.08,133.63,1,1,1,1
SMP_000582,25.16023,93.01084,2024-07-05T12:00:00Z,0.5016,0.0,1.31,6.68,14.35,46.16,125.24,301.35,0.323,4.18,12.38,47.93,0,0,0,0
SMP_001281,24.755994326533372,93.28333684519528,2024-07-01T12:00:00Z,0.2418,0.0,3.26,15.22,34.6,58.04,157.29,310.67,0.325,4.22,27.84,40.02,0,0,0,0
SMP_001281,24.755994326533372,93.28333684519528,2024-07-02T12:00:00Z,0.2418,5.82,19.54,42.53,78.32,128.65,329.26,653.99,0.515,20.82,73.42,113.89,0,1,1,1
SMP_001281,24.755994326533372,93.28333684519528,2024-07-03T12:00:00Z,0.2418,13.31,35.87,69.38,116.08,195.45,457.83,846.77,0.55,35.88,96.6,171.21,1,1,1,1
SMP_001281,24.755994326533372,93.28333684519528,2024-07-04T12:00:00Z,0.2418,12.74,36.31,66.24,119.21,190.99,468.48,881.93,0.55,35.91,98.14,149.5,1,1,1,1
SMP_001281,24.755994326533372,93.28333684519528,2024-07-05T12:00:00Z,0.2418,4.43,14.16,32.71,65.2,111.01,279.09,533.9,0.488,13.99,51.15,89.57,0,0,1,1
SMP_000382,26.036583,92.273056,2024-07-01T12:00:00Z,0.1833,10.05,27.98,55.91,93.65,146.89,347.28,687.9,0.55,23.2,87.07,119.22,0,1,1,1
SMP_000382,26.036583,92.273056,2024-07-02T12:00:00Z,0.1833,12.68,33.13,62.56,102.9,179.13,435.15,858.53,0.55,31.48,94.88,151.74,1,1,1,1
SMP_000382,26.036583,92.273056,2024-07-03T12:00:00Z,0.1833,7.62,22.05,44.92,77.69,126.56,301.88,615.79,0.49,21.67,72.72,92.04,0,1,1,1
SMP_000382,26.036583,92.273056,2024-07-04T12:00:00Z,0.1833,0.0,4.84,11.23,27.63,52.32,152.52,339.64,0.35,4.57,24.82,44.55,0,0,0,0
SMP_000382,26.036583,92.273056,2024-07-05T12:00:00Z,0.1833,0.0,2.58,9.91,24.17,46.04,130.79,295.8,0.299,4.3,22.19,50.27,0,0,0,0
SMP_000619,25.16649,93.02289,2024-07-01T12:00:00Z,0.5745,0.48,1.38,9.23,28.12,49.49,155.13,310.27,0.328,0.89,30.04,33.17,0,0,0,0
SMP_000619,25.16649,93.02289,2024-07-02T12:00:00Z,0.5745,10.57,28.44,52.31,87.49,154.21,365.19,729.66,0.525,28.94,76.48,122.71,1,1,1,1
SMP_000619,25.16649,93.02289,2024-07-03T12:00:00Z,0.5745,14.25,38.88,70.31,120.51,199.36,463.04,900.69,0.55,35.09,102.99,159.39,1,1,1,1
SMP_000619,25.16649,93.02289,2024-07-04T12:00:00Z,0.5745,9.28,28.11,50.61,92.62,161.68,395.26,775.98,0.55,28.79,76.01,135.46,1,1,1,1
SMP_000619,25.16649,93.02289,2024-07-05T12:00:00Z,0.5745,0.0,1.53,11.04,25.06,52.31,146.89,323.6,0.313,5.02,22.86,41.73,0,0,0,0
SMP_000628,25.155611,93.022222,2024-07-01T12:00:00Z,0.4427,0.33,0.99,2.64,15.96,48.02,130.22,283.89,0.311,0.11,18.9,43.75,0,0,0,0
SMP_000628,25.155611,93.022222,2024-07-02T12:00:00Z,0.4427,10.59,31.59,61.92,107.39,184.76,436.93,809.09,0.55,31.32,89.61,162.02,1,1,1,1
SMP_000628,25.155611,93.022222,2024-07-03T12:00:00Z,0.4427,14.42,37.93,77.02,125.47,194.67,469.04,877.94,0.55,38.1,111.67,149.23,1,1,1,1
SMP_000628,25.155611,93.022222,2024-07-04T12:00:00Z,0.4427,9.51,26.65,49.04,85.76,136.79,312.15,617.57,0.497,25.31,73.39,112.54,1,1,1,1
SMP_000628,25.155611,93.022222,2024-07-05T12:00:00Z,0.4427,0.0,2.09,10.35,24.59,55.85,161.11,364.54,0.351,4.72,24.29,56.53,0,0,0,0
SMP_000490,26.303333,93.225694,2024-07-01T12:00:00Z,0.1712,12.02,35.48,71.77,120.24,203.9,491.49,949.52,0.55,31.87,104.69,177.83,1,1,1,1
SMP_000490,26.303333,93.225694,2024-07-02T12:00:00Z,0.1712,12.02,33.0,59.94,106.2,168.46,389.66,730.48,0.55,28.81,88.07,140.81,1,1,1,1
SMP_000490,26.303333,93.225694,2024-07-03T12:00:00Z,0.1712,4.73,15.9,36.73,68.68,126.23,303.52,594.71,0.497,15.75,60.61,94.34,0,1,1,1
SMP_000490,26.303333,93.225694,2024-07-04T12:00:00Z,0.1712,0.0,2.14,9.66,27.55,60.11,146.81,315.39,0.345,1.79,20.45,45.8,0,0,0,0
SMP_000490,26.303333,93.225694,2024-07-05T12:00:00Z,0.1712,0.0,2.98,12.19,32.22,67.37,182.44,354.99,0.355,6.16,28.91,53.96,0,0,0,0
SMP_000199,25.22,93.35,2024-07-01T12:00:00Z,0.4335,1.45,8.55,25.22,43.07,86.77,222.1,427.6,0.403,9.2,32.33,59.42,0,0,1,1
SMP_000199,25.22,93.35,2024-07-02T12:00:00Z,0.4335,12.94,37.07,69.58,120.34,193.95,457.24,900.16,0.55,33.53,97.83,147.39,1,1,1,1
SMP_000199,25.22,93.35,2024-07-03T12:00:00Z,0.4335,16.58,44.95,83.03,147.4,235.48,529.75,991.07,0.55,43.31,125.15,182.38,1,1,1,1
SMP_000199,25.22,93.35,2024-07-04T12:00:00Z,0.4335,10.16,26.62,57.71,102.47,167.9,383.06,735.08,0.55,27.75,91.33,135.62,1,1,1,1
SMP_000199,25.22,93.35,2024-07-05T12:00:00Z,0.4335,0.0,3.89,7.44,26.03,61.45,166.52,336.01,0.373,6.47,29.96,47.42,0,0,0,0
SMP_000660,25.23925,93.031528,2024-07-01T12:00:00Z,0.3995,1.51,7.08,15.07,30.53,51.86,153.66,314.22,0.347,7.12,27.26,39.41,0,0,0,0
SMP_000660,25.23925,93.031528,2024-07-02T12:00:00Z,0.3995,11.19,29.38,54.71,101.09,161.54,376.06,703.37,0.55,28.17,83.7,132.61,1,1,1,1
SMP_000660,25.23925,93.031528,2024-07-03T12:00:00Z,0.3995,14.08,36.63,72.38,120.32,199.3,488.36,918.68,0.55,31.61,107.99,165.07,1,1,1,1
SMP_000660,25.23925,93.031528,2024-07-04T12:00:00Z,0.3995,8.43,25.94,47.21,89.65,148.73,375.11,708.35,0.55,25.53,79.83,127.36,1,1,1,1
SMP_000660,25.23925,93.031528,2024-07-05T12:00:00Z,0.3995,0.0,4.71,14.19,33.1,58.17,154.19,344.45,0.362,5.72,32.05,44.57,0,0,0,0
SMP_001347,26.147637507779198,93.83241466821468,2024-07-01T12:00:00Z,0.1122,10.62,32.52,65.92,110.91,188.78,453.31,894.88,0.55,32.7,101.46,146.64,1,1,1,1
SMP_001347,26.147637507779198,93.83241466821468,2024-07-02T12:00:00Z,0.1122,12.13,32.38,66.27,115.72,186.91,437.52,848.18,0.55,27.43,98.87,148.79,1,1,1,1
SMP_001347,26.147637507779198,93.83241466821468,2024-07-03T12:00:00Z,0.1122,6.28,17.97,35.55,64.24,106.0,251.93,505.97,0.427,18.19,54.98,79.39,0,0,0,1
SMP_001347,26.147637507779198,93.83241466821468,2024-07-04T12:00:00Z,0.1122,0.0,1.53,7.86,25.74,58.62,176.83,391.75,0.375,1.17,27.68,59.71,0,0,0,0
SMP_001347,26.147637507779198,93.83241466821468,2024-07-05T12:00:00Z,0.1122,0.0,0.24,3.36,17.03,30.64,108.33,242.48,0.282,1.51,10.93,20.81,0,0,0,0
SMP_001090,23.48901524700546,93.0510489110743,2024-07-01T12:00:00Z,0.3274,0.0,1.2,10.55,25.24,61.44,165.59,366.13,0.35,0.72,17.97,48.27,0,0,0,0
SMP_001090,23.48901524700546,93.0510489110743,2024-07-02T12:00:00Z,0.3274,0.0,4.32,16.07,40.05,82.52,226.7,484.79,0.393,2.46,35.49,80.03,0,0,0,1
SMP_001090,23.48901524700546,93.0510489110743,2024-07-03T12:00:00Z,0.3274,0.0,1.11,10.81,22.58,51.21,133.69,299.88,0.336,2.84,24.99,47.78,0,0,0,0
SMP_001090,23.48901524700546,93.0510489110743,2024-07-04T12:00:00Z,0.3274,9.47,27.06,55.19,92.88,147.41,367.75,710.51,0.542,22.37,84.89,120.73,1,1,1,1
SMP_001090,23.48901524700546,93.0510489110743,2024-07-05T12:00:00Z,0.3274,13.8,39.88,72.04,124.86,192.71,455.44,858.69,0.55,36.2,113.76,163.04,1,1,1,1
SMP_000643,25.155722,93.022778,2024-07-01T12:00:00Z,0.4427,0.33,5.01,13.48,32.29,54.03,132.95,314.69,0.334,4.22,30.58,42.89,0,0,0,0
SMP_000643,25.155722,93.022778,2024-07-02T12:00:00Z,0.4427,10.59,27.77,52.01,88.88,153.57,386.49,717.97,0.55,28.89,82.22,120.42,1,1,1,1
SMP_000643,25.155722,93.022778,2024-07-03T12:00:00Z,0.4427,14.42,40.71,73.66,126.78,214.69,482.62,931.32,0.55,40.61,102.77,164.67,1,1,1,1
SMP_000643,25.155722,93.022778,2024-07-04T12:00:00Z,0.4427,9.51,25.95,47.57,78.63,128.07,307.58,606.47,0.505,24.3,64.22,114.56,0,1,1,1
SMP_000643,25.155722,93.022778,2024-07-05T12:00:00Z,0.4427,0.0,2.23,9.1,21.76,42.27,112.62,246.06,0.286,0.54,23.07,27.39,0,0,0,0
SMP_000438,26.117417,92.438667,2024-07-01T12:00:00Z,0.1903,10.55,29.57,57.23,93.7,164.61,402.91,752.31,0.55,28.5,85.13,143.59,1,1,1,1
SMP_000438,26.117417,92.438667,2024-07-02T12:00:00Z,0.1903,12.37,35.45,73.19,121.98,189.28,462.88,900.01,0.55,34.08,102.69,147.6,1,1,1,1
SMP_000438,26.117417,92.438667,2024-07-03T12:00:00Z,0.1903,6.69,20.14,44.32,75.55,135.04,314.45,627.15,0.477,16.77,61.92,119.64,0,1,1,1
SMP_000438,26.117417,92.438667,2024-07-04T12:00:00Z,0.1903,0.0,4.9,17.31,37.58,78.02,217.56,443.45,0.425,5.7,36.98,59.81,0,0,0,0
SMP_000438,26.117417,92.438667,2024-07-05T12:00:00Z,0.1903,0.0,4.13,7.91,24.37,56.23,172.06,337.68,0.378,4.31,17.04,41.14,0,0,0,0
SMP_001364,25.75303885028568,94.10936537875304,2024-07-01T12:00:00Z,0.1421,9.93,30.35,57.0,93.93,160.39,395.5,772.93,0.55,27.39,79.84,142.67,1,1,1,1
SMP_001364,25.75303885028568,94.10936537875304,2024-07-02T12:00:00Z,0.1421,16.89,44.26,80.7,136.77,224.89,536.15,1001.03,0.55,40.35,120.43,174.33,1,1,1,1
SMP_001364,25.75303885028568,94.10936537875304,2024-07-03T12:00:00Z,0.1421,13.61,35.7,66.2,120.08,193.59,474.43,930.44,0.55,33.39,109.09,165.66,1,1,1,1
SMP_001364,25.75303885028568,94.10936537875304,2024-07-04T12:00:00Z,0.1421,2.07,7.72,15.82,28.7,49.1,135.86,274.32,0.324,5.63,23.94,42.85,0,0,0,0
SMP_001364,25.75303885028568,94.10936537875304,2024-07-05T12:00:00Z,0.1421,0.0,4.09,15.28,29.17,64.91,190.9,420.52,0.365,4.88,26.79,47.04,0,0,0,0
SMP_001035,24.864624803314406,92.92789819271835,2024-07-01T12:00:00Z,0.1261,0.0,3.54,9.74,28.45,62.89,178.93,398.71,0.376,3.23,26.97,58.8,0,0,0,0
SMP_001035,24.864624803314406,92.92789819271835,2024-07-02T12:00:00Z,0.1261,6.14,16.46,30.34,53.78,85.97,220.29,449.07,0.401,18.19,41.89,61.62,0,0,0,0
SMP_001035,24.864624803314406,92.92789819271835,2024-07-03T12:00:00Z,0.1261,11.76,32.47,63.8,114.03,182.23,431.31,838.47,0.55,29.24,95.12,142.64,1,1,1,1
SMP_001035,24.864624803314406,92.92789819271835,2024-07-04T12:00:00Z,0.1261,10.25,31.07,56.39,96.6,166.13,390.51,735.76,0.55,30.97,81.78,138.65,1,1,1,1
SMP_001035,24.864624803314406,92.92789819271835,2024-07-05T12:00:00Z,0.1261,2.52,8.47,17.14,39.57,78.28,194.55,383.49,0.382,7.26,34.18,53.51,0,0,0,0
SMP_001113,25.224031001908237,91.73392742019766,2024-07-01T12:00:00Z,0.2311,1.46,6.49,14.11,28.84,64.69,160.3,313.82,0.333,8.48,30.43,55.26,0,0,0,0
SMP_001113,25.224031001908237,91.73392742019766,2024-07-02T12:00:00Z,0.2311,12.45,37.02,69.61,123.54,207.81,486.42,945.01,0.55,35.98,112.48,169.51,1,1,1,1
SMP_001113,25.224031001908237,91.73392742019766,2024-07-03T12:00:00Z,0.2311,15.88,43.0,87.35,144.53,234.8,538.48,1035.85,0.55,38.07,123.63,179.26,1,1,1,1
SMP_001113,25.224031001908237,91.73392742019766,2024-07-04T12:00:00Z,0.2311,9.69,27.86,58.75,99.72,173.76,402.27,764.44,0.55,26.57,82.96,133.26,1,1,1,1
SMP_001113,25.224031001908237,91.73392742019766,2024-07-05T12:00:00Z,0.2311,0.0,1.48,6.8,13.5,37.51,124.48,286.62,0.316,4.39,18.8,43.66,0,0,0,0
SMP_000056,25.049917,92.799667,2024-07-01T12:00:00Z,0.5117,0.0,3.39,14.51,25.65,56.08,154.9,326.24,0.326,2.19,19.23,40.32,0,0,0,0
SMP_000056,25.049917,92.799667,2024-07-02T12:00:00Z,0.5117,8.17,23.74,46.67,88.51,142.23,324.91,662.79,0.525,21.82,71.27,127.15,1,1,1,1
SMP_000056,25.049917,92.799667,2024-07-03T12:00:00Z,0.5117,12.41,34.13,68.33,121.56,192.11,433.32,808.11,0.55,29.92,107.23,167.01,1,1,1,1
SMP_000056,25.049917,92.799667,2024-07-04T12:00:00Z,0.5117,9.12,28.0,55.3,97.28,160.91,384.46,744.25,0.55,26.04,80.59,130.12,1,1,1,1
SMP_000056,25.049917,92.799667,2024-07-05T12:00:00Z,0.5117,0.3,4.2,7.76,27.35,60.33,163.71,365.43,0.331,2.65,21.51,48.63,0,0,0,1
SMP_000450,26.15461,91.80086,2024-07-01T12:00:00Z,0.1507,10.51,30.82,65.46,111.8,191.79,448.21,870.16,0.55,30.83,92.17,156.91,1,1,1,1
SMP_000450,26.15461,91.80086,2024-07-02T12:00:00Z,0.1507,11.93,34.67,68.14,118.68,202.7,489.29,928.99,0.55,32.56,100.78,152.78,1,1,1,1
SMP_000450,26.15461,91.80086,2024-07-03T12:00:00Z,0.1507,6.12,19.16,43.0,76.95,131.86,303.06,616.34,0.511,19.26,63.62,100.09,0,1,1,1
SMP_000450,26.15461,91.80086,2024-07-04T12:00:00Z,0.1507,0.0,2.46,9.42,24.67,47.41,122.52,294.3,0.307,5.57,19.63,31.55,0,0,0,0
SMP_000450,26.15461,91.80086,2024-07-05T12:00:00Z,0.1507,0.0,3.89,11.68,26.07,48.91,157.25,351.37,0.354,3.15,26.09,41.45,0,0,0,0
SMP_000043,25.032119,92.462636,2024-07-01T12:00:00Z,0.586,0.0,5.0,9.67,26.62,50.64,122.79,272.42,0.32,7.76,24.2,39.85,0,0,0,0
SMP_000043,25.032119,92.462636,2024-07-02T12:00:00Z,0.586,7.93,22.44,42.17,77.1,139.03,354.0,659.44,0.533,23.54,72.31,122.44,1,1,1,1
SMP_000043,25.032119,92.462636,2024-07-03T12:00:00Z,0.586,12.29,35.55,71.14,124.34,199.97,452.0,893.04,0.55,34.0,107.6,162.83,1,1,1,1
SMP_000043,25.032119,92.462636,2024-07-04T12:00:00Z,0.586,9.2,28.31,58.93,101.35,172.87,416.72,803.81,0.55,24.92,83.6,137.57,1,1,1,1
SMP_000043,25.032119,92.462636,2024-07-05T12:00:00Z,0.586,0.52,3.01,8.11,19.34,50.98,144.95,295.27,0.31,2.72,23.54,38.52,0,0,0,0
SMP_000100,25.13,93.27,2024-07-01T12:00:00Z,0.3983,0.0,2.43,10.23,29.96,57.72,155.61,324.1,0.349,1.39,20.7,60.11,0,0,0,0
SMP_000100,25.13,93.27,2024-07-02T12:00:00Z,0.3983,10.15,30.85,62.18,102.0,166.26,393.27,760.7,0.55,29.58,91.39,146.76,1,1,1,1
SMP_000100,25.13,93.27,2024-07-03T12:00:00Z,0.3983,14.19,38.32,72.72,124.77,209.83,501.75,958.87,0.55,36.57,101.99,159.5,1,1,1,1
SMP_000100,25.13,93.27,2024-07-04T12:00:00Z,0.3983,9.61,27.89,50.6,95.37,165.27,405.62,810.02,0.55,25.12,83.31,136.51,1,1,1,1
SMP_000100,25.13,93.27,2024-07-05T12:00:00Z,0.3983,0.0,1.95,10.94,21.37,56.43,159.73,347.87,0.357,4.82,22.73,36.43,0,0,0,0
SMP_000274,25.443082,92.989873,2024-07-01T12:00:00Z,0.3189,4.02,13.98,33.17,65.05,108.23,277.45,541.33,0.446,13.93,56.19,90.28,0,1,1,1
SMP_000274,25.443082,92.989873,2024-07-02T12:00:00Z,0.3189,11.78,32.98,65.62,112.58,185.6,455.81,882.98,0.55,29.0,96.15,158.72,1,1,1,1
SMP_000274,25.443082,92.989873,2024-07-03T12:00:00Z,0.3189,12.4,32.82,64.05,106.6,167.5,392.75,749.95,0.55,32.43,91.1,145.78,1,1,1,1
SMP_000274,25.443082,92.989873,2024-07-04T12:00:00Z,0.3189,5.5,18.92,36.8,70.67,113.01,273.26,547.66,0.44,15.09,65.28,86.24,0,1,1,1
SMP_000274,25.443082,92.989873,2024-07-05T12:00:00Z,0.3189,0.0,1.2,4.43,15.18,44.01,126.33,277.91,0.333,1.16,10.82,44.57,0,0,0,0
SMP_001458,26.334217125533502,90.55418801070103,2024-07-01T12:00:00Z,0.3178,12.03,32.67,67.42,115.15,193.25,459.44,888.83,0.55,28.93,94.93,148.89,1,1,1,1
SMP_001458,26.334217125533502,90.55418801070103,2024-07-02T12:00:00Z,0.3178,11.72,30.96,56.62,100.79,162.64,383.63,749.91,0.55,31.28,81.78,134.26,1,1,1,1
SMP_001458,26.334217125533502,90.55418801070103,2024-07-03T12:00:00Z,0.3178,4.3,11.65,27.76,58.08,94.15,221.96,425.63,0.429,12.6,45.34,79.49,0,0,1,1
SMP_001458,26.334217125533502,90.55418801070103,2024-07-04T12:00:00Z,0.3178,0.0,2.69,7.37,17.95,36.83,129.13,262.97,0.323,3.63,11.68,31.11,0,0,0,0
SMP_001458,26.334217125533502,90.55418801070103,2024-07-05T12:00:00Z,0.3178,0.0,0.77,8.42,23.06,44.61,133.69,318.3,0.295,0.06,22.87,50.05,0,0,0,0
SMP_000101,25.13,93.29,2024-07-01T12:00:00Z,0.564,0.0,1.5,3.42,11.21,23.41,69.8,173.16,0.233,4.07,6.53,16.87,0,0,0,0
SMP_000101,25.13,93.29,2024-07-02T12:00:00Z,0.564,11.42,30.23,58.39,101.69,169.9,409.71,769.23,0.55,28.49,86.61,140.95,1,1,1,1
SMP_000101,25.13,93.29,2024-07-03T12:00:00Z,0.564,15.96,42.94,80.83,138.84,222.56,499.9,946.1,0.55,38.82,120.32,182.9,1,1,1,1
SMP_000101,25.13,93.29,2024-07-04T12:00:00Z,0.564,10.82,31.7,62.85,107.0,168.71,397.3,777.84,0.55,27.0,98.25,142.89,1,1,1,1
SMP_000101,25.13,93.29,2024-07-05T12:00:00Z,0.564,0.0,0.3,9.43,21.19,49.08,137.45,314.91,0.323,2.46,21.97,34.13,0,0,0,0
SMP_001133,24.492365728305884,93.2159527600147,2024-07-01T12:00:00Z,0.2804,0.0,0.5,2.9,7.32,29.6,92.72,204.02,0.26,-1.16,6.29,36.45,0,0,0,0
SMP_001133,24.492365728305884,93.2159527600147,2024-07-02T12:00:00Z,0.2804,1.99,8.23,20.09,38.89,76.07,210.08,437.2,0.413,7.33,30.34,73.89,0,0,0,1
SMP_001133,24.492365728305884,93.2159527600147,2024-07-03T12:00:00Z,0.2804,10.25,26.82,53.75,98.51,169.38,398.2,778.09,0.55,23.44,82.1,139.63,1,1,1,1
SMP_001133,24.492365728305884,93.2159527600147,2024-07-04T12:00:00Z,0.2804,12.29,35.23,64.84,116.56,190.51,430.43,811.25,0.55,33.1,95.33,156.11,1,1,1,1
SMP_001133,24.492365728305884,93.2159527600147,2024-07-05T12:00:00Z,0.2804,6.88,19.8,37.85,70.75,129.02,328.78,619.59,0.506,15.83,67.01,94.68,0,1,1,1
SMP_000107,25.137,93.04,2024-07-01T12:00:00Z,0.3301,0.06,2.45,10.66,21.72,42.88,127.23,301.0,0.292,0.63,21.87,37.76,0,0,0,0
SMP_000107,25.137,93.04,2024-07-02T12:00:00Z,0.3301,10.46,31.08,60.93,103.42,176.68,431.93,835.61,0.55,28.19,87.44,155.52,1,1,1,1
SMP_000107,25.137,93.04,2024-07-03T12:00:00Z,0.3301,14.52,42.48,84.63,142.98,224.39,521.19,1006.7,0.55,41.69,124.34,171.95,1,1,1,1
SMP_000107,25.137,93.04,2024-07-04T12:00:00Z,0.3301,9.76,27.94,56.06,94.76,164.61,399.27,746.52,0.55,23.99,88.26,136.97,1,1,1,1
SMP_000107,25.137,93.04,2024-07-05T12:00:00Z,0.3301,0.0,1.74,12.45,34.2,75.53,214.22,412.77,0.398,3.51,35.7,72.24,0,0,0,1
SMP_001231,26.74032896895566,90.16247837774571,2024-07-01T12:00:00Z,0.157,12.88,38.38,78.46,139.18,220.54,523.17,978.59,0.55,35.43,125.53,181.17,1,1,1,1
SMP_001231,26.74032896895566,90.16247837774571,2024-07-02T12:00:00Z,0.157,8.63,24.14,46.94,89.75,151.45,351.65,655.95,0.55,25.46,82.05,121.15,0,1,1,1
SMP_001231,26.74032896895566,90.16247837774571,2024-07-03T12:00:00Z,0.157,0.0,0.81,11.35,20.91,53.0,133.48,279.69,0.3,2.59,15.04,40.85,0,0,0,0
SMP_001231,26.74032896895566,90.16247837774571,2024-07-04T12:00:00Z,0.157,0.0,4.99,17.26,34.72,63.76,156.92,352.54,0.362,6.39,25.1,44.65,0,0,0,0
SMP_001231,26.74032896895566,90.16247837774571,2024-07-05T12:00:00Z,0.157,0.0,4.71,14.62,29.15,55.91,134.54,277.9,0.33,7.79,26.62,46.16,0,0,0,0
SMP_001555,25.398159984175216,91.33327462195315,2024-07-01T12:00:00Z,0.1423,4.73,15.71,30.77,56.44,104.87,267.73,555.87,0.438,12.33,54.68,85.47,0,0,1,1
SMP_001555,25.398159984175216,91.33327462195315,2024-07-02T12:00:00Z,0.1423,15.79,45.78,88.39,146.46,244.56,575.15,1062.58,0.55,42.85,129.15,197.0,1,1,1,1
SMP_001555,25.398159984175216,91.33327462195315,2024-07-03T12:00:00Z,0.1423,17.27,46.93,92.88,161.62,253.02,576.41,1097.8,0.55,45.26,139.76,194.87,1,1,1,1
SMP_001555,25.398159984175216,91.33327462195315,2024-07-04T12:00:00Z,0.1423,8.27,22.08,43.56,78.08,131.54,328.65,630.86,0.507,19.93,66.97,102.16,0,1,1,1
SMP_001555,25.398159984175216,91.33327462195315,2024-07-05T12:00:00Z,0.1423,0.0,0.58,5.37,21.31,56.74,139.57,271.43,0.331,2.31,25.9,39.65,0,0,0,0
SMP_000613,25.17483,93.019861,2024-07-01T12:00:00Z,0.7274,0.61,3.63,9.61,22.11,54.25,166.33,371.08,0.359,2.63,19.02,55.04,0,0,1,1
SMP_000613,25.17483,93.019861,2024-07-02T12:00:00Z,0.7274,10.81,30.93,57.76,100.11,165.11,401.33,793.89,0.55,30.12,83.33,133.45,1,1,1,1
SMP_000613,25.17483,93.019861,2024-07-03T12:00:00Z,0.7274,14.45,40.15,73.57,123.84,192.23,452.24,879.41,0.55,36.95,104.54,149.13,1,1,1,1
SMP_000613,25.17483,93.019861,2024-07-04T12:00:00Z,0.7274,9.33,27.26,51.95,85.38,137.24,314.07,592.31,0.508,25.03,79.72,107.36,1,1,1,1
SMP_000613,25.17483,93.019861,2024-07-05T12:00:00Z,0.7274,0.0,3.84,15.75,32.75,56.56,144.83,289.2,0.307,2.79,24.27,43.61,0,0,0,1
SMP_000526,26.56111,93.04925,2024-07-01T12:00:00Z,0.3628,12.41,36.36,68.51,112.58,178.6,423.82,831.63,0.55,31.19,96.79,137.01,1,1,1,1
SMP_000526,26.56111,93.04925,2024-07-02T12:00:00Z,0.3628,9.92,29.83,53.81,93.52,150.83,366.06,687.73,0.55,27.25,79.77,117.18,1,1,1,1
SMP_000526,26.56111,93.04925,2024-07-03T12:00:00Z,0.3628,1.42,8.2,16.64,31.49,53.5,129.53,280.05,0.311,9.71,34.2,48.44,0,0,0,0
SMP_000526,26.56111,93.04925,2024-07-04T12:00:00Z,0.3628,0.0,3.92,10.73,24.43,58.88,158.86,354.02,0.324,6.22,16.88,45.64,0,0,0,0
SMP_000526,26.56111,93.04925,2024-07-05T12:00:00Z,0.3628,0.0,1.15,8.86,19.02,45.52,125.25,268.52,0.287,0.36,12.46,51.05,0,0,0,0
SMP_000352,25.90692,92.64714,2024-07-01T12:00:00Z,0.2905,9.32,27.92,51.57,96.09,155.16,388.51,759.1,0.55,26.25,80.17,115.02,1,1,1,1
SMP_000352,25.90692,92.64714,2024-07-02T12:00:00Z,0.2905,13.34,36.31,70.48,115.93,190.28,430.36,849.43,0.55,34.97,104.85,148.07,1,1,1,1
SMP_000352,25.90692,92.64714,2024-07-03T12:00:00Z,0.2905,9.26,28.39,57.33,102.0,175.11,423.34,833.68,0.55,28.66,92.22,135.03,1,1,1,1
SMP_000352,25.90692,92.64714,2024-07-04T12:00:00Z,0.2905,0.0,4.51,10.16,19.98,44.62,117.16,234.33,0.286,4.51,20.26,27.39,0,0,0,0
SMP_000352,25.90692,92.64714,2024-07-05T12:00:00Z,0.2905,0.0,3.49,11.56,20.62,42.3,120.33,280.54,0.297,6.98,17.95,32.48,0,0,0,0
SMP_000614,25.156806,93.019722,2024-07-01T12:00:00Z,0.4392,0.35,3.74,12.54,32.51,66.51,166.18,350.15,0.348,4.71,25.3,48.41,0,0,0,0
SMP_000614,25.156806,93.019722,2024-07-02T12:00:00Z,0.4392,10.64,27.92,56.27,102.33,172.52,399.3,756.54,0.55,26.52,90.0,133.66,1,1,1,1
SMP_000614,25.156806,93.019722,2024-07-03T12:00:00Z,0.4392,14.48,40.92,83.34,139.98,224.05,542.31,1055.26,0.55,38.09,116.57,192.96,1,1,1,1
SMP_000614,25.156806,93.019722,2024-07-04T12:00:00Z,0.4392,9.54,28.54,60.17,100.94,164.98,399.36,792.63,0.55,28.23,84.24,142.97,1,1,1,1
SMP_000614,25.156806,93.019722,2024-07-05T12:00:00Z,0.4392,0.0,1.2,7.18,17.35,49.75,148.23,302.18,0.335,-0.28,14.7,34.59,0,0,0,0
SMP_001591,23.52640160656718,93.15010247110595,2024-07-01T12:00:00Z,0.3274,0.0,4.55,15.07,29.58,66.71,179.55,402.12,0.384,2.43,32.72,45.69,0,0,0,0
SMP_001591,23.52640160656718,93.15010247110595,2024-07-02T12:00:00Z,0.3274,0.0,0.67,6.43,15.44,47.27,150.67,318.12,0.342,1.97,16.09,49.22,0,0,0,0
SMP_001591,23.52640160656718,93.15010247110595,2024-07-03T12:00:00Z,0.3274,0.0,0.3,8.5,17.88,41.38,126.35,297.98,0.306,3.99,21.06,35.9,0,0,0,0
SMP_001591,23.52640160656718,93.15010247110595,2024-07-04T12:00:00Z,0.3274,9.84,27.59,53.97,94.03,152.09,363.55,714.77,0.537,27.0,79.89,123.17,1,1,1,1
SMP_001591,23.52640160656718,93.15010247110595,2024-07-05T12:00:00Z,0.3274,13.8,39.16,80.42,142.84,229.86,543.53,1038.22,0.55,35.88,122.66,192.94,1,1,1,1
SMP_000962,25.690785446137042,94.30267455573814,2024-07-01T12:00:00Z,0.1311,9.58,28.32,60.89,100.66,169.04,419.85,833.79,0.55,23.82,89.52,141.91,1,1,1,1
SMP_000962,25.690785446137042,94.30267455573814,2024-07-02T12:00:00Z,0.1311,17.68,48.12,95.46,159.18,260.76,602.91,1160.9,0.55,41.5,137.01,214.09,1,1,1,1
SMP_000962,25.690785446137042,94.30267455573814,2024-07-03T12:00:00Z,0.1311,15.06,41.52,83.28,137.09,218.67,507.96,955.33,0.55,39.58,121.21,179.79,1,1,1,1
SMP_000962,25.690785446137042,94.30267455573814,2024-07-04T12:00:00Z,0.1311,3.3,12.86,27.5,57.53,104.49,246.59,512.21,0.44,13.58,56.42,83.73,0,0,0,1
SMP_000962,25.690785446137042,94.30267455573814,2024-07-05T12:00:00Z,0.1311,0.0,1.44,2.74,11.28,34.77,123.04,291.86,0.31,0.05,11.21,22.23,0,0,0,0
SMP_000128,25.155,93.067,2024-07-01T12:00:00Z,0.4132,0.31,3.87,9.12,25.26,44.66,140.3,305.03,0.339,1.76,28.99,32.29,0,0,0,0
SMP_000128,25.155,93.067,2024-07-02T12:00:00Z,0.4132,10.28,27.31,55.79,98.42,170.05,409.88,791.11,0.55,28.51,78.75,126.45,1,1,1,1
SMP_000128,25.155,93.067,2024-07-03T12:00:00Z,0.4132,14.01,41.25,80.62,134.52,209.65,474.16,890.6,0.55,37.7,111.55,165.91,1,1,1,1
SMP_000128,25.155,93.067,2024-07-04T12:00:00Z,0.4132,9.25,25.77,52.6,89.46,155.71,390.75,767.05,0.55,24.94,72.77,135.84,1,1,1,1
SMP_000128,25.155,93.067,2024-07-05T12:00:00Z,0.4132,0.0,1.23,7.76,14.53,37.41,97.77,233.3,0.299,0.69,13.52,38.46,0,0,0,0
SMP_000714,25.95317,92.51353,2024-07-01T12:00:00Z,0.6032,9.62,26.81,51.63,95.69,167.59,391.32,744.49,0.55,26.79,78.78,128.87,1,1,1,1
SMP_000714,25.95317,92.51353,2024-07-02T12:00:00Z,0.6032,13.13,37.71,71.25,127.62,203.67,489.01,936.77,0.55,33.56,113.48,162.2,1,1,1,1
SMP_000714,25.95317,92.51353,2024-07-03T12:00:00Z,0.6032,8.68,24.66,45.36,82.0,136.73,342.68,644.2,0.531,22.19,69.06,113.71,1,1,1,1
SMP_000714,25.95317,92.51353,2024-07-04T12:00:00Z,0.6032,0.0,2.74,14.08,34.38,61.5,152.47,328.25,0.317,1.31,34.35,51.51,0,0,0,1
SMP_000714,25.95317,92.51353,2024-07-05T12:00:00Z,0.6032,0.0,0.94,2.26,13.71,45.03,125.74,283.85,0.313,4.08,12.46,30.51,0,0,0,0
SMP_000497,26.339833,93.099972,2024-07-01T12:00:00Z,0.3984,12.61,37.28,75.67,135.29,223.94,534.46,1039.46,0.55,32.36,111.53,190.72,1,1,1,1
SMP_000497,26.339833,93.099972,2024-07-02T12:00:00Z,0.3984,12.22,35.5,66.8,118.19,188.59,452.77,880.33,0.55,31.19,95.85,149.18,1,1,1,1
SMP_000497,26.339833,93.099972,2024-07-03T12:00:00Z,0.3984,4.43,14.19,34.21,63.98,102.94,266.65,546.7,0.448,11.27,50.24,88.33,0,1,1,1
SMP_000497,26.339833,93.099972,2024-07-04T12:00:00Z,0.3984,0.0,4.98,13.3,24.7,49.08,125.97,247.38,0.326,3.84,16.13,51.25,0,0,0,0
SMP_000497,26.339833,93.099972,2024-07-05T12:00:00Z,0.3984,0.0,0.86,6.63,16.73,30.84,84.07,198.29,0.282,3.31,19.43,21.21,0,0,0,0
SMP_000811,25.341478,93.133718,2024-07-01T12:00:00Z,0.1898,2.72,11.5,27.67,54.87,97.55,252.65,485.33,0.438,11.59,42.85,81.78,0,0,0,1
SMP_000811,25.341478,93.133718,2024-07-02T12:00:00Z,0.1898,11.1,31.53,57.87,102.33,171.07,418.74,826.0,0.55,31.5,85.13,139.43,1,1,1,1
SMP_000811,25.341478,93.133718,2024-07-03T12:00:00Z,0.1898,12.75,35.63,67.69,120.29,191.95,449.69,843.39,0.55,32.19,98.91,165.4,1,1,1,1
SMP_000811,25.341478,93.133718,2024-07-04T12:00:00Z,0.1898,6.66,18.16,35.6,70.37,121.84,281.46,550.15,0.479,18.6,62.47,105.83,0,1,1,1
SMP_000811,25.341478,93.133718,2024-07-05T12:00:00Z,0.1898,0.0,3.05,8.64,27.65,50.39,121.31,294.51,0.319,2.39,28.03,31.85,0,0,0,0
SMP_000903,26.309579576598086,94.14004948934507,2024-07-01T12:00:00Z,0.1702,11.87,31.78,62.18,109.95,183.3,448.69,867.63,0.55,30.86,88.86,143.53,1,1,1,1
SMP_000903,26.309579576598086,94.14004948934507,2024-07-02T12:00:00Z,0.1702,11.81,31.74,59.36,109.36,189.03,426.46,792.41,0.55,30.36,88.94,159.06,1,1,1,1
SMP_000903,26.309579576598086,94.14004948934507,2024-07-03T12:00:00Z,0.1702,4.59,12.03,25.27,44.85,82.44,199.13,392.97,0.408,9.07,41.26,77.56,0,0,0,0
SMP_000903,26.309579576598086,94.14004948934507,2024-07-04T12:00:00Z,0.1702,0.0,4.71,9.48,28.93,51.05,147.67,295.28,0.335,6.24,25.59,33.52,0,0,0,0
SMP_000903,26.309579576598086,94.14004948934507,2024-07-05T12:00:00Z,0.1702,0.0,2.54,6.79,16.36,36.19,124.72,265.4,0.294,1.86,15.99,33.09,0,0,0,0
SMP_001034,26.402983166900373,91.92545002919134,2024-07-01T12:00:00Z,0.102,11.68,31.38,59.13,97.73,160.0,399.35,765.84,0.55,29.5,84.23,137.0,1,1,1,1
SMP_001034,26.402983166900373,91.92545002919134,2024-07-02T12:00:00Z,0.102,10.74,31.95,59.26,107.4,171.95,427.85,804.26,0.55,29.52,91.46,133.42,1,1,1,1
SMP_001034,26.402983166900373,91.92545002919134,2024-07-03T12:00:00Z,0.102,3.28,10.6,23.32,46.18,85.11,203.81,437.0,0.385,12.78,39.09,68.31,0,0,0,0
SMP_001034,26.402983166900373,91.92545002919134,2024-07-04T12:00:00Z,0.102,0.0,4.03,14.99,28.52,66.89,182.42,359.4,0.378,7.42,26.92,56.73,0,0,0,0
SMP_001034,26.402983166900373,91.92545002919134,2024-07-05T12:00:00Z,0.102,0.0,1.93,4.13,17.63,33.62,119.45,248.05,0.296,0.06,10.8,21.88,0,0,0,0
SMP_000754,26.153333,91.777111,2024-07-01T12:00:00Z,0.2499,10.46,28.56,61.33,102.6,165.61,381.09,729.29,0.55,28.05,86.71,147.49,1,1,1,1
SMP_000754,26.153333,91.777111,2024-07-02T12:00:00Z,0.2499,11.89,31.59,64.52,117.74,192.0,461.23,851.97,0.55,31.87,103.13,164.33,1,1,1,1
SMP_000754,26.153333,91.777111,2024-07-03T12:00:00Z,0.2499,6.11,16.64,38.09,71.77,130.69,325.52,636.88,0.521,15.18,66.02,99.17,0,1,1,1
SMP_000754,26.153333,91.777111,2024-07-04T12:00:00Z,0.2499,0.0,1.81,6.32,23.09,52.38,150.3,291.88,0.351,2.37,26.15,41.62,0,0,0,0
SMP_000754,26.153333,91.777111,2024-07-05T12:00:00Z,0.2499,0.0,4.97,11.84,31.65,71.62,179.63,393.14,0.38,7.56,34.4,70.17,0,0,0,0
SMP_001096,25.42152254528562,91.11896377780796,2024-07-01T12:00:00Z,0.4668,4.29,13.06,32.09,54.25,96.13,255.75,519.01,0.452,11.2,48.35,86.38,0,1,1,1
SMP_001096,25.42152254528562,91.11896377780796,2024-07-02T12:00:00Z,0.4668,13.35,35.3,67.82,113.49,177.4,400.52,759.56,0.55,33.72,97.93,151.94,1,1,1,1
SMP_001096,25.42152254528562,91.11896377780796,2024-07-03T12:00:00Z,0.4668,14.31,39.0,72.56,123.09,200.72,464.32,901.72,0.55,35.81,112.21,166.24,1,1,1,1
SMP_001096,25.42152254528562,91.11896377780796,2024-07-04T12:00:00Z,0.4668,6.59,21.8,46.38,87.1,139.42,340.75,641.83,0.525,23.22,81.24,126.33,1,1,1,1
SMP_001096,25.42152254528562,91.11896377780796,2024-07-05T12:00:00Z,0.4668,0.0,2.2,8.57,25.58,56.6,166.47,365.47,0.372,5.59,24.69,37.13,0,0,0,0
SMP_000514,26.54,94.37,2024-07-01T12:00:00Z,0.1633,12.57,33.23,61.9,111.33,172.36,425.98,793.22,0.55,30.98,94.22,133.77,1,1,1,1
SMP_000514,26.54,94.37,2024-07-02T12:00:00Z,0.1633,10.25,28.41,58.96,102.1,162.11,403.0,796.1,0.55,26.45,84.39,137.69,1,1,1,1
SMP_000514,26.54,94.37,2024-07-03T12:00:00Z,0.1633,1.71,5.34,16.66,34.62,64.22,165.32,365.61,0.342,3.39,24.76,53.41,0,0,0,0
SMP_000514,26.54,94.37,2024-07-04T12:00:00Z,0.1633,0.0,4.32,14.94,29.22,61.71,154.88,319.69,0.331,4.79,23.1,47.28,0,0,0,0
SMP_000514,26.54,94.37,2024-07-05T12:00:00Z,0.1633,0.0,1.9,7.38,22.11,55.91,156.47,359.92,0.342,4.42,18.86,49.24,0,0,0,0
SMP_001522,23.79735555850923,91.79465404485791,2024-07-01T12:00:00Z,0.3274,0.0,2.09,6.8,17.63,39.34,97.14,196.62,0.287,3.99,15.64,33.57,0,0,0,0
SMP_001522,23.79735555850923,91.79465404485791,2024-07-02T12:00:00Z,0.3274,0.0,0.96,11.71,29.94,61.1,150.5,310.26,0.341,0.56,22.83,51.03,0,0,0,0
SMP_001522,23.79735555850923,91.79465404485791,2024-07-03T12:00:00Z,0.3274,3.61,9.41,22.51,45.23,91.94,239.09,504.61,0.426,7.24,46.22,83.75,0,0,1,1
SMP_001522,23.79735555850923,91.79465404485791,2024-07-04T12:00:00Z,0.3274,12.07,31.94,64.87,111.05,187.63,438.98,819.76,0.55,32.4,94.86,160.39,1,1,1,1
SMP_001522,23.79735555850923,91.79465404485791,2024-07-05T12:00:00Z,0.3274,13.21,36.28,67.51,112.05,192.2,443.23,876.62,0.55,34.92,95.19,168.48,1,1,1,1
SMP_000413,26.099975,91.876625,2024-07-01T12:00:00Z,0.1765,10.19,30.59,61.9,112.0,192.91,448.16,882.21,0.55,28.42,98.1,169.03,1,1,1,1
SMP_000413,26.099975,91.876625,2024-07-02T12:00:00Z,0.1765,12.14,32.1,58.17,99.12,167.58,402.74,793.66,0.55,28.77,86.1,129.05,1,1,1,1
SMP_000413,26.099975,91.876625,2024-07-03T12:00:00Z,0.1765,6.72,19.93,37.93,70.11,128.18,331.52,634.27,0.525,19.59,55.0,113.64,0,1,1,1
SMP_000413,26.099975,91.876625,2024-07-04T12:00:00Z,0.1765,0.0,3.48,9.72,17.76,39.69,108.95,237.36,0.277,3.23,22.15,36.63,0,0,0,0
SMP_000413,26.099975,91.876625,2024-07-05T12:00:00Z,0.1765,0.0,3.82,14.53,33.75,56.77,152.06,341.0,0.344,3.18,31.29,46.45,0,0,0,0
SMP_001344,25.659479069035505,90.44526667239366,2024-07-01T12:00:00Z,0.1618,6.91,20.21,38.76,74.62,119.37,287.96,580.72,0.494,19.02,68.33,87.5,0,0,1,1
SMP_001344,25.659479069035505,90.44526667239366,2024-07-02T12:00:00Z,0.1618,13.34,37.88,69.37,121.12,201.31,453.76,873.5,0.55,32.9,106.9,175.8,1,1,1,1
SMP_001344,25.659479069035505,90.44526667239366,2024-07-03T12:00:00Z,0.1618,11.68,35.06,64.14,116.4,184.17,430.97,831.31,0.55,35.23,95.36,144.05,1,1,1,1
SMP_001344,25.659479069035505,90.44526667239366,2024-07-04T12:00:00Z,0.1618,2.93,11.73,22.74,51.01,87.1,221.52,461.66,0.425,8.94,48.68,70.8,0,0,0,0
SMP_001344,25.659479069035505,90.44526667239366,2024-07-05T12:00:00Z,0.1618,0.0,0.96,11.45,22.97,55.43,161.17,331.21,0.362,2.58,27.5,42.21,0,0,0,0
SMP_000712,25.91422,92.49972,2024-07-01T12:00:00Z,0.4448,9.32,27.9,57.95,104.43,179.29,427.65,817.59,0.55,24.47,92.91,151.13,1,1,1,1
SMP_000712,25.91422,92.49972,2024-07-02T12:00:00Z,0.4448,13.23,39.17,74.13,122.68,206.69,495.2,923.5,0.55,39.24,108.78,160.33,1,1,1,1
SMP_000712,25.91422,92.49972,2024-07-03T12:00:00Z,0.4448,9.12,25.7,47.55,82.45,139.27,339.47,690.15,0.528,24.05,77.45,110.68,1,1,1,1
SMP_000712,25.91422,92.49972,2024-07-04T12:00:00Z,0.4448,0.0,3.4,13.91,33.77,63.36,179.53,354.74,0.36,1.63,25.29,65.14,0,0,0,1
SMP_000712,25.91422,92.49972,2024-07-05T12:00:00Z,0.4448,0.0,0.9,8.84,21.63,44.81,134.34,265.88,0.331,1.97,21.99,36.34,0,0,0,0
SMP_000575,24.57235,92.70536,2024-07-01T12:00:00Z,0.1209,0.0,2.43,4.55,20.68,44.32,125.81,281.08,0.299,4.34,14.36,25.73,0,0,0,0
SMP_000575,24.57235,92.70536,2024-07-02T12:00:00Z,0.1209,2.91,11.6,22.15,46.38,81.89,212.28,429.42,0.375,13.93,44.61,66.02,0,0,0,0
SMP_000575,24.57235,92.70536,2024-07-03T12:00:00Z,0.1209,10.58,28.63,52.3,88.04,155.69,376.55,722.06,0.55,28.49,73.64,138.1,0,1,1,1
SMP_000575,24.57235,92.70536,2024-07-04T12:00:00Z,0.1209,11.84,30.97,58.6,101.83,163.34,383.55,718.28,0.55,28.52,88.03,141.51,1,1,1,1
SMP_000575,24.57235,92.70536,2024-07-05T12:00:00Z,0.1209,5.91,16.25,30.01,55.73,106.1,273.03,526.44,0.465,16.33,48.57,78.38,0,0,1,1
SMP_000367,25.968083,92.3575,2024-07-01T12:00:00Z,0.327,10.83,30.66,64.26,115.95,183.17,450.14,837.39,0.55,27.29,101.61,158.81,1,1,1,1
SMP_000367,25.968083,92.3575,2024-07-02T12:00:00Z,0.327,14.57,38.65,70.03,122.89,200.83,454.9,869.33,0.55,35.73,100.87,154.59,1,1,1,1
SMP_000367,25.968083,92.3575,2024-07-03T12:00:00Z,0.327,9.48,26.26,52.81,94.84,152.72,365.65,724.64,0.537,22.99,87.49,116.45,1,1,1,1
SMP_000367,25.968083,92.3575,2024-07-04T12:00:00Z,0.327,0.0,4.04,9.58,19.84,35.66,113.44,245.88,0.294,1.87,16.51,21.17,0,0,0,0
SMP_000367,25.968083,92.3575,2024-07-05T12:00:00Z,0.327,0.0,0.62,9.36,29.53,66.63,191.57,408.12,0.369,2.37,29.66,48.35,0,0,0,0
SMP_001356,25.27098752471081,93.96756487048435,2024-07-01T12:00:00Z,0.5546,2.61,10.25,21.7,45.09,85.01,220.53,447.42,0.427,10.28,36.72,61.71,0,0,1,1
SMP_001356,25.27098752471081,93.96756487048435,2024-07-02T12:00:00Z,0.5546,15.27,43.95,83.81,141.39,222.79,504.89,987.64,0.55,38.69,118.67,175.55,1,1,1,1
SMP_001356,25.27098752471081,93.96756487048435,2024-07-03T12:00:00Z,0.5546,18.67,51.88,102.44,167.64,266.79,634.38,1209.83,0.55,48.46,140.35,218.72,1,1,1,1
SMP_001356,25.27098752471081,93.96756487048435,2024-07-04T12:00:00Z,0.5546,10.74,28.94,54.57,99.17,156.59,364.44,691.11,0.532,25.56,81.18,131.69,1,1,1,1
SMP_001356,25.27098752471081,93.96756487048435,2024-07-05T12:00:00Z,0.5546,0.0,0.11,0.87,14.51,46.56,143.37,291.42,0.324,-1.08,17.88,49.79,0,0,0,0
SMP_000741,25.177416,93.00975,2024-07-01T12:00:00Z,0.3865,0.66,6.08,18.76,43.97,80.14,203.21,407.83,0.388,8.08,36.92,68.3,0,0,0,1
SMP_000741,25.177416,93.00975,2024-07-02T12:00:00Z,0.3865,11.03,29.87,54.94,96.89,151.89,355.75,718.12,0.549,30.65,80.64,129.4,1,1,1,1
SMP_000741,25.177416,93.00975,2024-07-03T12:00:00Z,0.3865,14.71,43.12,79.28,141.0,232.71,556.81,1078.21,0.55,39.16,119.56,193.33,1,1,1,1
SMP_000741,25.177416,93.00975,2024-07-04T12:00:00Z,0.3865,9.47,25.54,53.69,93.72,161.91,401.06,766.97,0.55,24.96,79.98,136.08,1,1,1,1
SMP_000741,25.177416,93.00975,2024-07-05T12:00:00Z,0.3865,0.0,1.59,12.2,30.3,69.0,172.78,378.39,0.335,4.72,28.33,60.18,0,0,0,0
SMP_000867,24.490467670337317,93.61351200524399,2024-07-01T12:00:00Z,0.4955,0.0,1.24,9.96,27.72,52.85,162.25,332.75,0.342,4.43,19.62,52.72,0,0,0,0
SMP_000867,24.490467670337317,93.61351200524399,2024-07-02T12:00:00Z,0.4955,2.53,8.29,17.88,33.42,55.45,149.94,326.06,0.323,9.7,32.61,42.25,0,0,0,0
SMP_000867,24.490467670337317,93.61351200524399,2024-07-03T12:00:00Z,0.4955,13.16,37.82,77.93,129.65,217.19,521.96,966.17,0.55,37.28,108.22,176.2,1,1,1,1
SMP_000867,24.490467670337317,93.61351200524399,2024-07-04T12:00:00Z,0.4955,15.81,45.76,91.47,153.6,244.68,557.45,1056.68,0.55,40.43,136.56,186.75,1,1,1,1
SMP_000867,24.490467670337317,93.61351200524399,2024-07-05T12:00:00Z,0.4955,8.87,24.17,43.97,83.83,141.07,321.66,652.08,0.492,24.62,69.81,116.98,1,1,1,1
SMP_000983,25.145837490026096,92.49532249576944,2024-07-01T12:00:00Z,0.1958,0.16,5.35,18.47,43.48,81.61,213.28,445.94,0.421,8.74,34.74,63.95,0,0,0,0
SMP_000983,25.145837490026096,92.49532249576944,2024-07-02T12:00:00Z,0.1958,9.02,27.6,50.03,90.93,141.82,327.9,624.41,0.515,27.95,78.77,117.9,0,1,1,1
SMP_000983,25.145837490026096,92.49532249576944,2024-07-03T12:00:00Z,0.1958,12.41,34.48,64.01,109.45,182.48,418.01,780.25,0.55,30.03,96.64,160.66,1,1,1,1
SMP_000983,25.145837490026096,92.49532249576944,2024-07-04T12:00:00Z,0.1958,8.27,26.4,51.39,92.15,153.83,367.68,723.94,0.538,23.66,80.25,128.98,1,1,1,1
SMP_000983,25.145837490026096,92.49532249576944,2024-07-05T12:00:00Z,0.1958,0.0,1.33,11.47,21.61,57.01,164.15,317.91,0.369,-0.79,24.05,45.04,0,0,0,0
SMP_000909,26.495292180148773,91.15663654098307,2024-07-01T12:00:00Z,0.1053,11.92,33.17,59.83,107.53,173.98,414.34,795.23,0.55,33.09,94.96,133.87,1,1,1,1
SMP_000909,26.495292180148773,91.15663654098307,2024-07-02T12:00:00Z,0.1053,10.11,30.17,61.83,108.13,173.17,404.0,786.81,0.55,27.94,89.98,137.51,1,1,1,1
SMP_000909,26.495292180148773,91.15663654098307,2024-07-03T12:00:00Z,0.1053,2.17,6.09,17.59,34.27,70.29,198.35,432.27,0.389,4.41,31.9,71.23,0,0,0,0
SMP_000909,26.495292180148773,91.15663654098307,2024-07-04T12:00:00Z,0.1053,0.0,2.38,5.54,23.85,43.26,127.19,271.36,0.288,5.87,25.52,49.26,0,0,0,0
SMP_000909,26.495292180148773,91.15663654098307,2024-07-05T12:00:00Z,0.1053,0.0,3.88,8.78,19.6,41.23,119.76,269.69,0.303,4.56,18.7,37.86,0,0,0,0
SMP_000226,25.369972,93.260306,2024-07-01T12:00:00Z,0.1463,3.17,8.64,19.07,38.33,64.27,164.04,370.58,0.333,7.74,29.54,47.18,0,0,0,0
SMP_000226,25.369972,93.260306,2024-07-02T12:00:00Z,0.1463,11.62,32.06,66.9,121.74,207.41,466.8,868.41,0.55,30.95,99.36,166.69,1,1,1,1
SMP_000226,25.369972,93.260306,2024-07-03T12:00:00Z,0.1463,13.02,35.74,70.51,123.38,199.84,479.49,897.78,0.55,33.12,100.9,163.74,1,1,1,1
SMP_000226,25.369972,93.260306,2024-07-04T12:00:00Z,0.1463,6.52,18.6,41.43,71.22,117.12,284.01,538.9,0.447,19.85,66.4,94.05,0,0,1,1
SMP_000226,25.369972,93.260306,2024-07-05T12:00:00Z,0.1463,0.0,2.7,6.26,12.67,30.29,95.28,198.01,0.265,1.19,10.12,27.17,0,0,0,0
SMP_000231,25.402333,93.407583,2024-07-01T12:00:00Z,0.219,3.72,14.36,34.63,67.15,107.46,249.22,500.77,0.422,11.87,59.33,96.88,0,0,1,1
SMP_000231,25.402333,93.407583,2024-07-02T12:00:00Z,0.219,12.24,32.19,59.71,99.4,168.73,417.45,821.68,0.55,30.49,81.22,135.6,1,1,1,1
SMP_000231,25.402333,93.407583,2024-07-03T12:00:00Z,0.219,13.34,38.38,76.87,136.52,220.0,506.77,948.09,0.55,36.55,113.16,182.01,1,1,1,1
SMP_000231,25.402333,93.407583,2024-07-04T12:00:00Z,0.219,6.35,16.67,34.08,61.94,116.0,268.73,553.37,0.464,17.58,60.01,94.28,0,0,1,1
SMP_000231,25.402333,93.407583,2024-07-05T12:00:00Z,0.219,0.0,1.12,7.89,16.4,38.78,112.53,231.5,0.306,-0.21,16.61,44.73,0,0,0,0
SMP_001274,25.34407671951747,90.94073855109106,2024-07-01T12:00:00Z,0.5287,2.88,7.87,18.63,38.07,67.14,194.38,386.28,0.371,5.98,39.98,48.76,0,0,0,1
SMP_001274,25.34407671951747,90.94073855109106,2024-07-02T12:00:00Z,0.5287,11.64,35.19,71.11,116.76,196.15,477.03,885.61,0.55,35.66,95.33,169.54,1,1,1,1
SMP_001274,25.34407671951747,90.94073855109106,2024-07-03T12:00:00Z,0.5287,13.34,36.83,75.57,124.32,209.62,482.45,902.69,0.55,32.82,104.78,169.32,1,1,1,1
SMP_001274,25.34407671951747,90.94073855109106,2024-07-04T12:00:00Z,0.5287,6.95,21.58,40.43,72.55,130.0,335.33,675.03,0.515,20.9,61.5,98.66,1,1,1,1
SMP_001274,25.34407671951747,90.94073855109106,2024-07-05T12:00:00Z,0.5287,0.0,3.84,6.96,20.86,52.18,160.76,328.94,0.349,2.68,16.46,50.31,0,0,0,0
SMP_001398,25.03214642640108,92.58673842258625,2024-07-01T12:00:00Z,0.4126,0.0,3.55,11.16,26.49,54.46,134.5,264.55,0.308,4.0,26.27,52.19,0,0,0,0
SMP_001398,25.03214642640108,92.58673842258625,2024-07-02T12:00:00Z,0.4126,9.12,24.53,50.01,94.2,163.85,387.14,749.38,0.55,23.2,85.05,135.98,1,1,1,1
SMP_001398,25.03214642640108,92.58673842258625,2024-07-03T12:00:00Z,0.4126,14.12,38.4,76.39,126.56,196.14,470.81,925.16,0.55,33.13,110.74,159.32,1,1,1,1
SMP_001398,25.03214642640108,92.58673842258625,2024-07-04T12:00:00Z,0.4126,10.56,29.91,63.82,114.37,182.05,420.9,779.2,0.55,28.08,95.35,151.5,1,1,1,1
SMP_001398,25.03214642640108,92.58673842258625,2024-07-05T12:00:00Z,0.4126,0.6,3.84,8.17,18.4,35.34,95.79,224.58,0.281,4.79,16.54,34.11,0,0,0,0
SMP_000479,26.198,90.298,2024-07-01T12:00:00Z,0.2367,10.67,31.18,61.92,112.19,184.54,448.83,857.16,0.55,26.18,91.28,143.67,1,1,1,1
SMP_000479,26.198,90.298,2024-07-02T12:00:00Z,0.2367,11.67,34.88,70.98,126.94,201.84,481.76,929.33,0.55,30.04,108.31,168.5,1,1,1,1
SMP_000479,26.198,90.298,2024-07-03T12:00:00Z,0.2367,5.59,15.8,37.65,66.86,107.99,283.07,557.65,0.476,18.09,54.6,88.93,0,0,1,1
SMP_000479,26.198,90.298,2024-07-04T12:00:00Z,0.2367,0.0,3.29,15.84,30.9,63.95,174.85,336.31,0.345,6.37,24.98,47.27,0,0,0,0
SMP_000479,26.198,90.298,2024-07-05T12:00:00Z,0.2367,0.0,4.72,12.65,30.88,62.88,156.39,344.78,0.332,7.03,30.13,55.22,0,0,0,0
SMP_000163,25.18725,93.120556,2024-07-01T12:00:00Z,0.1274,0.8,6.64,14.21,32.63,58.79,160.7,352.08,0.34,6.4,27.68,41.44,0,0,0,0
SMP_000163,25.18725,93.120556,2024-07-02T12:00:00Z,0.1274,11.02,33.12,60.07,100.01,158.17,375.25,725.14,0.55,32.92,83.43,122.7,1,1,1,1
SMP_000163,25.18725,93.120556,2024-07-03T12:00:00Z,0.1274,14.55,41.85,83.02,139.88,227.41,541.83,1017.74,0.55,35.82,119.9,182.8,1,1,1,1
SMP_000163,25.18725,93.120556,2024-07-04T12:00:00Z,0.1274,9.26,26.64,51.16,93.89,155.03,353.47,677.36,0.535,25.12,82.81,124.87,0,1,1,1
SMP_000163,25.18725,93.120556,2024-07-05T12:00:00Z,0.1274,0.0,4.4,8.85,27.67,53.58,165.98,323.04,0.367,4.64,19.51,52.22,0,0,0,0
SMP_000973,27.819378240028605,95.68901997956772,2024-07-01T12:00:00Z,0.102,5.49,18.01,41.21,70.4,123.94,303.76,569.69,0.49,14.55,66.32,110.15,0,0,1,1
SMP_000973,27.819378240028605,95.68901997956772,2024-07-02T12:00:00Z,0.102,0.0,3.63,13.22,31.55,60.12,173.14,382.91,0.375,5.03,25.98,53.15,0,0,0,0
SMP_000973,27.819378240028605,95.68901997956772,2024-07-03T12:00:00Z,0.102,0.0,2.61,13.7,30.45,52.64,163.39,331.5,0.364,1.57,33.66,50.74,0,0,0,0
SMP_000973,27.819378240028605,95.68901997956772,2024-07-04T12:00:00Z,0.102,0.0,0.86,4.6,10.34,24.14,95.61,239.03,0.284,0.49,10.3,28.3,0,0,0,0
SMP_000973,27.819378240028605,95.68901997956772,2024-07-05T12:00:00Z,0.102,0.0,0.17,3.74,16.22,32.44,116.12,288.73,0.277,3.45,9.36,36.53,0,0,0,0
SMP_000552,26.92216,92.7678,2024-07-01T12:00:00Z,0.2544,12.3,33.12,62.68,106.97,168.83,405.61,758.28,0.55,29.17,88.78,133.31,1,1,1,1
SMP_000552,26.92216,92.7678,2024-07-02T12:00:00Z,0.2544,6.61,17.53,36.31,66.46,121.1,303.31,600.44,0.494,18.54,58.07,87.77,0,1,1,1
SMP_000552,26.92216,92.7678,2024-07-03T12:00:00Z,0.2544,0.0,3.77,14.15,24.69,56.79,140.6,294.81,0.348,3.83,28.79,35.87,0,0,0,0
SMP_000552,26.92216,92.7678,2024-07-04T12:00:00Z,0.2544,0.0,4.94,16.12,28.2,64.5,153.86,314.47,0.349,7.77,20.91,43.62,0,0,0,0
SMP_000552,26.92216,92.7678,2024-07-05T12:00:00Z,0.2544,0.0,3.78,8.19,21.08,39.96,117.24,262.3,0.314,7.37,20.06,26.22,0,0,0,0
SMP_000266,25.437111,93.403639,2024-07-01T12:00:00Z,0.1258,4.05,11.53,22.64,42.47,84.14,223.65,446.08,0.411,14.26,33.78,72.84,0,0,0,0
SMP_000266,25.437111,93.403639,2024-07-02T12:00:00Z,0.1258,12.06,34.1,64.2,111.84,177.75,410.46,771.32,0.55,31.16,95.12,153.83,1,1,1,1
SMP_000266,25.437111,93.403639,2024-07-03T12:00:00Z,0.1258,12.76,38.15,75.72,123.7,195.34,461.6,904.61,0.55,34.84,107.04,161.8,1,1,1,1
SMP_000266,25.437111,93.403639,2024-07-04T12:00:00Z,0.1258,5.72,18.39,40.62,70.8,113.31,298.39,597.64,0.489,16.88,59.92,88.42,0,0,1,1
SMP_000266,25.437111,93.403639,2024-07-05T12:00:00Z,0.1258,0.0,1.46,2.99,15.62,43.48,138.93,271.7,0.318,5.04,20.69,29.76,0,0,0,0
SMP_000148,25.17,93.29,2024-07-01T12:00:00Z,0.4421,0.55,6.21,12.66,23.64,60.24,146.93,300.51,0.344,6.82,21.72,55.82,0,0,0,0
SMP_000148,25.17,93.29,2024-07-02T12:00:00Z,0.4421,11.01,29.73,60.88,102.18,175.65,428.84,798.67,0.55,26.67,90.25,138.91,1,1,1,1
SMP_000148,25.17,93.29,2024-07-03T12:00:00Z,0.4421,14.78,42.65,85.26,139.9,219.79,533.32,988.55,0.55,40.85,119.73,190.59,1,1,1,1
SMP_000148,25.17,93.29,2024-07-04T12:00:00Z,0.4421,9.59,27.15,51.61,85.52,143.6,330.16,646.16,0.532,26.1,74.84,116.75,1,1,1,1
SMP_000148,25.17,93.29,2024-07-05T12:00:00Z,0.4421,0.0,4.07,10.37,23.76,55.55,168.49,356.96,0.347,7.6,23.02,47.98,0,0,0,0
SMP_000567,26.9693,92.634,2024-07-01T12:00:00Z,0.183,12.1,32.96,66.52,119.07,191.07,452.64,846.25,0.55,29.79,108.57,163.33,1,1,1,1
SMP_000567,26.9693,92.634,2024-07-02T12:00:00Z,0.183,6.07,16.05,32.98,60.2,109.88,287.31,580.33,0.452,15.27,54.64,78.24,0,0,1,1
SMP_000567,26.9693,92.634,2024-07-03T12:00:00Z,0.183,0.0,0.24,9.04,26.82,45.36,141.75,301.89,0.327,3.61,21.31,46.67,0,0,0,0
SMP_000567,26.9693,92.634,2024-07-04T12:00:00Z,0.183,0.0,1.2,6.43,21.49,48.0,131.93,290.56,0.333,1.12,16.62,48.98,0,0,0,0
SMP_000567,26.9693,92.634,2024-07-05T12:00:00Z,0.183,0.0,1.49,11.06,21.67,41.26,135.84,296.46,0.338,-0.37,24.62,46.06,0,0,0,0
SMP_000730,26.211111,91.684167,2024-07-01T12:00:00Z,0.166,10.79,28.36,54.45,95.25,166.12,378.59,702.21,0.55,23.85,81.22,123.67,1,1,1,1
SMP_000730,26.211111,91.684167,2024-07-02T12:00:00Z,0.166,11.67,31.2,56.51,102.96,177.91,404.73,773.95,0.55,31.7,86.55,147.37,1,1,1,1
SMP_000730,26.211111,91.684167,2024-07-03T12:00:00Z,0.166,5.47,18.13,42.45,82.33,138.89,345.41,674.7,0.542,19.96,71.56,114.71,0,1,1,1
SMP_000730,26.211111,91.684167,2024-07-04T12:00:00Z,0.166,0.0,1.9,5.23,13.02,44.01,111.6,274.99,0.3,0.48,17.19,34.1,0,0,0,0
SMP_000730,26.211111,91.684167,2024-07-05T12:00:00Z,0.166,0.0,3.45,12.19,25.55,58.99,158.0,334.61,0.351,3.29,16.93,50.81,0,0,0,0
SMP_000892,24.73811595712543,93.00518830341639,2024-07-01T12:00:00Z,0.1146,0.0,4.05,11.14,32.78,73.83,212.25,442.04,0.383,7.59,31.5,67.04,0,0,0,0
SMP_000892,24.73811595712543,93.00518830341639,2024-07-02T12:00:00Z,0.1146,4.78,12.61,30.03,61.24,101.86,259.06,500.84,0.437,9.57,51.11,81.11,0,0,0,1
SMP_000892,24.73811595712543,93.00518830341639,2024-07-03T12:00:00Z,0.1146,11.32,31.53,65.58,110.23,180.43,433.35,808.86,0.55,31.8,98.72,153.85,1,1,1,1
SMP_000892,24.73811595712543,93.00518830341639,2024-07-04T12:00:00Z,0.1146,10.99,32.77,63.22,103.76,178.73,417.88,811.28,0.55,32.09,83.62,146.22,1,1,1,1
SMP_000892,24.73811595712543,93.00518830341639,2024-07-05T12:00:00Z,0.1146,4.0,13.79,31.51,60.88,115.99,270.86,536.62,0.465,15.44,49.35,107.13,0,0,1,1
SMP_001432,23.66269327806188,91.42521728441177,2024-07-01T12:00:00Z,0.3274,0.0,0.37,8.8,27.98,66.4,192.39,407.44,0.401,-1.47,30.98,50.28,0,0,0,0
SMP_001432,23.66269327806188,91.42521728441177,2024-07-02T12:00:00Z,0.3274,0.0,2.62,13.24,26.35,52.76,142.59,287.55,0.343,0.53,25.57,55.18,0,0,0,0
SMP_001432,23.66269327806188,91.42521728441177,2024-07-03T12:00:00Z,0.3274,1.79,9.64,25.06,48.43,91.86,235.5,489.59,0.424,9.61,42.8,69.7,0,0,1,1
SMP_001432,23.66269327806188,91.42521728441177,2024-07-04T12:00:00Z,0.3274,11.06,31.37,65.41,110.27,189.11,453.66,839.62,0.55,27.12,93.07,156.24,1,1,1,1
SMP_001432,23.66269327806188,91.42521728441177,2024-07-05T12:00:00Z,0.3274,13.63,38.65,71.26,121.3,191.65,442.23,848.78,0.55,36.46,100.89,159.48,1,1,1,1
SMP_000306,25.75933,92.52258,2024-07-01T12:00:00Z,0.1307,8.73,27.01,54.31,96.87,154.24,370.37,731.4,0.55,28.13,85.98,114.74,0,1,1,1
SMP_000306,25.75933,92.52258,2024-07-02T12:00:00Z,0.1307,14.73,41.53,84.36,137.07,215.28,500.97,939.44,0.55,35.51,113.51,179.69,1,1,1,1
SMP_000306,25.75933,92.52258,2024-07-03T12:00:00Z,0.1307,11.79,35.37,65.77,116.86,189.96,463.52,895.2,0.55,32.79,103.08,154.44,1,1,1,1
SMP_000306,25.75933,92.52258,2024-07-04T12:00:00Z,0.1307,1.71,7.88,20.29,39.06,64.94,165.01,331.77,0.33,10.12,34.19,51.89,0,0,0,0
SMP_000306,25.75933,92.52258,2024-07-05T12:00:00Z,0.1307,0.0,1.27,10.58,30.07,70.1,190.31,420.89,0.355,-0.23,20.82,50.18,0,0,0,0
SMP_000192,25.216881,92.982245,2024-07-01T12:00:00Z,0.1827,1.23,6.23,20.31,45.66,74.4,212.75,430.07,0.409,8.75,35.06,53.49,0,0,0,0
SMP_000192,25.216881,92.982245,2024-07-02T12:00:00Z,0.1827,11.33,30.98,57.23,102.08,159.96,380.24,712.22,0.547,26.1,88.57,132.72,1,1,1,1
SMP_000192,25.216881,92.982245,2024-07-03T12:00:00Z,0.1827,14.55,38.89,72.19,130.5,206.34,466.25,917.56,0.55,37.16,115.72,171.33,1,1,1,1
SMP_000192,25.216881,92.982245,2024-07-04T12:00:00Z,0.1827,8.95,24.37,46.58,83.17,130.07,320.97,603.65,0.511,24.17,67.81,103.86,0,1,1,1
SMP_000192,25.216881,92.982245,2024-07-05T12:00:00Z,0.1827,0.0,3.94,14.33,36.01,63.48,178.73,401.19,0.361,3.22,26.45,42.55,0,0,0,0
SMP_000309,25.809417,92.474833,2024-07-01T12:00:00Z,0.4496,9.26,28.43,53.5,95.26,155.36,375.17,726.96,0.535,28.65,78.76,120.57,1,1,1,1
SMP_000309,25.809417,92.474833,2024-07-02T12:00:00Z,0.4496,14.72,41.15,74.65,132.83,222.58,512.08,951.68,0.55,36.03,116.41,185.07,1,1,1,1
SMP_000309,25.809417,92.474833,2024-07-03T12:00:00Z,0.4496,11.25,31.51,58.37,104.86,168.29,387.08,756.14,0.55,28.13,88.01,134.28,1,1,1,1
SMP_000309,25.809417,92.474833,2024-07-04T12:00:00Z,0.4496,0.96,6.65,18.47,38.54,64.55,191.27,382.18,0.375,5.99,33.47,57.34,0,0,0,1
SMP_000309,25.809417,92.474833,2024-07-05T12:00:00Z,0.4496,0.0,2.23,6.39,21.68,46.21,130.56,271.1,0.332,5.25,22.72,36.07,0,0,0,0
SMP_000654,25.214944,93.021611,2024-07-01T12:00:00Z,0.473,1.19,5.02,11.05,30.0,63.95,168.37,358.07,0.365,3.54,28.52,49.1,0,0,0,1
SMP_000654,25.214944,93.021611,2024-07-02T12:00:00Z,0.473,11.19,32.07,66.11,116.18,187.29,436.38,860.85,0.55,31.04,100.75,161.48,1,1,1,1
SMP_000654,25.214944,93.021611,2024-07-03T12:00:00Z,0.473,14.4,41.27,79.66,131.82,204.98,488.67,923.93,0.55,37.06,110.66,161.32,1,1,1,1
SMP_000654,25.214944,93.021611,2024-07-04T12:00:00Z,0.473,8.88,26.85,58.17,107.04,184.22,429.58,816.45,0.55,25.9,87.41,143.3,1,1,1,1
SMP_000654,25.214944,93.021611,2024-07-05T12:00:00Z,0.473,0.0,4.33,15.52,37.29,74.93,206.49,409.67,0.415,6.53,31.77,63.26,0,0,1,1
SMP_000063,25.061847,92.79345,2024-07-01T12:00:00Z,0.7162,0.0,3.51,6.52,14.36,38.7,95.38,251.47,0.273,6.05,19.25,31.35,0,0,0,0
SMP_000063,25.061847,92.79345,2024-07-02T12:00:00Z,0.7162,9.01,25.06,51.62,89.38,151.08,358.28,690.47,0.55,22.72,79.2,118.58,1,1,1,1
SMP_000063,25.061847,92.79345,2024-07-03T12:00:00Z,0.7162,13.51,37.8,73.15,122.37,203.02,492.63,910.29,0.55,37.94,103.08,153.68,1,1,1,1
SMP_000063,25.061847,92.79345,2024-07-04T12:00:00Z,0.7162,9.82,27.76,52.42,95.94,150.69,348.58,648.76,0.518,24.03,76.66,114.58,1,1,1,1
SMP_000063,25.061847,92.79345,2024-07-05T12:00:00Z,0.7162,0.17,3.35,8.91,21.84,41.53,140.51,315.36,0.314,1.23,14.16,26.24,0,0,0,1
SMP_001308,25.91499597728645,91.41400791488671,2024-07-01T12:00:00Z,0.3097,9.13,24.84,48.71,83.32,139.93,338.19,672.94,0.511,21.53,78.18,125.28,0,1,1,1
SMP_001308,25.91499597728645,91.41400791488671,2024-07-02T12:00:00Z,0.3097,12.95,35.68,69.11,120.41,187.84,430.9,837.14,0.55,35.85,101.94,164.78,1,1,1,1
SMP_001308,25.91499597728645,91.41400791488671,2024-07-03T12:00:00Z,0.3097,8.91,27.18,58.69,105.32,166.07,409.82,760.66,0.55,26.54,86.37,139.51,1,1,1,1
SMP_001308,25.91499597728645,91.41400791488671,2024-07-04T12:00:00Z,0.3097,0.0,1.28,3.46,17.16,34.82,125.1,296.22,0.286,0.97,11.9,30.65,0,0,0,0
SMP_001308,25.91499597728645,91.41400791488671,2024-07-05T12:00:00Z,0.3097,0.0,2.76,8.06,26.42,64.09,172.77,377.97,0.338,2.22,17.79,43.31,0,0,0,0
SMP_001018,24.751488637425833,92.87800756011106,2024-07-01T12:00:00Z,0.1139,0.0,1.21,10.95,32.27,56.38,145.05,301.38,0.328,-0.14,32.11,48.78,0,0,0,0
SMP_001018,24.751488637425833,92.87800756011106,2024-07-02T12:00:00Z,0.1139,4.93,17.36,38.13,75.38,136.82,325.86,619.34,0.499,14.87,71.9,120.24,0,1,1,1
SMP_001018,24.751488637425833,92.87800756011106,2024-07-03T12:00:00Z,0.1139,11.38,33.18,64.44,105.64,172.79,405.24,787.02,0.55,29.61,96.59,135.43,1,1,1,1
SMP_001018,24.751488637425833,92.87800756011106,2024-07-04T12:00:00Z,0.1139,10.93,30.99,61.22,107.73,179.68,426.09,797.01,0.55,27.65,99.27,136.13,1,1,1,1
SMP_001018,24.751488637425833,92.87800756011106,2024-07-05T12:00:00Z,0.1139,3.85,12.03,22.05,45.39,92.21,214.0,461.56,0.419,12.56,38.83,65.56,0,0,0,0
SMP_001046,24.964017523262616,93.63224175618204,2024-07-01T12:00:00Z,0.3072,0.0,2.7,7.86,17.07,42.8,134.67,298.96,0.315,2.25,9.6,29.42,0,0,0,0
SMP_001046,24.964017523262616,93.63224175618204,2024-07-02T12:00:00Z,0.3072,9.45,28.48,54.12,97.85,164.72,375.17,742.19,0.55,23.66,88.43,123.7,1,1,1,1
SMP_001046,24.964017523262616,93.63224175618204,2024-07-03T12:00:00Z,0.3072,15.86,46.05,85.17,140.03,226.02,512.62,946.39,0.55,42.89,124.49,195.15,1,1,1,1
SMP_001046,24.964017523262616,93.63224175618204,2024-07-04T12:00:00Z,0.3072,12.65,33.14,66.36,115.74,184.04,423.42,787.62,0.55,28.32,105.9,156.55,1,1,1,1
SMP_001046,24.964017523262616,93.63224175618204,2024-07-05T12:00:00Z,0.3072,1.76,8.85,24.81,51.03,100.39,244.76,485.27,0.417,6.03,46.46,75.64,0,0,1,1
SMP_001202,25.97014519642122,90.84610475324592,2024-07-01T12:00:00Z,0.1087,9.08,25.43,51.26,96.7,159.65,368.75,715.41,0.55,21.42,89.14,124.56,0,1,1,1
SMP_001202,25.97014519642122,90.84610475324592,2024-07-02T12:00:00Z,0.1087,12.2,36.45,72.58,122.35,203.32,493.4,949.63,0.55,36.45,102.74,168.89,1,1,1,1
SMP_001202,25.97014519642122,90.84610475324592,2024-07-03T12:00:00Z,0.1087,7.92,23.61,48.01,83.37,138.92,332.38,650.58,0.541,22.03,73.46,105.04,0,1,1,1
SMP_001202,25.97014519642122,90.84610475324592,2024-07-04T12:00:00Z,0.1087,0.0,4.98,14.73,35.23,62.03,150.68,338.13,0.319,7.84,36.94,55.74,0,0,0,0
SMP_001202,25.97014519642122,90.84610475324592,2024-07-05T12:00:00Z,0.1087,0.0,3.38,6.81,14.05,38.61,101.24,220.63,0.298,2.65,8.23,41.71,0,0,0,0
SMP_000721,26.154278,91.792639,2024-07-01T12:00:00Z,0.2169,10.48,29.58,55.41,94.19,165.88,409.58,806.57,0.55,28.82,79.33,133.01,1,1,1,1
SMP_000721,26.154278,91.792639,2024-07-02T12:00:00Z,0.2169,11.91,35.33,68.77,114.07,188.06,437.27,837.46,0.55,33.52,104.68,152.97,1,1,1,1
SMP_000721,26.154278,91.792639,2024-07-03T12:00:00Z,0.2169,6.11,18.66,33.76,56.79,95.25,221.01,436.04,0.413,20.45,52.97,73.86,0,0,0,1
SMP_000721,26.154278,91.792639,2024-07-04T12:00:00Z,0.2169,0.0,0.69,6.67,25.08,50.74,148.54,319.92,0.32,-1.04,19.97,47.53,0,0,0,0
SMP_000721,26.154278,91.792639,2024-07-05T12:00:00Z,0.2169,0.0,2.15,7.17,17.26,33.36,118.54,281.28,0.297,4.02,10.62,26.59,0,0,0,0
SMP_000371,26.012,92.264167,2024-07-01T12:00:00Z,0.2187,10.44,32.06,58.35,105.41,181.09,444.25,874.18,0.55,32.25,89.39,152.56,1,1,1,1
SMP_000371,26.012,92.264167,2024-07-02T12:00:00Z,0.2187,13.47,39.49,76.13,127.84,200.68,490.58,923.14,0.55,39.0,110.45,169.91,1,1,1,1
SMP_000371,26.012,92.264167,2024-07-03T12:00:00Z,0.2187,8.33,24.86,46.9,79.42,134.77,343.88,651.45,0.528,22.08,70.51,106.06,0,1,1,1
SMP_000371,26.012,92.264167,2024-07-04T12:00:00Z,0.2187,0.0,0.47,10.41,28.53,65.84,158.6,327.38,0.341,3.31,27.97,46.82,0,0,0,0
SMP_000371,26.012,92.264167,2024-07-05T12:00:00Z,0.2187,0.0,0.23,6.14,20.28,41.34,117.9,261.51,0.322,-0.28,19.1,40.51,0,0,0,0
SMP_000906,24.038561814423307,93.74211074490007,2024-07-01T12:00:00Z,0.1526,0.0,2.47,9.54,23.95,56.8,137.7,326.95,0.33,5.16,22.77,46.94,0,0,0,0
SMP_000906,24.038561814423307,93.74211074490007,2024-07-02T12:00:00Z,0.1526,0.0,1.66,11.11,20.05,50.07,123.6,278.77,0.325,5.07,16.42,53.41,0,0,0,0
SMP_000906,24.038561814423307,93.74211074490007,2024-07-03T12:00:00Z,0.1526,7.5,23.55,44.78,85.95,139.71,351.5,709.48,0.516,24.0,71.26,119.74,0,1,1,1
SMP_000906,24.038561814423307,93.74211074490007,2024-07-04T12:00:00Z,0.1526,14.94,40.38,78.01,138.13,214.65,498.5,952.44,0.55,35.0,112.82,163.91,1,1,1,1
SMP_000906,24.038561814423307,93.74211074490007,2024-07-05T12:00:00Z,0.1526,13.31,39.08,78.24,133.0,212.98,498.0,927.33,0.55,36.97,109.74,176.08,1,1,1,1
SMP_001097,26.94251714921358,93.77539093264792,2024-07-01T12:00:00Z,0.1129,11.98,34.87,70.65,125.59,202.69,473.78,924.65,0.55,34.77,114.56,168.06,1,1,1,1
SMP_001097,26.94251714921358,93.77539093264792,2024-07-02T12:00:00Z,0.1129,6.25,18.03,40.39,67.8,124.99,292.91,581.2,0.463,15.53,63.49,107.08,0,0,1,1
SMP_001097,26.94251714921358,93.77539093264792,2024-07-03T12:00:00Z,0.1129,0.0,3.66,14.46,30.39,58.9,155.12,328.32,0.348,2.54,31.64,42.09,0,0,0,0
SMP_001097,26.94251714921358,93.77539093264792,2024-07-04T12:00:00Z,0.1129,0.0,2.02,10.59,24.02,58.45,160.6,336.37,0.361,2.39,23.61,49.39,0,0,0,0
SMP_001097,26.94251714921358,93.77539093264792,2024-07-05T12:00:00Z,0.1129,0.0,1.52,12.51,29.97,61.01,155.01,349.26,0.363,2.81,22.5,61.43,0,0,0,0
SMP_000780,25.23575,93.033317,2024-07-01T12:00:00Z,0.5732,1.48,8.6,17.22,38.09,74.79,186.71,396.27,0.371,6.85,29.8,60.08,0,0,1,1
SMP_000780,25.23575,93.033317,2024-07-02T12:00:00Z,0.5732,11.3,29.99,61.54,111.16,183.47,441.76,815.25,0.55,26.02,95.64,160.57,1,1,1,1
SMP_000780,25.23575,93.033317,2024-07-03T12:00:00Z,0.5732,14.27,40.78,74.77,129.38,203.59,493.34,929.6,0.55,37.85,111.98,175.75,1,1,1,1
SMP_000780,25.23575,93.033317,2024-07-04T12:00:00Z,0.5732,8.58,25.19,50.88,83.67,144.42,351.53,680.83,0.55,26.45,76.98,121.2,1,1,1,1
SMP_000780,25.23575,93.033317,2024-07-05T12:00:00Z,0.5732,0.0,2.84,7.4,20.81,55.31,165.44,330.43,0.354,1.75,17.87,55.13,0,0,0,1
SMP_000218,25.308028,93.471028,2024-07-01T12:00:00Z,0.3009,3.2,12.69,26.13,45.97,84.04,224.5,459.48,0.419,14.63,38.09,60.69,0,0,0,1
SMP_000218,25.308028,93.471028,2024-07-02T12:00:00Z,0.3009,15.21,42.14,80.13,130.5,211.42,477.31,928.79,0.55,40.0,115.58,181.56,1,1,1,1
SMP_000218,25.308028,93.471028,2024-07-03T12:00:00Z,0.3009,17.99,48.92,88.06,143.06,223.8,534.73,1034.58,0.55,43.56,117.18,178.64,1,1,1,1
SMP_000218,25.308028,93.471028,2024-07-04T12:00:00Z,0.3009,9.86,29.27,54.46,96.84,168.69,405.1,791.47,0.55,29.71,78.26,125.73,1,1,1,1
SMP_000218,25.308028,93.471028,2024-07-05T12:00:00Z,0.3009,0.0,4.65,11.88,32.89,71.32,172.6,341.41,0.349,4.62,23.34,71.22,0,0,0,0
SMP_001523,25.981433044917395,93.01758434534602,2024-07-01T12:00:00Z,0.1049,9.29,25.1,51.66,91.4,157.62,389.91,727.36,0.55,26.08,77.22,122.24,1,1,1,1
SMP_001523,25.981433044917395,93.01758434534602,2024-07-02T12:00:00Z,0.1049,12.34,36.41,68.29,114.68,189.58,463.35,892.15,0.55,35.19,95.37,161.05,1,1,1,1
SMP_001523,25.981433044917395,93.01758434534602,2024-07-03T12:00:00Z,0.1049,7.91,25.18,47.61,80.53,132.14,338.94,663.86,0.535,22.87,68.41,108.61,0,1,1,1
SMP_001523,25.981433044917395,93.01758434534602,2024-07-04T12:00:00Z,0.1049,0.0,3.71,13.94,29.1,56.41,136.38,312.2,0.322,5.87,21.21,45.65,0,0,0,0
SMP_001523,25.981433044917395,93.01758434534602,2024-07-05T12:00:00Z,0.1049,0.0,0.83,7.03,25.02,44.07,144.02,332.36,0.349,0.56,20.75,26.96,0,0,0,0
SMP_000286,25.452278,93.394333,2024-07-01T12:00:00Z,0.2305,4.29,13.23,27.99,46.88,80.75,222.28,451.15,0.384,12.63,40.49,65.12,0,0,0,0
SMP_000286,25.452278,93.394333,2024-07-02T12:00:00Z,0.2305,12.28,33.76,63.15,111.37,182.08,431.07,843.99,0.55,30.92,96.63,154.81,1,1,1,1
SMP_000286,25.452278,93.394333,2024-07-03T12:00:00Z,0.2305,12.82,36.1,72.52,127.97,215.85,503.57,965.32,0.55,36.19,109.79,165.33,1,1,1,1
SMP_000286,25.452278,93.394333,2024-07-04T12:00:00Z,0.2305,5.59,16.63,38.78,75.36,133.78,309.67,622.74,0.477,17.91,71.74,110.22,0,1,1,1
SMP_000286,25.452278,93.394333,2024-07-05T12:00:00Z,0.2305,0.0,3.51,14.11,30.29,65.78,180.8,354.44,0.345,6.4,28.54,61.26,0,0,0,0
SMP_001175,25.38027224829135,92.92876979264724,2024-07-01T12:00:00Z,0.1888,3.36,11.3,28.91,53.28,91.66,215.71,408.48,0.406,9.22,45.47,76.55,0,0,0,1
SMP_001175,25.38027224829135,92.92876979264724,2024-07-02T12:00:00Z,0.1888,11.87,35.68,69.3,121.51,201.9,457.18,891.59,0.55,30.73,99.21,171.25,1,1,1,1
SMP_001175,25.38027224829135,92.92876979264724,2024-07-03T12:00:00Z,0.1888,13.18,34.58,65.53,118.96,193.78,446.85,847.65,0.55,30.81,102.53,149.38,1,1,1,1
SMP_001175,25.38027224829135,92.92876979264724,2024-07-04T12:00:00Z,0.1888,6.5,17.57,33.19,55.6,103.57,258.61,544.32,0.464,15.92,48.7,93.48,0,0,1,1
SMP_001175,25.38027224829135,92.92876979264724,2024-07-05T12:00:00Z,0.1888,0.0,1.35,4.91,12.6,36.78,123.66,250.24,0.328,0.01,6.89,21.44,0,0,0,0
SMP_001317,23.796631389087754,91.69692740478152,2024-07-01T12:00:00Z,0.3274,0.0,2.8,10.68,30.35,65.29,176.8,367.78,0.386,4.23,24.87,45.77,0,0,0,0
SMP_001317,23.796631389087754,91.69692740478152,2024-07-02T12:00:00Z,0.3274,0.0,3.46,14.16,31.43,66.67,159.05,350.16,0.348,6.73,24.14,53.45,0,0,0,0
SMP_001317,23.796631389087754,91.69692740478152,2024-07-03T12:00:00Z,0.3274,3.6,13.62,27.42,52.49,89.1,232.77,461.11,0.394,14.74,49.09,63.31,0,0,0,1
SMP_001317,23.796631389087754,91.69692740478152,2024-07-04T12:00:00Z,0.3274,12.06,35.13,68.45,121.84,205.28,469.9,891.61,0.55,32.13,105.53,173.35,1,1,1,1
SMP_001317,23.796631389087754,91.69692740478152,2024-07-05T12:00:00Z,0.3274,13.21,34.63,65.32,117.28,192.05,450.44,847.09,0.55,34.97,105.87,153.01,1,1,1,1
SMP_000989,24.92522071337448,94.03563937540846,2024-07-01T12:00:00Z,0.1077,0.0,1.81,6.26,14.85,39.76,131.59,258.36,0.338,2.7,9.25,26.36,0,0,0,0
SMP_000989,24.92522071337448,94.03563937540846,2024-07-02T12:00:00Z,0.1077,8.47,24.45,48.18,81.71,134.33,342.47,652.62,0.505,23.78,68.43,106.39,0,1,1,1
SMP_000989,24.92522071337448,94.03563937540846,2024-07-03T12:00:00Z,0.1077,14.93,41.12,74.95,127.5,214.11,498.76,972.75,0.55,40.23,113.79,181.75,1,1,1,1
SMP_000989,24.92522071337448,94.03563937540846,2024-07-04T12:00:00Z,0.1077,12.33,35.52,68.22,123.96,192.58,473.23,895.02,0.55,33.76,110.72,167.59,1,1,1,1
SMP_000989,24.92522071337448,94.03563937540846,2024-07-05T12:00:00Z,0.1077,2.25,9.71,25.02,50.42,97.47,235.47,457.38,0.413,8.02,44.69,92.75,0,0,0,1
SMP_001263,25.72269149612108,89.9418201949271,2024-07-01T12:00:00Z,0.1173,6.79,21.75,40.73,73.89,126.21,289.31,568.9,0.458,19.58,62.94,107.56,0,0,1,1
SMP_001263,25.72269149612108,89.9418201949271,2024-07-02T12:00:00Z,0.1173,12.01,33.78,70.56,121.74,192.18,463.6,901.95,0.55,29.35,99.91,161.55,1,1,1,1
SMP_001263,25.72269149612108,89.9418201949271,2024-07-03T12:00:00Z,0.1173,9.95,29.14,54.6,94.32,149.29,367.25,737.61,0.548,30.01,83.34,127.95,0,1,1,1
SMP_001263,25.72269149612108,89.9418201949271,2024-07-04T12:00:00Z,0.1173,1.84,6.32,11.99,26.65,48.89,124.17,252.36,0.305,5.23,19.63,52.97,0,0,0,0
SMP_001263,25.72269149612108,89.9418201949271,2024-07-05T12:00:00Z,0.1173,0.0,3.57,9.97,27.98,50.32,141.96,317.72,0.324,5.03,26.85,39.72,0,0,0,0
SMP_001177,26.75648980998104,94.852670599934,2024-07-01T12:00:00Z,0.3383,14.22,38.74,70.69,127.66,202.13,490.44,922.75,0.55,36.93,104.7,174.3,1,1,1,1
SMP_001177,26.75648980998104,94.852670599934,2024-07-02T12:00:00Z,0.3383,9.37,26.27,57.05,93.79,147.83,347.76,704.23,0.528,23.64,79.08,124.15,1,1,1,1
SMP_001177,26.75648980998104,94.852670599934,2024-07-03T12:00:00Z,0.3383,0.0,0.68,4.02,18.87,50.52,157.48,341.93,0.353,-1.31,20.02,33.98,0,0,0,0
SMP_001177,26.75648980998104,94.852670599934,2024-07-04T12:00:00Z,0.3383,0.0,4.68,18.07,32.79,56.82,142.33,301.07,0.31,7.04,23.2,45.83,0,0,0,0
SMP_001177,26.75648980998104,94.852670599934,2024-07-05T12:00:00Z,0.3383,0.0,3.33,9.14,17.38,31.34,97.33,225.63,0.272,1.61,9.84,15.09,0,0,0,0
SMP_001100,26.710103867375754,93.10208136319872,2024-07-01T12:00:00Z,0.1031,12.28,35.62,69.11,113.1,187.8,438.64,844.32,0.55,30.22,101.84,163.35,1,1,1,1
SMP_001100,26.710103867375754,93.10208136319872,2024-07-02T12:00:00Z,0.1031,8.5,25.43,53.32,100.23,168.35,409.78,795.88,0.55,21.92,81.37,135.21,1,1,1,1
SMP_001100,26.710103867375754,93.10208136319872,2024-07-03T12:00:00Z,0.1031,0.0,1.14,4.32,11.72,35.73,123.27,270.11,0.33,0.49,9.2,39.79,0,0,0,0
SMP_001100,26.710103867375754,93.10208136319872,2024-07-04T12:00:00Z,0.1031,0.0,2.15,11.83,22.38,58.14,158.77,307.17,0.343,4.17,17.2,46.72,0,0,0,0
SMP_001100,26.710103867375754,93.10208136319872,2024-07-05T12:00:00Z,0.1031,0.0,4.58,13.42,24.83,42.88,118.74,252.71,0.313,5.78,18.43,32.99,0,0,0,0
SMP_001345,25.896446860468547,92.31433458709948,2024-07-01T12:00:00Z,0.1243,9.85,25.98,55.37,102.93,176.5,420.44,821.03,0.55,21.52,87.23,147.21,1,1,1,1
SMP_001345,25.896446860468547,92.31433458709948,2024-07-02T12:00:00Z,0.1243,14.24,41.2,80.93,137.99,220.47,522.88,974.55,0.55,35.65,113.16,178.04,1,1,1,1
SMP_001345,25.896446860468547,92.31433458709948,2024-07-03T12:00:00Z,0.1243,10.0,28.82,59.37,102.17,176.42,423.13,803.79,0.55,29.29,87.68,136.17,1,1,1,1
SMP_001345,25.896446860468547,92.31433458709948,2024-07-04T12:00:00Z,0.1243,0.0,1.79,3.46,19.69,37.55,96.86,249.37,0.303,1.59,14.02,39.15,0,0,0,0
SMP_001345,25.896446860468547,92.31433458709948,2024-07-05T12:00:00Z,0.1243,0.0,2.82,5.16,20.69,45.42,144.15,295.26,0.306,2.57,19.7,41.12,0,0,0,0
SMP_001532,23.665337094087977,93.08570079774638,2024-07-01T12:00:00Z,0.3274,0.0,3.29,11.83,24.78,48.61,152.01,315.71,0.353,6.1,21.53,46.72,0,0,0,0
SMP_001532,23.665337094087977,93.08570079774638,2024-07-02T12:00:00Z,0.3274,0.0,2.6,9.34,27.47,48.74,135.1,269.92,0.331,3.64,18.64,46.7,0,0,0,0
SMP_001532,23.665337094087977,93.08570079774638,2024-07-03T12:00:00Z,0.3274,1.82,7.06,21.28,44.37,76.99,215.25,431.57,0.394,5.72,35.13,69.0,0,0,0,1
SMP_001532,23.665337094087977,93.08570079774638,2024-07-04T12:00:00Z,0.3274,11.08,29.95,54.74,91.04,155.8,381.65,750.61,0.55,26.04,74.64,114.8,1,1,1,1
SMP_001532,23.665337094087977,93.08570079774638,2024-07-05T12:00:00Z,0.3274,13.62,40.38,77.89,131.24,211.92,511.49,964.94,0.55,37.23,117.91,163.02,1,1,1,1
SMP_001303,25.165296048498753,94.65601165181013,2024-07-01T12:00:00Z,0.3041,0.71,4.58,10.83,24.69,60.78,171.04,358.3,0.38,6.97,26.77,56.15,0,0,0,0
SMP_001303,25.165296048498753,94.65601165181013,2024-07-02T12:00:00Z,0.3041,16.16,44.86,85.66,142.02,234.87,564.15,1093.48,0.55,43.68,121.06,189.33,1,1,1,1
SMP_001303,25.165296048498753,94.65601165181013,2024-07-03T12:00:00Z,0.3041,21.81,56.85,104.11,168.6,259.04,606.81,1152.56,0.55,50.65,148.04,204.21,1,1,1,1
SMP_001303,25.165296048498753,94.65601165181013,2024-07-04T12:00:00Z,0.3041,14.23,41.49,83.85,143.13,239.52,546.76,1059.92,0.55,36.95,128.75,195.42,1,1,1,1
SMP_001303,25.165296048498753,94.65601165181013,2024-07-05T12:00:00Z,0.3041,0.0,4.15,13.47,26.88,60.7,169.05,349.91,0.35,3.19,29.09,38.9,0,0,0,0
SMP_001006,25.370326659865235,90.66134807513573,2024-07-01T12:00:00Z,0.5885,3.52,13.31,28.25,58.95,102.66,246.3,499.05,0.445,12.84,45.8,90.93,0,1,1,1
SMP_001006,25.370326659865235,90.66134807513573,2024-07-02T12:00:00Z,0.5885,12.88,38.02,73.68,128.49,198.07,454.29,848.62,0.55,35.35,105.31,170.89,1,1,1,1
SMP_001006,25.370326659865235,90.66134807513573,2024-07-03T12:00:00Z,0.5885,14.42,38.06,76.54,126.77,211.46,496.45,916.16,0.55,34.66,102.88,168.7,1,1,1,1
SMP_001006,25.370326659865235,90.66134807513573,2024-07-04T12:00:00Z,0.5885,7.22,21.71,44.29,81.0,141.6,360.54,715.24,0.526,21.39,69.89,126.87,1,1,1,1
SMP_001006,25.370326659865235,90.66134807513573,2024-07-05T12:00:00Z,0.5885,0.0,1.98,11.01,31.55,59.75,163.64,360.89,0.334,3.99,24.92,40.52,0,0,0,1
SMP_001007,25.077340850400603,93.39178599619913,2024-07-01T12:00:00Z,0.1661,0.0,4.69,12.97,31.38,64.45,159.64,327.85,0.361,7.91,34.05,53.42,0,0,0,0
SMP_001007,25.077340850400603,93.39178599619913,2024-07-02T12:00:00Z,0.1661,8.71,24.81,46.43,87.12,143.24,334.74,664.97,0.535,22.92,79.52,106.07,0,1,1,1
SMP_001007,25.077340850400603,93.39178599619913,2024-07-03T12:00:00Z,0.1661,12.85,37.79,72.37,129.7,217.09,521.69,989.29,0.55,36.98,105.27,179.14,1,1,1,1
SMP_001007,25.077340850400603,93.39178599619913,2024-07-04T12:00:00Z,0.1661,9.2,25.13,52.45,98.91,158.17,376.93,725.91,0.55,24.7,80.22,133.38,1,1,1,1
SMP_001007,25.077340850400603,93.39178599619913,2024-07-05T12:00:00Z,0.1661,0.0,2.71,5.56,18.27,38.21,119.33,294.12,0.299,4.53,12.74,34.43,0,0,0,0
SMP_000629,25.156583,93.019611,2024-07-01T12:00:00Z,0.4392,0.35,4.88,11.96,33.17,65.21,159.05,352.72,0.33,6.6,30.18,60.63,0,0,0,0
SMP_000629,25.156583,93.019611,2024-07-02T12:00:00Z,0.4392,10.64,28.96,60.01,104.03,164.71,375.07,701.5,0.55,25.55,93.72,129.41,1,1,1,1
SMP_000629,25.156583,93.019611,2024-07-03T12:00:00Z,0.4392,14.48,40.57,80.18,136.42,217.68,495.89,938.72,0.55,34.78,119.89,175.01,1,1,1,1
SMP_000629,25.156583,93.019611,2024-07-04T12:00:00Z,0.4392,9.54,28.16,54.63,90.58,158.54,398.2,740.01,0.55,25.98,73.93,140.55,1,1,1,1
SMP_000629,25.156583,93.019611,2024-07-05T12:00:00Z,0.4392,0.0,3.72,8.89,22.8,41.25,122.8,287.6,0.29,4.31,25.37,36.4,0,0,0,0
SMP_001170,23.496694651494938,91.28574851719166,2024-07-01T12:00:00Z,0.3274,0.0,1.52,9.56,19.47,46.89,120.23,289.93,0.315,5.1,16.15,49.32,0,0,0,0
SMP_001170,23.496694651494938,91.28574851719166,2024-07-02T12:00:00Z,0.3274,0.0,1.67,4.86,13.9,41.39,126.36,267.57,0.311,0.21,12.7,25.6,0,0,0,0
SMP_001170,23.496694651494938,91.28574851719166,2024-07-03T12:00:00Z,0.3274,0.0,1.12,3.39,14.94,34.14,93.82,226.94,0.26,0.47,15.99,23.63,0,0,0,0
SMP_001170,23.496694651494938,91.28574851719166,2024-07-04T12:00:00Z,0.3274,9.55,29.5,57.86,102.14,159.65,376.62,715.7,0.55,25.57,85.59,123.15,1,1,1,1
SMP_001170,23.496694651494938,91.28574851719166,2024-07-05T12:00:00Z,0.3274,13.8,38.14,71.75,117.85,190.36,466.77,862.48,0.55,32.57,98.98,149.0,1,1,1,1
SMP_000415,26.10175,92.040222,2024-07-01T12:00:00Z,0.2911,10.16,28.64,55.74,97.19,154.38,360.69,716.46,0.55,24.66,84.56,131.94,1,1,1,1
SMP_000415,26.10175,92.040222,2024-07-02T12:00:00Z,0.2911,12.08,32.37,63.58,104.57,162.01,372.55,748.64,0.545,29.66,94.93,131.1,1,1,1,1
SMP_000415,26.10175,92.040222,2024-07-03T12:00:00Z,0.2911,6.68,19.95,45.08,80.25,134.47,326.51,608.49,0.506,20.28,69.9,116.41,0,1,1,1
SMP_000415,26.10175,92.040222,2024-07-04T12:00:00Z,0.2911,0.0,2.74,12.19,25.07,53.04,155.55,351.28,0.321,5.12,21.16,38.39,0,0,0,0
SMP_000415,26.10175,92.040222,2024-07-05T12:00:00Z,0.2911,0.0,1.72,12.87,33.23,70.85,202.53,417.69,0.384,2.46,29.97,54.25,0,0,0,0
SMP_000744,24.706194,92.289972,2024-07-01T12:00:00Z,0.1379,0.0,0.43,2.39,13.52,31.83,105.29,235.16,0.305,3.92,13.43,27.72,0,0,0,0
SMP_000744,24.706194,92.289972,2024-07-02T12:00:00Z,0.1379,4.44,11.68,28.06,52.38,97.0,234.78,478.65,0.412,8.51,51.45,86.69,0,0,0,1
SMP_000744,24.706194,92.289972,2024-07-03T12:00:00Z,0.1379,11.22,33.8,63.38,112.51,184.77,446.75,843.99,0.55,32.65,93.87,145.6,1,1,1,1
SMP_000744,24.706194,92.289972,2024-07-04T12:00:00Z,0.1379,11.19,29.92,63.85,110.47,188.06,449.06,831.3,0.55,29.78,101.38,142.11,1,1,1,1
SMP_000744,24.706194,92.289972,2024-07-05T12:00:00Z,0.1379,4.38,11.8,29.89,58.89,108.07,252.91,515.72,0.438,13.61,49.08,95.53,0,0,0,1
SMP_001596,25.848052199389368,93.38678933930039,2024-07-01T12:00:00Z,0.1109,8.4,22.61,48.28,91.55,151.14,376.81,727.58,0.55,21.73,76.42,118.58,0,1,1,1
SMP_001596,25.848052199389368,93.38678933930039,2024-07-02T12:00:00Z,0.1109,12.79,35.92,71.06,127.46,214.28,489.6,954.04,0.55,33.07,112.5,164.25,1,1,1,1
SMP_001596,25.848052199389368,93.38678933930039,2024-07-03T12:00:00Z,0.1109,9.42,29.27,53.27,92.95,145.92,339.14,682.91,0.543,27.99,81.78,128.18,0,1,1,1
SMP_001596,25.848052199389368,93.38678933930039,2024-07-04T12:00:00Z,0.1109,0.34,1.01,2.75,15.34,28.79,73.58,177.61,0.248,-0.83,9.06,30.17,0,0,0,0
SMP_001596,25.848052199389368,93.38678933930039,2024-07-05T12:00:00Z,0.1109,0.0,2.81,8.02,20.75,37.39,99.28,256.3,0.28,3.22,18.22,27.5,0,0,0,0
SMP_000535,26.57708,93.65836,2024-07-01T12:00:00Z,0.1618,12.73,38.0,68.73,117.52,195.83,458.49,888.75,0.55,35.01,102.15,159.93,1,1,1,1
SMP_000535,26.57708,93.65836,2024-07-02T12:00:00Z,0.1618,10.03,30.91,58.85,98.8,168.17,416.9,805.68,0.55,27.35,89.64,124.89,1,1,1,1
SMP_000535,26.57708,93.65836,2024-07-03T12:00:00Z,0.1618,1.25,7.68,20.82,43.75,83.6,224.88,436.21,0.417,9.94,37.75,60.55,0,0,0,0
SMP_000535,26.57708,93.65836,2024-07-04T12:00:00Z,0.1618,0.0,1.52,3.73,10.9,40.41,114.19,237.74,0.275,4.82,10.86,35.06,0,0,0,0
SMP_000535,26.57708,93.65836,2024-07-05T12:00:00Z,0.1618,0.0,3.63,11.05,30.02,62.04,175.06,388.68,0.35,3.27,31.49,63.39,0,0,0,0
SMP_001106,26.100045773917756,94.63446433193981,2024-07-01T12:00:00Z,0.5555,14.35,41.43,81.03,135.34,222.28,519.47,970.49,0.55,40.71,113.1,172.96,1,1,1,1
SMP_001106,26.100045773917756,94.63446433193981,2024-07-02T12:00:00Z,0.5555,17.09,48.52,88.46,150.59,234.93,556.8,1034.15,0.55,43.17,127.95,189.31,1,1,1,1
SMP_001106,26.100045773917756,94.63446433193981,2024-07-03T12:00:00Z,0.5555,9.47,26.96,50.68,91.79,154.36,355.37,694.0,0.55,24.18,73.54,127.99,1,1,1,1
SMP_001106,26.100045773917756,94.63446433193981,2024-07-04T12:00:00Z,0.5555,0.0,3.69,14.0,36.17,62.25,155.21,318.32,0.342,2.45,37.9,55.12,0,0,0,1
SMP_001106,26.100045773917756,94.63446433193981,2024-07-05T12:00:00Z,0.5555,0.0,4.5,8.52,17.85,46.75,150.87,300.04,0.32,2.88,22.44,40.39,0,0,0,0
SMP_000381,26.035278,92.470861,2024-07-01T12:00:00Z,0.2591,10.24,31.3,58.87,96.47,169.45,417.17,796.52,0.55,31.81,79.8,145.02,1,1,1,1
SMP_000381,26.035278,92.470861,2024-07-02T12:00:00Z,0.2591,12.93,34.72,66.68,114.51,182.01,445.69,850.74,0.55,35.05,99.22,155.39,1,1,1,1
SMP_000381,26.035278,92.470861,2024-07-03T12:00:00Z,0.2591,7.78,20.28,37.21,63.33,112.38,283.51,551.33,0.446,16.52,52.0,93.71,0,1,1,1
SMP_000381,26.035278,92.470861,2024-07-04T12:00:00Z,0.2591,0.0,1.47,3.89,15.14,28.38,111.53,236.42,0.305,0.48,8.27,24.56,0,0,0,0
SMP_000381,26.035278,92.470861,2024-07-05T12:00:00Z,0.2591,0.0,0.74,3.79,14.42,36.49,102.52,238.47,0.299,-0.19,17.42,31.65,0,0,0,0
SMP_000987,22.836180745942585,92.8189287256312,2024-07-01T12:00:00Z,0.3274,0.0,2.92,6.74,23.56,43.1,124.9,247.23,0.321,3.11,24.97,45.75,0,0,0,0
SMP_000987,22.836180745942585,92.8189287256312,2024-07-02T12:00:00Z,0.3274,0.0,3.57,13.73,31.58,62.87,157.68,351.07,0.321,2.9,34.59,50.57,0,0,0,0
SMP_000987,22.836180745942585,92.8189287256312,2024-07-03T12:00:00Z,0.3274,0.0,3.98,13.15,33.93,68.06,181.01,389.98,0.356,4.69,35.27,59.01,0,0,0,0
SMP_000987,22.836180745942585,92.8189287256312,2024-07-04T12:00:00Z,0.3274,1.42,8.44,17.09,41.27,76.41,193.42,398.84,0.387,10.51,35.13,52.94,0,0,0,1
SMP_000987,22.836180745942585,92.8189287256312,2024-07-05T12:00:00Z,0.3274,10.84,28.78,58.76,107.65,186.14,419.57,834.93,0.55,29.72,89.68,142.42,1,1,1,1
SMP_000745,25.17623,93.01326,2024-07-01T12:00:00Z,0.5455,0.65,4.17,14.24,29.87,51.22,134.23,291.72,0.318,6.21,33.29,33.07,0,0,0,0
SMP_000745,25.17623,93.01326,2024-07-02T12:00:00Z,0.5455,11.11,28.94,55.01,101.04,168.33,390.22,762.94,0.55,28.33,83.23,128.11,1,1,1,1
SMP_000745,25.17623,93.01326,2024-07-03T12:00:00Z,0.5455,14.84,40.77,77.49,127.34,206.99,490.05,916.56,0.55,36.94,110.59,177.61,1,1,1,1
SMP_000745,25.17623,93.01326,2024-07-04T12:00:00Z,0.5455,9.56,29.4,58.64,108.78,180.25,423.09,792.4,0.55,26.73,92.84,152.9,1,1,1,1
SMP_000745,25.17623,93.01326,2024-07-05T12:00:00Z,0.5455,0.0,3.69,14.74,31.39,62.87,152.06,324.51,0.315,1.56,25.87,59.47,0,0,0,1
SMP_000554,26.92666,92.73966,2024-07-01T12:00:00Z,0.2766,12.33,34.15,64.22,116.64,199.72,453.95,881.16,0.55,29.99,99.46,152.75,1,1,1,1
SMP_000554,26.92666,92.73966,2024-07-02T12:00:00Z,0.2766,6.58,19.12,40.34,67.1,125.4,285.97,574.22,0.477,18.47,61.83,112.4,0,1,1,1
SMP_000554,26.92666,92.73966,2024-07-03T12:00:00Z,0.2766,0.0,1.85,9.22,22.14,40.36,114.66,263.98,0.319,-0.08,17.12,41.66,0,0,0,0
SMP_000554,26.92666,92.73966,2024-07-04T12:00:00Z,0.2766,0.0,0.88,7.12,19.71,42.6,119.69,256.2,0.303,-0.41,22.07,48.2,0,0,0,0
SMP_000554,26.92666,92.73966,2024-07-05T12:00:00Z,0.2766,0.0,2.04,13.36,35.19,74.04,206.89,432.43,0.379,5.26,28.19,49.85,0,0,0,0
SMP_000914,23.203384799102306,92.41383697992235,2024-07-01T12:00:00Z,0.3274,0.0,0.72,6.87,18.02,35.98,102.63,207.32,0.275,1.15,11.29,21.28,0,0,0,0
SMP_000914,23.203384799102306,92.41383697992235,2024-07-02T12:00:00Z,0.3274,0.0,4.29,17.0,32.07,69.62,191.27,397.22,0.395,3.09,23.76,58.85,0,0,0,0
SMP_000914,23.203384799102306,92.41383697992235,2024-07-03T12:00:00Z,0.3274,0.0,4.84,10.98,29.16,51.3,162.02,366.68,0.341,3.46,32.42,45.56,0,0,0,0
SMP_000914,23.203384799102306,92.41383697992235,2024-07-04T12:00:00Z,0.3274,6.26,18.33,39.38,72.79,125.6,314.44,610.6,0.523,15.23,57.75,99.16,0,1,1,1
SMP_000914,23.203384799102306,92.41383697992235,2024-07-05T12:00:00Z,0.3274,13.18,36.87,75.59,132.43,211.8,492.0,950.89,0.55,32.53,119.29,172.02,1,1,1,1
SMP_000700,25.97664,92.51283,2024-07-01T12:00:00Z,0.6075,9.52,28.11,56.81,104.77,177.38,421.81,794.87,0.55,23.4,94.19,155.36,1,1,1,1
SMP_000700,25.97664,92.51283,2024-07-02T12:00:00Z,0.6075,12.71,38.01,78.34,135.16,220.67,517.13,965.49,0.55,33.71,120.35,187.85,1,1,1,1
SMP_000700,25.97664,92.51283,2024-07-03T12:00:00Z,0.6075,8.18,24.64,50.27,84.85,139.55,317.26,608.88,0.512,23.73,73.92,125.68,1,1,1,1
SMP_000700,25.97664,92.51283,2024-07-04T12:00:00Z,0.6075,0.0,0.53,6.09,20.23,44.38,125.18,283.04,0.329,3.88,18.74,38.44,0,0,0,0
SMP_000700,25.97664,92.51283,2024-07-05T12:00:00Z,0.6075,0.0,3.8,14.47,31.8,56.79,158.94,348.31,0.326,1.54,27.06,44.76,0,0,0,1
SMP_001079,26.191020836813244,94.28280850361169,2024-07-01T12:00:00Z,0.1703,13.93,37.62,73.6,123.29,196.76,473.21,899.48,0.55,37.36,107.79,150.89,1,1,1,1
SMP_001079,26.191020836813244,94.28280850361169,2024-07-02T12:00:00Z,0.1703,15.33,41.71,77.96,133.64,223.22,505.24,938.41,0.55,35.92,118.03,186.67,1,1,1,1
SMP_001079,26.191020836813244,94.28280850361169,2024-07-03T12:00:00Z,0.1703,7.43,22.47,44.13,78.82,131.17,330.15,621.57,0.51,20.47,73.78,100.63,0,1,1,1
SMP_001079,26.191020836813244,94.28280850361169,2024-07-04T12:00:00Z,0.1703,0.0,3.11,11.97,30.62,61.09,174.32,334.45,0.361,3.63,28.67,39.3,0,0,0,0
SMP_001079,26.191020836813244,94.28280850361169,2024-07-05T12:00:00Z,0.1703,0.0,2.58,9.68,23.33,41.16,137.38,280.63,0.336,4.45,24.1,29.02,0,0,0,0
SMP_000277,25.443861,93.426222,2024-07-01T12:00:00Z,0.3026,4.18,15.03,29.27,60.21,100.46,263.74,538.19,0.47,13.85,58.81,88.23,0,0,1,1
SMP_000277,25.443861,93.426222,2024-07-02T12:00:00Z,0.3026,12.25,32.45,60.55,107.44,182.09,414.55,801.03,0.55,29.0,88.02,156.52,1,1,1,1
SMP_000277,25.443861,93.426222,2024-07-03T12:00:00Z,0.3026,12.88,36.82,67.46,114.88,196.51,455.61,845.04,0.55,35.06,100.59,170.17,1,1,1,1
SMP_000277,25.443861,93.426222,2024-07-04T12:00:00Z,0.3026,5.7,16.0,35.58,70.7,117.11,284.52,587.74,0.478,13.56,66.51,87.11,0,1,1,1
SMP_000277,25.443861,93.426222,2024-07-05T12:00:00Z,0.3026,0.0,4.26,14.78,33.15,66.46,181.61,402.23,0.386,6.68,31.87,66.51,0,0,0,0
SMP_001592,23.000732930659797,91.63836428659819,2024-07-01T12:00:00Z,0.3274,0.0,2.54,6.78,13.27,40.12,131.14,301.06,0.302,3.9,8.27,46.35,0,0,0,0
SMP_001592,23.000732930659797,91.63836428659819,2024-07-02T12:00:00Z,0.3274,0.0,2.3,13.53,24.56,52.18,145.95,313.54,0.353,5.42,28.17,48.31,0,0,0,0
SMP_001592,23.000732930659797,91.63836428659819,2024-07-03T12:00:00Z,0.3274,0.0,0.72,4.62,9.65,25.17,88.78,205.46,0.254,2.02,11.52,26.48,0,0,0,0
SMP_001592,23.000732930659797,91.63836428659819,2024-07-04T12:00:00Z,0.3274,3.65,12.11,26.3,48.47,88.98,232.2,495.89,0.403,13.04,44.8,81.77,0,0,0,1
SMP_001592,23.000732930659797,91.63836428659819,2024-07-05T12:00:00Z,0.3274,12.09,34.69,64.73,118.26,192.12,442.49,842.06,0.55,33.68,105.24,156.3,1,1,1,1
SMP_001000,25.12251529464264,93.70588285561557,2024-07-01T12:00:00Z,0.6375,0.0,0.42,6.17,17.73,36.67,127.85,300.38,0.322,0.6,21.15,40.51,0,0,0,0
SMP_001000,25.12251529464264,93.70588285561557,2024-07-02T12:00:00Z,0.6375,11.08,31.12,64.85,118.75,187.53,452.3,836.67,0.55,30.7,103.4,151.68,1,1,1,1
SMP_001000,25.12251529464264,93.70588285561557,2024-07-03T12:00:00Z,0.6375,15.61,42.11,79.11,137.22,218.67,523.14,986.94,0.55,39.13,121.01,166.53,1,1,1,1
SMP_001000,25.12251529464264,93.70588285561557,2024-07-04T12:00:00Z,0.6375,10.66,28.32,51.78,85.02,136.96,319.24,650.15,0.488,23.85,78.0,119.0,1,1,1,1
SMP_001000,25.12251529464264,93.70588285561557,2024-07-05T12:00:00Z,0.6375,0.0,0.42,1.12,5.82,29.58,108.11,235.94,0.303,3.92,10.83,32.26,0,0,0,0
SMP_000518,26.55,94.36,2024-07-01T12:00:00Z,0.1309,12.53,37.05,67.07,120.4,186.82,429.14,821.15,0.55,32.59,99.92,147.76,1,1,1,1
SMP_000518,26.55,94.36,2024-07-02T12:00:00Z,0.1309,10.12,29.46,62.53,105.92,181.97,411.14,768.01,0.55,30.23,88.41,152.6,1,1,1,1
SMP_000518,26.55,94.36,2024-07-03T12:00:00Z,0.1309,1.57,4.34,14.46,38.04,64.28,188.24,396.71,0.37,3.75,28.53,50.54,0,0,0,0
SMP_000518,26.55,94.36,2024-07-04T12:00:00Z,0.1309,0.0,3.43,8.92,26.57,63.74,164.36,316.98,0.337,1.92,26.34,52.66,0,0,0,0
SMP_000518,26.55,94.36,2024-07-05T12:00:00Z,0.1309,0.0,4.65,10.54,29.09,54.07,166.18,346.94,0.347,6.54,28.19,41.49,0,0,0,0
SMP_001234,25.251151489800584,91.001772807921,2024-07-01T12:00:00Z,0.2032,1.59,7.54,23.24,50.36,81.26,205.89,398.79,0.412,9.81,47.72,68.31,0,0,0,0
SMP_001234,25.251151489800584,91.001772807921,2024-07-02T12:00:00Z,0.2032,10.68,30.66,63.68,105.16,181.27,439.08,864.18,0.55,29.54,89.1,138.84,1,1,1,1
SMP_001234,25.251151489800584,91.001772807921,2024-07-03T12:00:00Z,0.2032,13.29,39.55,79.06,141.35,226.02,542.29,999.32,0.55,35.97,120.25,194.95,1,1,1,1
SMP_001234,25.251151489800584,91.001772807921,2024-07-04T12:00:00Z,0.2032,7.84,21.68,47.54,78.67,127.36,290.88,567.93,0.492,22.33,66.99,100.15,0,1,1,1
SMP_001234,25.251151489800584,91.001772807921,2024-07-05T12:00:00Z,0.2032,0.0,3.9,14.11,27.25,62.96,176.44,380.66,0.378,2.8,19.05,60.71,0,0,0,0
SMP_000236,25.405,93.372194,2024-07-01T12:00:00Z,0.2198,3.7,14.4,33.17,60.82,114.8,267.22,536.94,0.446,15.61,58.7,96.17,0,0,1,1
SMP_000236,25.405,93.372194,2024-07-02T12:00:00Z,0.2198,12.08,31.99,67.14,120.75,200.96,481.03,904.39,0.55,32.51,103.85,164.8,1,1,1,1
SMP_000236,25.405,93.372194,2024-07-03T12:00:00Z,0.2198,13.14,38.57,75.95,135.12,209.06,490.22,961.48,0.55,34.56,111.62,165.19,1,1,1,1
SMP_000236,25.405,93.372194,2024-07-04T12:00:00Z,0.2198,6.22,19.89,43.76,80.32,127.67,321.29,604.04,0.502,18.18,71.75,98.08,0,1,1,1
SMP_000236,25.405,93.372194,2024-07-05T12:00:00Z,0.2198,0.0,2.9,7.61,26.25,47.92,149.3,340.57,0.348,5.96,17.86,43.9,0,0,0,0
SMP_000946,26.381932595352964,92.94507250902801,2024-07-01T12:00:00Z,0.3003,12.46,36.88,73.14,121.83,199.11,469.0,876.3,0.55,34.21,106.25,154.02,1,1,1,1
SMP_000946,26.381932595352964,92.94507250902801,2024-07-02T12:00:00Z,0.3003,11.66,33.48,65.79,118.12,190.73,431.68,852.52,0.55,31.77,103.76,154.02,1,1,1,1
SMP_000946,26.381932595352964,92.94507250902801,2024-07-03T12:00:00Z,0.3003,3.79,9.88,23.43,42.87,81.73,208.66,401.11,0.373,11.03,33.6,66.46,0,0,0,1
SMP_000946,26.381932595352964,92.94507250902801,2024-07-04T12:00:00Z,0.3003,0.0,2.07,6.36,14.94,37.95,116.87,267.77,0.312,1.25,15.68,41.11,0,0,0,0
SMP_000946,26.381932595352964,92.94507250902801,2024-07-05T12:00:00Z,0.3003,0.0,2.14,10.93,31.29,64.66,166.07,366.52,0.343,3.79,29.18,42.72,0,0,0,0
SMP_001638,23.337304066636985,92.4383575696913,2024-07-01T12:00:00Z,0.3274,0.0,2.87,11.87,32.3,56.27,162.77,318.83,0.352,4.28,23.16,37.28,0,0,0,0
SMP_001638,23.337304066636985,92.4383575696913,2024-07-02T12:00:00Z,0.3274,0.0,3.3,7.18,22.31,43.55,122.06,299.37,0.298,4.51,21.98,30.4,0,0,0,0
SMP_001638,23.337304066636985,92.4383575696913,2024-07-03T12:00:00Z,0.3274,0.0,4.22,17.16,38.51,73.62,199.46,432.0,0.392,5.78,32.07,59.15,0,0,0,1
SMP_001638,23.337304066636985,92.4383575696913,2024-07-04T12:00:00Z,0.3274,7.84,24.46,53.64,95.77,166.66,389.92,775.87,0.55,24.08,83.98,130.83,1,1,1,1
SMP_001638,23.337304066636985,92.4383575696913,2024-07-05T12:00:00Z,0.3274,13.61,38.83,75.83,134.32,207.29,490.45,947.49,0.55,37.13,116.51,178.43,1,1,1,1
SMP_001579,25.181436919887968,94.3283329391086,2024-07-01T12:00:00Z,0.4642,0.86,3.39,11.37,32.48,56.82,159.88,363.05,0.341,2.57,29.15,54.84,0,0,0,0
SMP_001579,25.181436919887968,94.3283329391086,2024-07-02T12:00:00Z,0.4642,13.31,36.82,74.95,123.05,206.74,477.22,908.5,0.55,31.83,103.22,168.3,1,1,1,1
SMP_001579,25.181436919887968,94.3283329391086,2024-07-03T12:00:00Z,0.4642,17.69,50.08,98.86,161.89,267.11,624.77,1182.39,0.55,43.47,133.25,217.3,1,1,1,1
SMP_001579,25.181436919887968,94.3283329391086,2024-07-04T12:00:00Z,0.4642,11.33,32.73,60.7,106.05,178.55,403.25,750.34,0.55,33.23,93.54,143.93,1,1,1,1
SMP_001579,25.181436919887968,94.3283329391086,2024-07-05T12:00:00Z,0.4642,0.0,4.02,14.93,34.4,56.9,171.14,372.4,0.375,3.21,28.27,60.14,0,0,0,0
SMP_000752,26.108917,91.74175,2024-07-01T12:00:00Z,0.384,10.19,30.03,62.38,110.78,172.81,413.8,785.94,0.55,29.74,97.24,152.97,1,1,1,1
SMP_000752,26.108917,91.74175,2024-07-02T12:00:00Z,0.384,12.04,31.84,59.65,98.31,164.13,387.96,778.29,0.55,28.69,88.28,132.51,1,1,1,1
SMP_000752,26.108917,91.74175,2024-07-03T12:00:00Z,0.384,6.59,20.27,44.4,80.56,136.84,327.93,632.87,0.507,18.37,73.23,110.73,1,1,1,1
SMP_000752,26.108917,91.74175,2024-07-04T12:00:00Z,0.384,0.0,1.29,5.51,11.04,28.8,81.87,211.79,0.271,-0.71,9.41,34.31,0,0,0,0
SMP_000752,26.108917,91.74175,2024-07-05T12:00:00Z,0.384,0.0,2.51,9.74,18.49,39.18,127.03,250.98,0.309,6.12,13.99,44.03,0,0,0,0
SMP_001131,26.287872591677104,91.35177867805918,2024-07-01T12:00:00Z,0.1175,11.14,31.8,66.23,110.89,176.28,427.5,818.04,0.55,32.49,90.53,147.63,1,1,1,1
SMP_001131,26.287872591677104,91.35177867805918,2024-07-02T12:00:00Z,0.1175,11.29,32.91,69.06,125.36,212.37,509.84,939.52,0.55,29.34,103.33,166.25,1,1,1,1
SMP_001131,26.287872591677104,91.35177867805918,2024-07-03T12:00:00Z,0.1175,4.59,14.22,27.16,53.68,102.26,264.56,533.51,0.464,12.01,45.53,93.21,0,0,0,1
SMP_001131,26.287872591677104,91.35177867805918,2024-07-04T12:00:00Z,0.1175,0.0,1.54,11.25,26.39,62.5,179.42,368.32,0.354,1.6,21.59,42.39,0,0,0,0
SMP_001131,26.287872591677104,91.35177867805918,2024-07-05T12:00:00Z,0.1175,0.0,3.8,12.18,34.39,72.32,174.23,375.45,0.34,2.79,28.96,60.24,0,0,0,0
SMP_001212,26.66429472526515,92.83264229675062,2024-07-01T12:00:00Z,0.1101,12.28,33.23,60.45,104.7,175.72,422.61,805.77,0.55,28.19,87.97,138.09,1,1,1,1
SMP_001212,26.66429472526515,92.83264229675062,2024-07-02T12:00:00Z,0.1101,8.9,24.06,49.56,82.29,141.31,349.04,685.06,0.527,25.57,73.56,124.7,0,1,1,1
SMP_001212,26.66429472526515,92.83264229675062,2024-07-03T12:00:00Z,0.1101,0.12,2.66,11.0,29.02,60.48,149.64,339.12,0.327,5.22,22.24,55.0,0,0,0,0
SMP_001212,26.66429472526515,92.83264229675062,2024-07-04T12:00:00Z,0.1101,0.0,1.57,4.22,17.94,42.13,106.14,241.02,0.3,0.24,22.88,24.9,0,0,0,0
SMP_001212,26.66429472526515,92.83264229675062,2024-07-05T12:00:00Z,0.1101,0.0,2.55,10.6,19.92,38.02,112.59,260.87,0.276,0.58,13.96,41.39,0,0,0,0
SMP_000208,25.24,93.27,2024-07-01T12:00:00Z,0.2228,1.75,6.28,14.51,29.87,67.09,187.83,369.84,0.364,9.46,33.35,50.43,0,0,0,0
SMP_000208,25.24,93.27,2024-07-02T12:00:00Z,0.2228,12.87,34.22,66.39,111.89,174.11,405.89,753.96,0.55,30.36,98.71,138.23,1,1,1,1
SMP_000208,25.24,93.27,2024-07-03T12:00:00Z,0.2228,16.18,46.21,84.3,146.85,235.27,551.47,1072.17,0.55,39.65,120.27,197.92,1,1,1,1
SMP_000208,25.24,93.27,2024-07-04T12:00:00Z,0.2228,9.68,29.53,61.96,102.34,172.6,400.56,788.72,0.55,26.17,93.24,149.26,1,1,1,1
SMP_000208,25.24,93.27,2024-07-05T12:00:00Z,0.2228,0.0,0.13,8.59,22.5,54.23,157.77,331.9,0.323,2.21,15.55,52.68,0,0,0,0
SMP_001161,24.455440268618773,93.432732510441,2024-07-01T12:00:00Z,0.5763,0.0,2.93,6.44,14.82,44.24,122.94,254.93,0.299,2.85,8.64,38.45,0,0,0,0
SMP_001161,24.455440268618773,93.432732510441,2024-07-02T12:00:00Z,0.5763,1.8,8.44,19.36,44.5,86.67,208.1,417.53,0.389,7.62,36.71,77.69,0,0,1,1
SMP_001161,24.455440268618773,93.432732510441,2024-07-03T12:00:00Z,0.5763,11.73,30.78,60.85,106.53,183.17,440.71,856.45,0.55,30.61,86.84,147.11,1,1,1,1
SMP_001161,24.455440268618773,93.432732510441,2024-07-04T12:00:00Z,0.5763,14.54,41.89,81.38,144.15,226.16,523.19,980.93,0.55,41.26,129.36,180.43,1,1,1,1
SMP_001161,24.455440268618773,93.432732510441,2024-07-05T12:00:00Z,0.5763,8.53,26.71,54.17,94.7,166.85,382.21,708.15,0.55,22.92,86.39,141.2,1,1,1,1
SMP_001280,26.8726974685085,91.93530543029614,2024-07-01T12:00:00Z,0.1066,13.09,36.25,74.59,127.62,213.0,504.19,968.64,0.55,34.76,107.3,171.66,1,1,1,1
SMP_001280,26.8726974685085,91.93530543029614,2024-07-02T12:00:00Z,0.1066,7.52,24.52,49.16,83.37,134.86,342.66,678.8,0.523,25.04,74.59,122.2,0,1,1,1
SMP_001280,26.8726974685085,91.93530543029614,2024-07-03T12:00:00Z,0.1066,0.0,1.77,8.49,19.65,40.67,133.25,299.38,0.31,0.13,20.49,26.64,0,0,0,0
SMP_001280,26.8726974685085,91.93530543029614,2024-07-04T12:00:00Z,0.1066,0.0,2.42,7.72,23.37,58.94,162.55,364.61,0.334,3.05,16.25,50.73,0,0,0,0
SMP_001280,26.8726974685085,91.93530543029614,2024-07-05T12:00:00Z,0.1066,0.0,3.93,11.4,31.73,63.5,183.62,368.14,0.374,6.71,27.08,51.04,0,0,0,0
SMP_001635,27.758319187010844,95.30405343242025,2024-07-01T12:00:00Z,0.1077,6.16,16.25,36.72,64.41,108.17,265.27,544.07,0.466,15.15,55.11,80.76,0,0,0,1
SMP_001635,27.758319187010844,95.30405343242025,2024-07-02T12:00:00Z,0.1077,0.0,4.23,17.54,40.47,72.21,206.46,430.77,0.41,3.74,37.15,53.54,0,0,0,0
SMP_001635,27.758319187010844,95.30405343242025,2024-07-03T12:00:00Z,0.1077,0.0,2.05,10.34,29.82,53.3,162.44,319.14,0.35,1.27,21.96,54.5,0,0,0,0
SMP_001635,27.758319187010844,95.30405343242025,2024-07-04T12:00:00Z,0.1077,0.0,1.0,1.97,18.0,44.34,131.77,269.79,0.333,-0.55,18.92,31.55,0,0,0,0
SMP_001635,27.758319187010844,95.30405343242025,2024-07-05T12:00:00Z,0.1077,0.0,3.96,7.42,22.84,52.49,146.56,293.93,0.347,5.99,17.77,33.29,0,0,0,0
SMP_000058,25.056611,92.801722,2024-07-01T12:00:00Z,0.5433,0.0,0.87,7.87,22.76,49.35,123.33,258.95,0.296,1.58,16.17,36.57,0,0,0,0
SMP_000058,25.056611,92.801722,2024-07-02T12:00:00Z,0.5433,8.3,23.19,45.84,83.13,135.54,334.13,664.12,0.495,19.21,76.71,119.43,1,1,1,1
SMP_000058,25.056611,92.801722,2024-07-03T12:00:00Z,0.5433,12.52,33.43,69.97,118.1,200.55,481.36,899.16,0.55,29.48,104.79,154.56,1,1,1,1
SMP_000058,25.056611,92.801722,2024-07-04T12:00:00Z,0.5433,9.14,25.59,50.8,94.67,152.68,358.72,667.16,0.55,25.77,83.4,116.63,1,1,1,1
SMP_000058,25.056611,92.801722,2024-07-05T12:00:00Z,0.5433,0.22,1.5,10.1,28.06,56.45,168.63,354.93,0.351,4.93,18.93,41.2,0,0,0,1
SMP_001388,26.79035965617245,91.56513446098677,2024-07-01T12:00:00Z,0.1094,12.52,36.97,72.77,128.82,208.0,470.94,917.47,0.55,31.39,105.79,168.86,1,1,1,1
SMP_001388,26.79035965617245,91.56513446098677,2024-07-02T12:00:00Z,0.1094,7.94,22.26,48.12,79.44,129.87,309.59,605.39,0.5,22.02,71.23,108.3,0,1,1,1
SMP_001388,26.79035965617245,91.56513446098677,2024-07-03T12:00:00Z,0.1094,0.0,2.04,8.33,27.32,63.7,184.62,353.86,0.354,4.63,28.67,56.57,0,0,0,0
SMP_001388,26.79035965617245,91.56513446098677,2024-07-04T12:00:00Z,0.1094,0.0,0.12,7.42,18.58,43.18,137.95,304.22,0.311,1.67,21.02,27.66,0,0,0,0
SMP_001388,26.79035965617245,91.56513446098677,2024-07-05T12:00:00Z,0.1094,0.0,2.21,4.22,14.39,37.94,129.33,309.35,0.333,4.5,14.19,27.96,0,0,0,0
SMP_000495,26.32685,93.267639,2024-07-01T12:00:00Z,0.2311,12.39,35.28,67.63,119.05,192.85,470.74,884.0,0.55,33.43,99.96,152.43,1,1,1,1
SMP_000495,26.32685,93.267639,2024-07-02T12:00:00Z,0.2311,12.14,36.07,65.3,114.71,190.07,442.9,822.71,0.55,31.7,103.63,152.09,1,1,1,1
SMP_000495,26.32685,93.267639,2024-07-03T12:00:00Z,0.2311,4.54,14.95,29.88,51.95,83.07,228.78,442.85,0.429,16.77,42.16,69.62,0,0,0,1
SMP_000495,26.32685,93.267639,2024-07-04T12:00:00Z,0.2311,0.0,3.05,8.36,18.49,36.49,104.7,221.86,0.272,3.85,13.58,26.73,0,0,0,0
SMP_000495,26.32685,93.267639,2024-07-05T12:00:00Z,0.2311,0.0,4.58,10.28,23.5,52.56,133.04,312.31,0.307,6.5,18.73,43.46,0,0,0,0
SMP_001472,24.240608251689522,93.21308825722156,2024-07-01T12:00:00Z,0.2886,0.0,3.73,6.81,18.69,43.25,120.36,257.92,0.3,6.43,19.86,49.53,0,0,0,0
SMP_001472,24.240608251689522,93.21308825722156,2024-07-02T12:00:00Z,0.2886,0.0,3.28,10.64,23.69,43.0,105.21,252.65,0.281,2.62,25.03,40.53,0,0,0,0
SMP_001472,24.240608251689522,93.21308825722156,2024-07-03T12:00:00Z,0.2886,8.86,25.45,48.93,85.43,148.44,345.69,656.47,0.527,21.49,69.52,127.62,1,1,1,1
SMP_001472,24.240608251689522,93.21308825722156,2024-07-04T12:00:00Z,0.2886,13.59,38.23,73.74,127.07,205.15,493.48,922.74,0.55,36.47,105.88,162.57,1,1,1,1
SMP_001472,24.240608251689522,93.21308825722156,2024-07-05T12:00:00Z,0.2886,10.08,30.55,56.86,93.34,151.36,364.46,705.05,0.527,27.59,80.32,134.28,1,1,1,1
SMP_001111,26.517568421514685,90.1990373401251,2024-07-01T12:00:00Z,0.1127,12.03,36.06,70.15,116.95,197.64,456.99,843.59,0.55,33.36,97.36,153.85,1,1,1,1
SMP_001111,26.517568421514685,90.1990373401251,2024-07-02T12:00:00Z,0.1127,10.0,26.43,55.04,90.17,159.02,372.12,737.87,0.546,22.95,73.83,141.93,0,1,1,1
SMP_001111,26.517568421514685,90.1990373401251,2024-07-03T12:00:00Z,0.1127,1.91,8.28,24.09,45.45,77.98,208.57,446.47,0.405,7.13,35.79,73.31,0,0,0,0
SMP_001111,26.517568421514685,90.1990373401251,2024-07-04T12:00:00Z,0.1127,0.0,3.75,8.17,27.87,53.29,164.25,344.53,0.337,3.35,23.25,45.4,0,0,0,0
SMP_001111,26.517568421514685,90.1990373401251,2024-07-05T12:00:00Z,0.1127,0.0,4.52,11.38,26.34,61.93,166.18,330.37,0.348,7.96,19.81,60.01,0,0,0,0
SMP_001547,25.962104475519634,94.07611330803844,2024-07-01T12:00:00Z,0.2098,9.71,26.44,57.54,95.05,160.47,364.56,694.51,0.54,25.12,77.36,141.15,1,1,1,1
SMP_001547,25.962104475519634,94.07611330803844,2024-07-02T12:00:00Z,0.2098,13.14,35.15,71.87,124.78,197.66,461.5,895.8,0.55,33.65,112.18,167.67,1,1,1,1
SMP_001547,25.962104475519634,94.07611330803844,2024-07-03T12:00:00Z,0.2098,8.6,25.72,47.34,83.52,138.52,321.51,613.33,0.523,22.66,67.58,105.21,0,1,1,1
SMP_001547,25.962104475519634,94.07611330803844,2024-07-04T12:00:00Z,0.2098,0.0,2.99,14.93,36.84,76.9,188.03,390.18,0.367,1.9,31.57,62.54,0,0,0,0
SMP_001547,25.962104475519634,94.07611330803844,2024-07-05T12:00:00Z,0.2098,0.0,3.29,9.29,27.08,53.66,146.46,337.07,0.318,1.15,18.35,43.24,0,0,0,0
SMP_000363,25.96256,93.46922,2024-07-01T12:00:00Z,0.1138,9.33,25.31,48.21,82.26,131.37,321.67,657.08,0.516,25.32,70.9,113.29,0,1,1,1
SMP_000363,25.96256,93.46922,2024-07-02T12:00:00Z,0.1138,12.62,33.97,65.52,113.35,183.41,429.46,821.85,0.55,30.32,98.78,148.42,1,1,1,1
SMP_000363,25.96256,93.46922,2024-07-03T12:00:00Z,0.1138,8.26,24.48,51.9,97.54,166.4,381.12,760.17,0.55,22.03,84.41,143.13,1,1,1,1
SMP_000363,25.96256,93.46922,2024-07-04T12:00:00Z,0.1138,0.0,4.22,12.05,25.38,53.06,145.37,283.43,0.335,2.81,18.96,48.3,0,0,0,0
SMP_000363,25.96256,93.46922,2024-07-05T12:00:00Z,0.1138,0.0,1.3,2.68,9.27,32.13,110.53,262.14,0.297,4.92,3.88,32.97,0,0,0,0
SMP_000513,26.54,94.37,2024-07-01T12:00:00Z,0.1633,12.57,33.27,63.39,115.61,184.64,422.28,781.34,0.55,29.21,105.95,141.71,1,1,1,1
SMP_000513,26.54,94.37,2024-07-02T12:00:00Z,0.1633,10.25,31.51,57.73,97.38,155.31,356.33,690.12,0.534,30.61,78.19,127.55,0,1,1,1
SMP_000513,26.54,94.37,2024-07-03T12:00:00Z,0.1633,1.71,6.03,18.19,32.67,58.28,166.55,321.04,0.347,6.96,24.9,37.23,0,0,0,0
SMP_000513,26.54,94.37,2024-07-04T12:00:00Z,0.1633,0.0,2.78,5.93,22.92,53.26,154.66,356.31,0.361,6.34,16.61,40.86,0,0,0,0
SMP_000513,26.54,94.37,2024-07-05T12:00:00Z,0.1633,0.0,3.98,13.38,24.26,50.91,133.77,293.78,0.327,5.08,16.18,34.51,0,0,0,0
SMP_000354,25.945,92.66358,2024-07-01T12:00:00Z,0.1546,9.19,28.71,58.65,102.66,174.39,423.52,787.54,0.55,28.44,85.65,138.5,1,1,1,1
SMP_000354,25.945,92.66358,2024-07-02T12:00:00Z,0.1546,12.66,34.88,64.66,115.9,197.22,480.07,905.27,0.55,31.95,103.12,171.04,1,1,1,1
SMP_000354,25.945,92.66358,2024-07-03T12:00:00Z,0.1546,8.44,24.87,51.17,92.86,151.16,361.0,709.29,0.55,23.0,78.22,129.35,0,1,1,1
SMP_000354,25.945,92.66358,2024-07-04T12:00:00Z,0.1546,0.0,0.02,5.74,22.02,56.18,139.86,327.27,0.336,3.84,17.94,51.76,0,0,0,0
SMP_000354,25.945,92.66358,2024-07-05T12:00:00Z,0.1546,0.0,0.78,7.31,14.45,42.21,134.46,268.31,0.334,-0.27,13.81,39.69,0,0,0,0
SMP_001272,26.23162908514779,92.69482700531292,2024-07-01T12:00:00Z,0.102,10.91,30.17,62.89,106.38,164.92,393.64,736.5,0.55,26.23,91.28,124.82,1,1,1,1
SMP_001272,26.23162908514779,92.69482700531292,2024-07-02T12:00:00Z,0.102,11.59,30.16,62.93,108.53,169.68,409.5,781.54,0.55,27.81,91.06,143.67,1,1,1,1
SMP_001272,26.23162908514779,92.69482700531292,2024-07-03T12:00:00Z,0.102,5.25,17.12,35.08,63.07,101.48,246.16,463.11,0.448,13.9,60.1,77.61,0,0,0,1
SMP_001272,26.23162908514779,92.69482700531292,2024-07-04T12:00:00Z,0.102,0.0,4.74,17.91,41.58,70.82,183.35,363.47,0.368,3.21,38.85,56.14,0,0,0,0
SMP_001272,26.23162908514779,92.69482700531292,2024-07-05T12:00:00Z,0.102,0.0,3.48,11.55,20.49,50.47,139.42,285.33,0.319,2.03,13.95,54.32,0,0,0,0
SMP_001316,25.83009837723506,91.18648981490018,2024-07-01T12:00:00Z,0.1412,8.86,26.11,53.06,88.6,149.03,345.86,674.3,0.55,23.87,83.05,124.22,0,1,1,1
SMP_001316,25.83009837723506,91.18648981490018,2024-07-02T12:00:00Z,0.1412,13.76,39.63,77.79,135.64,216.2,505.84,931.92,0.55,34.21,114.86,169.16,1,1,1,1
SMP_001316,25.83009837723506,91.18648981490018,2024-07-03T12:00:00Z,0.1412,10.31,30.39,63.66,108.14,169.93,410.64,803.55,0.55,28.32,93.83,136.52,1,1,1,1
SMP_001316,25.83009837723506,91.18648981490018,2024-07-04T12:00:00Z,0.1412,0.61,4.0,12.48,32.34,61.42,150.2,347.45,0.321,2.55,25.39,62.16,0,0,0,0
SMP_001316,25.83009837723506,91.18648981490018,2024-07-05T12:00:00Z,0.1412,0.0,3.64,16.47,39.22,65.86,169.88,330.65,0.372,1.79,36.0,47.43,0,0,0,0
SMP_001487,26.551969221434153,93.02844734595186,2024-07-01T12:00:00Z,0.1905,13.18,35.21,63.75,105.76,180.98,415.49,807.42,0.55,32.72,91.11,148.74,1,1,1,1
SMP_001487,26.551969221434153,93.02844734595186,2024-07-02T12:00:00Z,0.1905,10.62,29.35,61.29,109.41,175.96,416.28,793.41,0.55,29.0,99.51,149.97,1,1,1,1
SMP_001487,26.551969221434153,93.02844734595186,2024-07-03T12:00:00Z,0.1905,1.63,8.27,15.45,27.66,64.08,186.39,410.95,0.382,8.57,28.4,54.58,0,0,0,0
SMP_001487,26.551969221434153,93.02844734595186,2024-07-04T12:00:00Z,0.1905,0.0,4.63,15.16,29.6,69.25,188.83,365.68,0.382,5.91,27.59,51.49,0,0,0,0
SMP_001487,26.551969221434153,93.02844734595186,2024-07-05T12:00:00Z,0.1905,0.0,3.21,6.57,20.47,50.67,139.75,287.16,0.343,2.97,19.39,47.97,0,0,0,0
SMP_001182,26.336479410592034,95.08257584976526,2024-07-01T12:00:00Z,0.4462,17.39,48.1,90.54,148.71,239.47,558.76,1069.94,0.55,43.35,133.21,185.62,1,1,1,1
SMP_001182,26.336479410592034,95.08257584976526,2024-07-02T12:00:00Z,0.4462,16.91,45.12,90.65,148.68,241.78,573.63,1074.78,0.55,39.89,127.9,187.43,1,1,1,1
SMP_001182,26.336479410592034,95.08257584976526,2024-07-03T12:00:00Z,0.4462,6.17,19.34,40.03,69.11,108.68,284.07,550.22,0.461,16.25,54.75,86.32,0,1,1,1
SMP_001182,26.336479410592034,95.08257584976526,2024-07-04T12:00:00Z,0.4462,0.0,1.68,7.22,22.99,49.78,148.56,313.48,0.333,5.35,15.63,42.94,0,0,0,0
SMP_001182,26.336479410592034,95.08257584976526,2024-07-05T12:00:00Z,0.4462,0.0,4.51,8.26,27.93,66.72,192.57,371.78,0.396,4.35,26.87,66.63,0,0,0,1
SMP_000986,26.128514768838283,92.42880030909802,2024-07-01T12:00:00Z,0.1242,10.32,30.25,62.69,109.66,173.04,420.08,804.68,0.55,27.5,97.53,141.1,1,1,1,1
SMP_000986,26.128514768838283,92.42880030909802,2024-07-02T12:00:00Z,0.1242,11.99,33.9,68.75,124.36,209.98,472.34,903.36,0.55,34.3,105.31,171.67,1,1,1,1
SMP_000986,26.128514768838283,92.42880030909802,2024-07-03T12:00:00Z,0.1242,6.38,19.26,37.01,68.5,118.77,287.15,540.62,0.483,19.79,58.76,96.85,0,0,1,1
SMP_000986,26.128514768838283,92.42880030909802,2024-07-04T12:00:00Z,0.1242,0.0,2.82,12.18,34.19,66.64,156.94,313.23,0.332,3.75,27.59,65.33,0,0,0,0
SMP_000986,26.128514768838283,92.42880030909802,2024-07-05T12:00:00Z,0.1242,0.0,1.96,9.44,18.39,42.68,113.94,262.69,0.294,4.74,15.61,35.34,0,0,0,0
SMP_000292,25.462361,93.384306,2024-07-01T12:00:00Z,0.3452,4.44,12.39,28.41,58.68,108.45,281.42,552.07,0.463,12.14,46.22,92.2,0,1,1,1
SMP_000292,25.462361,93.384306,2024-07-02T12:00:00Z,0.3452,12.42,34.04,69.97,118.11,191.9,464.15,893.61,0.55,33.47,108.13,143.84,1,1,1,1
SMP_000292,25.462361,93.384306,2024-07-03T12:00:00Z,0.3452,12.86,36.16,73.33,129.0,217.69,522.63,969.83,0.55,33.99,117.38,176.59,1,1,1,1
SMP_000292,25.462361,93.384306,2024-07-04T12:00:00Z,0.3452,5.5,15.3,30.27,53.62,103.72,255.23,534.8,0.449,15.43,50.62,73.45,0,0,1,1
SMP_000292,25.462361,93.384306,2024-07-05T12:00:00Z,0.3452,0.0,0.69,10.08,26.25,56.13,158.07,310.81,0.36,0.85,19.62,48.94,0,0,0,0
SMP_000584,25.162528,93.010333,2024-07-01T12:00:00Z,0.49,0.43,2.46,11.39,29.81,66.89,191.57,419.25,0.357,1.69,25.7,59.18,0,0,0,1
SMP_000584,25.162528,93.010333,2024-07-02T12:00:00Z,0.49,10.57,30.39,61.21,106.05,165.12,384.32,752.07,0.55,28.88,90.82,143.25,1,1,1,1
SMP_000584,25.162528,93.010333,2024-07-03T12:00:00Z,0.49,14.31,41.1,75.33,134.41,214.04,489.3,924.97,0.55,39.1,111.28,177.28,1,1,1,1
SMP_000584,25.162528,93.010333,2024-07-04T12:00:00Z,0.49,9.36,24.91,51.04,84.26,141.11,327.98,620.6,0.505,22.14,73.06,120.46,1,1,1,1
SMP_000584,25.162528,93.010333,2024-07-05T12:00:00Z,0.49,0.0,4.18,12.79,29.1,57.18,147.63,291.34,0.353,5.96,27.61,50.51,0,0,0,0
SMP_001255,25.880630213506475,93.9396410377671,2024-07-01T12:00:00Z,0.2617,8.87,26.07,54.76,95.68,162.76,372.36,699.94,0.55,22.72,79.53,136.33,1,1,1,1
SMP_001255,25.880630213506475,93.9396410377671,2024-07-02T12:00:00Z,0.2617,13.04,36.57,72.0,121.87,192.5,453.89,841.75,0.55,36.73,110.12,157.28,1,1,1,1
SMP_001255,25.880630213506475,93.9396410377671,2024-07-03T12:00:00Z,0.2617,9.3,27.2,53.77,99.55,162.36,405.67,788.07,0.55,24.19,86.41,139.39,1,1,1,1
SMP_001255,25.880630213506475,93.9396410377671,2024-07-04T12:00:00Z,0.2617,0.0,0.35,2.96,13.77,40.72,130.05,302.69,0.308,2.44,12.3,26.38,0,0,0,0
SMP_001255,25.880630213506475,93.9396410377671,2024-07-05T12:00:00Z,0.2617,0.0,4.34,11.49,27.76,53.62,137.37,285.96,0.31,3.33,23.15,41.21,0,0,0,0
SMP_000566,26.95266,93.44166,2024-07-01T12:00:00Z,0.112,12.22,32.42,59.64,108.6,180.78,421.46,790.07,0.55,28.08,96.35,135.92,1,1,1,1
SMP_000566,26.95266,93.44166,2024-07-02T12:00:00Z,0.112,6.28,16.89,31.68,56.4,109.12,265.51,554.42,0.464,15.41,47.7,92.82,0,0,1,1
SMP_000566,26.95266,93.44166,2024-07-03T12:00:00Z,0.112,0.0,3.46,13.67,26.4,50.41,132.71,273.66,0.327,4.46,25.9,36.57,0,0,0,0
SMP_000566,26.95266,93.44166,2024-07-04T12:00:00Z,0.112,0.0,3.97,11.22,27.72,53.72,162.17,341.56,0.368,5.48,28.92,40.13,0,0,0,0
SMP_000566,26.95266,93.44166,2024-07-05T12:00:00Z,0.112,0.0,2.02,7.1,22.5,55.41,142.63,279.1,0.327,-0.02,19.04,37.07,0,0,0,0
SMP_000974,27.13551219403845,94.46704799570435,2024-07-01T12:00:00Z,0.1104,11.25,30.84,55.77,99.17,170.04,411.08,760.64,0.55,31.44,87.09,145.91,1,1,1,1
SMP_000974,27.13551219403845,94.46704799570435,2024-07-02T12:00:00Z,0.1104,4.12,12.13,25.34,51.55,91.22,246.26,501.55,0.429,11.44,45.13,63.67,0,0,0,1
SMP_000974,27.13551219403845,94.46704799570435,2024-07-03T12:00:00Z,0.1104,0.0,2.34,4.76,18.41,50.9,125.94,296.61,0.292,2.7,13.78,47.52,0,0,0,0
SMP_000974,27.13551219403845,94.46704799570435,2024-07-04T12:00:00Z,0.1104,0.0,0.28,8.96,18.2,36.1,100.96,214.63,0.3,0.97,16.58,23.93,0,0,0,0
SMP_000974,27.13551219403845,94.46704799570435,2024-07-05T12:00:00Z,0.1104,0.0,2.43,7.15,21.11,53.04,164.19,343.39,0.358,2.62,25.78,55.34,0,0,0,0
SMP_001414,25.134136497484405,93.88647452388237,2024-07-01T12:00:00Z,0.3462,0.03,0.23,4.95,10.04,36.1,110.3,221.38,0.28,2.73,11.96,19.87,0,0,0,0
SMP_001414,25.134136497484405,93.88647452388237,2024-07-02T12:00:00Z,0.3462,15.73,42.52,81.88,142.65,236.42,546.55,1059.38,0.55,38.53,121.78,181.11,1,1,1,1
SMP_001414,25.134136497484405,93.88647452388237,2024-07-03T12:00:00Z,0.3462,21.88,57.64,107.0,175.18,274.07,624.41,1188.0,0.55,54.44,150.95,230.72,1,1,1,1
SMP_001414,25.134136497484405,93.88647452388237,2024-07-04T12:00:00Z,0.3462,14.76,39.5,72.17,121.18,186.89,452.48,874.24,0.55,36.76,104.85,155.46,1,1,1,1
SMP_001414,25.134136497484405,93.88647452388237,2024-07-05T12:00:00Z,0.3462,0.0,4.01,12.23,29.42,51.54,142.48,306.54,0.346,4.47,31.17,44.23,0,0,0,0
SMP_000534,26.57463,93.11297,2024-07-01T12:00:00Z,0.2379,12.22,35.02,67.85,110.59,186.34,431.37,820.61,0.55,33.52,100.94,153.81,1,1,1,1
SMP_000534,26.57463,93.11297,2024-07-02T12:00:00Z,0.2379,9.65,27.34,57.68,105.54,176.61,437.1,822.33,0.55,28.03,84.98,145.34,1,1,1,1
SMP_000534,26.57463,93.11297,2024-07-03T12:00:00Z,0.2379,1.23,8.01,17.74,39.41,80.79,204.51,406.97,0.397,8.31,29.1,73.36,0,0,0,0
SMP_000534,26.57463,93.11297,2024-07-04T12:00:00Z,0.2379,0.0,4.43,17.1,39.72,70.39,198.12,385.87,0.393,3.64,28.93,50.52,0,0,0,0
SMP_000534,26.57463,93.11297,2024-07-05T12:00:00Z,0.2379,0.0,0.66,7.05,18.89,46.4,140.01,325.17,0.314,0.86,23.16,49.68,0,0,0,0
SMP_000233,25.4025,93.392194,2024-07-01T12:00:00Z,0.3048,3.68,12.69,25.59,47.74,88.12,221.25,463.09,0.423,9.79,42.58,61.75,0,0,0,1
SMP_000233,25.4025,93.392194,2024-07-02T12:00:00Z,0.3048,12.12,36.45,74.68,132.03,206.8,483.21,926.92,0.55,31.01,109.78,156.97,1,1,1,1
SMP_000233,25.4025,93.392194,2024-07-03T12:00:00Z,0.3048,13.21,36.95,73.93,126.42,203.09,464.58,872.19,0.55,33.36,104.02,166.07,1,1,1,1
SMP_000233,25.4025,93.392194,2024-07-04T12:00:00Z,0.3048,6.28,17.84,37.29,65.1,105.3,258.13,492.77,0.423,16.16,59.15,93.71,0,0,1,1
SMP_000233,25.4025,93.392194,2024-07-05T12:00:00Z,0.3048,0.0,3.32,12.21,24.82,48.79,136.27,322.93,0.328,6.68,17.46,30.25,0,0,0,0
SMP_000620,25.16497,93.02275,2024-07-01T12:00:00Z,0.6878,0.46,5.0,16.09,30.98,53.57,146.88,300.77,0.324,3.58,25.93,49.7,0,0,0,1
SMP_000620,25.16497,93.02275,2024-07-02T12:00:00Z,0.6878,10.67,31.6,65.04,107.14,184.19,426.28,801.86,0.55,26.75,90.75,146.37,1,1,1,1
SMP_000620,25.16497,93.02275,2024-07-03T12:00:00Z,0.6878,14.4,40.8,80.48,134.43,218.55,490.9,909.94,0.55,40.17,120.31,166.68,1,1,1,1
SMP_000620,25.16497,93.02275,2024-07-04T12:00:00Z,0.6878,9.4,26.45,48.5,88.39,138.67,342.38,664.1,0.531,27.79,76.97,117.87,1,1,1,1
SMP_000620,25.16497,93.02275,2024-07-05T12:00:00Z,0.6878,0.0,4.25,14.7,33.87,61.67,162.33,319.92,0.354,6.88,28.56,57.62,0,0,1,1
SMP_001357,22.768571247526356,92.81752916346655,2024-07-01T12:00:00Z,0.3274,0.0,2.77,10.55,29.41,58.98,173.05,373.92,0.373,3.27,24.1,44.83,0,0,0,0
SMP_001357,22.768571247526356,92.81752916346655,2024-07-02T12:00:00Z,0.3274,0.0,1.73,12.22,28.19,49.91,148.28,294.42,0.32,1.63,30.46,40.98,0,0,0,0
SMP_001357,22.768571247526356,92.81752916346655,2024-07-03T12:00:00Z,0.3274,0.0,1.79,6.08,16.11,40.49,103.11,257.74,0.263,4.5,19.35,46.76,0,0,0,0
SMP_001357,22.768571247526356,92.81752916346655,2024-07-04T12:00:00Z,0.3274,0.49,5.29,10.42,27.1,53.58,146.46,298.05,0.347,3.69,26.81,40.44,0,0,0,0
SMP_001357,22.768571247526356,92.81752916346655,2024-07-05T12:00:00Z,0.3274,10.24,31.46,65.27,106.77,165.45,403.45,774.69,0.55,31.61,95.77,136.24,1,1,1,1
SMP_000196,25.22,93.29,2024-07-01T12:00:00Z,0.1552,1.35,5.32,11.79,22.22,45.07,145.39,337.73,0.352,3.04,20.86,32.14,0,0,0,0
SMP_000196,25.22,93.29,2024-07-02T12:00:00Z,0.1552,12.05,32.15,61.16,110.47,187.97,427.48,839.17,0.55,32.26,91.67,159.65,1,1,1,1
SMP_000196,25.22,93.29,2024-07-03T12:00:00Z,0.1552,15.43,43.58,83.35,140.46,218.7,527.32,1016.93,0.55,40.08,120.2,188.1,1,1,1,1
SMP_000196,25.22,93.29,2024-07-04T12:00:00Z,0.1552,9.46,25.22,54.77,93.32,150.76,377.44,744.92,0.55,24.29,79.52,114.0,1,1,1,1
SMP_000196,25.22,93.29,2024-07-05T12:00:00Z,0.1552,0.0,1.0,3.78,16.86,43.97,110.69,245.29,0.309,-1.08,21.68,47.42,0,0,0,0
SMP_001157,25.71153606160713,90.74064850874491,2024-07-01T12:00:00Z,0.2063,7.4,20.98,42.63,72.67,133.9,333.11,640.52,0.519,22.88,69.46,101.44,0,1,1,1
SMP_001157,25.71153606160713,90.74064850874491,2024-07-02T12:00:00Z,0.2063,13.27,35.29,70.79,126.27,196.92,474.89,926.35,0.55,33.05,104.17,172.49,1,1,1,1
SMP_001157,25.71153606160713,90.74064850874491,2024-07-03T12:00:00Z,0.2063,11.1,32.38,67.5,115.7,190.3,436.15,830.3,0.55,28.03,98.22,151.21,1,1,1,1
SMP_001157,25.71153606160713,90.74064850874491,2024-07-04T12:00:00Z,0.2063,2.19,9.09,19.35,40.48,81.77,199.16,435.99,0.372,7.02,34.25,55.71,0,0,0,0
SMP_001157,25.71153606160713,90.74064850874491,2024-07-05T12:00:00Z,0.2063,0.0,0.64,4.91,21.37,53.36,141.44,311.49,0.33,-1.25,25.56,35.97,0,0,0,0
SMP_001380,24.245828077672623,92.63174926254477,2024-07-01T12:00:00Z,0.1697,0.0,0.3,4.27,12.51,40.03,118.21,237.43,0.287,0.72,6.43,41.21,0,0,0,0
SMP_001380,24.245828077672623,92.63174926254477,2024-07-02T12:00:00Z,0.1697,0.0,3.04,6.36,21.53,38.94,95.94,219.4,0.294,6.27,20.73,34.06,0,0,0,0
SMP_001380,24.245828077672623,92.63174926254477,2024-07-03T12:00:00Z,0.1697,8.07,25.6,50.83,90.75,157.59,377.12,747.19,0.55,22.85,77.88,135.72,1,1,1,1
SMP_001380,24.245828077672623,92.63174926254477,2024-07-04T12:00:00Z,0.1697,12.32,34.03,64.33,110.1,175.53,413.54,799.27,0.55,32.22,91.02,134.21,1,1,1,1
SMP_001380,24.245828077672623,92.63174926254477,2024-07-05T12:00:00Z,0.1697,9.09,28.57,60.36,110.55,178.61,409.53,790.01,0.55,27.19,93.4,152.59,1,1,1,1
SMP_001457,22.48061603893664,92.74745600277035,2024-07-01T12:00:00Z,0.3274,0.0,1.02,1.99,15.92,33.37,86.09,185.94,0.282,3.74,17.04,37.05,0,0,0,0
SMP_001457,22.48061603893664,92.74745600277035,2024-07-02T12:00:00Z,0.3274,0.0,2.21,10.3,29.45,59.26,172.65,368.87,0.353,1.54,25.01,38.59,0,0,0,0
SMP_001457,22.48061603893664,92.74745600277035,2024-07-03T12:00:00Z,0.3274,0.0,4.14,9.22,25.05,47.01,137.18,306.19,0.329,6.06,28.66,34.57,0,0,0,0
SMP_001457,22.48061603893664,92.74745600277035,2024-07-04T12:00:00Z,0.3274,0.0,1.46,8.04,14.96,41.65,134.97,270.24,0.298,-0.45,19.66,45.23,0,0,0,0
SMP_001457,22.48061603893664,92.74745600277035,2024-07-05T12:00:00Z,0.3274,7.19,21.22,43.26,74.42,132.18,330.72,658.61,0.496,18.94,66.62,98.59,0,1,1,1
SMP_000081,25.108,93.003,2024-07-01T12:00:00Z,0.3772,0.0,1.04,6.09,19.06,50.59,126.42,260.25,0.32,4.68,17.18,45.95,0,0,0,0
SMP_000081,25.108,93.003,2024-07-02T12:00:00Z,0.3772,9.91,27.01,49.69,88.94,139.72,322.1,600.41,0.514,25.07,81.27,123.66,1,1,1,1
SMP_000081,25.108,93.003,2024-07-03T12:00:00Z,0.3772,14.16,37.71,72.74,119.65,198.27,464.06,898.42,0.55,35.14,103.76,153.04,1,1,1,1
SMP_000081,25.108,93.003,2024-07-04T12:00:00Z,0.3772,9.82,30.15,60.1,98.86,164.18,404.72,771.54,0.55,28.37,89.02,125.91,1,1,1,1
SMP_000081,25.108,93.003,2024-07-05T12:00:00Z,0.3772,0.0,1.59,9.63,29.69,63.06,151.81,334.92,0.314,4.41,29.33,61.66,0,0,0,0
SMP_001534,26.927621400593132,94.14047116075845,2024-07-01T12:00:00Z,0.102,12.02,34.02,62.35,113.17,182.83,433.55,837.87,0.55,33.52,98.74,150.75,1,1,1,1
SMP_001534,26.927621400593132,94.14047116075845,2024-07-02T12:00:00Z,0.102,6.41,18.99,34.86,66.4,107.43,268.59,505.45,0.439,20.77,54.03,87.88,0,0,0,1
SMP_001534,26.927621400593132,94.14047116075845,2024-07-03T12:00:00Z,0.102,0.0,3.56,12.51,23.68,54.28,155.29,338.57,0.325,4.4,18.65,48.57,0,0,0,0
SMP_001534,26.927621400593132,94.14047116075845,2024-07-04T12:00:00Z,0.102,0.0,0.54,9.26,27.32,50.99,153.73,306.94,0.342,-0.29,21.63,52.92,0,0,0,0
SMP_001534,26.927621400593132,94.14047116075845,2024-07-05T12:00:00Z,0.102,0.0,1.17,6.39,13.93,36.66,106.04,268.87,0.315,-0.35,17.83,42.68,0,0,0,0
SMP_000494,26.323083,93.093167,2024-07-01T12:00:00Z,0.1761,11.5,32.26,62.5,106.67,167.64,385.36,766.52,0.55,28.17,95.35,124.4,1,1,1,1
SMP_000494,26.323083,93.093167,2024-07-02T12:00:00Z,0.1761,11.31,32.61,65.14,116.11,188.6,448.24,876.08,0.55,29.42,106.5,154.06,1,1,1,1
SMP_000494,26.323083,93.093167,2024-07-03T12:00:00Z,0.1761,4.26,15.11,35.89,72.37,115.57,282.42,542.28,0.447,11.79,67.63,95.2,0,0,1,1
SMP_000494,26.323083,93.093167,2024-07-04T12:00:00Z,0.1761,0.0,0.17,9.34,17.67,32.99,119.77,262.07,0.283,0.96,14.29,20.14,0,0,0,0
SMP_000494,26.323083,93.093167,2024-07-05T12:00:00Z,0.1761,0.0,3.42,6.51,23.9,53.97,142.44,326.52,0.319,3.49,26.15,45.3,0,0,0,0
SMP_001440,26.758577891905926,92.84063036983058,2024-07-01T12:00:00Z,0.0998,12.27,36.0,68.25,120.0,193.64,450.21,843.54,0.55,34.28,108.06,167.76,1,1,1,1
SMP_001440,26.758577891905926,92.84063036983058,2024-07-02T12:00:00Z,0.0998,8.07,24.12,46.2,86.88,137.67,326.34,614.22,0.505,25.52,79.4,122.66,0,1,1,1
SMP_001440,26.758577891905926,92.84063036983058,2024-07-03T12:00:00Z,0.0998,0.0,1.07,11.02,26.01,47.64,121.48,268.46,0.323,-0.96,26.28,38.46,0,0,0,0
SMP_001440,26.758577891905926,92.84063036983058,2024-07-04T12:00:00Z,0.0998,0.0,3.29,14.26,26.99,59.91,165.83,335.39,0.369,2.3,27.01,58.46,0,0,0,0
SMP_001440,26.758577891905926,92.84063036983058,2024-07-05T12:00:00Z,0.0998,0.0,2.59,8.65,20.99,38.23,111.42,268.73,0.309,3.06,22.49,44.24,0,0,0,0
SMP_001460,27.23059615002728,94.77639475750769,2024-07-01T12:00:00Z,0.1048,10.72,29.04,55.31,97.16,151.48,368.35,722.19,0.538,28.01,90.04,112.41,0,1,1,1
SMP_001460,27.23059615002728,94.77639475750769,2024-07-02T12:00:00Z,0.1048,2.99,11.51,28.97,56.21,102.73,251.57,488.95,0.423,11.08,43.53,85.55,0,0,0,1
SMP_001460,27.23059615002728,94.77639475750769,2024-07-03T12:00:00Z,0.1048,0.0,3.61,6.76,20.46,37.13,120.7,241.64,0.325,7.16,22.29,33.62,0,0,0,0
SMP_001460,27.23059615002728,94.77639475750769,2024-07-04T12:00:00Z,0.1048,0.0,4.07,13.07,25.26,60.92,146.61,287.19,0.349,4.6,29.0,62.05,0,0,0,0
SMP_001460,27.23059615002728,94.77639475750769,2024-07-05T12:00:00Z,0.1048,0.0,0.48,4.43,19.33,41.42,127.2,266.59,0.289,3.58,22.9,25.44,0,0,0,0
SMP_000380,26.033556,92.468056,2024-07-01T12:00:00Z,0.4312,10.24,27.59,52.79,97.84,151.83,364.13,695.66,0.541,23.08,88.15,134.54,1,1,1,1
SMP_000380,26.033556,92.468056,2024-07-02T12:00:00Z,0.4312,12.96,38.53,72.96,126.15,198.27,473.03,922.55,0.55,37.58,105.89,169.91,1,1,1,1
SMP_000380,26.033556,92.468056,2024-07-03T12:00:00Z,0.4312,7.81,21.07,46.73,80.63,145.01,365.74,722.22,0.55,20.12,72.7,127.52,1,1,1,1
SMP_000380,26.033556,92.468056,2024-07-04T12:00:00Z,0.4312,0.0,3.69,7.41,25.36,44.03,140.81,311.48,0.324,3.42,28.02,27.87,0,0,0,0
SMP_000380,26.033556,92.468056,2024-07-05T12:00:00Z,0.4312,0.0,3.14,6.91,24.76,52.48,161.07,369.58,0.343,1.74,16.72,41.31,0,0,0,0
SMP_000111,25.139,93.025,2024-07-01T12:00:00Z,0.4265,0.09,1.29,2.54,8.78,34.88,125.51,246.65,0.287,2.55,6.59,21.26,0,0,0,0
SMP_000111,25.139,93.025,2024-07-02T12:00:00Z,0.4265,10.41,27.7,55.25,98.65,153.08,355.08,676.84,0.543,27.51,84.63,117.23,1,1,1,1
SMP_000111,25.139,93.025,2024-07-03T12:00:00Z,0.4265,14.42,40.61,80.27,142.82,235.07,544.81,1054.24,0.55,39.53,125.77,184.21,1,1,1,1
SMP_000111,25.139,93.025,2024-07-04T12:00:00Z,0.4265,9.68,26.7,56.86,105.88,175.34,407.55,789.25,0.55,22.26,88.78,148.38,1,1,1,1
SMP_000111,25.139,93.025,2024-07-05T12:00:00Z,0.4265,0.0,4.0,7.74,17.86,42.2,125.03,293.45,0.294,4.46,23.01,39.44,0,0,0,0
SMP_001389,25.181166698045736,93.48183663769024,2024-07-01T12:00:00Z,0.1957,0.8,7.04,22.12,49.56,94.99,232.99,484.97,0.413,5.23,40.09,77.15,0,0,0,1
SMP_001389,25.181166698045736,93.48183663769024,2024-07-02T12:00:00Z,0.1957,12.45,36.18,66.05,116.43,183.46,424.87,819.74,0.55,34.52,98.14,153.1,1,1,1,1
SMP_001389,25.181166698045736,93.48183663769024,2024-07-03T12:00:00Z,0.1957,16.55,44.31,87.66,148.15,243.79,571.37,1064.61,0.55,42.19,133.52,187.88,1,1,1,1
SMP_001389,25.181166698045736,93.48183663769024,2024-07-04T12:00:00Z,0.1957,10.6,29.91,62.43,108.58,180.63,436.91,820.77,0.55,29.83,96.54,145.63,1,1,1,1
SMP_001389,25.181166698045736,93.48183663769024,2024-07-05T12:00:00Z,0.1957,0.0,4.88,12.71,26.83,59.19,146.98,288.94,0.355,7.62,23.11,60.27,0,0,0,0
SMP_001427,24.043500174523743,91.83484948534849,2024-07-01T12:00:00Z,0.1031,0.0,3.67,14.09,33.56,56.76,138.95,312.64,0.325,4.27,34.02,57.64,0,0,0,0
SMP_001427,24.043500174523743,91.83484948534849,2024-07-02T12:00:00Z,0.1031,0.0,3.8,8.73,24.67,49.83,127.19,298.62,0.315,3.08,25.6,50.49,0,0,0,0
SMP_001427,24.043500174523743,91.83484948534849,2024-07-03T12:00:00Z,0.1031,5.97,19.97,40.68,68.65,109.18,276.44,519.21,0.437,18.45,65.34,85.83,0,0,1,1
SMP_001427,24.043500174523743,91.83484948534849,2024-07-04T12:00:00Z,0.1031,11.79,33.43,67.94,118.84,190.98,447.88,867.66,0.55,33.01,102.23,151.83,1,1,1,1
SMP_001427,24.043500174523743,91.83484948534849,2024-07-05T12:00:00Z,0.1031,10.47,29.47,62.93,106.51,178.24,405.55,755.2,0.55,25.73,93.84,157.03,1,1,1,1
SMP_001379,24.220369415911794,93.91638405440858,2024-07-01T12:00:00Z,0.2082,0.0,4.93,9.67,24.49,55.08,149.31,328.28,0.348,3.05,22.47,40.17,0,0,0,0
SMP_001379,24.220369415911794,93.91638405440858,2024-07-02T12:00:00Z,0.2082,0.0,3.04,11.39,33.0,72.58,190.49,393.42,0.381,3.01,34.52,64.58,0,0,0,0
SMP_001379,24.220369415911794,93.91638405440858,2024-07-03T12:00:00Z,0.2082,10.47,30.5,63.67,111.15,188.1,427.49,834.63,0.55,29.63,97.63,157.23,1,1,1,1
SMP_001379,24.220369415911794,93.91638405440858,2024-07-04T12:00:00Z,0.2082,16.43,44.53,84.0,141.77,218.09,504.27,962.32,0.55,38.76,127.66,181.8,1,1,1,1
SMP_001379,24.220369415911794,93.91638405440858,2024-07-05T12:00:00Z,0.2082,12.43,33.15,64.62,111.14,186.64,426.3,809.04,0.55,29.1,98.05,150.94,1,1,1,1
SMP_000817,27.459167,95.233639,2024-07-01T12:00:00Z,0.1083,9.07,26.52,53.22,87.89,138.86,317.98,608.07,0.526,25.52,80.07,111.23,0,1,1,1
SMP_000817,27.459167,95.233639,2024-07-02T12:00:00Z,0.1083,0.19,1.66,3.29,19.51,35.66,125.09,265.54,0.313,5.39,16.04,29.01,0,0,0,0
SMP_000817,27.459167,95.233639,2024-07-03T12:00:00Z,0.1083,0.0,3.26,8.78,27.24,60.87,154.81,326.86,0.33,3.26,25.36,52.26,0,0,0,0
SMP_000817,27.459167,95.233639,2024-07-04T12:00:00Z,0.1083,0.0,2.15,9.25,21.4,48.42,120.1,250.89,0.306,4.06,16.09,44.05,0,0,0,0
SMP_000817,27.459167,95.233639,2024-07-05T12:00:00Z,0.1083,0.0,4.14,11.53,32.47,60.51,153.84,332.91,0.359,7.0,31.92,56.84,0,0,0,0
SMP_001377,26.361866412324176,93.55026507768767,2024-07-01T12:00:00Z,0.3013,13.04,35.97,71.69,124.96,198.23,475.63,918.97,0.55,33.44,105.7,158.1,1,1,1,1
SMP_001377,26.361866412324176,93.55026507768767,2024-07-02T12:00:00Z,0.3013,12.41,34.5,63.42,107.23,173.79,404.5,785.82,0.55,33.4,89.09,130.27,1,1,1,1
SMP_001377,26.361866412324176,93.55026507768767,2024-07-03T12:00:00Z,0.3013,4.25,13.89,30.6,56.66,106.82,255.37,503.64,0.426,11.42,50.42,98.33,0,0,1,1
SMP_001377,26.361866412324176,93.55026507768767,2024-07-04T12:00:00Z,0.3013,0.0,1.46,2.63,16.02,31.08,96.97,234.14,0.274,-0.48,17.59,31.15,0,0,0,0
SMP_001377,26.361866412324176,93.55026507768767,2024-07-05T12:00:00Z,0.3013,0.0,0.0,0.21,9.03,32.87,117.05,232.86,0.325,0.98,12.78,18.89,0,0,0,0
SMP_001188,22.92327439696685,92.41666198627917,2024-07-01T12:00:00Z,0.3274,0.0,1.92,5.23,17.99,50.01,153.97,316.27,0.334,4.49,21.4,35.93,0,0,0,0
SMP_001188,22.92327439696685,92.41666198627917,2024-07-02T12:00:00Z,0.3274,0.0,3.99,7.99,20.32,39.65,100.7,258.12,0.274,4.14,16.91,24.78,0,0,0,0
SMP_001188,22.92327439696685,92.41666198627917,2024-07-03T12:00:00Z,0.3274,0.0,4.35,9.3,19.96,39.97,122.55,240.75,0.32,2.68,19.17,43.67,0,0,0,0
SMP_001188,22.92327439696685,92.41666198627917,2024-07-04T12:00:00Z,0.3274,2.61,8.29,16.13,31.98,66.79,172.45,371.75,0.347,7.38,32.14,49.64,0,0,0,0
SMP_001188,22.92327439696685,92.41666198627917,2024-07-05T12:00:00Z,0.3274,11.54,33.97,70.64,125.9,198.71,464.45,870.82,0.55,34.31,107.95,155.09,1,1,1,1
SMP_001577,25.647097907213414,92.9859880355521,2024-07-01T12:00:00Z,0.3033,6.34,20.79,47.2,86.78,151.08,342.91,681.55,0.545,18.66,80.07,133.11,1,1,1,1
SMP_001577,25.647097907213414,92.9859880355521,2024-07-02T12:00:00Z,0.3033,12.46,36.59,75.62,130.69,220.9,504.07,938.0,0.55,34.9,107.56,181.12,1,1,1,1
SMP_001577,25.647097907213414,92.9859880355521,2024-07-03T12:00:00Z,0.3033,11.02,32.27,58.68,98.99,167.06,378.09,719.24,0.55,32.63,83.73,125.62,1,1,1,1
SMP_001577,25.647097907213414,92.9859880355521,2024-07-04T12:00:00Z,0.3033,2.9,8.35,21.48,48.27,97.11,241.87,502.7,0.439,9.62,41.13,81.46,0,0,1,1
SMP_001577,25.647097907213414,92.9859880355521,2024-07-05T12:00:00Z,0.3033,0.0,4.84,11.44,27.41,55.21,164.1,320.59,0.37,2.95,19.84,58.0,0,0,0,0
SMP_000310,25.81044,93.58616,2024-07-01T12:00:00Z,0.1323,8.02,22.96,46.94,87.38,153.35,347.79,682.65,0.526,23.54,74.99,114.88,0,1,1,1
SMP_000310,25.81044,93.58616,2024-07-02T12:00:00Z,0.1323,12.74,33.51,67.61,116.02,191.62,451.3,848.04,0.55,29.87,100.09,151.03,1,1,1,1
SMP_000310,25.81044,93.58616,2024-07-03T12:00:00Z,0.1323,9.73,26.86,50.47,94.01,147.65,371.05,742.41,0.54,27.49,84.86,122.09,0,1,1,1
SMP_000310,25.81044,93.58616,2024-07-04T12:00:00Z,0.1323,0.82,3.99,15.88,37.9,69.47,170.77,333.71,0.361,3.13,33.91,51.19,0,0,0,0
SMP_000310,25.81044,93.58616,2024-07-05T12:00:00Z,0.1323,0.0,3.85,13.67,35.96,69.96,181.29,349.58,0.346,3.63,25.95,69.46,0,0,0,0
SMP_000705,25.91936,92.50556,2024-07-01T12:00:00Z,0.5679,9.44,29.39,59.3,97.72,157.46,382.66,731.27,0.55,28.66,88.8,122.62,1,1,1,1
SMP_000705,25.91936,92.50556,2024-07-02T12:00:00Z,0.5679,13.33,39.6,71.4,117.82,188.11,440.24,868.53,0.55,35.87,97.34,159.59,1,1,1,1
SMP_000705,25.91936,92.50556,2024-07-03T12:00:00Z,0.5679,9.13,26.33,49.66,85.87,143.25,354.51,712.62,0.528,23.91,73.92,126.4,1,1,1,1
SMP_000705,25.91936,92.50556,2024-07-04T12:00:00Z,0.5679,0.0,1.48,4.06,13.12,35.88,94.19,196.41,0.273,0.35,9.95,19.78,0,0,0,0
SMP_000705,25.91936,92.50556,2024-07-05T12:00:00Z,0.5679,0.0,1.11,8.04,21.19,43.19,140.94,317.19,0.343,3.36,13.68,26.65,0,0,0,0
SMP_001603,26.218337413785402,91.80849765686051,2024-07-01T12:00:00Z,0.113,10.77,30.52,60.54,99.07,165.82,414.37,802.88,0.55,25.62,87.44,146.84,1,1,1,1
SMP_001603,26.218337413785402,91.80849765686051,2024-07-02T12:00:00Z,0.113,11.58,34.45,64.0,109.12,172.09,389.47,741.31,0.55,32.47,96.12,136.85,1,1,1,1
SMP_001603,26.218337413785402,91.80849765686051,2024-07-03T12:00:00Z,0.113,5.36,14.42,34.09,68.32,113.19,271.46,547.36,0.477,13.53,55.79,97.08,0,0,1,1
SMP_001603,26.218337413785402,91.80849765686051,2024-07-04T12:00:00Z,0.113,0.0,3.79,15.41,34.35,75.6,176.85,373.62,0.369,3.36,35.21,55.4,0,0,0,0
SMP_001603,26.218337413785402,91.80849765686051,2024-07-05T12:00:00Z,0.113,0.0,2.61,8.04,19.04,40.94,134.64,292.76,0.338,4.66,22.16,40.49,0,0,0,0
SMP_000527,26.56252,93.05658,2024-07-01T12:00:00Z,0.1191,12.24,32.96,66.39,116.06,180.84,443.84,819.05,0.55,28.87,98.15,154.31,1,1,1,1
SMP_000527,26.56252,93.05658,2024-07-02T12:00:00Z,0.1191,9.78,27.85,51.6,89.74,152.15,357.88,683.61,0.55,28.02,79.58,112.94,0,1,1,1
SMP_000527,26.56252,93.05658,2024-07-03T12:00:00Z,0.1191,1.38,4.18,15.77,34.75,75.43,188.39,375.34,0.393,6.75,27.38,55.75,0,0,0,0
SMP_000527,26.56252,93.05658,2024-07-04T12:00:00Z,0.1191,0.0,2.02,7.22,15.01,40.11,116.54,249.23,0.277,5.64,16.56,28.55,0,0,0,0
SMP_000527,26.56252,93.05658,2024-07-05T12:00:00Z,0.1191,0.0,4.51,10.57,19.62,40.02,129.39,293.95,0.301,4.17,16.55,25.41,0,0,0,0
SMP_000637,26.146,91.756,2024-07-01T12:00:00Z,0.1574,10.49,28.96,59.33,101.42,175.74,400.17,759.68,0.55,26.39,82.9,133.47,1,1,1,1
SMP_000637,26.146,91.756,2024-07-02T12:00:00Z,0.1574,12.01,35.64,67.91,113.21,194.39,461.19,890.65,0.55,32.68,93.31,168.75,1,1,1,1
SMP_000637,26.146,91.756,2024-07-03T12:00:00Z,0.1574,6.23,17.09,39.77,71.81,123.17,309.71,589.38,0.473,16.23,66.7,105.44,0,1,1,1
SMP_000637,26.146,91.756,2024-07-04T12:00:00Z,0.1574,0.0,2.81,6.1,15.43,45.98,141.15,305.71,0.35,4.11,20.76,49.67,0,0,0,0
SMP_000637,26.146,91.756,2024-07-05T12:00:00Z,0.1574,0.0,4.44,13.48,24.39,45.68,111.31,230.95,0.311,7.03,15.8,44.23,0,0,0,0
SMP_001252,27.36429765288919,94.17831518556608,2024-07-01T12:00:00Z,0.1129,9.79,27.95,56.79,99.34,154.03,356.44,680.6,0.522,27.14,91.2,125.39,0,1,1,1
SMP_001252,27.36429765288919,94.17831518556608,2024-07-02T12:00:00Z,0.1129,1.36,5.67,14.52,30.69,68.72,166.28,372.38,0.351,7.61,23.09,62.7,0,0,0,0
SMP_001252,27.36429765288919,94.17831518556608,2024-07-03T12:00:00Z,0.1129,0.0,4.57,13.94,26.35,52.39,126.63,305.23,0.294,6.14,27.84,47.39,0,0,0,0
SMP_001252,27.36429765288919,94.17831518556608,2024-07-04T12:00:00Z,0.1129,0.0,3.94,9.77,21.85,48.57,118.26,290.54,0.31,7.5,26.37,40.88,0,0,0,0
SMP_001252,27.36429765288919,94.17831518556608,2024-07-05T12:00:00Z,0.1129,0.0,3.09,9.53,30.16,54.11,140.48,276.19,0.323,5.54,28.54,56.2,0,0,0,0
SMP_001087,23.6220347361461,91.72007219790986,2024-07-01T12:00:00Z,0.3274,0.0,0.93,4.89,21.53,37.76,108.81,246.51,0.298,-0.8,19.06,39.01,0,0,0,0
SMP_001087,23.6220347361461,91.72007219790986,2024-07-02T12:00:00Z,0.3274,0.0,0.83,7.4,17.39,33.1,122.8,254.0,0.298,2.15,21.58,28.71,0,0,0,0
SMP_001087,23.6220347361461,91.72007219790986,2024-07-03T12:00:00Z,0.3274,1.23,7.32,18.71,35.37,60.25,181.37,363.55,0.357,9.09,32.69,42.04,0,0,0,0
SMP_001087,23.6220347361461,91.72007219790986,2024-07-04T12:00:00Z,0.3274,10.72,31.51,60.88,103.79,165.89,379.57,706.79,0.55,29.4,85.35,136.75,1,1,1,1
SMP_001087,23.6220347361461,91.72007219790986,2024-07-05T12:00:00Z,0.3274,13.7,39.23,71.3,123.5,193.58,461.12,857.29,0.55,38.65,104.68,159.85,1,1,1,1
SMP_001208,25.40176593338261,94.23656667756747,2024-07-01T12:00:00Z,0.2587,5.32,17.29,32.45,59.71,97.77,244.37,468.45,0.437,14.66,46.83,76.44,0,0,1,1
SMP_001208,25.40176593338261,94.23656667756747,2024-07-02T12:00:00Z,0.2587,17.55,48.71,90.64,159.99,252.43,597.4,1143.23,0.55,42.92,141.67,193.94,1,1,1,1
SMP_001208,25.40176593338261,94.23656667756747,2024-07-03T12:00:00Z,0.2587,19.14,54.21,100.01,164.44,270.76,633.2,1196.23,0.55,51.6,135.29,215.14,1,1,1,1
SMP_001208,25.40176593338261,94.23656667756747,2024-07-04T12:00:00Z,0.2587,9.11,25.49,48.04,83.66,139.2,351.51,689.67,0.55,21.84,72.35,121.24,0,1,1,1
SMP_001208,25.40176593338261,94.23656667756747,2024-07-05T12:00:00Z,0.2587,0.0,0.41,5.17,20.17,54.19,130.26,282.49,0.331,4.1,20.05,44.51,0,0,0,0
SMP_000668,25.175972,93.020167,2024-07-01T12:00:00Z,0.6581,0.62,3.4,12.97,33.11,60.73,153.25,339.17,0.317,6.02,32.47,42.29,0,0,0,1
SMP_000668,25.175972,93.020167,2024-07-02T12:00:00Z,0.6581,10.77,29.59,58.57,96.08,167.15,383.53,741.66,0.55,28.56,87.06,136.49,1,1,1,1
SMP_000668,25.175972,93.020167,2024-07-03T12:00:00Z,0.6581,14.38,40.82,77.53,132.61,216.55,496.16,939.41,0.55,34.98,111.45,169.09,1,1,1,1
SMP_000668,25.175972,93.020167,2024-07-04T12:00:00Z,0.6581,9.27,28.16,55.81,96.65,165.42,386.59,721.46,0.55,26.92,89.97,139.82,1,1,1,1
SMP_000668,25.175972,93.020167,2024-07-05T12:00:00Z,0.6581,0.0,0.63,7.86,21.71,45.31,118.05,255.1,0.283,0.37,24.67,47.8,0,0,0,0
SMP_000886,27.674745611344292,95.73554743614967,2024-07-01T12:00:00Z,0.1083,7.08,19.69,38.03,73.04,132.97,328.78,613.11,0.524,16.6,66.32,98.66,0,1,1,1
SMP_000886,27.674745611344292,95.73554743614967,2024-07-02T12:00:00Z,0.1083,0.0,4.03,11.74,27.64,49.15,146.22,316.69,0.324,6.29,30.0,43.12,0,0,0,0
SMP_000886,27.674745611344292,95.73554743614967,2024-07-03T12:00:00Z,0.1083,0.0,2.84,8.1,17.68,38.74,108.18,274.0,0.304,3.04,12.65,31.17,0,0,0,0
SMP_000886,27.674745611344292,95.73554743614967,2024-07-04T12:00:00Z,0.1083,0.0,4.34,12.19,34.06,61.63,169.32,328.89,0.353,5.22,30.64,53.47,0,0,0,0
SMP_000886,27.674745611344292,95.73554743614967,2024-07-05T12:00:00Z,0.1083,0.0,1.03,2.46,12.86,31.9,116.75,279.03,0.299,3.88,9.19,32.62,0,0,0,0
SMP_001627,26.247688048162544,90.50105180928469,2024-07-01T12:00:00Z,0.109,10.88,32.86,60.5,103.51,164.09,406.56,798.22,0.55,27.68,93.17,126.11,1,1,1,1
SMP_001627,26.247688048162544,90.50105180928469,2024-07-02T12:00:00Z,0.109,11.41,30.03,55.79,101.17,167.24,388.22,745.88,0.55,26.5,89.19,142.63,1,1,1,1
SMP_001627,26.247688048162544,90.50105180928469,2024-07-03T12:00:00Z,0.109,5.02,17.06,39.32,73.43,125.85,287.45,557.58,0.455,14.71,58.51,110.13,0,0,1,1
SMP_001627,26.247688048162544,90.50105180928469,2024-07-04T12:00:00Z,0.109,0.0,3.07,10.06,28.0,50.13,142.36,328.38,0.315,0.81,29.0,54.35,0,0,0,0
SMP_001627,26.247688048162544,90.50105180928469,2024-07-05T12:00:00Z,0.109,0.0,0.69,7.13,19.31,42.62,109.54,246.45,0.306,1.08,17.11,24.86,0,0,0,0
SMP_001116,23.89562331750036,91.87634427946232,2024-07-01T12:00:00Z,0.3274,0.0,3.64,14.67,26.97,64.21,170.0,326.23,0.377,5.84,26.67,44.28,0,0,0,0
SMP_001116,23.89562331750036,91.87634427946232,2024-07-02T12:00:00Z,0.3274,0.0,4.19,14.2,33.39,59.13,159.71,331.66,0.334,1.97,25.31,50.25,0,0,0,0
SMP_001116,23.89562331750036,91.87634427946232,2024-07-03T12:00:00Z,0.3274,4.9,16.23,30.38,50.69,89.14,217.59,438.93,0.379,14.83,49.65,62.85,0,0,0,1
SMP_001116,23.89562331750036,91.87634427946232,2024-07-04T12:00:00Z,0.3274,12.67,35.25,72.93,128.62,202.86,473.17,930.36,0.55,30.16,109.87,171.44,1,1,1,1
SMP_001116,23.89562331750036,91.87634427946232,2024-07-05T12:00:00Z,0.3274,12.75,35.62,64.78,114.64,190.17,447.37,849.59,0.55,35.83,100.25,154.32,1,1,1,1
SMP_001203,26.780592525788798,93.46494455566751,2024-07-01T12:00:00Z,0.102,12.26,34.87,71.35,116.58,182.96,424.61,787.41,0.55,32.6,96.67,139.18,1,1,1,1
SMP_001203,26.780592525788798,93.46494455566751,2024-07-02T12:00:00Z,0.102,7.86,23.24,43.04,81.53,128.48,310.34,633.05,0.486,21.31,70.25,93.81,0,1,1,1
SMP_001203,26.780592525788798,93.46494455566751,2024-07-03T12:00:00Z,0.102,0.0,4.08,7.76,19.45,36.91,109.72,226.02,0.281,4.83,24.21,36.27,0,0,0,0
SMP_001203,26.780592525788798,93.46494455566751,2024-07-04T12:00:00Z,0.102,0.0,3.0,11.75,32.03,53.54,134.88,319.82,0.342,4.91,29.14,50.34,0,0,0,0
SMP_001203,26.780592525788798,93.46494455566751,2024-07-05T12:00:00Z,0.102,0.0,4.02,12.25,27.32,47.04,135.31,300.46,0.306,4.3,27.58,41.86,0,0,0,0
SMP_000682,25.176917,93.026556,2024-07-01T12:00:00Z,0.5002,0.61,2.07,10.62,21.69,54.8,133.59,313.24,0.334,2.73,21.44,48.54,0,0,0,0
SMP_000682,25.176917,93.026556,2024-07-02T12:00:00Z,0.5002,10.3,30.36,60.65,108.35,180.73,414.23,776.41,0.55,27.64,92.29,147.81,1,1,1,1
SMP_000682,25.176917,93.026556,2024-07-03T12:00:00Z,0.5002,13.74,39.16,73.47,127.63,214.59,496.31,935.27,0.55,37.5,109.28,175.96,1,1,1,1
SMP_000682,25.176917,93.026556,2024-07-04T12:00:00Z,0.5002,8.85,24.18,46.87,77.16,129.67,307.61,584.35,0.507,20.59,73.31,104.22,1,1,1,1
SMP_000682,25.176917,93.026556,2024-07-05T12:00:00Z,0.5002,0.0,1.53,11.46,23.46,42.92,113.1,276.67,0.307,2.74,26.96,34.99,0,0,0,0
SMP_000471,26.190389,91.809944,2024-07-01T12:00:00Z,0.1611,10.81,30.66,57.16,96.89,168.26,416.18,822.76,0.55,27.53,89.23,137.22,1,1,1,1
SMP_000471,26.190389,91.809944,2024-07-02T12:00:00Z,0.1611,11.9,32.36,62.66,103.03,176.33,402.37,787.42,0.55,31.46,83.13,132.41,1,1,1,1
SMP_000471,26.190389,91.809944,2024-07-03T12:00:00Z,0.1611,5.77,15.24,29.76,62.25,111.8,275.39,575.13,0.47,14.0,55.37,97.71,0,0,1,1
SMP_000471,26.190389,91.809944,2024-07-04T12:00:00Z,0.1611,0.0,4.67,17.73,37.6,66.45,189.49,392.58,0.386,8.01,32.68,65.34,0,0,0,0
SMP_000471,26.190389,91.809944,2024-07-05T12:00:00Z,0.1611,0.0,1.86,12.22,29.87,62.75,184.61,382.73,0.364,0.79,22.76,47.16,0,0,0,0
SMP_001572,24.07781154952225,93.15199949930089,2024-07-01T12:00:00Z,0.451,0.0,0.44,9.74,25.87,59.37,157.99,337.33,0.333,2.31,27.8,57.62,0,0,0,0
SMP_001572,24.07781154952225,93.15199949930089,2024-07-02T12:00:00Z,0.451,0.0,0.42,7.47,18.12,50.02,136.07,274.94,0.335,2.63,18.52,38.5,0,0,0,0
SMP_001572,24.07781154952225,93.15199949930089,2024-07-03T12:00:00Z,0.451,8.21,25.7,49.12,89.64,144.77,329.46,646.73,0.538,24.75,73.11,107.95,1,1,1,1
SMP_001572,24.07781154952225,93.15199949930089,2024-07-04T12:00:00Z,0.451,15.43,41.44,79.71,129.57,200.72,453.0,888.25,0.55,41.16,111.73,165.75,1,1,1,1
SMP_001572,24.07781154952225,93.15199949930089,2024-07-05T12:00:00Z,0.451,13.3,35.75,69.77,123.49,196.03,477.36,898.64,0.55,35.42,105.7,162.05,1,1,1,1
SMP_000597,26.166583,91.714806,2024-07-01T12:00:00Z,0.431,10.76,31.95,61.93,110.87,189.07,447.35,835.69,0.55,30.7,101.51,155.69,1,1,1,1
SMP_000597,26.166583,91.714806,2024-07-02T12:00:00Z,0.431,12.09,34.47,66.16,115.11,193.93,447.06,833.6,0.55,33.25,103.64,161.43,1,1,1,1
SMP_000597,26.166583,91.714806,2024-07-03T12:00:00Z,0.431,6.09,18.3,40.39,78.55,130.81,306.5,575.98,0.505,17.72,74.4,111.32,0,1,1,1
SMP_000597,26.166583,91.714806,2024-07-04T12:00:00Z,0.431,0.0,3.94,7.94,15.86,39.17,132.62,285.58,0.318,4.36,17.64,23.56,0,0,0,0
SMP_000597,26.166583,91.714806,2024-07-05T12:00:00Z,0.431,0.0,1.39,8.36,27.73,52.43,137.21,320.57,0.34,0.01,27.23,51.34,0,0,0,0
SMP_000555,26.93362,92.70757,2024-07-01T12:00:00Z,0.1954,12.2,36.55,74.75,130.78,202.32,490.69,962.67,0.55,31.11,112.07,153.12,1,1,1,1
SMP_000555,26.93362,92.70757,2024-07-02T12:00:00Z,0.1954,6.45,17.54,34.55,61.72,101.79,265.09,501.31,0.437,15.98,48.57,88.35,0,0,1,1
SMP_000555,26.93362,92.70757,2024-07-03T12:00:00Z,0.1954,0.0,3.05,13.24,28.82,66.0,170.13,360.67,0.334,1.76,28.01,55.9,0,0,0,0
SMP_000555,26.93362,92.70757,2024-07-04T12:00:00Z,0.1954,0.0,2.82,9.35,28.83,66.39,170.54,355.87,0.374,1.0,22.57,57.28,0,0,0,0
SMP_000555,26.93362,92.70757,2024-07-05T12:00:00Z,0.1954,0.0,3.74,15.61,30.54,58.61,149.2,339.24,0.334,1.53,21.78,57.87,0,0,0,0
SMP_001607,26.228630677175047,89.98034599976201,2024-07-01T12:00:00Z,0.1349,10.81,31.89,66.2,111.01,188.67,462.72,911.9,0.55,30.59,94.22,164.09,1,1,1,1
SMP_001607,26.228630677175047,89.98034599976201,2024-07-02T12:00:00Z,0.1349,11.52,34.08,64.11,106.72,179.99,437.52,836.7,0.55,33.69,93.45,137.16,1,1,1,1
SMP_001607,26.228630677175047,89.98034599976201,2024-07-03T12:00:00Z,0.1349,5.24,15.39,29.48,51.66,90.15,231.95,461.58,0.413,13.31,39.79,82.87,0,0,0,0
SMP_001607,26.228630677175047,89.98034599976201,2024-07-04T12:00:00Z,0.1349,0.0,4.37,13.58,34.35,56.88,151.09,312.0,0.353,5.41,31.72,57.86,0,0,0,0
SMP_001607,26.228630677175047,89.98034599976201,2024-07-05T12:00:00Z,0.1349,0.0,1.17,7.16,22.8,56.51,161.9,355.12,0.335,-0.15,14.88,38.0,0,0,0,0
SMP_001381,25.755786542715,91.32492646935161,2024-07-01T12:00:00Z,0.392,8.33,24.17,47.98,83.84,132.58,338.33,662.34,0.514,23.03,73.22,115.89,1,1,1,1
SMP_001381,25.755786542715,91.32492646935161,2024-07-02T12:00:00Z,0.392,14.12,39.3,72.27,127.32,199.76,449.85,870.43,0.55,37.03,111.41,149.97,1,1,1,1
SMP_001381,25.755786542715,91.32492646935161,2024-07-03T12:00:00Z,0.392,11.35,29.96,54.54,95.12,149.76,364.26,725.12,0.528,26.64,85.32,132.86,1,1,1,1
SMP_001381,25.755786542715,91.32492646935161,2024-07-04T12:00:00Z,0.392,1.69,8.19,16.06,29.13,64.01,160.78,310.99,0.358,5.55,32.38,53.63,0,0,0,0
SMP_001381,25.755786542715,91.32492646935161,2024-07-05T12:00:00Z,0.392,0.0,4.58,15.37,34.1,70.39,185.37,355.2,0.348,7.7,31.35,46.61,0,0,0,1
SMP_001093,23.190455932553363,91.56328635241934,2024-07-01T12:00:00Z,0.3274,0.0,3.27,9.85,23.37,55.15,143.27,290.69,0.332,2.93,19.64,47.61,0,0,0,0
SMP_001093,23.190455932553363,91.56328635241934,2024-07-02T12:00:00Z,0.3274,0.0,4.72,11.45,23.59,44.77,146.18,325.66,0.32,2.75,27.07,29.49,0,0,0,0
SMP_001093,23.190455932553363,91.56328635241934,2024-07-03T12:00:00Z,0.3274,0.0,0.01,0.25,8.44,34.32,98.51,211.71,0.274,2.14,7.43,36.66,0,0,0,0
SMP_001093,23.190455932553363,91.56328635241934,2024-07-04T12:00:00Z,0.3274,6.1,18.09,42.46,78.68,135.35,321.02,636.39,0.484,14.58,71.97,98.53,0,1,1,1
SMP_001093,23.190455932553363,91.56328635241934,2024-07-05T12:00:00Z,0.3274,13.13,38.03,72.87,127.3,211.79,487.8,919.47,0.55,35.59,105.82,184.32,1,1,1,1
SMP_000809,25.388977,93.121008,2024-07-01T12:00:00Z,0.1332,3.35,9.05,22.12,49.29,80.91,205.19,426.84,0.411,10.82,41.08,75.26,0,0,0,0
SMP_000809,25.388977,93.121008,2024-07-02T12:00:00Z,0.1332,11.5,32.0,67.24,113.14,187.47,434.13,859.2,0.55,30.95,102.34,153.28,1,1,1,1
SMP_000809,25.388977,93.121008,2024-07-03T12:00:00Z,0.1332,12.67,35.09,64.98,106.24,174.13,399.42,788.99,0.55,34.62,87.41,136.17,1,1,1,1
SMP_000809,25.388977,93.121008,2024-07-04T12:00:00Z,0.1332,6.16,18.22,37.02,70.71,124.01,288.65,590.89,0.465,14.65,65.01,94.39,0,0,1,1
SMP_000809,25.388977,93.121008,2024-07-05T12:00:00Z,0.1332,0.0,4.3,9.87,22.67,49.12,152.22,325.63,0.353,2.1,14.92,41.85,0,0,0,0
SMP_000905,24.19474813271268,93.21538713419338,2024-07-01T12:00:00Z,0.4888,0.0,4.88,17.29,37.66,66.02,172.92,349.44,0.348,6.34,37.51,58.11,0,0,0,1
SMP_000905,24.19474813271268,93.21538713419338,2024-07-02T12:00:00Z,0.4888,0.0,1.38,11.74,28.25,55.09,136.4,273.59,0.332,0.17,31.93,47.81,0,0,0,0
SMP_000905,24.19474813271268,93.21538713419338,2024-07-03T12:00:00Z,0.4888,10.26,28.25,50.88,86.39,149.27,346.51,652.94,0.535,28.65,81.23,128.88,1,1,1,1
SMP_000905,24.19474813271268,93.21538713419338,2024-07-04T12:00:00Z,0.4888,16.59,45.46,89.26,149.27,238.46,547.26,1009.08,0.55,43.95,130.76,184.88,1,1,1,1
SMP_000905,24.19474813271268,93.21538713419338,2024-07-05T12:00:00Z,0.4888,12.86,33.54,60.6,101.2,163.23,392.3,781.97,0.55,29.76,91.97,122.39,1,1,1,1
SMP_000327,25.84152,93.45138,2024-07-01T12:00:00Z,0.1554,8.3,24.87,44.8,76.5,119.95,313.26,584.62,0.493,20.39,69.97,94.82,0,1,1,1
SMP_000327,25.84152,93.45138,2024-07-02T12:00:00Z,0.1554,12.72,34.32,65.9,110.27,177.16,412.09,780.87,0.55,33.26,98.21,132.65,1,1,1,1
SMP_000327,25.84152,93.45138,2024-07-03T12:00:00Z,0.1554,9.43,26.12,56.77,100.6,160.8,401.0,797.32,0.55,25.52,80.55,136.13,1,1,1,1
SMP_000327,25.84152,93.45138,2024-07-04T12:00:00Z,0.1554,0.42,1.26,10.62,23.85,60.7,158.41,319.32,0.34,-0.18,24.85,47.24,0,0,0,0
SMP_000327,25.84152,93.45138,2024-07-05T12:00:00Z,0.1554,0.0,3.59,9.97,19.43,47.83,148.52,289.09,0.316,5.92,22.78,33.18,0,0,0,0
SMP_000254,25.425611,93.364444,2024-07-01T12:00:00Z,0.2533,3.92,13.02,23.78,41.92,83.34,200.69,391.71,0.401,12.28,31.81,74.2,0,0,0,1
SMP_000254,25.425611,93.364444,2024-07-02T12:00:00Z,0.2533,12.04,34.44,68.8,113.8,182.14,412.69,800.53,0.55,32.43,93.89,138.37,1,1,1,1
SMP_000254,25.425611,93.364444,2024-07-03T12:00:00Z,0.2533,12.87,36.43,71.23,125.05,208.6,494.37,921.06,0.55,31.95,103.95,164.19,1,1,1,1
SMP_000254,25.425611,93.364444,2024-07-04T12:00:00Z,0.2533,5.88,19.87,42.52,79.01,124.94,294.86,551.08,0.503,20.5,62.22,112.88,0,1,1,1
SMP_000254,25.425611,93.364444,2024-07-05T12:00:00Z,0.2533,0.0,0.6,2.94,14.09,29.61,94.25,240.13,0.27,-0.28,18.46,32.3,0,0,0,0
SMP_001107,26.386181408614803,92.15336886526114,2024-07-01T12:00:00Z,0.0998,11.59,32.2,58.88,97.78,168.96,407.38,765.27,0.55,29.73,79.71,149.65,1,1,1,1
SMP_001107,26.386181408614803,92.15336886526114,2024-07-02T12:00:00Z,0.0998,10.8,32.76,67.3,114.39,195.88,468.3,880.88,0.55,32.78,93.91,150.17,1,1,1,1
SMP_001107,26.386181408614803,92.15336886526114,2024-07-03T12:00:00Z,0.0998,3.47,9.62,21.16,37.82,68.29,194.71,377.38,0.36,7.75,33.66,67.72,0,0,0,0
SMP_001107,26.386181408614803,92.15336886526114,2024-07-04T12:00:00Z,0.0998,0.0,2.59,9.75,30.48,61.16,150.23,316.08,0.336,3.48,33.19,53.93,0,0,0,0
SMP_001107,26.386181408614803,92.15336886526114,2024-07-05T12:00:00Z,0.0998,0.0,3.63,11.25,22.83,41.58,104.7,219.28,0.292,2.27,21.05,35.64,0,0,0,0
SMP_000322,25.82522,93.4243,2024-07-01T12:00:00Z,0.1399,8.16,24.88,52.14,91.52,150.79,355.05,666.91,0.548,25.04,79.79,134.17,0,1,1,1
SMP_000322,25.82522,93.4243,2024-07-02T12:00:00Z,0.1399,12.74,34.78,69.7,125.47,201.41,487.2,953.84,0.55,32.15,105.73,175.5,1,1,1,1
SMP_000322,25.82522,93.4243,2024-07-03T12:00:00Z,0.1399,9.59,26.79,56.96,98.93,155.52,363.76,715.25,0.55,26.85,81.32,128.46,0,1,1,1
SMP_000322,25.82522,93.4243,2024-07-04T12:00:00Z,0.1399,0.63,4.78,14.72,26.89,56.02,156.49,359.75,0.353,7.31,21.5,37.09,0,0,0,0
SMP_000322,25.82522,93.4243,2024-07-05T12:00:00Z,0.1399,0.0,2.73,10.32,26.45,59.97,153.48,329.54,0.319,1.75,25.88,52.65,0,0,0,0
SMP_001187,24.124722173324038,91.97336386547927,2024-07-01T12:00:00Z,0.1164,0.0,1.24,8.72,25.0,59.65,160.48,319.05,0.332,0.2,18.6,53.59,0,0,0,0
SMP_001187,24.124722173324038,91.97336386547927,2024-07-02T12:00:00Z,0.1164,0.0,1.09,2.77,9.13,29.41,102.94,228.99,0.29,3.84,10.33,13.75,0,0,0,0
SMP_001187,24.124722173324038,91.97336386547927,2024-07-03T12:00:00Z,0.1164,6.84,18.66,38.39,69.36,124.35,297.18,606.91,0.464,18.86,56.96,90.7,0,0,1,1
SMP_001187,24.124722173324038,91.97336386547927,2024-07-04T12:00:00Z,0.1164,12.07,35.3,65.14,110.88,173.57,409.19,808.89,0.55,34.49,100.17,145.44,1,1,1,1
SMP_001187,24.124722173324038,91.97336386547927,2024-07-05T12:00:00Z,0.1164,9.97,30.59,59.13,96.69,168.55,406.66,798.85,0.55,29.1,82.78,143.32,1,1,1,1
SMP_000538,26.58,94.35,2024-07-01T12:00:00Z,0.2689,12.76,33.76,63.11,111.67,189.39,449.76,877.89,0.55,29.84,94.89,150.03,1,1,1,1
SMP_000538,26.58,94.35,2024-07-02T12:00:00Z,0.2689,10.03,29.03,61.68,103.64,168.77,410.94,766.87,0.55,27.71,88.39,128.4,1,1,1,1
SMP_000538,26.58,94.35,2024-07-03T12:00:00Z,0.2689,1.21,4.79,13.02,30.92,57.89,146.91,306.06,0.341,3.35,22.86,51.28,0,0,0,0
SMP_000538,26.58,94.35,2024-07-04T12:00:00Z,0.2689,0.0,0.41,7.83,15.98,45.5,126.03,252.98,0.29,0.31,15.95,33.72,0,0,0,0
SMP_000538,26.58,94.35,2024-07-05T12:00:00Z,0.2689,0.0,2.17,8.96,20.25,36.79,111.71,241.97,0.309,0.54,19.99,33.81,0,0,0,0
SMP_000844,24.57650345868981,93.4144501252179,2024-07-01T12:00:00Z,0.4544,0.0,3.23,9.92,29.9,57.61,169.87,373.8,0.344,1.2,27.31,50.71,0,0,0,0
SMP_000844,24.57650345868981,93.4144501252179,2024-07-02T12:00:00Z,0.4544,3.8,10.87,19.87,38.67,67.71,182.99,392.36,0.358,12.5,37.3,56.97,0,0,0,1
SMP_000844,24.57650345868981,93.4144501252179,2024-07-03T12:00:00Z,0.4544,13.61,35.96,69.0,117.53,181.34,410.34,804.76,0.55,31.62,105.91,143.04,1,1,1,1
SMP_000844,24.57650345868981,93.4144501252179,2024-07-04T12:00:00Z,0.4544,15.17,40.48,81.45,139.8,228.38,515.74,982.36,0.55,37.38,120.56,193.56,1,1,1,1
SMP_000844,24.57650345868981,93.4144501252179,2024-07-05T12:00:00Z,0.4544,7.52,20.49,38.86,64.49,119.67,296.97,575.68,0.458,20.58,59.79,96.47,0,1,1,1
SMP_000864,24.927897635935373,92.52465127842572,2024-07-01T12:00:00Z,0.0998,0.0,0.06,5.17,18.5,38.11,102.14,250.85,0.281,3.83,17.18,27.88,0,0,0,0
SMP_000864,24.927897635935373,92.52465127842572,2024-07-02T12:00:00Z,0.0998,6.77,21.4,42.25,78.21,138.72,322.37,643.16,0.496,23.02,62.46,104.91,0,1,1,1
SMP_000864,24.927897635935373,92.52465127842572,2024-07-03T12:00:00Z,0.0998,11.88,35.16,63.44,115.37,180.73,417.24,794.98,0.55,31.18,97.42,140.74,1,1,1,1
SMP_000864,24.927897635935373,92.52465127842572,2024-07-04T12:00:00Z,0.0998,9.79,29.71,59.77,101.23,164.88,404.11,803.0,0.55,25.47,82.67,144.95,1,1,1,1
SMP_000864,24.927897635935373,92.52465127842572,2024-07-05T12:00:00Z,0.0998,1.76,6.63,14.21,36.49,77.53,196.88,416.81,0.372,7.88,26.61,76.52,0,0,0,0
SMP_000664,25.238806,93.032194,2024-07-01T12:00:00Z,0.469,1.52,7.7,17.05,40.41,84.33,213.32,437.66,0.404,9.29,35.68,70.88,0,0,1,1
SMP_000664,25.238806,93.032194,2024-07-02T12:00:00Z,0.469,11.28,31.75,66.08,117.08,194.3,441.96,856.17,0.55,30.14,94.87,147.42,1,1,1,1
SMP_000664,25.238806,93.032194,2024-07-03T12:00:00Z,0.469,14.2,41.91,81.9,135.16,217.28,525.86,975.4,0.55,40.05,111.95,181.54,1,1,1,1
SMP_000664,25.238806,93.032194,2024-07-04T12:00:00Z,0.469,8.51,25.56,48.02,86.17,150.19,363.96,685.42,0.542,26.39,79.99,116.09,1,1,1,1
SMP_000664,25.238806,93.032194,2024-07-05T12:00:00Z,0.469,0.0,0.59,10.56,20.98,38.24,127.45,276.21,0.296,3.83,17.27,29.72,0,0,0,0
SMP_000610,25.163806,93.010861,2024-07-01T12:00:00Z,0.6224,0.45,2.09,6.76,21.4,56.72,146.44,295.58,0.318,4.85,21.64,36.6,0,0,0,1
SMP_000610,25.163806,93.010861,2024-07-02T12:00:00Z,0.6224,10.64,29.19,58.26,104.56,179.14,430.09,823.6,0.55,29.84,91.38,135.0,1,1,1,1
SMP_000610,25.163806,93.010861,2024-07-03T12:00:00Z,0.6224,14.37,42.19,82.45,138.26,231.91,544.26,1007.1,0.55,38.76,117.34,192.86,1,1,1,1
SMP_000610,25.163806,93.010861,2024-07-04T12:00:00Z,0.6224,9.39,28.46,51.25,90.61,159.42,381.86,750.34,0.55,26.2,74.81,139.21,1,1,1,1
SMP_000610,25.163806,93.010861,2024-07-05T12:00:00Z,0.6224,0.0,0.94,7.28,24.76,54.42,148.23,296.02,0.341,1.04,20.66,46.43,0,0,0,1
SMP_001176,26.272486519131704,91.20943500536121,2024-07-01T12:00:00Z,0.111,11.07,31.34,59.31,106.93,172.36,425.65,834.42,0.55,30.7,87.15,152.54,1,1,1,1
SMP_001176,26.272486519131704,91.20943500536121,2024-07-02T12:00:00Z,0.111,11.36,32.83,65.27,107.22,166.51,385.4,728.34,0.55,27.9,96.56,131.31,1,1,1,1
SMP_001176,26.272486519131704,91.20943500536121,2024-07-03T12:00:00Z,0.111,4.77,15.04,28.28,56.5,92.02,249.75,514.12,0.426,13.34,46.7,76.85,0,0,0,1
SMP_001176,26.272486519131704,91.20943500536121,2024-07-04T12:00:00Z,0.111,0.0,1.04,6.37,18.18,41.42,140.49,314.76,0.326,1.79,17.34,31.74,0,0,0,0
SMP_001176,26.272486519131704,91.20943500536121,2024-07-05T12:00:00Z,0.111,0.0,1.69,8.68,18.69,39.07,112.84,265.81,0.274,1.49,14.38,43.84,0,0,0,0
SMP_001631,23.673806628763586,92.31496652432487,2024-07-01T12:00:00Z,0.3274,0.0,4.64,10.28,24.48,59.54,143.93,292.72,0.324,6.96,21.51,58.47,0,0,0,0
SMP_001631,23.673806628763586,92.31496652432487,2024-07-02T12:00:00Z,0.3274,0.0,0.81,8.52,19.78,48.03,129.02,281.36,0.325,-1.09,22.67,53.35,0,0,0,0
SMP_001631,23.673806628763586,92.31496652432487,2024-07-03T12:00:00Z,0.3274,1.94,5.37,14.88,33.24,63.2,156.6,351.46,0.318,6.41,25.77,49.7,0,0,0,0
SMP_001631,23.673806628763586,92.31496652432487,2024-07-04T12:00:00Z,0.3274,11.15,31.05,62.31,110.85,175.32,427.99,826.37,0.55,31.64,91.89,145.93,1,1,1,1
SMP_001631,23.673806628763586,92.31496652432487,2024-07-05T12:00:00Z,0.3274,13.6,40.0,81.04,132.41,221.06,520.24,997.0,0.55,35.44,113.18,178.01,1,1,1,1
SMP_001205,26.19563631407541,92.90334452935593,2024-07-01T12:00:00Z,0.2363,11.57,33.29,68.96,121.13,198.3,485.5,930.79,0.55,31.38,107.94,154.42,1,1,1,1
SMP_001205,26.19563631407541,92.90334452935593,2024-07-02T12:00:00Z,0.2363,12.68,33.87,70.63,121.21,199.04,477.18,920.87,0.55,29.16,98.41,160.16,1,1,1,1
SMP_001205,26.19563631407541,92.90334452935593,2024-07-03T12:00:00Z,0.2363,6.1,20.62,44.58,86.24,135.48,339.24,638.15,0.53,21.72,75.41,119.02,0,1,1,1
SMP_001205,26.19563631407541,92.90334452935593,2024-07-04T12:00:00Z,0.2363,0.0,2.46,10.29,30.31,56.22,164.48,328.41,0.373,4.77,27.15,39.39,0,0,0,0
SMP_001205,26.19563631407541,92.90334452935593,2024-07-05T12:00:00Z,0.2363,0.0,2.4,7.5,14.21,38.87,112.38,264.61,0.274,5.86,18.77,22.21,0,0,0,0
SMP_000086,25.11286,92.87756,2024-07-01T12:00:00Z,0.2959,0.0,3.48,12.93,24.66,57.71,150.0,341.47,0.352,6.24,20.13,55.55,0,0,0,0
SMP_000086,25.11286,92.87756,2024-07-02T12:00:00Z,0.2959,9.11,26.79,53.87,99.96,168.68,401.91,796.73,0.55,26.91,88.98,142.56,1,1,1,1
SMP_000086,25.11286,92.87756,2024-07-03T12:00:00Z,0.2959,12.95,37.93,71.34,121.67,191.84,462.56,911.78,0.55,35.01,109.21,160.82,1,1,1,1
SMP_000086,25.11286,92.87756,2024-07-04T12:00:00Z,0.2959,8.93,23.93,48.64,83.66,142.8,329.73,671.6,0.495,22.13,67.51,106.19,0,1,1,1
SMP_000086,25.11286,92.87756,2024-07-05T12:00:00Z,0.2959,0.0,3.13,10.52,20.39,49.15,121.91,281.94,0.298,4.01,25.25,29.47,0,0,0,0
SMP_001149,25.959708699387463,93.85896121491746,2024-07-01T12:00:00Z,0.1053,9.25,28.09,54.82,91.21,152.59,361.11,728.67,0.55,28.16,78.13,125.58,0,1,1,1
SMP_001149,25.959708699387463,93.85896121491746,2024-07-02T12:00:00Z,0.1053,12.56,36.33,73.43,123.58,206.86,477.16,920.88,0.55,33.27,106.16,161.27,1,1,1,1
SMP_001149,25.959708699387463,93.85896121491746,2024-07-03T12:00:00Z,0.1053,8.24,23.11,50.48,88.54,146.37,335.9,681.69,0.54,24.08,72.74,116.58,0,1,1,1
SMP_001149,25.959708699387463,93.85896121491746,2024-07-04T12:00:00Z,0.1053,0.0,0.23,9.85,28.22,55.27,140.41,326.7,0.348,0.69,29.28,50.64,0,0,0,0
SMP_001149,25.959708699387463,93.85896121491746,2024-07-05T12:00:00Z,0.1053,0.0,1.32,6.24,24.45,61.31,146.67,324.22,0.307,1.86,17.38,51.79,0,0,0,0
SMP_001552,26.38031479330035,91.5780793985519,2024-07-01T12:00:00Z,0.102,11.59,34.37,67.9,117.01,200.23,470.8,872.11,0.55,33.6,103.41,172.91,1,1,1,1
SMP_001552,26.38031479330035,91.5780793985519,2024-07-02T12:00:00Z,0.102,10.86,29.82,55.04,97.04,150.56,373.99,737.66,0.55,30.45,82.05,116.02,0,1,1,1
SMP_001552,26.38031479330035,91.5780793985519,2024-07-03T12:00:00Z,0.102,3.54,12.4,28.58,48.8,90.34,243.98,464.67,0.448,13.42,47.48,69.28,0,0,0,1
SMP_001552,26.38031479330035,91.5780793985519,2024-07-04T12:00:00Z,0.102,0.0,0.23,8.01,27.01,59.48,151.55,343.64,0.342,2.56,23.42,41.94,0,0,0,0
SMP_001552,26.38031479330035,91.5780793985519,2024-07-05T12:00:00Z,0.102,0.0,1.79,10.2,22.2,57.11,136.78,312.07,0.335,0.08,13.97,52.58,0,0,0,0
SMP_000365,25.965731,92.59267,2024-07-01T12:00:00Z,0.2707,9.2,27.36,58.49,98.87,155.67,383.97,727.12,0.55,24.47,86.65,133.86,1,1,1,1
SMP_000365,25.965731,92.59267,2024-07-02T12:00:00Z,0.2707,12.42,35.78,68.06,118.86,201.46,490.18,923.16,0.55,35.45,101.64,172.67,1,1,1,1
SMP_000365,25.965731,92.59267,2024-07-03T12:00:00Z,0.2707,8.1,23.29,49.55,82.91,133.11,310.08,589.17,0.505,19.15,70.49,102.15,0,1,1,1
SMP_000365,25.965731,92.59267,2024-07-04T12:00:00Z,0.2707,0.0,0.73,10.68,27.83,50.19,141.38,320.1,0.311,1.14,27.04,30.4,0,0,0,0
SMP_000365,25.965731,92.59267,2024-07-05T12:00:00Z,0.2707,0.0,3.94,13.92,26.69,51.1,140.13,300.67,0.34,6.36,20.36,35.28,0,0,0,0
SMP_000936,25.92712740028517,90.16567023760955,2024-07-01T12:00:00Z,0.1053,8.66,23.62,45.17,76.21,123.07,318.72,611.48,0.494,22.48,70.74,109.45,0,1,1,1
SMP_000936,25.92712740028517,90.16567023760955,2024-07-02T12:00:00Z,0.1053,12.14,36.16,74.15,127.42,214.98,486.99,945.64,0.55,34.02,104.46,185.49,1,1,1,1
SMP_000936,25.92712740028517,90.16567023760955,2024-07-03T12:00:00Z,0.1053,8.25,25.16,55.13,97.91,164.55,408.7,761.86,0.55,23.69,88.46,144.68,1,1,1,1
SMP_000936,25.92712740028517,90.16567023760955,2024-07-04T12:00:00Z,0.1053,0.0,0.03,2.45,9.18,25.04,84.87,221.58,0.255,0.11,4.6,17.25,0,0,0,0
SMP_000936,25.92712740028517,90.16567023760955,2024-07-05T12:00:00Z,0.1053,0.0,1.03,4.0,16.0,43.16,107.56,225.89,0.301,0.9,15.94,40.11,0,0,0,0
SMP_000265,25.436972,93.454111,2024-07-01T12:00:00Z,0.2059,4.15,14.73,32.85,60.32,98.06,263.69,546.93,0.439,12.93,47.65,75.48,0,0,1,1
SMP_000265,25.436972,93.454111,2024-07-02T12:00:00Z,0.2059,12.38,35.97,69.75,116.07,180.66,419.42,822.85,0.55,32.7,106.44,135.17,1,1,1,1
SMP_000265,25.436972,93.454111,2024-07-03T12:00:00Z,0.2059,13.1,35.53,67.87,122.4,199.18,461.08,896.28,0.55,35.58,101.8,156.34,1,1,1,1
SMP_000265,25.436972,93.454111,2024-07-04T12:00:00Z,0.2059,5.87,17.25,32.49,62.92,109.44,272.37,554.17,0.463,16.45,54.79,86.95,0,0,1,1
SMP_000265,25.436972,93.454111,2024-07-05T12:00:00Z,0.2059,0.0,2.39,12.52,33.0,60.36,156.18,350.81,0.323,2.73,35.99,51.16,0,0,0,0
SMP_000287,25.453167,93.394667,2024-07-01T12:00:00Z,0.1591,4.31,12.45,26.88,54.15,91.79,214.33,432.17,0.398,10.15,43.43,76.61,0,0,0,0
SMP_000287,25.453167,93.394667,2024-07-02T12:00:00Z,0.1591,12.32,34.32,70.48,123.71,195.24,456.85,866.14,0.55,32.73,106.52,150.3,1,1,1,1
SMP_000287,25.453167,93.394667,2024-07-03T12:00:00Z,0.1591,12.86,37.22,67.64,113.95,177.2,419.55,793.93,0.55,31.82,103.69,141.98,1,1,1,1
SMP_000287,25.453167,93.394667,2024-07-04T12:00:00Z,0.1591,5.6,16.74,34.36,67.54,113.26,269.35,554.87,0.463,14.85,54.15,94.31,0,0,1,1
SMP_000287,25.453167,93.394667,2024-07-05T12:00:00Z,0.1591,0.0,1.9,10.72,25.78,52.2,128.39,257.9,0.297,4.41,25.76,38.37,0,0,0,0
SMP_001623,27.06100104656663,94.63811591852107,2024-07-01T12:00:00Z,0.116,11.61,34.75,66.24,113.42,181.11,430.17,847.67,0.55,32.87,94.14,144.48,1,1,1,1
SMP_001623,27.06100104656663,94.63811591852107,2024-07-02T12:00:00Z,0.116,4.98,17.01,32.39,63.2,106.8,265.71,538.52,0.459,18.92,51.67,81.35,0,0,0,1
SMP_001623,27.06100104656663,94.63811591852107,2024-07-03T12:00:00Z,0.116,0.0,2.18,8.34,24.43,47.33,124.7,245.83,0.314,2.54,19.89,41.09,0,0,0,0
SMP_001623,27.06100104656663,94.63811591852107,2024-07-04T12:00:00Z,0.116,0.0,3.45,10.65,20.99,47.04,140.2,322.12,0.341,4.75,21.4,40.36,0,0,0,0
SMP_001623,27.06100104656663,94.63811591852107,2024-07-05T12:00:00Z,0.116,0.0,1.42,12.04,24.98,57.89,171.31,351.3,0.366,1.54,19.91,39.81,0,0,0,0
SMP_000358,25.95386,92.60367,2024-07-01T12:00:00Z,0.3498,9.68,28.32,57.45,103.97,173.42,408.66,764.35,0.55,25.32,91.38,129.44,1,1,1,1
SMP_000358,25.95386,92.60367,2024-07-02T12:00:00Z,0.3498,13.2,37.66,68.07,116.18,197.14,470.31,920.72,0.55,35.99,102.78,151.7,1,1,1,1
SMP_000358,25.95386,92.60367,2024-07-03T12:00:00Z,0.3498,8.72,23.16,49.59,93.0,163.86,391.05,761.29,0.55,24.41,85.08,128.21,1,1,1,1
SMP_000358,25.95386,92.60367,2024-07-04T12:00:00Z,0.3498,0.0,3.85,9.5,19.48,37.58,108.52,260.2,0.302,4.25,11.94,38.8,0,0,0,0
SMP_000358,25.95386,92.60367,2024-07-05T12:00:00Z,0.3498,0.0,3.48,14.45,27.84,52.35,152.04,305.69,0.358,4.65,24.02,52.71,0,0,0,0
SMP_000054,25.049417,92.796722,2024-07-01T12:00:00Z,0.5369,0.0,0.33,6.87,16.33,47.64,117.03,250.66,0.296,-0.12,18.28,50.8,0,0,0,0
SMP_000054,25.049417,92.796722,2024-07-02T12:00:00Z,0.5369,8.21,24.51,45.44,76.16,138.04,321.92,630.16,0.487,21.9,60.99,103.88,1,1,1,1
SMP_000054,25.049417,92.796722,2024-07-03T12:00:00Z,0.5369,12.48,33.98,69.46,113.23,191.64,434.09,835.85,0.55,34.03,96.27,144.86,1,1,1,1
SMP_000054,25.049417,92.796722,2024-07-04T12:00:00Z,0.5369,9.18,28.07,60.11,98.91,160.01,366.73,735.82,0.548,24.48,88.96,123.62,1,1,1,1
SMP_000054,25.049417,92.796722,2024-07-05T12:00:00Z,0.5369,0.31,3.89,13.43,26.94,48.14,135.25,319.89,0.3,3.45,26.52,41.6,0,0,0,0
SMP_001268,25.308879822280602,93.30446916555903,2024-07-01T12:00:00Z,0.355,2.65,11.11,22.89,41.47,71.23,172.05,376.36,0.35,8.76,34.71,58.79,0,0,0,0
SMP_001268,25.308879822280602,93.30446916555903,2024-07-02T12:00:00Z,0.355,12.53,37.17,74.17,133.25,221.06,513.38,976.46,0.55,34.91,109.26,181.44,1,1,1,1
SMP_001268,25.308879822280602,93.30446916555903,2024-07-03T12:00:00Z,0.355,14.81,42.01,84.19,142.22,235.23,528.9,989.0,0.55,37.59,116.46,191.03,1,1,1,1
SMP_001268,25.308879822280602,93.30446916555903,2024-07-04T12:00:00Z,0.355,8.11,22.07,44.35,82.96,131.78,307.13,620.5,0.494,21.78,68.97,112.43,0,1,1,1
SMP_001268,25.308879822280602,93.30446916555903,2024-07-05T12:00:00Z,0.355,0.0,0.31,2.76,7.5,28.55,95.4,192.95,0.291,0.83,13.47,28.26,0,0,0,0
SMP_001228,24.348357970545905,94.1112738687169,2024-07-01T12:00:00Z,0.2284,0.0,0.68,2.87,16.27,45.92,139.61,306.72,0.301,3.9,16.65,37.82,0,0,0,0
SMP_001228,24.348357970545905,94.1112738687169,2024-07-02T12:00:00Z,0.2284,0.25,5.37,14.03,26.56,61.26,148.65,308.56,0.34,4.24,29.38,44.59,0,0,0,0
SMP_001228,24.348357970545905,94.1112738687169,2024-07-03T12:00:00Z,0.2284,11.83,34.53,65.78,110.56,189.17,450.77,837.72,0.55,34.3,94.11,163.46,1,1,1,1
SMP_001228,24.348357970545905,94.1112738687169,2024-07-04T12:00:00Z,0.2284,16.23,42.45,78.58,134.44,223.31,507.97,963.77,0.55,38.81,119.96,178.62,1,1,1,1
SMP_001228,24.348357970545905,94.1112738687169,2024-07-05T12:00:00Z,0.2284,10.78,29.24,56.88,99.28,162.84,374.18,712.22,0.55,28.58,85.54,141.85,1,1,1,1
SMP_001428,27.17338154577582,95.45364615244951,2024-07-01T12:00:00Z,0.1043,11.34,32.06,64.15,107.28,183.66,430.09,819.81,0.55,31.31,95.98,143.29,1,1,1,1
SMP_001428,27.17338154577582,95.45364615244951,2024-07-02T12:00:00Z,0.1043,3.77,12.9,30.26,54.24,95.22,230.59,491.79,0.431,15.29,53.53,87.33,0,0,0,1
SMP_001428,27.17338154577582,95.45364615244951,2024-07-03T12:00:00Z,0.1043,0.0,3.93,16.72,40.87,68.36,172.16,370.11,0.336,5.53,39.14,52.32,0,0,0,0
SMP_001428,27.17338154577582,95.45364615244951,2024-07-04T12:00:00Z,0.1043,0.0,0.53,4.56,13.24,37.21,121.7,257.39,0.291,-1.37,18.71,26.79,0,0,0,0
SMP_001428,27.17338154577582,95.45364615244951,2024-07-05T12:00:00Z,0.1043,0.0,4.52,15.77,27.69,66.07,161.99,312.66,0.333,4.6,19.07,61.59,0,0,0,0
SMP_000631,25.164,93.040194,2024-07-01T12:00:00Z,0.4869,0.43,4.54,17.54,33.54,61.24,158.89,323.0,0.338,6.94,29.08,55.14,0,0,0,0
SMP_000631,25.164,93.040194,2024-07-02T12:00:00Z,0.4869,10.22,29.46,58.93,100.78,165.92,388.39,776.04,0.55,25.29,83.78,135.85,1,1,1,1
SMP_000631,25.164,93.040194,2024-07-03T12:00:00Z,0.4869,13.81,37.37,71.58,122.87,198.2,472.94,901.58,0.55,36.15,107.02,165.01,1,1,1,1
SMP_000631,25.164,93.040194,2024-07-04T12:00:00Z,0.4869,9.02,27.24,51.1,86.68,152.13,346.51,688.83,0.542,22.74,81.28,116.06,1,1,1,1
SMP_000631,25.164,93.040194,2024-07-05T12:00:00Z,0.4869,0.0,0.74,5.79,23.39,52.09,150.32,308.97,0.322,4.54,26.45,35.53,0,0,0,0
SMP_000998,26.247537994581364,94.6988479670756,2024-07-01T12:00:00Z,0.3888,15.31,42.39,80.5,139.13,221.34,503.73,977.98,0.55,41.92,114.92,173.43,1,1,1,1
SMP_000998,26.247537994581364,94.6988479670756,2024-07-02T12:00:00Z,0.3888,16.05,45.71,88.76,150.82,239.97,554.36,1076.75,0.55,43.12,127.66,204.84,1,1,1,1
SMP_000998,26.247537994581364,94.6988479670756,2024-07-03T12:00:00Z,0.3888,7.06,21.27,42.74,73.34,117.75,306.39,612.39,0.499,21.41,58.65,86.97,0,1,1,1
SMP_000998,26.247537994581364,94.6988479670756,2024-07-04T12:00:00Z,0.3888,0.0,0.9,9.73,21.81,43.29,121.3,265.08,0.291,1.03,26.38,41.99,0,0,0,0
SMP_000998,26.247537994581364,94.6988479670756,2024-07-05T12:00:00Z,0.3888,0.0,4.4,16.89,32.12,56.12,152.31,328.34,0.318,4.83,29.19,53.15,0,0,0,0
SMP_001226,25.261048479132274,92.52063302581148,2024-07-01T12:00:00Z,0.3286,2.12,7.76,18.22,35.86,66.47,183.73,410.44,0.388,6.45,32.69,60.46,0,0,0,0
SMP_001226,25.261048479132274,92.52063302581148,2024-07-02T12:00:00Z,0.3286,13.24,35.61,71.84,120.53,191.29,449.26,853.89,0.55,34.22,103.14,144.78,1,1,1,1
SMP_001226,25.261048479132274,92.52063302581148,2024-07-03T12:00:00Z,0.3286,16.33,43.42,84.96,146.48,228.61,521.75,999.61,0.55,42.73,127.32,178.42,1,1,1,1
SMP_001226,25.261048479132274,92.52063302581148,2024-07-04T12:00:00Z,0.3286,9.52,28.1,52.69,94.02,158.35,363.49,694.45,0.524,27.85,86.32,130.66,1,1,1,1
SMP_001226,25.261048479132274,92.52063302581148,2024-07-05T12:00:00Z,0.3286,0.0,1.61,4.87,19.66,42.87,139.94,330.3,0.324,0.97,22.79,29.27,0,0,0,0
SMP_000873,22.364933014396694,93.14470681730076,2024-07-01T12:00:00Z,0.3274,0.0,1.71,7.5,18.28,36.58,123.66,291.87,0.325,0.24,15.26,44.12,0,0,0,0
SMP_000873,22.364933014396694,93.14470681730076,2024-07-02T12:00:00Z,0.3274,0.0,2.09,8.16,17.4,43.3,111.99,243.86,0.272,5.25,19.16,37.12,0,0,0,0
SMP_000873,22.364933014396694,93.14470681730076,2024-07-03T12:00:00Z,0.3274,0.0,3.04,6.63,21.89,56.27,156.74,343.83,0.346,4.11,23.05,42.63,0,0,0,0
SMP_000873,22.364933014396694,93.14470681730076,2024-07-04T12:00:00Z,0.3274,0.0,0.69,5.95,15.77,37.59,96.99,226.04,0.281,4.44,13.57,31.83,0,0,0,0
SMP_000873,22.364933014396694,93.14470681730076,2024-07-05T12:00:00Z,0.3274,5.78,17.57,33.02,61.33,100.68,233.99,495.14,0.419,17.46,49.06,82.83,0,0,1,1
SMP_000221,25.323731,92.80751,2024-07-01T12:00:00Z,0.1223,3.08,9.53,23.71,49.5,84.93,207.58,419.05,0.401,10.63,39.3,65.82,0,0,0,0
SMP_000221,25.323731,92.80751,2024-07-02T12:00:00Z,0.1223,13.59,38.22,78.24,132.61,211.62,503.38,958.83,0.55,34.99,113.67,169.9,1,1,1,1
SMP_000221,25.323731,92.80751,2024-07-03T12:00:00Z,0.1223,15.85,42.03,85.52,150.14,239.0,538.93,1011.67,0.55,37.33,131.37,186.72,1,1,1,1
SMP_000221,25.323731,92.80751,2024-07-04T12:00:00Z,0.1223,8.5,22.67,46.9,79.48,132.03,309.73,604.63,0.474,23.17,63.51,108.59,0,1,1,1
SMP_000221,25.323731,92.80751,2024-07-05T12:00:00Z,0.1223,0.0,4.61,16.06,38.73,80.64,221.63,428.22,0.39,3.69,36.37,55.19,0,0,0,0
SMP_000113,25.139,93.04,2024-07-01T12:00:00Z,0.4433,0.09,2.46,9.1,28.82,54.67,167.41,339.08,0.344,4.38,24.9,51.75,0,0,0,0
SMP_000113,25.139,93.04,2024-07-02T12:00:00Z,0.4433,10.52,31.47,63.26,103.81,178.2,415.6,778.07,0.55,31.55,88.7,148.12,1,1,1,1
SMP_000113,25.139,93.04,2024-07-03T12:00:00Z,0.4433,14.56,39.89,80.03,133.58,212.53,482.83,933.05,0.55,39.2,110.03,173.69,1,1,1,1
SMP_000113,25.139,93.04,2024-07-04T12:00:00Z,0.4433,9.78,25.98,47.68,83.32,139.8,327.48,623.78,0.51,26.19,78.42,122.09,1,1,1,1
SMP_000113,25.139,93.04,2024-07-05T12:00:00Z,0.4433,0.0,4.84,8.75,16.1,44.81,143.5,323.41,0.308,5.9,11.47,49.65,0,0,0,0
SMP_001283,23.883336575700124,91.74513883267416,2024-07-01T12:00:00Z,0.3274,0.0,1.95,5.96,23.14,58.92,178.82,390.45,0.381,4.78,26.76,51.31,0,0,0,0
SMP_001283,23.883336575700124,91.74513883267416,2024-07-02T12:00:00Z,0.3274,0.0,1.27,6.72,19.56,50.15,131.79,261.96,0.298,4.5,15.73,46.09,0,0,0,0
SMP_001283,23.883336575700124,91.74513883267416,2024-07-03T12:00:00Z,0.3274,4.74,13.21,27.57,48.02,83.35,218.7,448.47,0.414,11.6,42.63,61.89,0,0,0,1
SMP_001283,23.883336575700124,91.74513883267416,2024-07-04T12:00:00Z,0.3274,12.6,37.48,76.85,125.88,211.82,490.88,931.22,0.55,32.19,114.27,182.87,1,1,1,1
SMP_001283,23.883336575700124,91.74513883267416,2024-07-05T12:00:00Z,0.3274,12.82,37.85,70.27,126.27,196.87,443.61,866.76,0.55,34.1,105.65,159.97,1,1,1,1
SMP_001288,22.350469961102526,93.13684718676785,2024-07-01T12:00:00Z,0.3274,0.0,3.63,12.2,34.22,73.73,185.23,371.55,0.382,5.94,32.72,71.97,0,0,0,0
SMP_001288,22.350469961102526,93.13684718676785,2024-07-02T12:00:00Z,0.3274,0.0,0.11,3.02,10.46,22.87,98.99,237.61,0.286,-1.02,10.57,20.13,0,0,0,0
SMP_001288,22.350469961102526,93.13684718676785,2024-07-03T12:00:00Z,0.3274,0.0,4.13,15.51,27.38,48.36,150.38,304.37,0.337,6.49,21.4,42.09,0,0,0,0
SMP_001288,22.350469961102526,93.13684718676785,2024-07-04T12:00:00Z,0.3274,0.0,1.2,9.2,28.75,56.67,145.56,323.25,0.353,1.56,23.68,42.76,0,0,0,0
SMP_001288,22.350469961102526,93.13684718676785,2024-07-05T12:00:00Z,0.3274,5.6,15.21,34.73,67.09,109.11,271.55,516.29,0.457,12.51,64.03,102.06,0,1,1,1
SMP_000693,25.91286,92.49797,2024-07-01T12:00:00Z,0.3487,9.3,25.25,48.92,84.46,135.7,321.46,647.55,0.491,22.13,76.76,110.04,0,1,1,1
SMP_000693,25.91286,92.49797,2024-07-02T12:00:00Z,0.3487,13.22,37.15,75.13,134.42,220.78,509.37,958.93,0.55,31.62,113.09,182.6,1,1,1,1
SMP_000693,25.91286,92.49797,2024-07-03T12:00:00Z,0.3487,9.12,24.27,51.12,96.55,153.57,375.13,729.29,0.55,22.39,79.63,130.28,1,1,1,1
SMP_000693,25.91286,92.49797,2024-07-04T12:00:00Z,0.3487,0.0,0.25,7.78,18.8,37.95,123.77,266.6,0.302,1.54,18.67,25.04,0,0,0,0
SMP_000693,25.91286,92.49797,2024-07-05T12:00:00Z,0.3487,0.0,3.11,5.85,19.46,34.45,114.11,248.04,0.28,3.26,17.21,28.57,0,0,0,0
SMP_000174,25.193083,93.120417,2024-07-01T12:00:00Z,0.1453,0.88,5.7,18.48,40.11,65.61,177.76,367.62,0.349,8.13,37.04,55.78,0,0,0,0
SMP_000174,25.193083,93.120417,2024-07-02T12:00:00Z,0.1453,11.1,30.45,55.02,97.08,169.56,395.66,774.03,0.55,26.04,78.7,140.26,1,1,1,1
SMP_000174,25.193083,93.120417,2024-07-03T12:00:00Z,0.1453,14.58,37.98,75.11,130.53,214.41,488.84,954.92,0.55,34.1,118.21,175.37,1,1,1,1
SMP_000174,25.193083,93.120417,2024-07-04T12:00:00Z,0.1453,9.22,25.58,52.38,87.85,138.97,354.04,681.17,0.547,25.19,78.14,122.07,0,1,1,1
SMP_000174,25.193083,93.120417,2024-07-05T12:00:00Z,0.1453,0.0,2.95,8.82,24.23,57.77,147.7,345.48,0.335,3.27,21.4,47.65,0,0,0,0
SMP_000544,26.6,94.35,2024-07-01T12:00:00Z,0.2008,12.67,33.03,59.96,101.7,160.52,382.55,738.93,0.55,32.45,81.58,131.06,1,1,1,1
SMP_000544,26.6,94.35,2024-07-02T12:00:00Z,0.2008,9.77,26.93,52.25,93.13,162.89,394.49,766.53,0.55,22.99,75.98,134.95,1,1,1,1
SMP_000544,26.6,94.35,2024-07-03T12:00:00Z,0.2008,0.95,6.83,14.54,27.38,46.2,123.0,294.55,0.314,9.89,23.69,49.42,0,0,0,0
SMP_000544,26.6,94.35,2024-07-04T12:00:00Z,0.2008,0.0,2.8,8.3,27.4,50.19,130.21,275.27,0.299,2.58,24.08,40.46,0,0,0,0
SMP_000544,26.6,94.35,2024-07-05T12:00:00Z,0.2008,0.0,0.81,3.87,9.85,20.95,67.77,180.76,0.255,-0.07,6.48,22.44,0,0,0,0
SMP_000634,25.109889,92.893167,2024-07-01T12:00:00Z,0.236,0.0,4.87,16.4,36.12,67.89,161.93,316.11,0.322,7.22,30.4,45.24,0,0,0,0
SMP_000634,25.109889,92.893167,2024-07-02T12:00:00Z,0.236,9.2,26.68,53.29,90.18,145.1,356.95,717.03,0.55,25.53,74.41,111.47,1,1,1,1
SMP_000634,25.109889,92.893167,2024-07-03T12:00:00Z,0.236,13.12,35.08,69.32,124.6,201.12,457.22,870.57,0.55,34.86,112.57,161.4,1,1,1,1
SMP_000634,25.109889,92.893167,2024-07-04T12:00:00Z,0.236,9.08,27.9,52.45,88.25,151.0,379.08,718.34,0.55,28.84,78.05,112.92,1,1,1,1
SMP_000634,25.109889,92.893167,2024-07-05T12:00:00Z,0.236,0.0,1.82,13.19,35.37,65.99,171.99,356.27,0.336,2.3,25.28,57.3,0,0,0,0
SMP_000506,26.3733,90.5499,2024-07-01T12:00:00Z,0.1952,11.58,33.13,62.92,106.67,177.27,405.83,806.69,0.55,30.52,87.39,142.98,1,1,1,1
SMP_000506,26.3733,90.5499,2024-07-02T12:00:00Z,0.1952,10.92,32.87,63.77,111.29,189.42,431.69,842.5,0.55,33.09,101.05,151.13,1,1,1,1
SMP_000506,26.3733,90.5499,2024-07-03T12:00:00Z,0.1952,3.63,10.88,23.08,49.03,79.99,215.44,434.26,0.382,12.62,48.77,67.48,0,0,0,0
SMP_000506,26.3733,90.5499,2024-07-04T12:00:00Z,0.1952,0.0,0.94,3.69,15.89,29.36,104.79,250.86,0.276,3.19,19.13,18.92,0,0,0,0
SMP_000506,26.3733,90.5499,2024-07-05T12:00:00Z,0.1952,0.0,2.1,4.87,20.82,50.49,155.31,345.65,0.343,5.8,19.04,38.13,0,0,0,0
SMP_001278,25.530724506013616,90.9130707612668,2024-07-01T12:00:00Z,0.1119,5.56,17.37,39.68,69.39,114.7,294.5,599.0,0.49,17.74,55.3,87.68,0,0,1,1
SMP_001278,25.530724506013616,90.9130707612668,2024-07-02T12:00:00Z,0.1119,13.36,37.93,75.53,127.04,207.02,493.8,937.22,0.55,36.24,104.1,174.07,1,1,1,1
SMP_001278,25.530724506013616,90.9130707612668,2024-07-03T12:00:00Z,0.1119,13.05,38.47,78.48,127.63,215.97,515.16,990.21,0.55,33.56,116.08,169.19,1,1,1,1
SMP_001278,25.530724506013616,90.9130707612668,2024-07-04T12:00:00Z,0.1119,4.83,17.07,31.79,65.76,116.73,296.29,589.09,0.504,17.23,55.64,107.46,0,0,1,1
SMP_001278,25.530724506013616,90.9130707612668,2024-07-05T12:00:00Z,0.1119,0.0,4.6,17.53,34.36,65.16,158.86,349.84,0.326,6.96,28.33,57.44,0,0,0,0
SMP_000018,24.97228,93.03289,2024-07-01T12:00:00Z,0.1395,0.0,2.9,11.86,26.45,63.24,178.05,382.57,0.345,3.52,23.4,44.49,0,0,0,0
SMP_000018,24.97228,93.03289,2024-07-02T12:00:00Z,0.1395,7.54,20.35,37.99,65.37,111.43,283.65,560.61,0.491,16.32,58.43,84.03,0,0,1,1
SMP_000018,24.97228,93.03289,2024-07-03T12:00:00Z,0.1395,12.53,36.03,72.94,125.69,203.74,467.2,863.39,0.55,35.74,110.61,157.22,1,1,1,1
SMP_000018,24.97228,93.03289,2024-07-04T12:00:00Z,0.1395,9.92,26.63,52.74,98.42,166.37,387.6,755.42,0.55,23.0,83.68,135.34,1,1,1,1
SMP_000018,24.97228,93.03289,2024-07-05T12:00:00Z,0.1395,1.29,8.33,21.62,41.23,74.59,198.18,411.94,0.394,11.29,42.1,60.69,0,0,0,0
SMP_000423,26.10711,91.78917,2024-07-01T12:00:00Z,0.1872,10.16,27.33,53.0,96.66,155.3,366.84,701.06,0.528,28.12,79.52,131.63,1,1,1,1
SMP_000423,26.10711,91.78917,2024-07-02T12:00:00Z,0.1872,12.02,34.0,66.29,111.72,185.78,427.94,832.46,0.55,29.39,90.01,144.08,1,1,1,1
SMP_000423,26.10711,91.78917,2024-07-03T12:00:00Z,0.1872,6.6,20.7,43.35,78.96,141.55,334.2,621.87,0.541,17.19,64.28,119.9,0,1,1,1
SMP_000423,26.10711,91.78917,2024-07-04T12:00:00Z,0.1872,0.0,0.23,2.6,18.2,41.92,105.47,245.77,0.296,2.37,15.55,25.76,0,0,0,0
SMP_000423,26.10711,91.78917,2024-07-05T12:00:00Z,0.1872,0.0,3.98,10.03,29.18,53.96,147.8,332.75,0.323,5.13,30.97,52.7,0,0,0,0
SMP_001094,24.795249372326015,94.14534732662247,2024-07-01T12:00:00Z,0.237,0.0,1.21,10.33,22.29,58.04,160.65,347.52,0.323,-0.34,26.12,51.48,0,0,0,0
SMP_001094,24.795249372326015,94.14534732662247,2024-07-02T12:00:00Z,0.237,6.99,20.16,43.26,79.14,134.56,321.63,654.4,0.493,20.46,63.61,100.89,0,1,1,1
SMP_001094,24.795249372326015,94.14534732662247,2024-07-03T12:00:00Z,0.237,14.93,43.63,87.0,145.65,228.08,546.51,1059.42,0.55,37.87,124.02,178.13,1,1,1,1
SMP_001094,24.795249372326015,94.14534732662247,2024-07-04T12:00:00Z,0.237,13.81,40.56,76.7,132.93,217.33,499.57,978.78,0.55,37.45,116.79,177.65,1,1,1,1
SMP_001094,24.795249372326015,94.14534732662247,2024-07-05T12:00:00Z,0.237,4.32,14.23,30.08,62.36,102.42,256.61,513.66,0.423,16.79,57.75,79.94,0,0,1,1
SMP_000285,25.449056,93.370861,2024-07-01T12:00:00Z,0.3889,4.27,11.54,22.13,39.68,68.81,195.17,410.83,0.382,10.59,40.12,63.3,0,0,0,1
SMP_000285,25.449056,93.370861,2024-07-02T12:00:00Z,0.3889,12.33,34.98,65.31,113.6,184.74,454.54,869.68,0.55,31.92,98.95,155.23,1,1,1,1
SMP_000285,25.449056,93.370861,2024-07-03T12:00:00Z,0.3889,12.91,36.37,68.36,114.13,178.58,428.4,822.72,0.55,34.0,95.64,150.1,1,1,1,1
SMP_000285,25.449056,93.370861,2024-07-04T12:00:00Z,0.3889,5.66,18.23,42.13,74.13,129.31,330.42,660.07,0.509,19.4,60.94,110.72,0,1,1,1
SMP_000285,25.449056,93.370861,2024-07-05T12:00:00Z,0.3889,0.0,2.06,5.45,16.73,46.91,121.95,265.4,0.298,4.46,20.51,46.91,0,0,0,0
SMP_001299,25.372524317817405,94.20297932029847,2024-07-01T12:00:00Z,0.4507,4.17,13.75,34.2,62.01,112.16,277.4,534.74,0.474,12.87,48.93,97.48,0,1,1,1
SMP_001299,25.372524317817405,94.20297932029847,2024-07-02T12:00:00Z,0.4507,15.13,41.0,80.84,131.58,221.88,533.94,985.91,0.55,38.6,113.23,177.85,1,1,1,1
SMP_001299,25.372524317817405,94.20297932029847,2024-07-03T12:00:00Z,0.4507,16.91,46.69,88.01,150.17,249.12,583.01,1120.77,0.55,40.99,133.89,209.61,1,1,1,1
SMP_001299,25.372524317817405,94.20297932029847,2024-07-04T12:00:00Z,0.4507,8.44,24.37,47.03,83.73,130.76,324.53,611.53,0.498,25.59,78.35,107.93,1,1,1,1
SMP_001299,25.372524317817405,94.20297932029847,2024-07-05T12:00:00Z,0.4507,0.0,0.4,8.41,19.45,46.73,144.72,326.52,0.349,1.72,22.99,33.57,0,0,0,0
SMP_000428,26.11,94.76,2024-07-01T12:00:00Z,0.2502,13.32,35.47,72.06,121.97,203.54,463.33,892.73,0.55,31.8,99.56,158.25,1,1,1,1
SMP_000428,26.11,94.76,2024-07-02T12:00:00Z,0.2502,15.72,43.42,81.82,135.85,217.24,492.39,950.24,0.55,42.45,113.03,179.14,1,1,1,1
SMP_000428,26.11,94.76,2024-07-03T12:00:00Z,0.2502,8.59,26.99,56.56,98.03,171.6,401.26,764.65,0.55,27.89,79.34,134.7,1,1,1,1
SMP_000428,26.11,94.76,2024-07-04T12:00:00Z,0.2502,0.0,1.19,8.49,27.75,52.16,144.96,318.09,0.323,2.68,28.97,36.04,0,0,0,0
SMP_000428,26.11,94.76,2024-07-05T12:00:00Z,0.2502,0.0,0.37,9.68,30.25,68.97,181.92,377.99,0.346,1.76,21.1,61.16,0,0,0,0
SMP_001236,25.645715582342312,93.5528426732517,2024-07-01T12:00:00Z,0.102,6.42,20.09,43.66,72.02,124.45,292.35,573.35,0.479,16.54,64.89,112.59,0,0,1,1
SMP_001236,25.645715582342312,93.5528426732517,2024-07-02T12:00:00Z,0.102,12.64,33.12,59.82,97.98,169.52,399.99,774.1,0.55,32.41,85.11,141.23,1,1,1,1
SMP_001236,25.645715582342312,93.5528426732517,2024-07-03T12:00:00Z,0.102,11.2,31.66,62.25,114.06,194.71,476.95,919.06,0.55,29.0,100.51,154.8,1,1,1,1
SMP_001236,25.645715582342312,93.5528426732517,2024-07-04T12:00:00Z,0.102,2.96,12.01,22.45,47.56,79.29,200.25,438.3,0.363,10.28,35.47,69.3,0,0,0,0
SMP_001236,25.645715582342312,93.5528426732517,2024-07-05T12:00:00Z,0.102,0.0,0.24,5.91,24.38,48.37,123.19,301.66,0.305,0.22,19.8,46.76,0,0,0,0
SMP_001520,26.085320606853028,91.35649419278796,2024-07-01T12:00:00Z,0.1031,9.93,27.61,57.72,99.84,156.35,388.97,742.75,0.55,26.61,85.13,119.56,1,1,1,1
SMP_001520,26.085320606853028,91.35649419278796,2024-07-02T12:00:00Z,0.1031,11.98,32.33,60.16,108.16,177.71,406.27,778.48,0.55,28.07,94.98,134.9,1,1,1,1
SMP_001520,26.085320606853028,91.35649419278796,2024-07-03T12:00:00Z,0.1031,6.77,21.53,41.78,79.57,142.73,347.68,700.39,0.52,23.17,70.44,122.74,0,1,1,1
SMP_001520,26.085320606853028,91.35649419278796,2024-07-04T12:00:00Z,0.1031,0.0,0.49,3.74,15.6,46.8,129.5,287.03,0.308,0.29,9.61,45.99,0,0,0,0
SMP_001520,26.085320606853028,91.35649419278796,2024-07-05T12:00:00Z,0.1031,0.0,4.85,16.49,38.75,67.13,165.57,327.57,0.375,5.14,35.25,57.96,0,0,0,0
SMP_001315,26.522832459099646,92.2444201569081,2024-07-01T12:00:00Z,0.1022,12.04,35.61,65.58,119.71,190.04,431.79,819.23,0.55,33.06,102.24,161.82,1,1,1,1
SMP_001315,26.522832459099646,92.2444201569081,2024-07-02T12:00:00Z,0.1022,9.97,29.3,62.1,110.92,181.07,414.28,769.9,0.55,27.25,94.61,137.03,1,1,1,1
SMP_001315,26.522832459099646,92.2444201569081,2024-07-03T12:00:00Z,0.1022,1.85,6.64,19.75,38.34,76.95,189.74,407.81,0.397,5.18,36.58,66.57,0,0,0,0
SMP_001315,26.522832459099646,92.2444201569081,2024-07-04T12:00:00Z,0.1022,0.0,1.37,9.26,24.5,47.68,143.06,277.91,0.323,4.75,19.96,42.26,0,0,0,0
SMP_001315,26.522832459099646,92.2444201569081,2024-07-05T12:00:00Z,0.1022,0.0,3.68,15.05,29.42,54.38,130.41,262.25,0.33,5.64,32.29,41.5,0,0,0,0
SMP_000031,25.008,93.04,2024-07-01T12:00:00Z,0.2088,0.0,2.86,14.44,33.32,62.72,176.6,353.77,0.35,6.47,28.91,52.16,0,0,0,0
SMP_000031,25.008,93.04,2024-07-02T12:00:00Z,0.2088,7.99,21.16,44.87,83.88,143.46,358.77,682.68,0.55,22.03,76.73,128.59,0,1,1,1
SMP_000031,25.008,93.04,2024-07-03T12:00:00Z,0.2088,12.72,36.66,70.49,117.03,191.8,436.83,836.69,0.55,36.14,97.76,148.7,1,1,1,1
SMP_000031,25.008,93.04,2024-07-04T12:00:00Z,0.2088,9.73,27.05,58.41,99.03,154.96,377.56,712.46,0.538,23.56,83.73,121.73,1,1,1,1
SMP_000031,25.008,93.04,2024-07-05T12:00:00Z,0.2088,0.85,3.23,10.33,18.7,49.74,128.68,289.81,0.333,5.94,20.09,30.23,0,0,0,0
SMP_000938,25.670222029716875,91.27368347687431,2024-07-01T12:00:00Z,0.2775,9.07,24.65,44.88,78.78,136.09,315.56,632.05,0.486,24.89,63.7,110.61,0,1,1,1
SMP_000938,25.670222029716875,91.27368347687431,2024-07-02T12:00:00Z,0.2775,17.23,49.77,94.64,153.91,253.19,597.25,1141.44,0.55,48.33,137.37,198.73,1,1,1,1
SMP_000938,25.670222029716875,91.27368347687431,2024-07-03T12:00:00Z,0.2775,14.94,42.93,79.66,134.47,214.08,497.93,951.12,0.55,40.64,116.8,177.15,1,1,1,1
SMP_000938,25.670222029716875,91.27368347687431,2024-07-04T12:00:00Z,0.2775,3.59,10.71,27.62,57.65,99.76,253.06,505.72,0.443,8.6,51.21,90.95,0,0,1,1
SMP_000938,25.670222029716875,91.27368347687431,2024-07-05T12:00:00Z,0.2775,0.0,0.6,10.13,24.85,46.06,144.56,296.31,0.318,1.36,17.16,46.68,0,0,0,0
SMP_000210,25.242,93.14,2024-07-01T12:00:00Z,0.2563,1.59,5.9,16.05,32.05,55.72,136.71,286.34,0.299,8.89,35.0,43.4,0,0,0,0
SMP_000210,25.242,93.14,2024-07-02T12:00:00Z,0.2563,11.49,31.58,66.4,108.69,183.93,415.1,817.67,0.55,30.02,97.67,145.81,1,1,1,1
SMP_000210,25.242,93.14,2024-07-03T12:00:00Z,0.2563,14.43,42.41,82.81,138.25,225.84,522.52,981.31,0.55,38.7,122.18,172.96,1,1,1,1
SMP_000210,25.242,93.14,2024-07-04T12:00:00Z,0.2563,8.61,22.99,43.16,76.8,128.24,325.13,649.65,0.487,20.0,67.92,95.46,0,1,1,1
SMP_000210,25.242,93.14,2024-07-05T12:00:00Z,0.2563,0.0,2.05,9.35,28.11,59.29,152.54,330.64,0.327,2.08,31.71,57.97,0,0,0,0
SMP_000439,26.118167,92.440944,2024-07-01T12:00:00Z,0.1779,10.62,28.97,61.85,112.17,181.15,409.28,808.44,0.55,29.98,94.57,136.29,1,1,1,1
SMP_000439,26.118167,92.440944,2024-07-02T12:00:00Z,0.1779,12.45,35.56,70.99,117.96,196.66,447.6,872.67,0.55,33.71,105.45,169.73,1,1,1,1
SMP_000439,26.118167,92.440944,2024-07-03T12:00:00Z,0.1779,6.73,17.76,37.97,72.15,128.54,327.5,641.87,0.53,16.12,67.45,114.71,0,1,1,1
SMP_000439,26.118167,92.440944,2024-07-04T12:00:00Z,0.1779,0.0,1.49,9.86,29.55,52.51,152.08,314.25,0.352,5.13,21.09,52.94,0,0,0,0
SMP_000439,26.118167,92.440944,2024-07-05T12:00:00Z,0.1779,0.0,0.6,8.62,28.38,48.71,149.11,295.96,0.352,-0.39,21.03,48.15,0,0,0,0
SMP_001211,23.906715379370546,92.78969158201139,2024-07-01T12:00:00Z,0.3274,0.0,3.61,12.68,32.8,71.96,190.71,387.07,0.373,3.22,27.29,55.59,0,0,0,0
SMP_001211,23.906715379370546,92.78969158201139,2024-07-02T12:00:00Z,0.3274,0.0,0.47,6.2,17.19,40.64,124.71,298.21,0.295,3.35,14.67,29.73,0,0,0,0
SMP_001211,23.906715379370546,92.78969158201139,2024-07-03T12:00:00Z,0.3274,5.04,15.2,32.32,56.56,109.39,258.84,519.23,0.422,12.36,47.94,93.58,0,0,1,1
SMP_001211,23.906715379370546,92.78969158201139,2024-07-04T12:00:00Z,0.3274,12.73,33.58,68.78,123.84,208.34,480.85,893.96,0.55,30.86,112.21,174.09,1,1,1,1
SMP_001211,23.906715379370546,92.78969158201139,2024-07-05T12:00:00Z,0.3274,12.69,34.65,65.96,117.91,186.86,453.68,891.41,0.55,34.48,106.61,163.87,1,1,1,1
SMP_001399,26.708309929374792,93.32058800017624,2024-07-01T12:00:00Z,0.0998,12.25,33.65,62.92,107.68,178.56,427.8,798.61,0.55,29.72,96.16,141.01,1,1,1,1
SMP_001399,26.708309929374792,93.32058800017624,2024-07-02T12:00:00Z,0.0998,8.49,22.71,47.05,84.06,135.65,324.04,634.29,0.526,24.18,70.14,121.88,0,1,1,1
SMP_001399,26.708309929374792,93.32058800017624,2024-07-03T12:00:00Z,0.0998,0.0,0.09,7.09,24.17,42.5,114.9,265.82,0.289,3.41,23.53,25.61,0,0,0,0
SMP_001399,26.708309929374792,93.32058800017624,2024-07-04T12:00:00Z,0.0998,0.0,3.91,9.61,24.01,58.7,144.67,317.48,0.316,3.96,17.99,60.65,0,0,0,0
SMP_001399,26.708309929374792,93.32058800017624,2024-07-05T12:00:00Z,0.0998,0.0,3.47,13.8,24.59,52.36,154.6,337.53,0.351,4.6,24.32,48.8,0,0,0,0
SMP_000214,25.278472,93.252972,2024-07-01T12:00:00Z,0.3949,2.24,10.24,27.87,53.85,91.84,218.93,455.0,0.428,12.0,43.13,87.44,0,0,1,1
SMP_000214,25.278472,93.252972,2024-07-02T12:00:00Z,0.3949,12.49,32.77,60.79,111.64,176.89,413.88,796.32,0.55,32.24,90.49,153.79,1,1,1,1
SMP_000214,25.278472,93.252972,2024-07-03T12:00:00Z,0.3949,15.17,40.99,75.21,124.16,211.06,489.59,954.42,0.55,37.2,100.77,168.95,1,1,1,1
SMP_000214,25.278472,93.252972,2024-07-04T12:00:00Z,0.3949,8.65,27.12,50.79,93.03,156.84,359.92,696.68,0.531,23.35,82.11,135.2,1,1,1,1
SMP_000214,25.278472,93.252972,2024-07-05T12:00:00Z,0.3949,0.0,0.54,9.66,19.49,45.72,147.85,306.1,0.35,4.44,20.49,31.38,0,0,0,0
SMP_000900,26.507879825831694,90.4174042609012,2024-07-01T12:00:00Z,0.1049,12.01,33.08,67.27,114.5,195.52,477.39,923.18,0.55,31.21,102.73,160.43,1,1,1,1
SMP_000900,26.507879825831694,90.4174042609012,2024-07-02T12:00:00Z,0.1049,10.07,30.88,65.57,119.15,186.87,450.83,834.51,0.55,26.46,101.35,149.99,1,1,1,1
SMP_000900,26.507879825831694,90.4174042609012,2024-07-03T12:00:00Z,0.1049,2.03,9.59,23.91,49.22,93.07,217.09,412.42,0.411,7.23,37.68,83.49,0,0,0,0
SMP_000900,26.507879825831694,90.4174042609012,2024-07-04T12:00:00Z,0.1049,0.0,2.65,5.19,19.51,45.83,112.08,233.53,0.295,4.41,23.58,50.39,0,0,0,0
SMP_000900,26.507879825831694,90.4174042609012,2024-07-05T12:00:00Z,0.1049,0.0,0.48,6.45,13.9,30.36,89.48,187.87,0.26,0.81,18.28,18.11,0,0,0,0
SMP_000939,24.335956273211927,93.63053126750816,2024-07-01T12:00:00Z,0.1249,0.0,4.69,12.61,32.68,62.16,185.55,392.79,0.375,5.9,25.09,61.92,0,0,0,0
SMP_000939,24.335956273211927,93.63053126750816,2024-07-02T12:00:00Z,0.1249,0.06,3.16,10.91,28.93,62.42,156.23,331.35,0.341,1.04,28.42,55.46,0,0,0,0
SMP_000939,24.335956273211927,93.63053126750816,2024-07-03T12:00:00Z,0.1249,12.78,34.7,71.68,118.88,185.15,440.1,834.64,0.55,34.72,106.49,152.5,1,1,1,1
SMP_000939,24.335956273211927,93.63053126750816,2024-07-04T12:00:00Z,0.1249,17.75,50.26,94.1,163.19,260.85,602.93,1106.71,0.55,46.76,141.77,210.95,1,1,1,1
SMP_000939,24.335956273211927,93.63053126750816,2024-07-05T12:00:00Z,0.1249,11.95,34.14,70.61,118.34,194.92,470.82,876.66,0.55,32.71,98.67,158.39,1,1,1,1
SMP_001134,25.607874385194794,93.1236306490141,2024-07-01T12:00:00Z,0.1262,6.03,18.2,35.28,58.9,101.26,269.52,537.9,0.454,15.9,54.14,77.95,0,0,0,1
SMP_001134,25.607874385194794,93.1236306490141,2024-07-02T12:00:00Z,0.1262,12.6,33.27,69.61,114.94,182.72,441.91,852.9,0.55,33.51,99.92,158.53,1,1,1,1
SMP_001134,25.607874385194794,93.1236306490141,2024-07-03T12:00:00Z,0.1262,11.53,31.96,63.6,109.96,181.38,446.04,850.64,0.55,32.36,92.18,149.77,1,1,1,1
SMP_001134,25.607874385194794,93.1236306490141,2024-07-04T12:00:00Z,0.1262,3.47,11.79,24.57,46.04,75.08,181.91,375.44,0.346,11.48,45.27,54.52,0,0,0,0
SMP_001134,25.607874385194794,93.1236306490141,2024-07-05T12:00:00Z,0.1262,0.0,0.41,3.0,11.35,29.87,110.32,245.55,0.278,-1.06,8.63,37.77,0,0,0,0
SMP_001004,26.66102690985091,93.98622044210312,2024-07-01T12:00:00Z,0.1049,12.35,36.29,69.11,116.68,182.76,431.79,822.82,0.55,31.42,98.92,156.46,1,1,1,1
SMP_001004,26.66102690985091,93.98622044210312,2024-07-02T12:00:00Z,0.1049,8.98,23.43,48.46,89.62,144.66,363.11,722.3,0.55,22.6,83.04,109.57,0,1,1,1
SMP_001004,26.66102690985091,93.98622044210312,2024-07-03T12:00:00Z,0.1049,0.16,3.67,14.87,26.67,54.63,169.81,381.44,0.343,5.5,19.66,42.09,0,0,0,0
SMP_001004,26.66102690985091,93.98622044210312,2024-07-04T12:00:00Z,0.1049,0.0,1.26,2.46,7.11,27.45,86.96,228.4,0.296,1.47,12.77,36.91,0,0,0,0
SMP_001004,26.66102690985091,93.98622044210312,2024-07-05T12:00:00Z,0.1049,0.0,4.23,15.88,36.09,60.27,145.23,284.53,0.328,2.12,35.18,47.4,0,0,0,0
SMP_000326,25.84,91.35,2024-07-01T12:00:00Z,0.2552,8.01,20.84,47.29,81.67,145.63,358.43,670.3,0.531,20.56,69.3,110.98,1,1,1,1
SMP_000326,25.84,91.35,2024-07-02T12:00:00Z,0.2552,12.3,34.62,71.35,119.01,185.9,430.83,817.83,0.55,31.62,102.87,147.7,1,1,1,1
SMP_000326,25.84,91.35,2024-07-03T12:00:00Z,0.2552,9.13,27.87,53.26,92.06,162.87,371.38,688.97,0.55,28.93,86.19,122.66,1,1,1,1
SMP_000326,25.84,91.35,2024-07-04T12:00:00Z,0.2552,0.42,2.02,8.91,18.42,33.72,118.53,235.33,0.312,5.54,17.63,19.68,0,0,0,0
SMP_000326,25.84,91.35,2024-07-05T12:00:00Z,0.2552,0.0,1.3,11.62,25.37,43.16,113.14,252.03,0.319,1.29,22.01,40.16,0,0,0,0
SMP_001080,26.460081290287242,90.55317808090231,2024-07-01T12:00:00Z,0.1043,11.86,34.5,65.6,108.62,174.03,427.56,815.13,0.55,29.98,93.25,147.36,1,1,1,1
SMP_001080,26.460081290287242,90.55317808090231,2024-07-02T12:00:00Z,0.1043,10.38,27.16,58.34,100.26,169.43,398.51,747.53,0.55,24.25,93.15,150.22,1,1,1,1
SMP_001080,26.460081290287242,90.55317808090231,2024-07-03T12:00:00Z,0.1043,2.6,9.08,19.17,43.59,81.01,215.65,435.37,0.405,11.12,40.01,65.79,0,0,0,0
SMP_001080,26.460081290287242,90.55317808090231,2024-07-04T12:00:00Z,0.1043,0.0,2.31,12.46,24.52,59.32,169.15,335.92,0.358,4.75,19.29,59.04,0,0,0,0
SMP_001080,26.460081290287242,90.55317808090231,2024-07-05T12:00:00Z,0.1043,0.0,1.51,12.65,29.89,54.17,167.77,326.68,0.362,-0.28,32.32,35.01,0,0,0,0
SMP_000839,27.45656116987973,94.43615765038435,2024-07-01T12:00:00Z,0.1048,9.05,25.84,46.88,80.42,138.38,340.54,684.55,0.53,21.31,71.34,100.95,0,1,1,1
SMP_000839,27.45656116987973,94.43615765038435,2024-07-02T12:00:00Z,0.1048,0.22,4.67,11.94,31.71,66.18,184.23,357.62,0.348,5.1,32.86,46.98,0,0,0,0
SMP_000839,27.45656116987973,94.43615765038435,2024-07-03T12:00:00Z,0.1048,0.0,0.87,10.45,26.65,54.41,134.63,273.82,0.343,2.6,23.0,41.27,0,0,0,0
SMP_000839,27.45656116987973,94.43615765038435,2024-07-04T12:00:00Z,0.1048,0.0,1.41,9.19,19.68,34.91,118.5,245.48,0.316,2.86,14.26,23.08,0,0,0,0
SMP_000839,27.45656116987973,94.43615765038435,2024-07-05T12:00:00Z,0.1048,0.0,3.1,9.85,26.99,63.33,160.55,355.38,0.355,2.14,23.02,52.56,0,0,0,0
SMP_000188,25.21,93.25,2024-07-01T12:00:00Z,0.3534,1.3,3.58,9.32,18.68,51.27,141.1,318.86,0.319,5.8,21.95,38.98,0,0,0,0
SMP_000188,25.21,93.25,2024-07-02T12:00:00Z,0.3534,12.94,35.94,70.95,124.56,209.53,500.81,946.76,0.55,31.26,109.96,176.1,1,1,1,1
SMP_000188,25.21,93.25,2024-07-03T12:00:00Z,0.3534,16.74,44.46,82.7,136.61,210.62,484.54,907.14,0.55,43.38,121.66,164.91,1,1,1,1
SMP_000188,25.21,93.25,2024-07-04T12:00:00Z,0.3534,10.38,28.39,52.56,95.92,168.27,393.68,782.12,0.55,25.8,85.48,130.76,1,1,1,1
SMP_000188,25.21,93.25,2024-07-05T12:00:00Z,0.3534,0.0,1.24,2.67,7.29,20.76,69.37,170.46,0.265,2.55,9.41,26.66,0,0,0,0
SMP_001527,24.161807754184373,93.46053153561863,2024-07-01T12:00:00Z,0.5195,0.0,2.02,8.26,22.61,55.36,140.6,303.77,0.33,3.21,26.02,36.47,0,0,0,0
SMP_001527,24.161807754184373,93.46053153561863,2024-07-02T12:00:00Z,0.5195,0.0,4.29,13.12,29.72,65.17,182.04,403.58,0.366,4.75,28.68,65.0,0,0,0,1
SMP_001527,24.161807754184373,93.46053153561863,2024-07-03T12:00:00Z,0.5195,8.81,24.87,50.15,92.51,146.79,348.98,674.21,0.519,23.19,74.09,130.51,1,1,1,1
SMP_001527,24.161807754184373,93.46053153561863,2024-07-04T12:00:00Z,0.5195,14.82,39.49,74.45,131.46,203.35,484.92,914.4,0.55,34.82,114.44,161.3,1,1,1,1
SMP_001527,24.161807754184373,93.46053153561863,2024-07-05T12:00:00Z,0.5195,11.84,35.51,70.61,124.91,194.72,452.17,836.5,0.55,35.27,105.46,157.11,1,1,1,1
SMP_001089,25.79919433266107,90.50603063018873,2024-07-01T12:00:00Z,0.1784,7.85,20.92,46.22,88.67,157.22,388.48,745.34,0.55,16.86,79.28,135.18,1,1,1,1
SMP_001089,25.79919433266107,90.50603063018873,2024-07-02T12:00:00Z,0.1784,12.63,37.64,71.27,119.43,203.91,480.99,898.55,0.55,32.57,107.2,155.18,1,1,1,1
SMP_001089,25.79919433266107,90.50603063018873,2024-07-03T12:00:00Z,0.1784,9.75,25.95,55.37,95.75,153.92,385.98,750.55,0.55,22.01,77.41,118.82,1,1,1,1
SMP_001089,25.79919433266107,90.50603063018873,2024-07-04T12:00:00Z,0.1784,0.95,3.68,13.37,29.45,51.45,142.58,300.35,0.305,1.55,31.03,48.37,0,0,0,0
SMP_001089,25.79919433266107,90.50603063018873,2024-07-05T12:00:00Z,0.1784,0.0,2.28,5.07,20.07,48.68,140.65,329.98,0.306,5.44,14.31,34.64,0,0,0,0
SMP_000341,25.85167,92.58089,2024-07-01T12:00:00Z,0.3182,9.13,23.84,48.43,88.9,154.19,360.21,695.04,0.536,21.95,80.75,136.5,1,1,1,1
SMP_000341,25.85167,92.58089,2024-07-02T12:00:00Z,0.3182,13.84,40.1,74.08,127.24,202.15,480.12,913.38,0.55,34.55,113.31,164.65,1,1,1,1
SMP_000341,25.85167,92.58089,2024-07-03T12:00:00Z,0.3182,10.16,30.47,63.12,105.44,173.84,430.8,818.48,0.55,25.63,97.59,134.22,1,1,1,1
SMP_000341,25.85167,92.58089,2024-07-04T12:00:00Z,0.3182,0.31,5.28,14.71,27.77,64.26,154.71,353.86,0.342,3.98,29.57,56.43,0,0,0,0
SMP_000341,25.85167,92.58089,2024-07-05T12:00:00Z,0.3182,0.0,0.89,9.26,19.83,53.41,147.84,323.59,0.352,2.42,17.16,42.52,0,0,0,0
SMP_000147,25.17,93.36,2024-07-01T12:00:00Z,0.7901,0.62,4.74,12.49,22.93,53.26,156.56,323.52,0.353,6.7,20.71,33.74,0,0,1,1
SMP_000147,25.17,93.36,2024-07-02T12:00:00Z,0.7901,12.31,35.44,64.83,111.4,180.31,424.51,823.29,0.55,33.04,94.41,139.31,1,1,1,1
SMP_000147,25.17,93.36,2024-07-03T12:00:00Z,0.7901,16.53,43.27,85.81,149.03,231.8,557.91,1053.37,0.55,41.5,127.23,193.5,1,1,1,1
SMP_000147,25.17,93.36,2024-07-04T12:00:00Z,0.7901,10.73,31.75,63.9,116.81,197.85,458.09,881.86,0.55,29.35,104.26,166.03,1,1,1,1
SMP_000147,25.17,93.36,2024-07-05T12:00:00Z,0.7901,0.0,4.59,17.91,33.47,64.69,158.03,322.18,0.338,3.45,31.31,48.16,0,0,1,1
SMP_000360,25.95931,92.51753,2024-07-01T12:00:00Z,0.4251,9.11,24.75,46.26,87.6,154.82,385.86,714.75,0.55,23.86,80.03,115.31,1,1,1,1
SMP_000360,25.95931,92.51753,2024-07-02T12:00:00Z,0.4251,12.36,34.57,64.82,111.74,174.96,428.5,842.69,0.55,34.72,95.65,146.05,1,1,1,1
SMP_000360,25.95931,92.51753,2024-07-03T12:00:00Z,0.4251,8.12,22.74,42.04,79.27,127.15,304.93,607.08,0.491,18.95,70.28,93.32,0,1,1,1
SMP_000360,25.95931,92.51753,2024-07-04T12:00:00Z,0.4251,0.0,2.81,5.42,16.03,45.03,143.86,315.69,0.34,0.82,13.88,44.68,0,0,0,0
SMP_000360,25.95931,92.51753,2024-07-05T12:00:00Z,0.4251,0.0,3.67,8.26,25.78,49.69,123.14,277.13,0.294,2.05,21.09,47.14,0,0,0,0
SMP_000083,25.108806,92.975139,2024-07-01T12:00:00Z,0.2768,0.0,3.06,12.33,25.91,50.37,156.19,336.77,0.33,1.73,26.49,45.96,0,0,0,0
SMP_000083,25.108806,92.975139,2024-07-02T12:00:00Z,0.2768,9.41,25.29,51.92,89.42,143.73,347.31,660.26,0.521,25.46,74.09,110.84,1,1,1,1
SMP_000083,25.108806,92.975139,2024-07-03T12:00:00Z,0.2768,13.44,36.0,65.04,115.41,178.74,436.07,830.8,0.55,33.09,95.95,138.68,1,1,1,1
SMP_000083,25.108806,92.975139,2024-07-04T12:00:00Z,0.2768,9.31,28.85,55.62,102.09,167.12,392.91,728.75,0.55,28.35,82.92,139.33,1,1,1,1
SMP_000083,25.108806,92.975139,2024-07-05T12:00:00Z,0.2768,0.0,3.55,7.03,17.99,41.26,129.79,276.05,0.314,1.92,22.72,39.35,0,0,0,0
SMP_000048,25.039722,92.781889,2024-07-01T12:00:00Z,0.406,0.0,2.37,9.6,24.05,52.36,132.64,302.09,0.329,3.87,28.16,41.15,0,0,0,0
SMP_000048,25.039722,92.781889,2024-07-02T12:00:00Z,0.406,8.0,24.31,51.65,92.95,154.87,367.29,725.11,0.536,24.42,80.93,135.35,1,1,1,1
SMP_000048,25.039722,92.781889,2024-07-03T12:00:00Z,0.406,12.3,35.88,72.16,121.82,192.11,466.05,918.49,0.55,34.69,110.36,153.89,1,1,1,1
SMP_000048,25.039722,92.781889,2024-07-04T12:00:00Z,0.406,9.13,24.6,50.13,90.55,141.44,357.14,710.05,0.53,23.04,74.31,114.27,1,1,1,1
SMP_000048,25.039722,92.781889,2024-07-05T12:00:00Z,0.406,0.43,4.91,14.49,25.69,59.69,142.45,281.29,0.341,6.98,22.71,45.42,0,0,0,0
SMP_000468,26.189306,91.787944,2024-07-01T12:00:00Z,0.1826,10.7,31.03,63.77,115.73,181.0,413.25,794.3,0.55,31.5,94.36,137.03,1,1,1,1
SMP_000468,26.189306,91.787944,2024-07-02T12:00:00Z,0.1826,11.79,35.45,70.72,124.09,201.5,455.96,851.92,0.55,30.0,105.94,170.7,1,1,1,1
SMP_000468,26.189306,91.787944,2024-07-03T12:00:00Z,0.1826,5.73,17.9,33.46,61.51,99.93,257.75,515.62,0.419,19.73,47.59,86.56,0,0,0,1
SMP_000468,26.189306,91.787944,2024-07-04T12:00:00Z,0.1826,0.0,1.67,5.4,15.51,33.08,121.98,245.59,0.301,1.64,9.56,34.28,0,0,0,0
SMP_000468,26.189306,91.787944,2024-07-05T12:00:00Z,0.1826,0.0,4.72,15.35,30.68,63.43,187.7,372.99,0.378,2.27,29.92,59.8,0,0,0,0
SMP_000155,25.1775,93.026222,2024-07-01T12:00:00Z,0.4586,0.62,5.64,18.38,40.91,84.84,229.66,460.44,0.413,3.42,31.88,80.35,0,0,1,1
SMP_000155,25.1775,93.026222,2024-07-02T12:00:00Z,0.4586,10.42,30.24,54.69,90.93,145.59,355.58,686.27,0.549,30.41,81.24,118.11,1,1,1,1
SMP_000155,25.1775,93.026222,2024-07-03T12:00:00Z,0.4586,13.89,36.97,73.66,120.16,201.62,469.44,904.24,0.55,35.8,97.32,164.43,1,1,1,1
SMP_000155,25.1775,93.026222,2024-07-04T12:00:00Z,0.4586,8.94,23.8,42.86,81.72,133.33,317.64,623.61,0.528,25.05,71.0,102.76,1,1,1,1
SMP_000155,25.1775,93.026222,2024-07-05T12:00:00Z,0.4586,0.0,4.2,8.3,27.41,63.82,187.65,373.48,0.384,2.02,24.31,58.95,0,0,0,1
SMP_000963,24.863758951157838,92.68022573289223,2024-07-01T12:00:00Z,0.1031,0.0,1.47,7.55,26.04,59.75,155.56,310.07,0.332,0.34,21.27,56.5,0,0,0,0
SMP_000963,24.863758951157838,92.68022573289223,2024-07-02T12:00:00Z,0.1031,6.12,19.83,45.34,78.51,128.66,317.53,629.88,0.505,21.64,62.12,101.89,0,1,1,1
SMP_000963,24.863758951157838,92.68022573289223,2024-07-03T12:00:00Z,0.1031,11.73,31.57,65.15,114.83,184.55,441.85,862.97,0.55,28.72,92.78,160.37,1,1,1,1
SMP_000963,24.863758951157838,92.68022573289223,2024-07-04T12:00:00Z,0.1031,10.23,30.88,64.94,115.59,179.63,412.43,765.46,0.55,29.82,96.52,143.69,1,1,1,1
SMP_000963,24.863758951157838,92.68022573289223,2024-07-05T12:00:00Z,0.1031,2.52,10.94,22.69,48.08,91.38,247.15,491.66,0.447,12.5,40.04,67.41,0,0,0,1
SMP_001145,25.758560877270302,90.81067261230739,2024-07-01T12:00:00Z,0.3044,7.92,21.42,39.3,73.78,126.1,321.86,620.01,0.493,22.76,68.38,104.39,0,1,1,1
SMP_001145,25.758560877270302,90.81067261230739,2024-07-02T12:00:00Z,0.3044,13.39,38.34,77.08,135.19,227.75,536.38,993.26,0.55,36.09,119.11,191.07,1,1,1,1
SMP_001145,25.758560877270302,90.81067261230739,2024-07-03T12:00:00Z,0.3044,10.73,32.83,60.78,108.13,174.09,409.97,775.03,0.55,33.05,87.9,150.06,1,1,1,1
SMP_001145,25.758560877270302,90.81067261230739,2024-07-04T12:00:00Z,0.3044,1.56,5.34,10.45,26.0,57.98,143.04,298.69,0.334,6.22,18.7,49.53,0,0,0,0
SMP_001145,25.758560877270302,90.81067261230739,2024-07-05T12:00:00Z,0.3044,0.0,1.35,5.53,12.87,37.45,111.92,270.7,0.307,-0.4,14.4,41.87,0,0,0,0
SMP_001561,26.689044346338697,93.43406422299007,2024-07-01T12:00:00Z,0.1129,12.33,36.92,76.39,129.77,218.72,528.0,1014.57,0.55,36.94,116.23,175.16,1,1,1,1
SMP_001561,26.689044346338697,93.43406422299007,2024-07-02T12:00:00Z,0.1129,8.72,26.5,52.05,86.54,138.44,352.24,711.65,0.528,24.09,76.09,106.83,0,1,1,1
SMP_001561,26.689044346338697,93.43406422299007,2024-07-03T12:00:00Z,0.1129,0.0,3.98,13.18,31.53,53.99,143.66,294.11,0.333,2.71,23.77,56.35,0,0,0,0
SMP_001561,26.689044346338697,93.43406422299007,2024-07-04T12:00:00Z,0.1129,0.0,1.31,2.64,7.45,20.57,59.83,164.42,0.239,2.26,8.69,14.95,0,0,0,0
SMP_001561,26.689044346338697,93.43406422299007,2024-07-05T12:00:00Z,0.1129,0.0,4.26,9.99,24.19,46.8,125.2,284.06,0.325,3.55,18.92,40.25,0,0,0,0
SMP_001338,25.836267964424724,90.7976269096174,2024-07-01T12:00:00Z,0.2673,8.17,25.89,46.64,78.4,139.3,356.17,672.93,0.55,24.05,73.65,119.07,1,1,1,1
SMP_001338,25.836267964424724,90.7976269096174,2024-07-02T12:00:00Z,0.2673,12.61,34.42,68.38,112.03,178.46,406.44,793.15,0.55,30.08,95.14,139.49,1,1,1,1
SMP_001338,25.836267964424724,90.7976269096174,2024-07-03T12:00:00Z,0.2673,9.39,28.55,56.1,95.23,163.29,405.88,758.87,0.55,25.53,85.69,140.76,1,1,1,1
SMP_001338,25.836267964424724,90.7976269096174,2024-07-04T12:00:00Z,0.2673,0.48,3.28,13.74,30.84,54.59,137.4,297.9,0.301,5.3,28.54,55.18,0,0,0,0
SMP_001338,25.836267964424724,90.7976269096174,2024-07-05T12:00:00Z,0.2673,0.0,0.69,3.54,9.44,20.16,69.2,185.36,0.236,4.02,8.41,19.24,0,0,0,0
SMP_000500,26.347417,93.2982,2024-07-01T12:00:00Z,0.1306,12.41,32.83,65.34,115.37,180.47,429.53,809.3,0.55,29.43,99.01,136.27,1,1,1,1
SMP_000500,26.347417,93.2982,2024-07-02T12:00:00Z,0.1306,11.95,34.68,72.07,128.44,214.8,507.18,968.46,0.55,33.09,115.62,174.52,1,1,1,1
SMP_000500,26.347417,93.2982,2024-07-03T12:00:00Z,0.1306,4.25,14.32,33.82,65.67,122.25,284.35,566.03,0.472,15.91,54.93,87.89,0,0,1,1
SMP_000500,26.347417,93.2982,2024-07-04T12:00:00Z,0.1306,0.0,1.63,4.18,11.62,27.72,98.29,250.06,0.3,2.22,8.17,36.68,0,0,0,0
SMP_000500,26.347417,93.2982,2024-07-05T12:00:00Z,0.1306,0.0,0.02,8.06,23.33,54.22,166.39,360.28,0.37,-1.09,25.97,51.23,0,0,0,0
SMP_000179,25.201,93.122,2024-07-01T12:00:00Z,0.2718,0.98,5.06,12.9,24.72,57.33,153.62,345.86,0.356,3.34,20.81,42.62,0,0,0,0
SMP_000179,25.201,93.122,2024-07-02T12:00:00Z,0.2718,10.97,33.06,63.9,114.92,180.81,446.21,877.08,0.55,30.11,97.28,148.84,1,1,1,1
SMP_000179,25.201,93.122,2024-07-03T12:00:00Z,0.2718,14.3,40.69,74.36,125.78,197.28,450.23,833.23,0.55,37.34,105.36,154.7,1,1,1,1
SMP_000179,25.201,93.122,2024-07-04T12:00:00Z,0.2718,8.96,26.57,49.05,85.74,135.39,319.81,621.74,0.495,25.98,73.94,120.16,0,1,1,1
SMP_000179,25.201,93.122,2024-07-05T12:00:00Z,0.2718,0.0,2.58,4.87,11.67,32.23,100.09,243.86,0.282,5.68,15.3,33.88,0,0,0,0
SMP_000925,25.175452559912504,92.41822558016419,2024-07-01T12:00:00Z,0.5727,0.56,4.71,11.21,21.67,49.53,126.89,297.07,0.335,3.05,22.74,44.55,0,0,0,0
SMP_000925,25.175452559912504,92.41822558016419,2024-07-02T12:00:00Z,0.5727,9.79,26.45,56.68,103.8,169.63,387.03,737.13,0.55,22.77,96.06,126.96,1,1,1,1
SMP_000925,25.175452559912504,92.41822558016419,2024-07-03T12:00:00Z,0.5727,13.08,36.18,68.2,122.45,203.18,483.03,934.83,0.55,35.55,105.62,158.8,1,1,1,1
SMP_000925,25.175452559912504,92.41822558016419,2024-07-04T12:00:00Z,0.5727,8.44,23.12,48.08,79.96,139.82,339.78,636.18,0.528,21.82,72.02,110.18,1,1,1,1
SMP_000925,25.175452559912504,92.41822558016419,2024-07-05T12:00:00Z,0.5727,0.0,0.79,10.21,21.85,48.82,126.93,305.7,0.307,1.06,16.83,40.25,0,0,0,0
SMP_001587,25.453964296843914,89.8622482192272,2024-07-01T12:00:00Z,0.1166,3.83,10.01,27.67,56.42,101.25,237.23,485.39,0.421,7.89,45.4,82.71,0,0,0,1
SMP_001587,25.453964296843914,89.8622482192272,2024-07-02T12:00:00Z,0.1166,10.93,30.33,60.82,107.97,178.79,440.05,860.8,0.55,28.33,95.98,148.18,1,1,1,1
SMP_001587,25.453964296843914,89.8622482192272,2024-07-03T12:00:00Z,0.1166,11.39,29.76,57.32,103.38,168.13,387.46,718.1,0.55,30.43,87.0,126.12,1,1,1,1
SMP_001587,25.453964296843914,89.8622482192272,2024-07-04T12:00:00Z,0.1166,4.95,15.57,37.49,71.67,131.8,302.85,587.84,0.468,13.46,68.52,114.23,0,1,1,1
SMP_001587,25.453964296843914,89.8622482192272,2024-07-05T12:00:00Z,0.1166,0.0,1.54,6.54,23.09,41.98,114.46,240.45,0.286,2.5,24.14,26.32,0,0,0,0
SMP_001570,24.91670124894041,92.90231674692612,2024-07-01T12:00:00Z,0.1066,0.0,0.84,10.41,30.64,70.35,186.29,359.44,0.36,2.53,27.26,49.19,0,0,0,0
SMP_001570,24.91670124894041,92.90231674692612,2024-07-02T12:00:00Z,0.1066,6.68,21.17,44.26,77.58,124.68,291.1,575.91,0.474,19.36,61.29,102.34,0,0,1,1
SMP_001570,24.91670124894041,92.90231674692612,2024-07-03T12:00:00Z,0.1066,11.91,32.35,65.54,116.05,180.56,436.17,852.08,0.55,29.26,102.32,149.86,1,1,1,1
SMP_001570,24.91670124894041,92.90231674692612,2024-07-04T12:00:00Z,0.1066,9.92,29.43,57.54,96.54,154.95,386.31,755.58,0.55,27.27,82.43,114.93,0,1,1,1
SMP_001570,24.91670124894041,92.90231674692612,2024-07-05T12:00:00Z,0.1066,1.9,8.63,16.84,31.14,64.39,158.51,332.93,0.362,10.87,27.61,49.17,0,0,0,0
SMP_000528,26.57,94.35,2024-07-01T12:00:00Z,0.2072,12.62,32.89,66.13,117.14,182.61,444.33,830.81,0.55,32.3,105.65,158.85,1,1,1,1
SMP_000528,26.57,94.35,2024-07-02T12:00:00Z,0.2072,10.01,31.0,60.09,105.49,177.01,431.65,804.65,0.55,30.66,86.41,137.52,1,1,1,1
SMP_000528,26.57,94.35,2024-07-03T12:00:00Z,0.2072,1.33,7.29,15.66,34.73,62.8,155.54,349.45,0.317,10.19,36.97,50.78,0,0,0,0
SMP_000528,26.57,94.35,2024-07-04T12:00:00Z,0.2072,0.0,1.14,5.72,14.51,42.65,134.29,305.17,0.334,2.28,8.65,34.69,0,0,0,0
SMP_000528,26.57,94.35,2024-07-05T12:00:00Z,0.2072,0.0,2.69,12.5,29.64,64.13,158.14,332.82,0.325,5.53,25.59,64.73,0,0,0,0
SMP_000346,25.85992,92.72558,2024-07-01T12:00:00Z,0.2728,8.38,23.81,49.04,88.81,139.53,351.19,695.51,0.534,20.17,71.87,113.63,0,1,1,1
SMP_000346,25.85992,92.72558,2024-07-02T12:00:00Z,0.2728,12.59,37.58,73.95,131.58,203.13,480.95,900.98,0.55,35.82,109.13,174.87,1,1,1,1
SMP_000346,25.85992,92.72558,2024-07-03T12:00:00Z,0.2728,9.17,28.77,56.93,104.9,178.46,415.55,809.9,0.55,28.22,96.58,136.79,1,1,1,1
SMP_000346,25.85992,92.72558,2024-07-04T12:00:00Z,0.2728,0.18,2.76,7.08,18.42,48.8,139.28,281.82,0.322,5.14,15.69,37.26,0,0,0,0
SMP_000346,25.85992,92.72558,2024-07-05T12:00:00Z,0.2728,0.0,2.97,13.11,23.45,59.95,161.14,369.94,0.356,0.91,19.96,48.01,0,0,0,0
SMP_001132,27.32283306039838,95.45934254581543,2024-07-01T12:00:00Z,0.1077,10.19,27.73,52.82,90.02,159.65,390.39,780.65,0.55,26.44,79.27,137.12,1,1,1,1
SMP_001132,27.32283306039838,95.45934254581543,2024-07-02T12:00:00Z,0.1077,1.89,8.58,21.88,38.16,74.9,212.59,420.11,0.401,10.07,38.08,62.15,0,0,0,0
SMP_001132,27.32283306039838,95.45934254581543,2024-07-03T12:00:00Z,0.1077,0.0,1.33,5.18,20.74,48.46,124.69,260.59,0.299,2.97,13.63,47.66,0,0,0,0
SMP_001132,27.32283306039838,95.45934254581543,2024-07-04T12:00:00Z,0.1077,0.0,3.54,11.28,30.89,68.99,162.47,325.79,0.369,2.34,22.72,46.53,0,0,0,0
SMP_001132,27.32283306039838,95.45934254581543,2024-07-05T12:00:00Z,0.1077,0.0,1.38,6.44,19.63,49.27,127.29,289.82,0.299,1.16,11.97,39.19,0,0,0,0
SMP_001604,26.44164499309405,94.27327133546952,2024-07-01T12:00:00Z,0.1043,12.3,36.87,72.06,124.76,208.32,489.31,909.98,0.55,36.32,103.71,169.75,1,1,1,1
SMP_001604,26.44164499309405,94.27327133546952,2024-07-02T12:00:00Z,0.1043,10.94,32.98,63.13,104.32,161.82,369.6,723.74,0.55,30.15,91.15,121.86,1,1,1,1
SMP_001604,26.44164499309405,94.27327133546952,2024-07-03T12:00:00Z,0.1043,2.94,12.1,24.78,44.61,88.73,242.14,470.45,0.437,9.92,38.3,72.96,0,0,0,0
SMP_001604,26.44164499309405,94.27327133546952,2024-07-04T12:00:00Z,0.1043,0.0,2.8,7.58,19.08,50.68,134.15,282.71,0.308,5.94,11.95,37.0,0,0,0,0
SMP_001604,26.44164499309405,94.27327133546952,2024-07-05T12:00:00Z,0.1043,0.0,1.65,12.55,31.78,67.26,172.64,380.46,0.35,1.56,29.83,50.95,0,0,0,0
SMP_001433,26.645889051370585,92.61281619607522,2024-07-01T12:00:00Z,0.1031,12.24,31.89,67.36,120.95,201.64,488.99,902.8,0.55,29.45,100.64,163.3,1,1,1,1
SMP_001433,26.645889051370585,92.61281619607522,2024-07-02T12:00:00Z,0.1031,9.04,25.56,52.74,90.96,159.53,395.46,785.63,0.55,26.31,79.67,132.05,1,1,1,1
SMP_001433,26.645889051370585,92.61281619607522,2024-07-03T12:00:00Z,0.1031,0.35,2.36,5.15,20.83,54.96,132.03,309.12,0.341,5.66,18.44,44.23,0,0,0,0
SMP_001433,26.645889051370585,92.61281619607522,2024-07-04T12:00:00Z,0.1031,0.0,3.42,13.69,33.63,66.65,172.63,359.07,0.344,1.87,32.48,58.39,0,0,0,0
SMP_001433,26.645889051370585,92.61281619607522,2024-07-05T12:00:00Z,0.1031,0.0,3.94,11.05,22.19,49.48,137.49,289.98,0.313,6.59,21.97,51.21,0,0,0,0
SMP_000782,25.20006,92.9972,2024-07-01T12:00:00Z,0.4519,0.93,4.28,10.35,28.66,48.28,137.48,281.3,0.313,5.51,23.25,45.86,0,0,0,0
SMP_000782,25.20006,92.9972,2024-07-02T12:00:00Z,0.4519,10.58,27.92,50.82,88.29,151.38,380.23,726.07,0.55,26.45,73.73,120.32,1,1,1,1
SMP_000782,25.20006,92.9972,2024-07-03T12:00:00Z,0.4519,13.81,35.95,70.76,121.41,195.44,451.81,875.21,0.55,32.99,102.9,170.37,1,1,1,1
SMP_000782,25.20006,92.9972,2024-07-04T12:00:00Z,0.4519,8.66,26.58,52.21,92.97,156.35,378.2,730.59,0.55,22.65,84.65,129.6,1,1,1,1
SMP_000782,25.20006,92.9972,2024-07-05T12:00:00Z,0.4519,0.0,1.44,5.41,16.51,43.42,129.0,302.4,0.298,4.74,10.18,39.85,0,0,0,0
SMP_000701,25.98214,92.51139,2024-07-01T12:00:00Z,0.3344,9.28,25.25,50.7,92.24,155.25,377.71,714.02,0.549,26.24,81.83,135.23,1,1,1,1
SMP_000701,25.98214,92.51139,2024-07-02T12:00:00Z,0.3344,12.32,32.74,59.56,98.54,158.71,370.68,696.03,0.55,29.85,86.05,137.51,1,1,1,1
SMP_000701,25.98214,92.51139,2024-07-03T12:00:00Z,0.3344,7.89,25.39,51.35,87.24,139.45,354.72,705.26,0.55,25.31,81.28,109.61,1,1,1,1
SMP_000701,25.98214,92.51139,2024-07-04T12:00:00Z,0.3344,0.0,4.23,15.36,35.26,58.52,170.54,364.05,0.38,3.7,29.24,44.58,0,0,0,0
SMP_000701,25.98214,92.51139,2024-07-05T12:00:00Z,0.3344,0.0,3.94,10.09,30.65,63.22,178.71,395.52,0.374,3.71,31.64,50.9,0,0,0,0
SMP_000243,25.417528,93.372528,2024-07-01T12:00:00Z,0.2094,3.83,14.52,34.26,67.63,121.28,297.74,600.37,0.496,11.11,57.72,99.82,0,1,1,1
SMP_000243,25.417528,93.372528,2024-07-02T12:00:00Z,0.2094,12.05,35.95,73.36,123.75,193.43,464.75,893.42,0.55,31.13,110.13,166.58,1,1,1,1
SMP_000243,25.417528,93.372528,2024-07-03T12:00:00Z,0.2094,12.96,37.77,71.85,128.19,202.31,457.63,867.99,0.55,32.77,107.94,158.53,1,1,1,1
SMP_000243,25.417528,93.372528,2024-07-04T12:00:00Z,0.2094,6.01,19.11,44.22,81.34,128.12,327.96,630.27,0.521,19.66,64.87,108.47,0,1,1,1
SMP_000243,25.417528,93.372528,2024-07-05T12:00:00Z,0.2094,0.0,3.72,14.34,31.03,66.63,172.73,355.59,0.367,3.26,31.35,46.39,0,0,0,0
SMP_001204,25.30462246749713,93.71090916719211,2024-07-01T12:00:00Z,0.4456,2.7,7.9,14.74,37.3,72.93,178.42,383.23,0.351,8.99,31.61,61.8,0,0,0,1
SMP_001204,25.30462246749713,93.71090916719211,2024-07-02T12:00:00Z,0.4456,13.03,35.27,72.07,126.91,201.22,477.7,932.95,0.55,33.44,109.38,166.07,1,1,1,1
SMP_001204,25.30462246749713,93.71090916719211,2024-07-03T12:00:00Z,0.4456,15.46,42.85,83.7,145.35,239.36,554.63,1071.52,0.55,40.81,129.43,199.75,1,1,1,1
SMP_001204,25.30462246749713,93.71090916719211,2024-07-04T12:00:00Z,0.4456,8.51,22.43,49.26,85.28,138.9,334.43,665.01,0.499,20.8,76.1,125.37,1,1,1,1
SMP_001204,25.30462246749713,93.71090916719211,2024-07-05T12:00:00Z,0.4456,0.0,2.79,6.27,20.34,52.75,159.33,316.4,0.32,2.17,23.64,44.83,0,0,0,0
SMP_000312,25.812,92.55069,2024-07-01T12:00:00Z,0.3523,8.76,25.7,53.14,98.37,164.78,392.71,780.34,0.55,26.14,81.06,138.81,1,1,1,1
SMP_000312,25.812,92.55069,2024-07-02T12:00:00Z,0.3523,13.89,39.62,75.53,133.98,217.43,520.41,994.09,0.55,35.19,115.39,166.58,1,1,1,1
SMP_000312,25.812,92.55069,2024-07-03T12:00:00Z,0.3523,10.59,28.01,59.69,97.76,162.61,388.65,774.73,0.55,23.92,78.77,139.69,1,1,1,1
SMP_000312,25.812,92.55069,2024-07-04T12:00:00Z,0.3523,0.87,4.46,15.29,37.73,75.36,198.97,386.19,0.382,2.05,32.78,62.43,0,0,0,1
SMP_000312,25.812,92.55069,2024-07-05T12:00:00Z,0.3523,0.0,2.84,14.22,29.75,54.13,151.66,316.4,0.348,2.02,33.27,39.91,0,0,0,0
SMP_000435,26.115139,91.837833,2024-07-01T12:00:00Z,0.1699,10.48,31.88,63.17,112.46,177.44,439.58,866.35,0.55,31.99,100.11,149.9,1,1,1,1
SMP_000435,26.115139,91.837833,2024-07-02T12:00:00Z,0.1699,12.32,36.11,74.85,127.11,202.94,457.03,887.55,0.55,36.2,112.49,167.03,1,1,1,1
SMP_000435,26.115139,91.837833,2024-07-03T12:00:00Z,0.1699,6.68,21.01,39.72,75.99,133.74,323.3,640.42,0.499,18.14,60.98,106.19,0,1,1,1
SMP_000435,26.115139,91.837833,2024-07-04T12:00:00Z,0.1699,0.0,0.78,3.72,19.18,39.15,109.16,270.66,0.319,-0.87,14.15,30.55,0,0,0,0
SMP_000435,26.115139,91.837833,2024-07-05T12:00:00Z,0.1699,0.0,3.81,16.28,36.85,63.77,158.45,324.01,0.348,3.46,37.57,55.5,0,0,0,0
SMP_001551,23.598864553624338,91.74112678225009,2024-07-01T12:00:00Z,0.3274,0.0,2.45,10.3,22.4,51.87,152.05,350.24,0.352,5.12,18.23,39.68,0,0,0,0
SMP_001551,23.598864553624338,91.74112678225009,2024-07-02T12:00:00Z,0.3274,0.0,4.64,8.68,16.87,38.77,129.06,274.19,0.295,6.04,9.46,39.21,0,0,0,0
SMP_001551,23.598864553624338,91.74112678225009,2024-07-03T12:00:00Z,0.3274,0.91,3.32,13.17,28.58,51.12,127.28,273.18,0.315,5.6,29.31,54.93,0,0,0,0
SMP_001551,23.598864553624338,91.74112678225009,2024-07-04T12:00:00Z,0.3274,10.51,27.55,52.8,94.94,162.41,400.03,757.07,0.55,28.18,76.5,121.36,1,1,1,1
SMP_001551,23.598864553624338,91.74112678225009,2024-07-05T12:00:00Z,0.3274,13.74,37.71,71.5,121.59,202.38,490.02,913.39,0.55,35.1,110.35,170.5,1,1,1,1
SMP_001443,25.87422021603117,93.77282876422015,2024-07-01T12:00:00Z,0.1176,8.56,24.21,47.97,86.35,145.45,359.05,673.97,0.538,23.13,71.63,128.29,0,1,1,1
SMP_001443,25.87422021603117,93.77282876422015,2024-07-02T12:00:00Z,0.1176,12.67,33.66,63.88,111.9,176.14,409.17,775.76,0.55,29.47,94.17,155.49,1,1,1,1
SMP_001443,25.87422021603117,93.77282876422015,2024-07-03T12:00:00Z,0.1176,9.09,26.0,49.5,86.44,139.66,355.99,690.87,0.539,25.97,76.42,121.27,0,1,1,1
SMP_001443,25.87422021603117,93.77282876422015,2024-07-04T12:00:00Z,0.1176,0.0,0.72,4.57,13.54,39.52,132.93,286.92,0.3,0.04,9.5,43.84,0,0,0,0
SMP_001443,25.87422021603117,93.77282876422015,2024-07-05T12:00:00Z,0.1176,0.0,4.21,13.53,26.9,53.68,158.33,351.14,0.366,4.2,22.63,48.64,0,0,0,0
SMP_000308,25.79939,92.52653,2024-07-01T12:00:00Z,0.1872,8.97,24.33,49.76,86.85,137.6,341.14,657.3,0.506,22.55,72.49,112.73,0,1,1,1
SMP_000308,25.79939,92.52653,2024-07-02T12:00:00Z,0.1872,14.43,41.59,77.42,134.18,222.48,516.35,982.68,0.55,39.88,110.75,187.33,1,1,1,1
SMP_000308,25.79939,92.52653,2024-07-03T12:00:00Z,0.1872,11.14,31.2,64.53,107.8,183.8,436.26,864.54,0.55,29.33,96.71,146.27,1,1,1,1
SMP_000308,25.79939,92.52653,2024-07-04T12:00:00Z,0.1872,1.09,4.15,12.31,30.35,50.62,148.87,302.83,0.342,3.63,28.78,36.99,0,0,0,0
SMP_000308,25.79939,92.52653,2024-07-05T12:00:00Z,0.1872,0.0,1.87,7.72,17.07,48.01,143.05,334.86,0.348,4.87,16.15,47.7,0,0,0,0
SMP_000430,26.110139,92.439333,2024-07-01T12:00:00Z,0.3349,10.7,28.14,51.48,84.52,150.14,341.16,682.44,0.513,27.97,78.38,110.79,1,1,1,1
SMP_000430,26.110139,92.439333,2024-07-02T12:00:00Z,0.3349,12.63,37.24,73.19,124.87,192.48,465.22,896.75,0.55,37.34,109.9,153.93,1,1,1,1
SMP_000430,26.110139,92.439333,2024-07-03T12:00:00Z,0.3349,6.9,22.07,40.95,78.34,123.67,297.96,600.8,0.496,18.43,63.3,105.83,0,1,1,1
SMP_000430,26.110139,92.439333,2024-07-04T12:00:00Z,0.3349,0.0,0.06,8.97,18.09,48.73,140.24,311.16,0.323,0.58,16.11,30.9,0,0,0,0
SMP_000430,26.110139,92.439333,2024-07-05T12:00:00Z,0.3349,0.0,4.87,11.2,25.43,62.15,161.5,340.05,0.333,3.85,23.92,54.65,0,0,0,0
SMP_000370,26.006,90.595,2024-07-01T12:00:00Z,0.1077,9.36,26.46,49.4,91.32,154.57,376.96,749.11,0.548,25.63,81.43,124.92,0,1,1,1
SMP_000370,26.006,90.595,2024-07-02T12:00:00Z,0.1077,12.15,33.15,62.58,111.25,179.43,425.41,825.06,0.55,29.54,89.98,147.15,1,1,1,1
SMP_000370,26.006,90.595,2024-07-03T12:00:00Z,0.1077,7.57,23.13,49.15,91.1,153.12,365.62,734.36,0.55,24.81,78.25,133.59,0,1,1,1
SMP_000370,26.006,90.595,2024-07-04T12:00:00Z,0.1077,0.0,3.14,12.32,24.5,42.71,135.19,320.38,0.328,2.02,23.05,46.19,0,0,0,0
SMP_000370,26.006,90.595,2024-07-05T12:00:00Z,0.1077,0.0,3.73,12.5,24.71,51.91,139.2,312.36,0.3,4.65,20.57,43.45,0,0,0,0
SMP_000678,25.184528,93.125639,2024-07-01T12:00:00Z,0.3062,0.76,2.12,11.97,23.78,54.95,144.65,313.37,0.351,2.04,24.33,52.06,0,0,0,0
SMP_000678,25.184528,93.125639,2024-07-02T12:00:00Z,0.3062,10.98,29.43,53.0,89.7,155.53,388.73,729.62,0.55,24.97,77.6,115.62,1,1,1,1
SMP_000678,25.184528,93.125639,2024-07-03T12:00:00Z,0.3062,14.54,38.94,78.45,130.39,210.34,485.0,897.28,0.55,36.97,116.69,175.25,1,1,1,1
SMP_000678,25.184528,93.125639,2024-07-04T12:00:00Z,0.3062,9.29,25.83,48.68,81.93,128.24,295.13,591.34,0.485,24.42,72.45,97.19,0,1,1,1
SMP_000678,25.184528,93.125639,2024-07-05T12:00:00Z,0.3062,0.0,2.08,12.48,28.21,58.71,167.15,347.46,0.376,3.44,30.25,59.77,0,0,0,0
SMP_000181,25.204556,93.138889,2024-07-01T12:00:00Z,0.3519,1.03,4.14,15.72,31.26,65.73,160.9,355.85,0.352,7.05,34.55,48.36,0,0,0,0
SMP_000181,25.204556,93.138889,2024-07-02T12:00:00Z,0.3519,10.99,31.5,63.14,110.67,175.34,407.66,754.4,0.55,26.95,95.08,140.56,1,1,1,1
SMP_000181,25.204556,93.138889,2024-07-03T12:00:00Z,0.3519,14.29,40.83,82.08,143.35,226.19,509.36,975.25,0.55,35.34,122.38,179.02,1,1,1,1
SMP_000181,25.204556,93.138889,2024-07-04T12:00:00Z,0.3519,8.91,26.84,56.97,97.05,157.94,396.3,769.06,0.55,25.7,77.59,126.1,1,1,1,1
SMP_000181,25.204556,93.138889,2024-07-05T12:00:00Z,0.3519,0.0,0.97,11.56,32.77,62.41,157.88,331.92,0.321,3.99,29.17,45.12,0,0,0,0
SMP_000601,25.241944,93.143194,2024-07-01T12:00:00Z,0.262,1.58,8.88,16.96,35.41,73.89,206.66,450.79,0.387,9.47,28.78,65.24,0,0,0,0
SMP_000601,25.241944,93.143194,2024-07-02T12:00:00Z,0.262,11.44,32.55,64.4,112.71,187.27,440.01,837.74,0.55,29.98,91.4,164.22,1,1,1,1
SMP_000601,25.241944,93.143194,2024-07-03T12:00:00Z,0.262,14.37,42.26,76.25,131.57,210.96,487.51,950.61,0.55,41.52,110.02,164.27,1,1,1,1
SMP_000601,25.241944,93.143194,2024-07-04T12:00:00Z,0.262,8.57,24.32,47.17,87.59,141.18,340.02,670.34,0.504,24.44,82.14,124.62,0,1,1,1
SMP_000601,25.241944,93.143194,2024-07-05T12:00:00Z,0.262,0.0,4.67,17.32,33.68,61.91,161.21,332.59,0.324,2.85,24.85,58.45,0,0,0,0
SMP_001237,24.266607127827143,93.43867609682353,2024-07-01T12:00:00Z,0.5117,0.0,2.55,12.86,29.57,66.65,191.3,392.97,0.386,3.7,21.57,55.44,0,0,0,1
SMP_001237,24.266607127827143,93.43867609682353,2024-07-02T12:00:00Z,0.5117,0.0,4.06,15.19,36.76,74.25,182.26,390.73,0.353,2.29,38.95,67.21,0,0,0,1
SMP_001237,24.266607127827143,93.43867609682353,2024-07-03T12:00:00Z,0.5117,10.67,30.34,60.95,109.41,187.98,462.61,862.84,0.55,30.8,89.23,163.13,1,1,1,1
SMP_001237,24.266607127827143,93.43867609682353,2024-07-04T12:00:00Z,0.5117,15.91,41.8,75.29,126.59,214.53,520.15,972.29,0.55,36.7,106.29,175.63,1,1,1,1
SMP_001237,24.266607127827143,93.43867609682353,2024-07-05T12:00:00Z,0.5117,11.51,30.61,62.7,102.46,159.95,373.73,750.91,0.55,31.48,94.18,139.3,1,1,1,1
SMP_001341,27.421045534458035,95.11904423701856,2024-07-01T12:00:00Z,0.0998,9.37,25.17,46.01,76.1,125.97,306.62,616.9,0.482,22.76,64.07,97.0,0,0,1,1
SMP_001341,27.421045534458035,95.11904423701856,2024-07-02T12:00:00Z,0.0998,0.66,5.45,19.07,36.63,76.93,184.84,371.65,0.388,4.3,31.23,53.85,0,0,0,0
SMP_001341,27.421045534458035,95.11904423701856,2024-07-03T12:00:00Z,0.0998,0.0,2.73,11.79,22.87,49.38,153.96,341.06,0.33,5.91,15.6,33.15,0,0,0,0
SMP_001341,27.421045534458035,95.11904423701856,2024-07-04T12:00:00Z,0.0998,0.0,3.46,10.27,27.05,60.32,174.72,354.57,0.378,2.3,26.88,44.78,0,0,0,0
SMP_001341,27.421045534458035,95.11904423701856,2024-07-05T12:00:00Z,0.0998,0.0,0.64,8.47,19.4,40.23,127.92,303.26,0.332,1.05,16.23,24.08,0,0,0,0
SMP_001503,24.95516982852249,93.13417064440026,2024-07-01T12:00:00Z,0.1048,0.0,0.98,5.77,12.8,27.24,82.89,225.55,0.281,0.04,8.01,14.64,0,0,0,0
SMP_001503,24.95516982852249,93.13417064440026,2024-07-02T12:00:00Z,0.1048,7.11,20.16,43.71,75.61,119.58,312.62,621.35,0.488,17.21,72.03,107.91,0,0,1,1
SMP_001503,24.95516982852249,93.13417064440026,2024-07-03T12:00:00Z,0.1048,12.05,35.12,71.24,116.27,188.74,457.67,888.83,0.55,31.9,96.16,141.5,1,1,1,1
SMP_001503,24.95516982852249,93.13417064440026,2024-07-04T12:00:00Z,0.1048,9.69,27.87,52.7,94.07,160.62,401.49,801.36,0.55,28.82,86.26,136.52,1,1,1,1
SMP_001503,24.95516982852249,93.13417064440026,2024-07-05T12:00:00Z,0.1048,1.45,6.79,16.3,39.86,74.14,200.59,426.27,0.394,9.1,40.99,64.57,0,0,0,0
SMP_000296,25.569,92.71653,2024-07-01T12:00:00Z,0.4618,6.09,19.09,42.14,79.41,131.91,331.27,665.6,0.51,21.1,72.5,105.85,1,1,1,1
SMP_000296,25.569,92.71653,2024-07-02T12:00:00Z,0.4618,13.61,37.77,69.32,114.87,179.55,414.97,777.93,0.55,36.81,98.38,150.23,1,1,1,1
SMP_000296,25.569,92.71653,2024-07-03T12:00:00Z,0.4618,12.88,34.5,69.04,119.42,200.3,458.95,880.98,0.55,32.75,107.79,151.88,1,1,1,1
SMP_000296,25.569,92.71653,2024-07-04T12:00:00Z,0.4618,4.33,14.57,32.35,64.0,112.7,297.52,576.9,0.501,16.85,54.53,98.2,0,1,1,1
SMP_000296,25.569,92.71653,2024-07-05T12:00:00Z,0.4618,0.0,4.33,14.42,33.27,74.07,194.01,425.19,0.398,5.16,30.14,53.9,0,0,0,1
SMP_000626,25.179861,93.070778,2024-07-01T12:00:00Z,0.2224,0.66,6.61,19.7,35.23,77.37,197.23,391.93,0.365,6.44,26.64,60.78,0,0,0,0
SMP_000626,25.179861,93.070778,2024-07-02T12:00:00Z,0.2224,10.52,31.9,60.45,101.13,167.43,404.71,757.9,0.55,27.29,81.25,132.25,1,1,1,1
SMP_000626,25.179861,93.070778,2024-07-03T12:00:00Z,0.2224,14.0,38.15,76.61,128.96,204.7,472.23,873.35,0.55,38.26,109.16,165.55,1,1,1,1
SMP_000626,25.179861,93.070778,2024-07-04T12:00:00Z,0.2224,8.98,27.47,49.97,87.05,144.37,362.29,685.59,0.55,25.97,78.86,128.39,0,1,1,1
SMP_000626,25.179861,93.070778,2024-07-05T12:00:00Z,0.2224,0.0,1.57,8.04,16.97,50.12,153.97,348.27,0.334,2.73,11.69,31.01,0,0,0,0
SMP_000461,26.17672,91.78672,2024-07-01T12:00:00Z,0.3732,10.67,27.94,54.92,95.56,163.27,400.45,776.48,0.55,27.14,79.67,144.5,1,1,1,1
SMP_000461,26.17672,91.78672,2024-07-02T12:00:00Z,0.3732,11.88,35.86,69.29,115.73,194.21,454.43,879.03,0.55,32.19,100.3,162.9,1,1,1,1
SMP_000461,26.17672,91.78672,2024-07-03T12:00:00Z,0.3732,5.89,20.27,45.14,75.29,131.99,332.61,657.31,0.507,16.89,65.3,119.46,0,1,1,1
SMP_000461,26.17672,91.78672,2024-07-04T12:00:00Z,0.3732,0.0,3.69,7.08,21.49,55.16,169.88,351.32,0.373,2.94,17.32,38.31,0,0,0,0
SMP_000461,26.17672,91.78672,2024-07-05T12:00:00Z,0.3732,0.0,1.56,3.73,13.03,41.05,119.14,236.52,0.313,3.07,7.01,30.84,0,0,0,0
SMP_001067,26.679011479282707,91.22246628053458,2024-07-01T12:00:00Z,0.111,12.24,33.63,66.28,120.91,188.14,457.32,844.41,0.55,31.38,98.36,143.11,1,1,1,1
SMP_001067,26.679011479282707,91.22246628053458,2024-07-02T12:00:00Z,0.111,8.75,26.94,51.15,84.09,150.53,341.29,663.81,0.541,22.88,76.0,118.41,0,1,1,1
SMP_001067,26.679011479282707,91.22246628053458,2024-07-03T12:00:00Z,0.111,0.0,3.9,14.81,34.08,68.67,166.38,369.56,0.353,3.75,28.05,63.77,0,0,0,0
SMP_001067,26.679011479282707,91.22246628053458,2024-07-04T12:00:00Z,0.111,0.0,0.5,7.48,17.83,39.55,103.29,226.8,0.304,-1.48,21.39,46.29,0,0,0,0
SMP_001067,26.679011479282707,91.22246628053458,2024-07-05T12:00:00Z,0.111,0.0,0.86,3.68,11.87,23.73,90.35,239.89,0.277,0.79,12.39,25.25,0,0,0,0
SMP_000829,26.718993221462327,91.78077750696707,2024-07-01T12:00:00Z,0.102,12.41,34.67,63.76,111.8,181.64,419.44,813.11,0.55,34.87,95.5,160.06,1,1,1,1
SMP_000829,26.718993221462327,91.78077750696707,2024-07-02T12:00:00Z,0.102,8.51,22.14,47.02,85.72,136.56,345.07,661.36,0.55,21.8,74.92,121.73,0,1,1,1
SMP_000829,26.718993221462327,91.78077750696707,2024-07-03T12:00:00Z,0.102,0.0,3.32,6.58,23.0,46.92,146.93,287.8,0.309,6.52,17.11,51.42,0,0,0,0
SMP_000829,26.718993221462327,91.78077750696707,2024-07-04T12:00:00Z,0.102,0.0,3.94,16.29,39.18,72.62,176.23,358.81,0.347,5.44,37.52,48.66,0,0,0,0
SMP_000829,26.718993221462327,91.78077750696707,2024-07-05T12:00:00Z,0.102,0.0,1.39,11.87,28.92,50.59,125.09,299.99,0.33,3.17,32.36,41.42,0,0,0,0
SMP_000377,26.031528,92.472778,2024-07-01T12:00:00Z,0.3733,10.17,29.26,57.42,102.57,170.01,422.63,822.69,0.55,28.03,93.89,142.36,1,1,1,1
SMP_000377,26.031528,92.472778,2024-07-02T12:00:00Z,0.3733,12.89,33.94,67.18,115.68,192.91,469.94,907.3,0.55,31.57,94.39,150.94,1,1,1,1
SMP_000377,26.031528,92.472778,2024-07-03T12:00:00Z,0.3733,7.79,22.58,42.94,78.98,129.33,318.69,595.33,0.486,20.92,71.62,106.07,0,1,1,1
SMP_000377,26.031528,92.472778,2024-07-04T12:00:00Z,0.3733,0.0,1.9,13.3,31.58,65.99,170.24,336.92,0.338,0.9,33.68,43.81,0,0,0,0
SMP_000377,26.031528,92.472778,2024-07-05T12:00:00Z,0.3733,0.0,2.39,4.47,19.37,47.2,138.03,270.83,0.316,1.17,13.76,36.95,0,0,0,0
SMP_001117,26.443037543401037,94.77453194100181,2024-07-01T12:00:00Z,0.4784,14.84,42.97,86.73,146.06,226.38,537.12,1027.5,0.55,37.06,131.0,172.83,1,1,1,1
SMP_001117,26.443037543401037,94.77453194100181,2024-07-02T12:00:00Z,0.4784,13.17,39.04,79.56,134.11,214.34,513.5,996.24,0.55,38.72,115.1,166.1,1,1,1,1
SMP_001117,26.443037543401037,94.77453194100181,2024-07-03T12:00:00Z,0.4784,3.52,9.44,20.12,40.56,67.09,176.89,385.0,0.342,11.24,32.45,59.58,0,0,0,1
SMP_001117,26.443037543401037,94.77453194100181,2024-07-04T12:00:00Z,0.4784,0.0,0.9,7.22,13.98,36.81,125.92,286.54,0.316,3.11,11.04,22.84,0,0,0,0
SMP_001117,26.443037543401037,94.77453194100181,2024-07-05T12:00:00Z,0.4784,0.0,3.93,15.46,37.99,70.53,186.16,395.07,0.36,6.4,28.79,58.09,0,0,0,1
SMP_000126,25.15,93.37,2024-07-01T12:00:00Z,0.5278,0.27,0.91,6.9,18.84,42.42,136.45,293.55,0.31,1.26,11.88,31.25,0,0,0,0
SMP_000126,25.15,93.37,2024-07-02T12:00:00Z,0.5278,11.59,30.86,56.11,102.11,159.16,362.78,697.09,0.53,29.98,83.0,118.95,1,1,1,1
SMP_000126,25.15,93.37,2024-07-03T12:00:00Z,0.5278,15.88,43.75,82.88,140.84,230.24,530.99,1002.28,0.55,38.4,127.56,174.7,1,1,1,1
SMP_000126,25.15,93.37,2024-07-04T12:00:00Z,0.5278,10.53,28.54,60.65,105.31,180.85,420.51,795.74,0.55,28.7,85.77,151.08,1,1,1,1
SMP_000126,25.15,93.37,2024-07-05T12:00:00Z,0.5278,0.0,2.64,4.87,19.68,51.11,151.63,350.35,0.344,2.65,11.98,47.33,0,0,0,0
SMP_000865,24.030403730547324,93.8911618849171,2024-07-01T12:00:00Z,0.3806,0.0,0.11,8.31,18.67,37.49,121.17,294.74,0.298,2.46,11.38,41.67,0,0,0,0
SMP_000865,24.030403730547324,93.8911618849171,2024-07-02T12:00:00Z,0.3806,0.0,2.29,11.61,22.19,56.66,166.11,376.94,0.355,2.44,13.94,38.9,0,0,0,0
SMP_000865,24.030403730547324,93.8911618849171,2024-07-03T12:00:00Z,0.3806,8.43,24.89,47.5,79.99,139.51,322.68,638.33,0.495,22.07,66.29,114.04,1,1,1,1
SMP_000865,24.030403730547324,93.8911618849171,2024-07-04T12:00:00Z,0.3806,17.01,47.76,94.58,160.79,252.73,569.65,1062.87,0.55,45.06,140.74,213.65,1,1,1,1
SMP_000865,24.030403730547324,93.8911618849171,2024-07-05T12:00:00Z,0.3806,15.27,42.44,79.33,129.82,212.36,481.11,910.42,0.55,37.5,109.96,166.19,1,1,1,1
SMP_000720,26.176722,91.76525,2024-07-01T12:00:00Z,0.338,10.64,30.22,60.6,108.28,170.77,401.59,751.51,0.55,27.7,99.2,129.95,1,1,1,1
SMP_000720,26.176722,91.76525,2024-07-02T12:00:00Z,0.338,11.86,35.5,68.31,118.92,194.11,461.45,877.73,0.55,34.42,104.07,166.65,1,1,1,1
SMP_000720,26.176722,91.76525,2024-07-03T12:00:00Z,0.338,5.88,20.07,40.69,72.02,119.51,279.15,526.16,0.464,19.67,62.65,86.95,0,1,1,1
SMP_000720,26.176722,91.76525,2024-07-04T12:00:00Z,0.338,0.0,4.93,18.15,35.25,59.31,161.63,316.51,0.353,4.91,32.85,61.05,0,0,0,0
SMP_000720,26.176722,91.76525,2024-07-05T12:00:00Z,0.338,0.0,0.67,2.0,8.63,35.53,123.29,246.13,0.33,4.34,5.17,39.56,0,0,0,0
SMP_000355,25.946611,92.305361,2024-07-01T12:00:00Z,0.146,10.39,29.24,58.67,96.42,152.73,382.28,751.02,0.55,28.21,88.73,117.33,1,1,1,1
SMP_000355,25.946611,92.305361,2024-07-02T12:00:00Z,0.146,14.27,41.83,77.73,139.13,230.06,540.53,1011.94,0.55,38.87,121.94,187.25,1,1,1,1
SMP_000355,25.946611,92.305361,2024-07-03T12:00:00Z,0.146,9.5,25.08,45.71,75.2,128.86,315.32,630.69,0.51,25.29,59.58,113.91,0,1,1,1
SMP_000355,25.946611,92.305361,2024-07-04T12:00:00Z,0.146,0.0,1.97,5.56,19.19,40.77,113.65,241.57,0.282,3.88,21.8,39.72,0,0,0,0
SMP_000355,25.946611,92.305361,2024-07-05T12:00:00Z,0.146,0.0,3.4,9.1,28.72,58.95,166.99,337.97,0.365,2.46,30.92,56.06,0,0,0,0
SMP_001571,26.345122585923686,92.55295495854374,2024-07-01T12:00:00Z,0.1022,11.47,30.86,65.45,110.18,179.72,442.37,841.83,0.55,30.24,100.83,158.25,1,1,1,1
SMP_001571,26.345122585923686,92.55295495854374,2024-07-02T12:00:00Z,0.1022,11.07,29.9,63.56,114.13,179.23,442.75,846.95,0.55,28.4,103.76,158.29,1,1,1,1
SMP_001571,26.345122585923686,92.55295495854374,2024-07-03T12:00:00Z,0.1022,3.96,11.51,27.67,46.58,77.55,197.54,401.08,0.395,11.76,37.03,70.65,0,0,0,0
SMP_001571,26.345122585923686,92.55295495854374,2024-07-04T12:00:00Z,0.1022,0.0,4.45,16.91,34.02,58.05,142.32,328.32,0.336,6.36,32.1,44.62,0,0,0,0
SMP_001571,26.345122585923686,92.55295495854374,2024-07-05T12:00:00Z,0.1022,0.0,1.32,9.06,21.45,50.41,124.65,293.96,0.286,-0.01,15.74,44.6,0,0,0,0
SMP_000209,25.24,93.27,2024-07-01T12:00:00Z,0.2228,1.75,9.45,24.2,44.95,77.44,195.57,377.17,0.366,7.21,43.95,70.85,0,0,0,0
SMP_000209,25.24,93.27,2024-07-02T12:00:00Z,0.2228,12.87,34.46,62.14,113.39,189.48,443.92,829.36,0.55,32.62,93.63,143.08,1,1,1,1
SMP_000209,25.24,93.27,2024-07-03T12:00:00Z,0.2228,16.18,42.21,81.92,137.15,217.11,524.55,981.62,0.55,39.14,116.67,184.88,1,1,1,1
SMP_000209,25.24,93.27,2024-07-04T12:00:00Z,0.2228,9.68,29.16,54.04,95.35,154.81,362.15,714.47,0.55,27.82,81.75,115.0,1,1,1,1
SMP_000209,25.24,93.27,2024-07-05T12:00:00Z,0.2228,0.0,0.01,0.65,9.58,34.77,103.87,248.4,0.31,1.09,14.55,36.82,0,0,0,0
SMP_000140,25.157361,93.016083,2024-07-01T12:00:00Z,0.6213,0.36,5.59,18.28,43.65,81.08,208.55,451.68,0.414,3.34,34.46,71.47,0,1,1,1
SMP_000140,25.157361,93.016083,2024-07-02T12:00:00Z,0.6213,10.71,28.81,53.08,97.63,169.8,390.86,754.74,0.55,26.41,88.23,134.24,1,1,1,1
SMP_000140,25.157361,93.016083,2024-07-03T12:00:00Z,0.6213,14.57,39.26,79.62,133.75,214.79,521.91,1001.44,0.55,37.38,112.82,164.4,1,1,1,1
SMP_000140,25.157361,93.016083,2024-07-04T12:00:00Z,0.6213,9.59,25.28,54.75,90.93,147.82,345.8,695.68,0.529,26.68,79.44,113.79,1,1,1,1
SMP_000140,25.157361,93.016083,2024-07-05T12:00:00Z,0.6213,0.0,2.12,4.95,19.44,48.94,155.95,306.86,0.332,4.03,14.38,51.28,0,0,0,1
SMP_001173,24.51277572113353,92.30043012294328,2024-07-01T12:00:00Z,0.1342,0.0,1.56,9.2,17.06,43.81,145.95,317.6,0.331,-0.43,12.31,47.79,0,0,0,0
SMP_001173,24.51277572113353,92.30043012294328,2024-07-02T12:00:00Z,0.1342,2.18,5.84,16.19,30.31,62.93,160.15,357.02,0.333,7.3,22.56,49.87,0,0,0,0
SMP_001173,24.51277572113353,92.30043012294328,2024-07-03T12:00:00Z,0.1342,10.12,31.27,64.41,112.7,181.9,423.67,809.77,0.55,29.01,97.13,152.94,1,1,1,1
SMP_001173,24.51277572113353,92.30043012294328,2024-07-04T12:00:00Z,0.1342,11.92,32.94,67.7,117.34,193.94,445.25,879.07,0.55,30.68,99.68,168.98,1,1,1,1
SMP_001173,24.51277572113353,92.30043012294328,2024-07-05T12:00:00Z,0.1342,6.49,18.2,35.45,59.63,112.78,287.78,542.89,0.473,18.7,55.33,87.91,0,0,1,1
SMP_001091,26.56731602869688,93.59247183893916,2024-07-01T12:00:00Z,0.553,12.84,34.47,68.65,123.25,203.3,495.47,931.5,0.55,32.66,107.34,168.23,1,1,1,1
SMP_001091,26.56731602869688,93.59247183893916,2024-07-02T12:00:00Z,0.553,10.21,27.19,52.89,96.95,167.22,394.41,774.23,0.55,28.25,90.08,147.28,1,1,1,1
SMP_001091,26.56731602869688,93.59247183893916,2024-07-03T12:00:00Z,0.553,1.38,7.11,21.68,45.06,89.1,238.42,471.94,0.41,8.64,36.86,65.94,0,1,1,1
SMP_001091,26.56731602869688,93.59247183893916,2024-07-04T12:00:00Z,0.553,0.0,3.95,8.89,25.03,46.65,124.02,290.39,0.314,4.49,17.66,39.63,0,0,0,0
SMP_001091,26.56731602869688,93.59247183893916,2024-07-05T12:00:00Z,0.553,0.0,4.01,7.61,24.67,52.59,138.15,286.81,0.34,3.35,24.03,46.26,0,0,0,0
SMP_000772,25.172918,92.995982,2024-07-01T12:00:00Z,0.3038,0.55,4.83,11.58,30.59,61.92,159.38,350.82,0.327,3.38,26.72,48.85,0,0,0,0
SMP_000772,25.172918,92.995982,2024-07-02T12:00:00Z,0.3038,10.24,30.65,64.65,111.21,182.58,446.38,853.48,0.55,26.5,89.7,146.26,1,1,1,1
SMP_000772,25.172918,92.995982,2024-07-03T12:00:00Z,0.3038,13.72,40.25,79.03,141.2,231.46,529.91,1027.27,0.55,35.77,121.23,176.81,1,1,1,1
SMP_000772,25.172918,92.995982,2024-07-04T12:00:00Z,0.3038,8.87,23.99,52.7,90.14,147.66,344.21,668.46,0.537,22.74,82.14,132.88,1,1,1,1
SMP_000772,25.172918,92.995982,2024-07-05T12:00:00Z,0.3038,0.0,0.92,1.79,13.7,31.94,86.86,231.64,0.291,-0.78,15.1,34.5,0,0,0,0
SMP_001292,26.54327479867551,91.09577440556228,2024-07-01T12:00:00Z,0.1031,12.02,31.8,60.8,103.97,160.96,387.13,761.33,0.55,29.08,92.26,131.13,1,1,1,1
SMP_001292,26.54327479867551,91.09577440556228,2024-07-02T12:00:00Z,0.1031,9.77,25.97,55.8,102.64,167.89,394.64,736.64,0.55,23.35,86.29,147.06,1,1,1,1
SMP_001292,26.54327479867551,91.09577440556228,2024-07-03T12:00:00Z,0.1031,1.59,7.04,22.44,49.63,89.21,224.01,463.16,0.424,9.14,45.34,73.54,0,0,0,0
SMP_001292,26.54327479867551,91.09577440556228,2024-07-04T12:00:00Z,0.1031,0.0,2.92,7.5,22.96,53.82,150.16,338.99,0.335,6.1,19.25,39.34,0,0,0,0
SMP_001292,26.54327479867551,91.09577440556228,2024-07-05T12:00:00Z,0.1031,0.0,0.97,9.21,25.88,60.94,157.95,306.01,0.337,3.86,23.19,45.52,0,0,0,0
SMP_000816,27.452833,95.239,2024-07-01T12:00:00Z,0.1009,9.13,26.51,54.39,98.26,171.36,405.62,768.09,0.55,26.56,86.88,140.21,1,1,1,1
SMP_000816,27.452833,95.239,2024-07-02T12:00:00Z,0.1009,0.27,3.47,13.57,26.46,53.47,146.94,315.37,0.329,3.44,19.57,35.04,0,0,0,0
SMP_000816,27.452833,95.239,2024-07-03T12:00:00Z,0.1009,0.0,3.48,8.27,15.67,33.04,100.47,216.26,0.301,4.46,15.52,32.58,0,0,0,0
SMP_000816,27.452833,95.239,2024-07-04T12:00:00Z,0.1009,0.0,0.51,3.17,14.18,27.99,76.6,209.72,0.285,0.13,8.98,16.55,0,0,0,0
SMP_000816,27.452833,95.239,2024-07-05T12:00:00Z,0.1009,0.0,1.18,6.02,15.16,40.89,132.78,276.61,0.307,4.43,15.21,23.56,0,0,0,0
SMP_000621,25.1655,93.02556,2024-07-01T12:00:00Z,0.5775,0.46,2.61,9.02,29.07,61.59,157.38,332.42,0.344,0.74,31.82,54.21,0,0,0,1
SMP_000621,25.1655,93.02556,2024-07-02T12:00:00Z,0.5775,10.36,30.1,57.59,105.72,174.86,401.76,756.86,0.55,26.85,86.51,135.49,1,1,1,1
SMP_000621,25.1655,93.02556,2024-07-03T12:00:00Z,0.5775,13.97,41.06,77.09,136.54,218.61,516.79,969.4,0.55,37.25,123.65,166.92,1,1,1,1
SMP_000621,25.1655,93.02556,2024-07-04T12:00:00Z,0.5775,9.11,24.88,48.46,81.16,128.33,305.64,625.05,0.48,23.02,70.31,93.65,1,1,1,1
SMP_000621,25.1655,93.02556,2024-07-05T12:00:00Z,0.5775,0.0,2.48,10.59,28.39,57.84,150.3,319.3,0.331,4.65,31.54,51.14,0,0,0,1
SMP_001041,27.41693356406715,95.10610114474642,2024-07-01T12:00:00Z,0.1049,9.43,25.01,51.54,94.54,147.2,355.79,717.04,0.55,21.11,87.14,116.32,0,1,1,1
SMP_001041,27.41693356406715,95.10610114474642,2024-07-02T12:00:00Z,0.1049,0.72,3.12,8.56,18.16,48.3,135.59,313.05,0.31,6.49,11.57,35.62,0,0,0,0
SMP_001041,27.41693356406715,95.10610114474642,2024-07-03T12:00:00Z,0.1049,0.0,2.97,13.99,36.09,78.23,211.08,431.89,0.383,5.31,28.53,56.19,0,0,0,0
SMP_001041,27.41693356406715,95.10610114474642,2024-07-04T12:00:00Z,0.1049,0.0,4.74,12.84,25.05,60.01,146.26,287.43,0.335,3.89,21.78,42.18,0,0,0,0
SMP_001041,27.41693356406715,95.10610114474642,2024-07-05T12:00:00Z,0.1049,0.0,0.18,7.5,21.91,42.38,111.49,268.74,0.282,0.18,19.69,35.47,0,0,0,0
SMP_000599,25.156483,93.018367,2024-07-01T12:00:00Z,0.659,0.34,2.54,12.25,27.55,52.63,138.42,294.37,0.314,5.72,20.48,52.33,0,0,0,1
SMP_000599,25.156483,93.018367,2024-07-02T12:00:00Z,0.659,10.64,31.07,59.18,101.4,158.26,366.46,733.05,0.55,27.79,87.32,123.16,1,1,1,1
SMP_000599,25.156483,93.018367,2024-07-03T12:00:00Z,0.659,14.48,40.81,81.25,139.46,214.22,483.89,903.48,0.55,34.99,115.46,166.92,1,1,1,1
SMP_000599,25.156483,93.018367,2024-07-04T12:00:00Z,0.659,9.54,25.22,50.76,85.56,143.25,345.78,670.42,0.548,23.67,76.33,127.16,1,1,1,1
SMP_000599,25.156483,93.018367,2024-07-05T12:00:00Z,0.659,0.0,4.64,16.13,28.97,66.21,191.16,402.55,0.37,4.51,31.24,45.52,0,0,1,1
SMP_000736,26.18789,91.79493,2024-07-01T12:00:00Z,0.2666,10.75,31.8,62.35,111.47,175.7,411.02,771.1,0.55,29.03,96.79,142.53,1,1,1,1
SMP_000736,26.18789,91.79493,2024-07-02T12:00:00Z,0.2666,11.86,32.43,66.16,109.56,184.73,420.22,793.79,0.55,29.54,98.72,143.11,1,1,1,1
SMP_000736,26.18789,91.79493,2024-07-03T12:00:00Z,0.2666,5.77,17.21,32.91,54.89,102.68,264.25,501.26,0.47,17.38,44.07,87.34,0,0,1,1
SMP_000736,26.18789,91.79493,2024-07-04T12:00:00Z,0.2666,0.0,2.23,4.49,17.68,50.84,123.91,244.23,0.308,2.05,19.21,31.14,0,0,0,0
SMP_000736,26.18789,91.79493,2024-07-05T12:00:00Z,0.2666,0.0,2.93,14.56,34.41,58.75,149.08,289.86,0.327,5.32,34.81,41.42,0,0,0,0
SMP_000010,24.96,92.95,2024-07-01T12:00:00Z,0.1877,0.0,1.13,10.05,28.47,66.28,166.99,350.33,0.364,1.99,19.92,51.47,0,0,0,0
SMP_000010,24.96,92.95,2024-07-02T12:00:00Z,0.1877,7.36,20.83,39.91,68.76,118.39,293.89,554.22,0.459,19.48,64.14,102.17,0,0,1,1
SMP_000010,24.96,92.95,2024-07-03T12:00:00Z,0.1877,12.42,33.32,61.5,105.93,181.37,437.78,834.74,0.55,30.36,88.4,146.64,1,1,1,1
SMP_000010,24.96,92.95,2024-07-04T12:00:00Z,0.1877,9.94,26.55,55.3,95.9,158.82,376.98,700.6,0.542,25.23,82.49,141.69,1,1,1,1
SMP_000010,24.96,92.95,2024-07-05T12:00:00Z,0.1877,1.43,7.36,21.52,45.4,83.93,222.38,436.21,0.386,6.11,44.52,63.91,0,0,0,0
SMP_001606,26.14451353059905,89.97162013593105,2024-07-01T12:00:00Z,0.1386,10.3,31.02,57.2,102.32,163.05,374.91,715.05,0.55,27.55,82.88,121.74,1,1,1,1
SMP_001606,26.14451353059905,89.97162013593105,2024-07-02T12:00:00Z,0.1386,11.79,33.06,64.68,115.63,183.79,422.83,837.45,0.55,32.03,95.13,160.44,1,1,1,1
SMP_001606,26.14451353059905,89.97162013593105,2024-07-03T12:00:00Z,0.1386,6.14,16.42,35.65,68.57,116.56,279.36,581.41,0.449,13.0,61.09,91.9,0,0,1,1
SMP_001606,26.14451353059905,89.97162013593105,2024-07-04T12:00:00Z,0.1386,0.0,2.09,8.31,18.56,45.27,142.34,304.93,0.349,1.09,21.22,26.85,0,0,0,0
SMP_001606,26.14451353059905,89.97162013593105,2024-07-05T12:00:00Z,0.1386,0.0,1.88,5.3,21.32,37.97,105.74,235.55,0.283,-0.31,20.17,35.23,0,0,0,0
SMP_000282,25.444306,93.423944,2024-07-01T12:00:00Z,0.2932,4.19,11.21,22.46,49.32,89.68,218.93,439.23,0.412,13.2,48.34,78.55,0,0,0,1
SMP_000282,25.444306,93.423944,2024-07-02T12:00:00Z,0.2932,12.24,33.63,65.81,113.39,189.84,434.19,815.76,0.55,33.31,99.57,144.6,1,1,1,1
SMP_000282,25.444306,93.423944,2024-07-03T12:00:00Z,0.2932,12.87,33.63,68.46,119.33,191.07,434.14,839.5,0.55,32.36,102.59,156.82,1,1,1,1
SMP_000282,25.444306,93.423944,2024-07-04T12:00:00Z,0.2932,5.69,15.88,33.99,63.33,113.39,275.22,534.12,0.455,12.45,48.85,103.78,0,1,1,1
SMP_000282,25.444306,93.423944,2024-07-05T12:00:00Z,0.2932,0.0,2.16,6.74,25.1,62.52,151.54,296.61,0.322,2.08,26.55,63.05,0,0,0,0
SMP_000291,25.455333,93.374472,2024-07-01T12:00:00Z,0.2603,4.35,12.41,29.81,59.89,104.45,245.7,485.15,0.439,9.71,56.21,82.65,0,0,1,1
SMP_000291,25.455333,93.374472,2024-07-02T12:00:00Z,0.2603,12.38,34.61,64.07,117.32,196.72,480.11,940.36,0.55,35.01,97.03,156.25,1,1,1,1
SMP_000291,25.455333,93.374472,2024-07-03T12:00:00Z,0.2603,12.89,33.72,62.97,103.88,163.04,372.98,708.2,0.55,31.82,86.0,126.52,1,1,1,1
SMP_000291,25.455333,93.374472,2024-07-04T12:00:00Z,0.2603,5.59,17.26,32.45,58.29,103.05,238.43,458.33,0.425,17.71,45.53,95.29,0,0,1,1
SMP_000291,25.455333,93.374472,2024-07-05T12:00:00Z,0.2603,0.0,3.03,8.64,21.1,45.8,134.1,311.13,0.343,2.31,21.99,40.85,0,0,0,0
SMP_001030,26.94205261039768,94.83002794228805,2024-07-01T12:00:00Z,0.1087,12.05,33.53,61.51,109.08,180.89,439.27,814.25,0.55,28.33,89.48,153.22,1,1,1,1
SMP_001030,26.94205261039768,94.83002794228805,2024-07-02T12:00:00Z,0.1087,6.29,19.46,42.93,80.93,127.77,299.13,612.57,0.499,20.04,73.17,104.61,0,1,1,1
SMP_001030,26.94205261039768,94.83002794228805,2024-07-03T12:00:00Z,0.1087,0.0,2.52,14.29,30.58,51.74,133.63,316.18,0.312,4.34,22.35,31.47,0,0,0,0
SMP_001030,26.94205261039768,94.83002794228805,2024-07-04T12:00:00Z,0.1087,0.0,1.91,3.63,7.93,24.39,96.47,242.65,0.297,4.77,3.78,22.81,0,0,0,0
SMP_001030,26.94205261039768,94.83002794228805,2024-07-05T12:00:00Z,0.1087,0.0,4.25,8.61,24.4,43.96,138.61,273.45,0.311,2.46,28.42,37.97,0,0,0,0
SMP_000596,26.149444,91.748,2024-07-01T12:00:00Z,0.3305,10.64,30.61,59.94,106.52,182.08,440.43,857.74,0.55,26.42,96.53,150.48,1,1,1,1
SMP_000596,26.149444,91.748,2024-07-02T12:00:00Z,0.3305,12.14,35.44,68.72,121.24,205.32,462.67,888.18,0.55,33.16,105.84,160.58,1,1,1,1
SMP_000596,26.149444,91.748,2024-07-03T12:00:00Z,0.3305,6.27,20.73,42.88,71.95,115.25,283.05,581.49,0.476,19.42,62.12,99.16,0,1,1,1
SMP_000596,26.149444,91.748,2024-07-04T12:00:00Z,0.3305,0.0,4.63,16.75,37.96,72.0,197.87,376.42,0.4,3.28,29.55,55.86,0,0,0,1
SMP_000596,26.149444,91.748,2024-07-05T12:00:00Z,0.3305,0.0,4.59,14.4,31.7,72.52,199.07,412.7,0.36,3.02,22.2,70.78,0,0,0,0
SMP_000129,25.155,93.067,2024-07-01T12:00:00Z,0.4132,0.31,4.62,9.14,19.62,42.6,140.03,275.03,0.324,6.11,22.08,35.85,0,0,0,0
SMP_000129,25.155,93.067,2024-07-02T12:00:00Z,0.4132,10.28,29.47,58.29,98.26,159.1,384.07,757.79,0.55,30.06,80.09,122.56,1,1,1,1
SMP_000129,25.155,93.067,2024-07-03T12:00:00Z,0.4132,14.01,36.93,70.27,116.05,191.25,436.55,808.49,0.55,36.84,100.63,160.7,1,1,1,1
SMP_000129,25.155,93.067,2024-07-04T12:00:00Z,0.4132,9.25,28.4,51.23,91.15,151.79,368.53,696.28,0.55,28.8,75.12,129.34,1,1,1,1
SMP_000129,25.155,93.067,2024-07-05T12:00:00Z,0.4132,0.0,0.96,10.8,24.28,56.23,143.2,297.69,0.335,3.5,24.53,43.48,0,0,0,0
SMP_000323,25.82528,92.54775,2024-07-01T12:00:00Z,0.1663,8.87,28.05,59.56,103.83,173.62,411.62,782.4,0.55,28.22,87.74,151.76,1,1,1,1
SMP_000323,25.82528,92.54775,2024-07-02T12:00:00Z,0.1663,13.85,39.97,81.81,132.94,221.84,529.48,1016.47,0.55,36.92,114.44,171.64,1,1,1,1
SMP_000323,25.82528,92.54775,2024-07-03T12:00:00Z,0.1663,10.43,31.28,66.1,111.3,178.53,409.85,757.77,0.55,26.48,98.27,141.68,1,1,1,1
SMP_000323,25.82528,92.54775,2024-07-04T12:00:00Z,0.1663,0.68,4.34,17.4,37.05,79.85,215.39,442.51,0.405,2.25,31.21,54.48,0,0,0,0
SMP_000323,25.82528,92.54775,2024-07-05T12:00:00Z,0.1663,0.0,0.55,4.24,10.47,32.1,111.02,226.99,0.285,3.05,15.52,34.53,0,0,0,0
SMP_000808,25.648512,93.121528,2024-07-01T12:00:00Z,0.2913,6.61,18.02,39.15,65.8,117.42,268.46,510.36,0.454,15.43,55.7,97.19,0,1,1,1
SMP_000808,25.648512,93.121528,2024-07-02T12:00:00Z,0.2913,12.96,37.66,69.18,113.03,192.16,451.6,844.41,0.55,37.13,103.7,157.04,1,1,1,1
SMP_000808,25.648512,93.121528,2024-07-03T12:00:00Z,0.2913,11.46,31.9,57.58,101.68,158.15,388.95,728.24,0.55,28.46,88.63,138.98,1,1,1,1
SMP_000808,25.648512,93.121528,2024-07-04T12:00:00Z,0.2913,3.0,12.35,28.48,49.36,90.04,238.3,482.96,0.44,10.32,44.44,79.88,0,0,1,1
SMP_000808,25.648512,93.121528,2024-07-05T12:00:00Z,0.2913,0.0,4.63,12.84,23.55,47.77,149.78,333.03,0.311,6.48,15.64,51.86,0,0,0,0
SMP_000585,25.162472,93.01044,2024-07-01T12:00:00Z,0.475,0.43,2.45,8.55,24.34,51.93,141.36,310.75,0.323,5.29,28.05,52.51,0,0,0,0
SMP_000585,25.162472,93.01044,2024-07-02T12:00:00Z,0.475,10.64,28.44,60.34,102.56,161.54,368.9,703.19,0.55,26.44,94.1,132.28,1,1,1,1
SMP_000585,25.162472,93.01044,2024-07-03T12:00:00Z,0.475,14.39,41.0,80.89,133.8,217.32,506.9,957.86,0.55,36.25,119.52,164.01,1,1,1,1
SMP_000585,25.162472,93.01044,2024-07-04T12:00:00Z,0.475,9.42,27.19,54.87,100.5,161.38,390.57,763.75,0.55,27.44,81.71,138.6,1,1,1,1
SMP_000585,25.162472,93.01044,2024-07-05T12:00:00Z,0.475,0.0,0.06,0.71,16.11,47.25,127.61,283.44,0.315,-1.14,14.4,31.61,0,0,0,0
SMP_000669,25.175056,93.020417,2024-07-01T12:00:00Z,0.5676,0.6,1.72,12.54,26.44,60.57,171.09,375.22,0.358,2.4,25.52,43.39,0,0,0,1
SMP_000669,25.175056,93.020417,2024-07-02T12:00:00Z,0.5676,10.66,29.77,54.94,94.45,163.0,372.14,695.23,0.535,28.96,80.1,130.06,1,1,1,1
SMP_000669,25.175056,93.020417,2024-07-03T12:00:00Z,0.5676,14.24,40.67,77.97,132.73,220.21,513.01,966.69,0.55,36.5,111.07,188.96,1,1,1,1
SMP_000669,25.175056,93.020417,2024-07-04T12:00:00Z,0.5676,9.19,24.55,51.61,91.62,144.5,336.19,635.05,0.542,24.44,80.14,113.31,1,1,1,1
SMP_000669,25.175056,93.020417,2024-07-05T12:00:00Z,0.5676,0.0,0.4,1.11,15.07,32.66,100.03,212.69,0.297,1.01,12.57,27.58,0,0,0,0
SMP_000764,25.27898,93.241092,2024-07-01T12:00:00Z,0.3921,2.21,6.98,14.47,29.56,56.96,171.38,355.76,0.372,4.52,22.43,49.22,0,0,0,0
SMP_000764,25.27898,93.241092,2024-07-02T12:00:00Z,0.3921,12.32,35.64,68.42,113.89,192.91,441.04,869.51,0.55,32.41,103.11,156.29,1,1,1,1
SMP_000764,25.27898,93.241092,2024-07-03T12:00:00Z,0.3921,14.95,40.91,78.79,130.7,209.03,473.84,896.18,0.55,35.48,110.47,168.1,1,1,1,1
SMP_000764,25.27898,93.241092,2024-07-04T12:00:00Z,0.3921,8.52,25.23,54.12,96.68,150.37,359.91,712.86,0.55,25.45,87.81,134.22,1,1,1,1
SMP_000764,25.27898,93.241092,2024-07-05T12:00:00Z,0.3921,0.0,1.91,8.83,26.87,51.66,154.44,357.95,0.351,-0.02,18.19,49.07,0,0,0,0
SMP_001209,26.219167255079483,90.9859399718852,2024-07-01T12:00:00Z,0.0998,10.74,32.58,67.49,121.96,197.76,466.77,894.86,0.55,33.06,101.52,157.74,1,1,1,1
SMP_001209,26.219167255079483,90.9859399718852,2024-07-02T12:00:00Z,0.0998,11.54,32.5,66.98,110.78,172.9,423.09,813.65,0.55,30.66,95.06,139.32,1,1,1,1
SMP_001209,26.219167255079483,90.9859399718852,2024-07-03T12:00:00Z,0.0998,5.34,17.36,32.01,60.78,109.92,274.8,567.04,0.444,18.11,59.59,100.74,0,0,1,1
SMP_001209,26.219167255079483,90.9859399718852,2024-07-04T12:00:00Z,0.0998,0.0,3.51,13.58,24.66,52.8,143.9,295.15,0.322,1.27,20.32,33.31,0,0,0,0
SMP_001209,26.219167255079483,90.9859399718852,2024-07-05T12:00:00Z,0.0998,0.0,2.42,13.61,28.38,56.04,166.61,364.78,0.354,1.18,21.9,59.77,0,0,0,0
SMP_001026,26.006023666132105,91.65274550694551,2024-07-01T12:00:00Z,0.3374,10.71,32.78,65.95,109.12,186.63,427.72,808.97,0.55,33.08,90.16,158.75,1,1,1,1
SMP_001026,26.006023666132105,91.65274550694551,2024-07-02T12:00:00Z,0.3374,13.89,40.5,82.28,143.04,239.49,551.0,1064.58,0.55,36.11,127.92,201.61,1,1,1,1
SMP_001026,26.006023666132105,91.65274550694551,2024-07-03T12:00:00Z,0.3374,8.66,26.06,50.87,84.19,143.17,361.01,682.29,0.526,22.02,67.53,121.52,1,1,1,1
SMP_001026,26.006023666132105,91.65274550694551,2024-07-04T12:00:00Z,0.3374,0.0,0.51,1.78,5.16,26.38,91.38,195.87,0.27,0.66,0.68,12.37,0,0,0,0
SMP_001026,26.006023666132105,91.65274550694551,2024-07-05T12:00:00Z,0.3374,0.0,1.02,3.37,20.15,41.46,112.29,240.05,0.3,0.46,12.81,40.76,0,0,0,0
SMP_001628,25.69589451501451,90.8511763267756,2024-07-01T12:00:00Z,0.1146,7.59,24.21,43.68,73.0,115.72,287.59,584.08,0.493,21.57,60.06,85.3,0,0,1,1
SMP_001628,25.69589451501451,90.8511763267756,2024-07-02T12:00:00Z,0.1146,13.9,40.53,76.81,126.43,196.82,452.83,869.15,0.55,34.49,115.34,168.59,1,1,1,1
SMP_001628,25.69589451501451,90.8511763267756,2024-07-03T12:00:00Z,0.1146,11.79,31.92,61.61,108.81,176.73,420.54,834.52,0.55,28.75,90.95,136.64,1,1,1,1
SMP_001628,25.69589451501451,90.8511763267756,2024-07-04T12:00:00Z,0.1146,2.52,9.54,25.3,43.44,87.74,205.41,420.12,0.381,8.87,42.33,77.39,0,0,0,0
SMP_001628,25.69589451501451,90.8511763267756,2024-07-05T12:00:00Z,0.1146,0.0,3.76,6.93,16.9,32.23,85.44,222.26,0.285,5.19,17.51,23.31,0,0,0,0
SMP_000158,25.18,93.3,2024-07-01T12:00:00Z,0.5447,0.73,6.83,15.66,29.34,59.25,154.25,308.71,0.34,8.97,30.89,61.1,0,0,0,1
SMP_000158,25.18,93.3,2024-07-02T12:00:00Z,0.5447,11.62,30.54,59.68,99.58,167.48,405.72,785.73,0.55,28.35,81.95,138.65,1,1,1,1
SMP_000158,25.18,93.3,2024-07-03T12:00:00Z,0.5447,15.46,44.7,82.32,145.43,240.11,550.39,1046.93,0.55,40.55,127.72,188.96,1,1,1,1
SMP_000158,25.18,93.3,2024-07-04T12:00:00Z,0.5447,9.92,27.65,54.11,93.84,157.9,380.46,726.38,0.55,25.94,81.54,121.46,1,1,1,1
SMP_000158,25.18,93.3,2024-07-05T12:00:00Z,0.5447,0.0,1.26,4.94,18.97,51.42,139.29,314.0,0.324,4.67,16.4,50.76,0,0,0,0
SMP_001447,23.559136011500996,92.3975122333822,2024-07-01T12:00:00Z,0.3274,0.0,1.73,5.46,18.56,39.74,132.51,273.78,0.322,5.02,12.51,22.86,0,0,0,0
SMP_001447,23.559136011500996,92.3975122333822,2024-07-02T12:00:00Z,0.3274,0.0,4.1,13.0,24.3,48.55,133.06,301.58,0.339,5.03,19.08,38.74,0,0,0,0
SMP_001447,23.559136011500996,92.3975122333822,2024-07-03T12:00:00Z,0.3274,0.36,1.1,11.04,20.98,39.4,127.78,285.91,0.332,1.11,22.97,43.08,0,0,0,0
SMP_001447,23.559136011500996,92.3975122333822,2024-07-04T12:00:00Z,0.3274,10.15,31.28,64.6,112.46,181.18,425.18,787.97,0.55,31.36,91.11,145.52,1,1,1,1
SMP_001447,23.559136011500996,92.3975122333822,2024-07-05T12:00:00Z,0.3274,13.78,37.93,68.4,115.48,189.1,437.6,817.89,0.55,36.82,96.75,147.54,1,1,1,1
SMP_000516,26.55,94.36,2024-07-01T12:00:00Z,0.1309,12.53,34.01,71.16,127.18,204.48,467.17,899.92,0.55,29.37,108.9,159.5,1,1,1,1
SMP_000516,26.55,94.36,2024-07-02T12:00:00Z,0.1309,10.12,28.73,54.24,92.75,149.29,353.03,675.63,0.55,25.14,76.76,126.74,0,1,1,1
SMP_000516,26.55,94.36,2024-07-03T12:00:00Z,0.1309,1.57,4.78,10.76,29.33,67.24,188.75,408.0,0.392,7.14,21.8,48.23,0,0,0,0
SMP_000516,26.55,94.36,2024-07-04T12:00:00Z,0.1309,0.0,0.63,7.42,21.35,43.76,135.54,271.57,0.308,1.84,23.72,42.65,0,0,0,0
SMP_000516,26.55,94.36,2024-07-05T12:00:00Z,0.1309,0.0,0.46,10.42,26.46,47.65,136.13,284.38,0.34,0.41,26.89,31.75,0,0,0,0
SMP_001420,25.458828957331544,91.34009932511847,2024-07-01T12:00:00Z,0.1919,5.74,16.7,38.09,63.51,106.86,252.83,506.2,0.437,16.03,59.29,82.96,0,0,1,1
SMP_001420,25.458828957331544,91.34009932511847,2024-07-02T12:00:00Z,0.1919,16.17,42.31,83.84,136.51,217.81,491.94,956.82,0.55,38.58,116.2,187.48,1,1,1,1
SMP_001420,25.458828957331544,91.34009932511847,2024-07-03T12:00:00Z,0.1919,16.79,44.12,89.13,157.15,246.74,566.77,1049.37,0.55,39.47,133.83,189.64,1,1,1,1
SMP_001420,25.458828957331544,91.34009932511847,2024-07-04T12:00:00Z,0.1919,7.23,21.98,44.45,80.66,137.33,339.99,686.92,0.537,17.87,65.97,102.39,0,1,1,1
SMP_001420,25.458828957331544,91.34009932511847,2024-07-05T12:00:00Z,0.1919,0.0,2.74,10.75,24.23,48.75,124.23,299.65,0.294,4.34,20.43,30.72,0,0,0,0
SMP_000195,25.22,93.29,2024-07-01T12:00:00Z,0.1552,1.35,8.15,22.97,39.46,70.64,187.96,359.96,0.369,10.92,35.02,70.91,0,0,0,0
SMP_000195,25.22,93.29,2024-07-02T12:00:00Z,0.1552,12.05,35.14,70.59,123.15,190.71,444.54,826.13,0.55,35.56,110.61,156.26,1,1,1,1
SMP_000195,25.22,93.29,2024-07-03T12:00:00Z,0.1552,15.43,41.93,82.63,144.96,224.06,519.38,961.9,0.55,38.8,127.06,185.81,1,1,1,1
SMP_000195,25.22,93.29,2024-07-04T12:00:00Z,0.1552,9.46,28.74,55.65,94.84,150.91,381.82,723.55,0.55,27.6,85.87,119.66,1,1,1,1
SMP_000195,25.22,93.29,2024-07-05T12:00:00Z,0.1552,0.0,0.82,8.02,19.95,35.08,124.24,249.09,0.319,-0.71,15.91,39.48,0,0,0,0
SMP_001350,23.293598221210498,93.02012455886248,2024-07-01T12:00:00Z,0.3274,0.0,1.58,3.71,16.28,46.29,115.79,251.94,0.301,4.72,20.87,47.73,0,0,0,0
SMP_001350,23.293598221210498,93.02012455886248,2024-07-02T12:00:00Z,0.3274,0.0,3.32,6.2,16.49,32.98,104.9,230.8,0.288,4.44,10.54,26.66,0,0,0,0
SMP_001350,23.293598221210498,93.02012455886248,2024-07-03T12:00:00Z,0.3274,0.0,3.57,15.61,30.58,67.53,173.05,361.77,0.381,2.05,22.56,62.41,0,0,0,0
SMP_001350,23.293598221210498,93.02012455886248,2024-07-04T12:00:00Z,0.3274,7.34,23.52,47.88,86.76,137.32,347.76,654.62,0.53,25.11,77.18,103.79,1,1,1,1
SMP_001350,23.293598221210498,93.02012455886248,2024-07-05T12:00:00Z,0.3274,13.5,37.91,72.54,130.7,211.16,489.19,925.05,0.55,32.35,116.88,172.48,1,1,1,1
SMP_001348,24.36828721998792,93.19220341050791,2024-07-01T12:00:00Z,0.3656,0.0,1.43,11.66,31.51,61.64,168.56,368.17,0.331,2.63,25.43,57.52,0,0,0,0
SMP_001348,24.36828721998792,93.19220341050791,2024-07-02T12:00:00Z,0.3656,0.49,3.9,10.93,30.88,52.98,151.17,297.88,0.325,3.87,27.84,40.1,0,0,0,0
SMP_001348,24.36828721998792,93.19220341050791,2024-07-03T12:00:00Z,0.3656,10.21,28.58,57.95,96.81,163.59,374.11,715.79,0.55,28.92,88.51,139.02,1,1,1,1
SMP_001348,24.36828721998792,93.19220341050791,2024-07-04T12:00:00Z,0.3656,13.73,37.59,69.3,125.34,205.92,484.92,940.59,0.55,34.97,110.88,168.4,1,1,1,1
SMP_001348,24.36828721998792,93.19220341050791,2024-07-05T12:00:00Z,0.3656,8.93,28.04,56.67,95.76,167.95,397.12,788.1,0.55,23.91,89.39,137.27,1,1,1,1
SMP_000410,26.097986,91.980589,2024-07-01T12:00:00Z,0.2689,10.13,27.61,52.34,87.5,143.86,334.92,679.6,0.531,24.25,80.29,118.52,0,1,1,1
SMP_000410,26.097986,91.980589,2024-07-02T12:00:00Z,0.2689,12.09,33.34,69.36,118.62,200.76,463.32,888.42,0.55,32.4,103.02,150.97,1,1,1,1
SMP_000410,26.097986,91.980589,2024-07-03T12:00:00Z,0.2689,6.72,20.6,37.36,64.02,110.43,262.93,548.79,0.425,19.33,58.78,91.09,0,0,1,1
SMP_000410,26.097986,91.980589,2024-07-04T12:00:00Z,0.2689,0.0,1.75,12.39,24.51,46.33,135.53,291.69,0.33,3.53,17.32,44.16,0,0,0,0
SMP_000410,26.097986,91.980589,2024-07-05T12:00:00Z,0.2689,0.0,1.89,6.35,18.1,40.59,108.28,243.88,0.302,1.28,19.87,32.3,0,0,0,0
SMP_000096,25.123,93.033,2024-07-01T12:00:00Z,0.7788,0.0,1.46,10.3,29.77,61.34,167.43,338.01,0.347,0.16,29.14,63.78,0,0,1,1
SMP_000096,25.123,93.033,2024-07-02T12:00:00Z,0.7788,10.5,30.75,59.73,105.43,174.33,401.04,762.33,0.55,27.28,92.66,143.95,1,1,1,1
SMP_000096,25.123,93.033,2024-07-03T12:00:00Z,0.7788,14.78,39.61,74.37,124.37,210.96,482.53,923.29,0.55,37.84,102.48,170.96,1,1,1,1
SMP_000096,25.123,93.033,2024-07-04T12:00:00Z,0.7788,10.09,30.77,60.54,105.91,174.31,396.12,782.54,0.55,25.98,86.73,145.92,1,1,1,1
SMP_000096,25.123,93.033,2024-07-05T12:00:00Z,0.7788,0.0,1.05,6.7,13.06,30.8,105.88,242.43,0.279,0.53,11.77,26.23,0,0,0,0
SMP_000694,26.196222,91.763361,2024-07-01T12:00:00Z,0.1644,10.81,31.54,62.22,109.6,181.13,446.43,848.79,0.55,29.89,99.59,143.56,1,1,1,1
SMP_000694,26.196222,91.763361,2024-07-02T12:00:00Z,0.1644,11.84,33.15,63.36,104.17,171.89,400.0,798.63,0.55,28.64,88.25,129.26,1,1,1,1
SMP_000694,26.196222,91.763361,2024-07-03T12:00:00Z,0.1644,5.69,19.61,36.46,68.55,114.04,289.5,583.54,0.474,16.04,64.33,95.09,0,0,1,1
SMP_000694,26.196222,91.763361,2024-07-04T12:00:00Z,0.1644,0.0,0.61,5.97,21.2,48.53,146.44,291.9,0.351,3.99,23.63,53.16,0,0,0,0
SMP_000694,26.196222,91.763361,2024-07-05T12:00:00Z,0.1644,0.0,4.69,10.89,24.56,42.84,122.82,290.6,0.289,5.32,18.12,26.01,0,0,0,0
SMP_001307,26.70347200578485,92.84883448260675,2024-07-01T12:00:00Z,0.1101,12.28,33.12,60.76,101.58,175.29,414.62,822.76,0.55,31.27,84.53,132.17,1,1,1,1
SMP_001307,26.70347200578485,92.84883448260675,2024-07-02T12:00:00Z,0.1101,8.56,27.21,55.23,97.06,161.5,392.18,778.73,0.55,22.8,80.81,128.89,1,1,1,1
SMP_001307,26.70347200578485,92.84883448260675,2024-07-03T12:00:00Z,0.1101,0.0,0.35,1.85,9.57,33.11,94.15,222.43,0.273,3.18,5.47,34.2,0,0,0,0
SMP_001307,26.70347200578485,92.84883448260675,2024-07-04T12:00:00Z,0.1101,0.0,2.28,11.41,24.74,53.45,130.65,265.25,0.3,4.89,17.81,54.26,0,0,0,0
SMP_001307,26.70347200578485,92.84883448260675,2024-07-05T12:00:00Z,0.1101,0.0,3.44,8.33,24.89,46.73,142.25,297.09,0.317,6.05,20.29,39.43,0,0,0,0
