sample_id,latitude,longitude,state,district,elevation_m,slope_deg,aspect_deg,curvature,landcover,geology,geomorphology,hydrological_condition,distance_to_drainage_m,historical_ls_density,distance_to_historical_ls_m,label
SMP_000000,24.79489,92.55506,Assam,Hailakandi,46.0,7.5206217765808105,222.59796142578125,-0.0003244354447815567,Tree Cover / Dense Forest,Mountain Litho-Soil Complex,Valley Floor / Terrace,Neutral Planar Drainage,887.424296324979,0.013,21192.72,1
SMP_000001,24.795892,93.045425,Assam,Cachar,134.0,19.297332763671875,228.46836853027344,-0.0014853817410767078,Tree Cover / Dense Forest,Mountain Litho-Soil Complex,Dissected Hill Slope,Neutral Planar Drainage,969.2006402894824,0.025,3413.22,1
SMP_000002,24.813648,93.073009,Assam,Cachar,55.0,6.246082782745361,170.60235595703125,-0.003964407369494438,Tree Cover / Dense Forest,Calcisols,Valley Floor / Terrace,Neutral Planar Drainage,618.3438402203426,0.025,3413.22,1
SMP_000003,24.92097,93.07306,Assam,Cachar,55.0,8.934904098510742,99.88676452636719,0.00021800815011374652,Tree Cover / Dense Forest,Calcisols,Valley Floor / Terrace,Neutral Planar Drainage,922.468416788813,0.025,0.0,1
SMP_000004,24.93,92.84,Assam,Cachar,53.0,8.142210960388184,87.8373794555664,0.0022356645204126835,Tree Cover / Dense Forest,Calcisols,Valley Floor / Terrace,Neutral Planar Drainage,1237.1930270801345,0.025,4605.55,1
SMP_000005,24.95,92.73,Assam,Cachar,66.0,0.6186540722846985,0.0,0.0014498598175123334,Tree Cover / Dense Forest,Calcisols,Valley Floor / Terrace,Neutral Planar Drainage,703.0377819888358,0.178,158.78,1
SMP_000006,24.95,92.8,Assam,Cachar,38.0,3.4519519805908203,323.662353515625,0.001383969676680863,Tree Cover / Dense Forest,Calcisols,Valley Floor / Terrace,Neutral Planar Drainage,703.0377819888358,0.038,4604.98,1
SMP_000007,24.96,92.92,Assam,Cachar,40.0,1.023844599723816,90.0,-0.00019265516311861575,Tree Cover / Dense Forest,Mountain Litho-Soil Complex,Valley Floor / Terrace,Neutral Planar Drainage,1249.9871005035084,0.038,3024.29,1
SMP_000008,24.96,92.7,Assam,Cachar,42.0,1.3995990753173828,102.76634979248047,-0.0019517663167789578,Tree Cover / Dense Forest,Mountain Litho-Soil Complex,Valley Floor / Terrace,Neutral Planar Drainage,1249.9871005035084,0.166,0.0,1
SMP_000009,24.96,92.7,Assam,Cachar,42.0,1.3995990753173828,102.76634979248047,-0.0019517663167789578,Tree Cover / Dense Forest,Mountain Litho-Soil Complex,Valley Floor / Terrace,Neutral Planar Drainage,1249.9871005035084,0.166,0.0,1
SMP_000010,24.96,92.95,Assam,Cachar,137.0,8.871686935424805,40.45124816894531,-0.006864127237349749,Tree Cover / Dense Forest,Calcisols,Valley Floor / Terrace,Neutral Planar Drainage,1249.9871005035084,0.051,2441.68,1
SMP_000011,24.96,92.66,Assam,Cachar,40.0,5.643152713775635,10.420062065124512,0.0005069217295385897,Tree Cover / Dense Forest,Mountain Litho-Soil Complex,Valley Floor / Terrace,Neutral Planar Drainage,1249.9871005035084,0.051,0.0,1
SMP_000012,24.96,92.66,Assam,Cachar,40.0,5.643152713775635,10.420062065124512,0.0005069217295385897,Tree Cover / Dense Forest,Mountain Litho-Soil Complex,Valley Floor / Terrace,Neutral Planar Drainage,1249.9871005035084,0.051,0.0,1
SMP_000013,24.96,92.98,Assam,Cachar,59.0,11.32994270324707,225.5251922607422,-0.0017540958942845464,Tree Cover / Dense Forest,Calcisols,Valley Floor / Terrace,Neutral Planar Drainage,1249.9871005035084,0.038,3001.68,1
SMP_000014,24.97,92.76,Assam,Cachar,24.0,0.9279360175132751,0.0,-0.000684392754919827,Tree Cover / Dense Forest,Mountain Litho-Soil Complex,Valley Floor / Terrace,Neutral Planar Drainage,693.6738128393015,0.216,1500.81,1
SMP_000015,24.97,92.72,Assam,Cachar,57.0,1.4985674619674683,245.62216186523438,-0.00036497259861789644,Tree Cover / Dense Forest,Mountain Litho-Soil Complex,Valley Floor / Terrace,Neutral Planar Drainage,693.6738128393015,0.191,0.0,1
SMP_000016,24.97,92.72,Assam,Cachar,57.0,1.4985674619674683,245.62216186523438,-0.00036497259861789644,Tree Cover / Dense Forest,Mountain Litho-Soil Complex,Valley Floor / Terrace,Neutral Planar Drainage,693.6738128393015,0.191,0.0,1
SMP_000017,24.97,92.72,Assam,Cachar,57.0,1.4985674619674683,245.62216186523438,-0.00036497259861789644,Tree Cover / Dense Forest,Mountain Litho-Soil Complex,Valley Floor / Terrace,Neutral Planar Drainage,693.6738128393015,0.191,0.0,1
SMP_000018,24.97228,93.03289,Assam,Cachar,160.0,4.441235065460205,346.6973876953125,9.124314965447411e-05,Tree Cover / Dense Forest,Calcisols,Valley Floor / Terrace,Neutral Planar Drainage,448.101783592489,0.051,516.06,1
SMP_000019,24.97692,93.033,Assam,Cachar,191.0,8.828603744506836,159.80685424804688,-0.0036956933327019215,Tree Cover / Dense Forest,Calcisols,Valley Floor / Terrace,Neutral Planar Drainage,200.61023398949348,0.051,50.65,1
SMP_000020,24.97714,93.03344,Assam,Cachar,172.0,8.697969436645508,215.7385711669922,-0.00038029500865377486,Tree Cover / Dense Forest,Calcisols,Valley Floor / Terrace,Neutral Planar Drainage,226.76291814822585,0.051,50.65,1
SMP_000021,24.98,92.75,Assam,Cachar,32.0,1.841922402381897,132.18626403808594,-0.00028389832004904747,Tree Cover / Dense Forest,Mountain Litho-Soil Complex,Valley Floor / Terrace,Neutral Planar Drainage,554.4302098954843,0.242,1111.95,1
SMP_000022,24.98,92.96,Assam,Cachar,165.0,19.32265853881836,252.06419372558594,0.0017337581375613809,Tree Cover / Dense Forest,Calcisols,Dissected Hill Slope,Neutral Planar Drainage,554.4302098954843,0.051,2441.68,1
SMP_000023,24.98,92.72,Assam,Cachar,36.0,0.46062934398651123,132.18626403808594,-0.0007249299087561667,Tree Cover / Dense Forest,Mountain Litho-Soil Complex,Valley Floor / Terrace,Neutral Planar Drainage,554.4302098954843,0.242,1111.95,1
SMP_000024,24.99,92.6,Assam,Cachar,83.0,2.963736057281494,339.8068542480469,-0.0034625011030584574,Tree Cover / Dense Forest,Calcisols,Valley Floor / Terrace,Neutral Planar Drainage,1238.7634239514614,0.013,6906.83,1
SMP_000025,24.99,92.45,Assam,Cachar,18.0,0.46062934398651123,227.81373596191406,0.0008263419149443507,Tree Cover / Dense Forest,Calcisols,Valley Floor / Terrace,Neutral Planar Drainage,1238.7634239514614,0.076,2301.99,1
SMP_000026,24.99,92.75,Assam,Cachar,151.0,19.07056999206543,312.1862487792969,-0.001475212862715125,Tree Cover / Dense Forest,Calcisols,Dissected Hill Slope,Neutral Planar Drainage,1238.7634239514614,0.229,1111.95,1
SMP_000027,24.993,93.161583,Assam,Cachar,191.0,15.322772979736328,63.05046463012695,-0.008004873991012573,Tree Cover / Dense Forest,Calcisols,Dissected Hill Slope,Neutral Planar Drainage,1234.0852813552144,0.038,308.12,1
SMP_000028,24.99561,93.16261,Assam,Cachar,198.0,13.24526596069336,80.76058959960938,-0.007284959312528372,Tree Cover / Dense Forest,Calcisols,Dissected Hill Slope,Neutral Planar Drainage,1143.7189600693653,0.038,308.12,1
SMP_000029,25.0,92.43,Assam,Cachar,22.0,2.797529697418213,77.23365020751953,0.0008516949019394815,Tree Cover / Dense Forest,Calcisols,Valley Floor / Terrace,Neutral Planar Drainage,830.1530282898747,0.089,2301.99,1
SMP_000030,25.003,93.164,Assam,Dima Hasao,220.0,11.132789611816406,305.18023681640625,-0.002468995051458478,Tree Cover / Dense Forest,Calcisols,Valley Floor / Terrace,Neutral Planar Drainage,525.8562455488436,0.038,833.58,1
SMP_000031,25.008,93.04,Assam,Dima Hasao,194.0,10.529580116271973,50.28080368041992,0.0029911010060459375,Tree Cover / Dense Forest,Calcisols,Valley Floor / Terrace,Neutral Planar Drainage,160.5403586893363,0.051,3494.59,1
SMP_000032,25.01,92.75,Assam,Cachar,40.0,2.9950873851776123,245.62216186523438,0.0018351702019572258,Tree Cover / Dense Forest,Mountain Litho-Soil Complex,Valley Floor / Terrace,Neutral Planar Drainage,395.7264637213986,0.204,0.0,1
SMP_000033,25.01,92.75,Assam,Cachar,40.0,2.9950873851776123,245.62216186523438,0.0018351702019572258,Tree Cover / Dense Forest,Mountain Litho-Soil Complex,Valley Floor / Terrace,Neutral Planar Drainage,395.7264637213986,0.204,0.0,1
SMP_000034,25.01,92.75,Assam,Cachar,40.0,2.9950873851776123,245.62216186523438,0.0018351702019572258,Tree Cover / Dense Forest,Mountain Litho-Soil Complex,Valley Floor / Terrace,Neutral Planar Drainage,395.7264637213986,0.204,0.0,1
SMP_000035,25.01,92.73,Assam,Cachar,100.0,16.83465003967285,182.25665283203125,0.0014802280347794294,Tree Cover / Dense Forest,Calcisols,Dissected Hill Slope,Neutral Planar Drainage,395.7264637213986,0.178,2015.37,1
SMP_000036,25.010379,92.75482,Assam,Dima Hasao,108.0,16.333894729614258,185.83335876464844,0.0019060755148530006,Tree Cover / Dense Forest,Calcisols,Dissected Hill Slope,Neutral Planar Drainage,439.019354650666,0.204,487.53,1
SMP_000037,25.01856,92.77011,Assam,Dima Hasao,88.0,14.339973449707031,242.3137969970703,0.0028896890580654144,Tree Cover / Dense Forest,Calcisols,Dissected Hill Slope,Neutral Planar Drainage,1144.456117012755,0.255,68.38,1
SMP_000038,25.019029,92.770549,Assam,Dima Hasao,105.0,20.839885711669922,252.6716766357422,0.0010088281705975533,Tree Cover / Dense Forest,Calcisols,Dissected Hill Slope,Neutral Planar Drainage,1166.323841136305,0.267,68.38,1
SMP_000039,25.02,92.52,Assam,Cachar,83.0,2.24721097946167,294.3778381347656,-0.0003194201271981001,Tree Cover / Dense Forest,Calcisols,Valley Floor / Terrace,Neutral Planar Drainage,1203.7466393864936,0.025,0.0,1
SMP_000040,25.02,92.52,Assam,Cachar,83.0,2.24721097946167,294.3778381347656,-0.0003194201271981001,Tree Cover / Dense Forest,Calcisols,Valley Floor / Terrace,Neutral Planar Drainage,1203.7466393864936,0.025,0.0,1
SMP_000041,25.029708,92.463967,Assam,Cachar,89.0,18.895660400390625,262.7508544921875,0.007989413104951382,Tree Cover / Dense Forest,Mountain Litho-Soil Complex,Dissected Hill Slope,Neutral Planar Drainage,973.7731420520633,0.089,205.44,1
SMP_000042,25.031431,92.463231,Assam,Cachar,106.0,34.247459411621094,299.97381591796875,-0.0017591111827641726,Tree Cover / Dense Forest,Calcisols,Steep Mountain Ridge,Neutral Planar Drainage,828.7777589314452,0.089,97.19,1
SMP_000043,25.032119,92.462636,Assam,Cachar,81.0,31.28606414794922,299.2522277832031,0.0022458333987742662,Tree Cover / Dense Forest,Calcisols,Steep Mountain Ridge,Neutral Planar Drainage,764.1728818501977,0.089,97.19,1
SMP_000044,25.032989,92.462214,Assam,Cachar,109.0,28.32282257080078,288.0918273925781,-0.004618293605744839,Tree Cover / Dense Forest,Calcisols,Steep Mountain Ridge,Neutral Planar Drainage,677.6797697351511,0.089,105.67,1
SMP_000045,25.034948,92.778753,Assam,Dima Hasao,106.0,25.636655807495117,241.8031005859375,0.003893363755196333,Tree Cover / Dense Forest,Calcisols,Steep Mountain Ridge,Neutral Planar Drainage,466.59634005769936,0.344,240.6,1
SMP_000046,25.0365,92.780417,Assam,Dima Hasao,113.0,25.216623306274414,285.97125244140625,0.006346898153424263,Tree Cover / Dense Forest,Mountain Litho-Soil Complex,Steep Mountain Ridge,Neutral Planar Drainage,287.63270893011816,0.344,240.6,1
SMP_000047,25.037203,92.450339,Assam,Cachar,193.0,19.402328491210938,300.3888244628906,0.010316459462046623,Tree Cover / Dense Forest,Calcisols,Dissected Hill Slope,Neutral Planar Drainage,204.42446461409688,0.076,1284.87,1
SMP_000048,25.039722,92.781889,Assam,Dima Hasao,81.0,20.513689041137695,216.09271240234375,0.00881073996424675,Tree Cover / Dense Forest,Calcisols,Dissected Hill Slope,Neutral Planar Drainage,197.05552696400792,0.357,195.09,1
SMP_000049,25.041083,92.783111,Assam,Dima Hasao,117.0,27.907678604125977,235.19105529785156,-0.0011254244018346071,Tree Cover / Dense Forest,Calcisols,Steep Mountain Ridge,Neutral Planar Drainage,357.28474417884036,0.357,195.09,1
SMP_000050,25.046444,92.789667,Assam,Dima Hasao,106.0,24.27999496459961,215.52496337890625,0.0007806512876413763,Tree Cover / Dense Forest,Calcisols,Dissected Hill Slope,Neutral Planar Drainage,906.6826181524482,0.306,58.14,1
SMP_000051,25.046778,92.790111,Assam,Dima Hasao,106.0,24.27999496459961,215.52496337890625,0.0007806512876413763,Tree Cover / Dense Forest,Calcisols,Dissected Hill Slope,Neutral Planar Drainage,934.2654414398473,0.306,58.14,1
SMP_000052,25.047417,92.793389,Assam,Dima Hasao,119.0,26.954771041870117,224.65704345703125,-1.5184132280410267e-05,Tree Cover / Dense Forest,Calcisols,Steep Mountain Ridge,Neutral Planar Drainage,984.2622949572301,0.306,337.78,1
SMP_000053,25.04783,92.78931,Assam,Dima Hasao,90.0,16.301124572753906,39.1593017578125,0.004075849894434214,Tree Cover / Dense Forest,Calcisols,Dissected Hill Slope,Neutral Planar Drainage,1014.5596612480881,0.306,142.11,1
SMP_000054,25.049417,92.796722,Assam,Dima Hasao,125.0,27.436429977416992,183.28903198242188,0.0035080534871667624,Tree Cover / Dense Forest,Calcisols,Steep Mountain Ridge,Neutral Planar Drainage,1115.256378560614,0.306,53.27,1
SMP_000055,25.049444,92.79725,Assam,Dima Hasao,130.0,25.853761672973633,191.34376525878906,0.0024840410333126783,Tree Cover / Dense Forest,Calcisols,Steep Mountain Ridge,Neutral Planar Drainage,1116.7441769345587,0.306,53.27,1
SMP_000056,25.049917,92.799667,Assam,Dima Hasao,106.0,26.171903610229492,178.61083984375,0.005662505514919758,Tree Cover / Dense Forest,Calcisols,Steep Mountain Ridge,Neutral Planar Drainage,1141.5373370733007,0.306,249.09,1
SMP_000057,25.054917,92.800333,Assam,Dima Hasao,100.0,23.450151443481445,278.58966064453125,0.00427881209179759,Tree Cover / Dense Forest,Mountain Litho-Soil Complex,Dissected Hill Slope,Neutral Planar Drainage,1246.928916968957,0.293,234.64,1
SMP_000058,25.056611,92.801722,Assam,Dima Hasao,133.0,27.920368194580078,217.37538146972656,0.0030314999166876078,Tree Cover / Dense Forest,Mountain Litho-Soil Complex,Steep Mountain Ridge,Neutral Planar Drainage,1215.3315538031077,0.28,234.64,1
SMP_000059,25.060088,92.807089,Assam,Dima Hasao,190.0,26.55081558227539,201.6891632080078,0.0009022626327350736,Tree Cover / Dense Forest,Calcisols,Steep Mountain Ridge,Neutral Planar Drainage,1048.023372736211,0.28,101.12,1
SMP_000060,25.060944,92.80675,Assam,Dima Hasao,132.0,15.359708786010742,245.62216186523438,0.00770049961283803,Tree Cover / Dense Forest,Calcisols,Dissected Hill Slope,Neutral Planar Drainage,987.4039209999296,0.28,53.26,1
SMP_000061,25.061375,92.795906,Assam,Dima Hasao,258.0,29.085433959960938,115.89759826660156,-0.002549931174144149,Tree Cover / Dense Forest,Calcisols,Steep Mountain Ridge,Neutral Planar Drainage,954.2536358327012,0.28,225.82,1
SMP_000062,25.061417,92.806833,Assam,Dima Hasao,146.0,23.58169937133789,274.9668884277344,-0.0020226717460900545,Tree Cover / Dense Forest,Calcisols,Dissected Hill Slope,Neutral Planar Drainage,950.9323908190656,0.28,53.26,1
SMP_000063,25.061847,92.79345,Assam,Dima Hasao,381.0,37.32177734375,109.01122283935547,-0.0005372900632210076,Tree Cover / Dense Forest,Calcisols,Steep Mountain Ridge,Neutral Planar Drainage,916.0254328962255,0.28,252.89,1
SMP_000064,25.063378,92.795536,Assam,Dima Hasao,271.0,23.7702579498291,26.509437561035156,-0.0018908914644271135,Tree Cover / Dense Forest,Calcisols,Dissected Hill Slope,Neutral Planar Drainage,779.2174246484304,0.28,225.82,1
SMP_000065,25.063472,92.807796,Assam,Dima Hasao,174.0,29.507787704467773,269.4533996582031,0.005328039638698101,Tree Cover / Dense Forest,Mountain Litho-Soil Complex,Steep Mountain Ridge,Neutral Planar Drainage,770.2269774968902,0.28,248.24,1
SMP_000066,25.07,93.29,Assam,Dima Hasao,341.0,17.539180755615234,317.26953125,0.008400076068937778,Tree Cover / Dense Forest,Calcisols,Dissected Hill Slope,Neutral Planar Drainage,60.87477355914953,0.051,3484.55,1
SMP_000067,25.072636,92.794514,Assam,Dima Hasao,485.0,32.81816864013672,68.90070343017578,-0.0012623582733795047,Tree Cover / Dense Forest,Calcisols,Steep Mountain Ridge,Neutral Planar Drainage,373.1557591825487,0.28,1034.58,1
SMP_000068,25.073228,92.814734,Assam,Dima Hasao,262.0,20.812009811401367,221.16563415527344,0.008410383947193623,Tree Cover / Dense Forest,Calcisols,Dissected Hill Slope,Neutral Planar Drainage,440.9652896916561,0.255,1290.41,1
SMP_000069,25.078935,92.95379,Assam,Dima Hasao,1089.0,12.00100326538086,218.0624542236328,-0.004081141669303179,Tree Cover / Dense Forest,Lixisols,Dissected Hill Slope,Neutral Planar Drainage,991.900605857335,0.153,1172.4,1
SMP_000070,25.088389,92.958944,Assam,Dima Hasao,963.0,26.165090560913086,14.751503944396973,0.004045481793582439,Tree Cover / Dense Forest,Calcisols,Steep Mountain Ridge,Neutral Planar Drainage,1204.2016881021527,0.216,1172.4,1
SMP_000071,25.1,93.28,Assam,Dima Hasao,910.0,17.012563705444336,35.73857498168945,0.0008313572034239769,Tree Cover / Dense Forest,Lixisols,Dissected Hill Slope,Neutral Planar Drainage,208.5711115737233,0.089,0.0,1
SMP_000072,25.1,93.28,Assam,Dima Hasao,910.0,17.012563705444336,35.73857498168945,0.0008313572034239769,Tree Cover / Dense Forest,Lixisols,Dissected Hill Slope,Neutral Planar Drainage,208.5711115737233,0.089,0.0,1
SMP_000073,25.1,93.28,Assam,Dima Hasao,910.0,17.012563705444336,35.73857498168945,0.0008313572034239769,Tree Cover / Dense Forest,Lixisols,Dissected Hill Slope,Neutral Planar Drainage,208.5711115737233,0.089,0.0,1
SMP_000074,25.10275,92.986944,Assam,Dima Hasao,628.0,28.609272003173828,181.2516632080078,0.007974367588758469,Tree Cover / Dense Forest,Calcisols,Steep Mountain Ridge,Neutral Planar Drainage,220.38596475838338,0.331,19.88,1
SMP_000075,25.10292,92.986883,Assam,Dima Hasao,591.0,20.71244239807129,181.80564880371094,0.005008757580071688,Tree Cover / Dense Forest,Calcisols,Dissected Hill Slope,Neutral Planar Drainage,240.5536859919298,0.331,19.88,1
SMP_000076,25.105414,92.972784,Assam,Dima Hasao,379.0,13.213749885559082,242.6208038330078,-0.0011557926191017032,Tree Cover / Dense Forest,Calcisols,Dissected Hill Slope,Neutral Planar Drainage,527.0870323137456,0.28,445.52,1
SMP_000077,25.106,93.001,Assam,Dima Hasao,692.0,23.56038475036621,195.0439453125,-0.009064270183444023,Tree Cover / Dense Forest,Lixisols,Dissected Hill Slope,Neutral Planar Drainage,590.7547708974914,0.433,150.01,1
SMP_000078,25.106956,92.991363,Assam,Dima Hasao,584.0,16.5968074798584,163.75079345703125,0.003939054440706968,Tree Cover / Dense Forest,Calcisols,Dissected Hill Slope,Neutral Planar Drainage,690.5414951446459,0.433,636.31,1
SMP_000079,25.107,93.002,Assam,Dima Hasao,625.0,30.33937644958496,154.691650390625,-0.0008923702989704907,Tree Cover / Dense Forest,Calcisols,Steep Mountain Ridge,Neutral Planar Drainage,695.0001565239438,0.509,150.01,1
SMP_000080,25.107546,92.885543,Assam,Dima Hasao,275.0,12.00100326538086,141.9375457763672,0.0018503543687984347,Tree Cover / Dense Forest,Calcisols,Dissected Hill Slope,Neutral Planar Drainage,749.26215864684,0.178,180.84,1
SMP_000081,25.108,93.003,Assam,Dima Hasao,539.0,17.65049934387207,241.63414001464844,0.01331271417438984,Tree Cover / Dense Forest,Calcisols,Dissected Hill Slope,Neutral Planar Drainage,792.8009137960415,0.573,150.01,1
SMP_000082,25.108759,92.978048,Assam,Dima Hasao,423.0,17.994537353515625,184.20701599121094,0.0023522607516497374,Tree Cover / Dense Forest,Calcisols,Dissected Hill Slope,Neutral Planar Drainage,862.1270676606413,0.306,292.95,1
SMP_000083,25.108806,92.975139,Assam,Dima Hasao,360.0,13.664369583129883,245.04266357421875,0.0033407513983547688,Tree Cover / Dense Forest,Calcisols,Dissected Hill Slope,Neutral Planar Drainage,866.2702062694788,0.293,292.95,1
SMP_000084,25.108877,92.929125,Assam,Dima Hasao,255.0,12.758365631103516,192.14993286132812,0.0002483764837961644,Tree Cover / Dense Forest,Calcisols,Dissected Hill Slope,Neutral Planar Drainage,872.4947672006542,0.204,28.6,1
SMP_000085,25.11219,92.86881,Assam,Dima Hasao,247.0,12.490531921386719,228.84849548339844,-0.00011659615120152012,Tree Cover / Dense Forest,Calcisols,Dissected Hill Slope,Neutral Planar Drainage,1111.9864625583136,0.14,760.66,1
SMP_000086,25.11286,92.87756,Assam,Dima Hasao,237.0,15.705808639526367,160.18658447265625,-0.002600637264549732,Tree Cover / Dense Forest,Calcisols,Dissected Hill Slope,Neutral Planar Drainage,1147.0109661598383,0.153,499.73,1
SMP_000087,25.11297,92.95433,Assam,Dima Hasao,350.0,11.306952476501465,233.5551300048828,-0.0022103115916252136,Tree Cover / Dense Forest,Calcisols,Valley Floor / Terrace,Neutral Planar Drainage,1152.294686005817,0.242,2039.21,1
SMP_000088,25.118,93.014,Assam,Dima Hasao,634.0,19.384071350097656,272.6385192871094,0.0049934349954128265,Tree Cover / Dense Forest,Lixisols,Dissected Hill Slope,Neutral Planar Drainage,1244.3969116619974,1.108,321.86,1
SMP_000089,25.119,93.017,Assam,Dima Hasao,712.0,13.959118843078613,225.9691925048828,5.070600673207082e-05,Tree Cover / Dense Forest,Lixisols,Dissected Hill Slope,Neutral Planar Drainage,1226.8664437327286,1.133,100.68,1
SMP_000090,25.119,93.018,Assam,Dima Hasao,748.0,19.197181701660156,220.55296325683594,-0.0011000713566318154,Tree Cover / Dense Forest,Lixisols,Dissected Hill Slope,Neutral Planar Drainage,1226.8664437327286,1.133,100.68,1
SMP_000091,25.12,93.02,Assam,Dima Hasao,752.0,16.5416259765625,181.14927673339844,-0.0024283197708427906,Tree Cover / Dense Forest,Lixisols,Dissected Hill Slope,Neutral Planar Drainage,1197.5771153180813,1.146,230.02,1
SMP_000092,25.121,92.915028,Assam,Dima Hasao,297.0,15.172274589538574,347.3098449707031,0.0002990824286825955,Tree Cover / Dense Forest,Mountain Litho-Soil Complex,Dissected Hill Slope,Neutral Planar Drainage,1156.821575705757,0.166,1143.0,1
SMP_000093,25.122,93.025,Assam,Dima Hasao,703.0,21.41327476501465,220.7823944091797,0.0016780368750914931,Tree Cover / Dense Forest,Lixisols,Dissected Hill Slope,Neutral Planar Drainage,1105.0070407755702,1.222,100.68,1
SMP_000094,25.122,93.026,Assam,Dima Hasao,730.0,23.943689346313477,222.12644958496094,0.0002483764837961644,Tree Cover / Dense Forest,Lixisols,Dissected Hill Slope,Neutral Planar Drainage,1105.0070407755702,1.21,100.68,1
SMP_000095,25.123,93.034,Assam,Dima Hasao,739.0,26.838136672973633,299.39605712890625,-0.007999582216143608,Tree Cover / Dense Forest,Calcisols,Steep Mountain Ridge,Neutral Planar Drainage,1042.6512242326285,1.21,100.68,1
SMP_000096,25.123,93.033,Assam,Dima Hasao,696.0,35.674415588378906,281.7156677246094,-0.013520277105271816,Tree Cover / Dense Forest,Calcisols,Steep Mountain Ridge,Neutral Planar Drainage,1042.6512242326285,1.21,100.68,1
SMP_000097,25.124306,92.904278,Assam,Dima Hasao,274.0,19.022491455078125,38.46475601196289,0.0013991538435220718,Tree Cover / Dense Forest,Mountain Litho-Soil Complex,Dissected Hill Slope,Neutral Planar Drainage,946.3878564296315,0.166,1143.0,1
SMP_000098,25.124583,92.989111,Assam,Dima Hasao,517.0,16.869367599487305,344.0362548828125,0.0010645495494827628,Tree Cover / Dense Forest,Calcisols,Dissected Hill Slope,Neutral Planar Drainage,923.9476807290212,0.98,1583.43,1
SMP_000099,25.12906,92.97418,Assam,Dima Hasao,716.0,25.127906799316406,340.717529296875,-0.0024029668420553207,Tree Cover / Dense Forest,Calcisols,Steep Mountain Ridge,Neutral Planar Drainage,481.8376375727025,0.395,1583.43,1
SMP_000100,25.13,93.27,Assam,Dima Hasao,548.0,21.704679489135742,15.627880096435547,0.0021646209061145782,Tree Cover / Dense Forest,Calcisols,Dissected Hill Slope,Neutral Planar Drainage,374.8431948303057,0.102,2013.4,1
SMP_000101,25.13,93.29,Assam,Dima Hasao,991.0,30.080554962158203,188.87442016601562,0.0010747183114290237,Tree Cover / Dense Forest,Lixisols,Steep Mountain Ridge,Neutral Planar Drainage,374.8431948303057,0.102,1499.93,1
SMP_000102,25.134,93.045,Assam,Dima Hasao,662.0,7.011451244354248,202.79869079589844,0.0027527553029358387,Tree Cover / Dense Forest,Calcisols,Valley Floor / Terrace,Neutral Planar Drainage,200.65396380058075,1.261,515.47,1
SMP_000103,25.134472,93.018972,Assam,Dima Hasao,743.0,15.618285179138184,69.65711975097656,-0.0045016976073384285,Tree Cover / Dense Forest,Calcisols,Dissected Hill Slope,Neutral Planar Drainage,256.657176748785,1.642,0.0,1
SMP_000104,25.135,93.04,Assam,Dima Hasao,622.0,14.561984062194824,260.4290771484375,0.0008922320557758212,Tree Cover / Dense Forest,Calcisols,Dissected Hill Slope,Neutral Planar Drainage,318.7535546780418,1.464,0.0,1
SMP_000105,25.135,93.04,Assam,Dima Hasao,622.0,14.561984062194824,260.4290771484375,0.0008922320557758212,Tree Cover / Dense Forest,Calcisols,Dissected Hill Slope,Neutral Planar Drainage,318.7535546780418,1.464,0.0,1
SMP_000106,25.136,93.04,Assam,Dima Hasao,620.0,8.586931228637695,288.7711181640625,0.002083546482026577,Tree Cover / Dense Forest,Calcisols,Valley Floor / Terrace,Neutral Planar Drainage,434.16784887527865,1.477,111.19,1
SMP_000107,25.137,93.04,Assam,Dima Hasao,631.0,9.339021682739258,321.9902648925781,0.00037514144787564874,Tree Cover / Dense Forest,Calcisols,Valley Floor / Terrace,Neutral Planar Drainage,545.7436649155679,1.49,0.0,1
SMP_000108,25.137,93.034,Assam,Dima Hasao,644.0,18.4107608795166,304.5894470214844,-0.0005019064410589635,Tree Cover / Dense Forest,Calcisols,Dissected Hill Slope,Neutral Planar Drainage,545.7436649155679,1.617,603.99,1
SMP_000109,25.137,93.04,Assam,Dima Hasao,631.0,9.339021682739258,321.9902648925781,0.00037514144787564874,Tree Cover / Dense Forest,Calcisols,Valley Floor / Terrace,Neutral Planar Drainage,545.7436649155679,1.49,0.0,1
SMP_000110,25.137,93.018,Assam,Dima Hasao,735.0,3.9651176929473877,148.95867919921875,-0.0028745050076395273,Tree Cover / Dense Forest,Calcisols,Valley Floor / Terrace,Neutral Planar Drainage,545.7436649155679,1.668,297.64,1
SMP_000111,25.139,93.025,Assam,Dima Hasao,607.0,13.455716133117676,95.1786117553711,-0.0069350325502455235,Tree Cover / Dense Forest,Calcisols,Dissected Hill Slope,Neutral Planar Drainage,752.9700396429879,1.655,0.0,1
SMP_000112,25.139,93.025,Assam,Dima Hasao,607.0,13.455716133117676,95.1786117553711,-0.0069350325502455235,Tree Cover / Dense Forest,Calcisols,Dissected Hill Slope,Neutral Planar Drainage,752.9700396429879,1.655,0.0,1
SMP_000113,25.139,93.04,Assam,Dima Hasao,643.0,15.18152141571045,75.00942993164062,0.002985947532579303,Tree Cover / Dense Forest,Calcisols,Dissected Hill Slope,Neutral Planar Drainage,752.9700396429879,1.515,222.39,1
SMP_000114,25.139611,93.019556,Assam,Dima Hasao,749.0,3.7529704570770264,54.819759368896484,-0.007720975670963526,Tree Cover / Dense Forest,Calcisols,Valley Floor / Terrace,Neutral Planar Drainage,811.0434795900283,1.642,0.0,1
SMP_000115,25.14,93.31,Assam,Dima Hasao,1057.0,12.810478210449219,70.5848388671875,-0.005160599015653133,Tree Cover / Dense Forest,Lixisols,Dissected Hill Slope,Neutral Planar Drainage,846.5500608933063,0.115,1006.62,1
SMP_000116,25.14,93.3,Assam,Dima Hasao,1186.0,12.077475547790527,297.01239013671875,-0.005130230914801359,Tree Cover / Dense Forest,Lixisols,Dissected Hill Slope,Neutral Planar Drainage,846.5500608933063,0.14,1006.62,1
SMP_000117,25.140417,93.020389,Assam,Dima Hasao,750.0,11.324307441711426,30.377532958984375,-0.006012432277202606,Tree Cover / Dense Forest,Calcisols,Valley Floor / Terrace,Neutral Planar Drainage,883.2725498296838,1.681,0.0,1
SMP_000118,25.142,93.04,Assam,Dima Hasao,670.0,9.381805419921875,103.22285461425781,-0.004445976112037897,Tree Cover / Dense Forest,Calcisols,Valley Floor / Terrace,Neutral Planar Drainage,1008.978010390358,1.566,0.0,1
SMP_000119,25.142,93.04,Assam,Dima Hasao,670.0,9.381805419921875,103.22285461425781,-0.004445976112037897,Tree Cover / Dense Forest,Calcisols,Valley Floor / Terrace,Neutral Planar Drainage,1008.978010390358,1.566,0.0,1
SMP_000120,25.145,93.158,Assam,Dima Hasao,1287.0,22.942380905151367,122.39167022705078,-0.001003812882117927,Tree Cover / Dense Forest,Calcisols,Dissected Hill Slope,Neutral Planar Drainage,1179.3233315473185,0.038,2676.26,1
SMP_000121,25.14525,93.029167,Assam,Dima Hasao,535.0,22.29700469970703,64.24781799316406,-0.0031177278142422438,Tree Cover / Dense Forest,Calcisols,Dissected Hill Slope,Neutral Planar Drainage,1189.1129988715325,1.693,0.0,1
SMP_000122,25.145861,93.024194,Assam,Dima Hasao,700.0,12.536747932434082,65.62216186523438,-0.005723518785089254,Tree Cover / Dense Forest,Calcisols,Dissected Hill Slope,Neutral Planar Drainage,1210.0314385006454,1.706,0.0,1
SMP_000123,25.146306,93.942167,Assam,Dima Hasao,1300.0,16.448354721069336,333.6464538574219,0.0015157499583438039,Tree Cover / Dense Forest,Calcisols,Dissected Hill Slope,Neutral Planar Drainage,1222.5456980090996,0.013,50688.74,1
SMP_000124,25.146778,93.030972,Assam,Dima Hasao,481.0,26.6910457611084,84.4537124633789,-0.0023167389445006847,Tree Cover / Dense Forest,Calcisols,Steep Mountain Ridge,Neutral Planar Drainage,1233.2816687470013,1.681,0.0,1
SMP_000125,25.148722,93.031917,Assam,Dima Hasao,453.0,20.059322357177734,61.76103210449219,0.0038528265431523323,Tree Cover / Dense Forest,Mountain Litho-Soil Complex,Dissected Hill Slope,Neutral Planar Drainage,1249.553482420086,1.655,0.0,1
SMP_000126,25.15,93.37,Assam,Dima Hasao,974.0,28.7357120513916,268.30718994140625,0.005054309964179993,Tree Cover / Dense Forest,Lixisols,Steep Mountain Ridge,Neutral Planar Drainage,1235.5988641104268,0.025,2441.04,1
SMP_000127,25.150694,93.025833,Assam,Dima Hasao,666.0,14.926737785339355,100.50233459472656,-0.005378883797675371,Tree Cover / Dense Forest,Calcisols,Dissected Hill Slope,Neutral Planar Drainage,1219.8917746338243,1.693,0.0,1
SMP_000128,25.155,93.067,Assam,Dima Hasao,508.0,16.989641189575195,233.07249450683594,0.0037412457168102264,Tree Cover / Dense Forest,Calcisols,Dissected Hill Slope,Neutral Planar Drainage,1001.5984455333698,0.98,0.0,1
SMP_000129,25.155,93.067,Assam,Dima Hasao,508.0,16.989641189575195,233.07249450683594,0.0037412457168102264,Tree Cover / Dense Forest,Calcisols,Dissected Hill Slope,Neutral Planar Drainage,1001.5984455333698,0.98,0.0,1
SMP_000130,25.155,93.073,Assam,Dima Hasao,603.0,9.449078559875488,308.0509948730469,-0.0019010603427886963,Tree Cover / Dense Forest,Mountain Litho-Soil Complex,Valley Floor / Terrace,Neutral Planar Drainage,1001.5984455333698,0.586,603.9,1
SMP_000131,25.155611,93.022222,Assam,Dima Hasao,610.0,13.797075271606445,171.63084411621094,-0.003219139762222767,Tree Cover / Dense Forest,Mountain Litho-Soil Complex,Dissected Hill Slope,Neutral Planar Drainage,955.1822732446726,1.732,0.0,1
SMP_000132,25.155722,93.022778,Assam,Dima Hasao,610.0,13.797075271606445,171.63084411621094,-0.003219139762222767,Tree Cover / Dense Forest,Mountain Litho-Soil Complex,Dissected Hill Slope,Neutral Planar Drainage,946.3819954211566,1.732,0.0,1
SMP_000133,25.156,93.018,Assam,Dima Hasao,597.0,12.815735816955566,341.68475341796875,0.0010138434590771794,Tree Cover / Dense Forest,Luvisols (Fertile Clay),Dissected Hill Slope,Neutral Planar Drainage,923.8594022501525,1.732,58.34,1
SMP_000134,25.156389,93.018389,Assam,Dima Hasao,625.0,24.912418365478516,351.1461181640625,0.002813491737470031,Tree Cover / Dense Forest,Calcisols,Dissected Hill Slope,Neutral Planar Drainage,891.2143652084083,1.732,0.0,1
SMP_000135,25.156583,93.019611,Assam,Dima Hasao,626.0,13.619649887084961,11.343764305114746,-0.0005170906079001725,Tree Cover / Dense Forest,Calcisols,Dissected Hill Slope,Neutral Planar Drainage,874.4549913530952,1.732,0.0,1
SMP_000136,25.156694,93.017667,Assam,Dima Hasao,617.0,24.579853057861328,352.51678466796875,0.00388319487683475,Tree Cover / Dense Forest,Calcisols,Dissected Hill Slope,Neutral Planar Drainage,864.7259004200271,1.732,0.0,1
SMP_000137,25.157,93.062,Assam,Dima Hasao,516.0,6.503809452056885,174.0011749267578,-0.008643575944006443,Tree Cover / Dense Forest,Mountain Litho-Soil Complex,Valley Floor / Terrace,Neutral Planar Drainage,837.389044679181,1.248,402.59,1
SMP_000138,25.157,93.066,Assam,Dima Hasao,480.0,14.982183456420898,281.6389465332031,0.0024536726996302605,Tree Cover / Dense Forest,Calcisols,Dissected Hill Slope,Neutral Planar Drainage,837.389044679181,1.057,244.11,1
SMP_000139,25.157139,93.017194,Assam,Dima Hasao,672.0,22.550580978393555,344.1825866699219,-0.0040555126033723354,Tree Cover / Dense Forest,Calcisols,Dissected Hill Slope,Neutral Planar Drainage,824.7262582378542,1.706,0.0,1
SMP_000140,25.157361,93.016083,Assam,Dima Hasao,648.0,23.10912322998047,327.9618225097656,-0.002651343122124672,Tree Cover / Dense Forest,Calcisols,Dissected Hill Slope,Neutral Planar Drainage,804.1928247324904,1.693,0.0,1
SMP_000141,25.159333,93.017,Assam,Dima Hasao,688.0,3.9651176929473877,211.04132080078125,-0.0015360877150669694,Tree Cover / Dense Forest,Mountain Litho-Soil Complex,Valley Floor / Terrace,Neutral Planar Drainage,606.7044620716256,1.732,0.0,1
SMP_000142,25.163444,93.023167,Assam,Dima Hasao,549.0,20.972938537597656,74.4779281616211,0.0050239418633282185,Tree Cover / Dense Forest,Calcisols,Dissected Hill Slope,Neutral Planar Drainage,135.5061081682814,1.77,0.0,1
SMP_000143,25.164,93.040194,Assam,Dima Hasao,460.0,16.02071189880371,4.760254859924316,0.0007654670625925064,Tree Cover / Dense Forest,Calcisols,Dissected Hill Slope,Neutral Planar Drainage,68.85785424174934,1.732,0.0,1
SMP_000144,25.165639,93.025444,Assam,Dima Hasao,500.0,20.260276794433594,133.4282684326172,-0.004141740035265684,Tree Cover / Dense Forest,Calcisols,Dissected Hill Slope,Neutral Planar Drainage,227.17129777412268,1.783,0.0,1
SMP_000145,25.169,93.155,Assam,Dima Hasao,956.0,12.005488395690918,171.9484405517578,0.001941597438417375,Tree Cover / Dense Forest,Calcisols,Dissected Hill Slope,Neutral Planar Drainage,608.6902792885719,0.204,100.64,1
SMP_000146,25.169,93.156,Assam,Dima Hasao,955.0,7.4627580642700195,161.43739318847656,-0.00035995731013827026,Tree Cover / Dense Forest,Calcisols,Valley Floor / Terrace,Neutral Planar Drainage,608.6902792885719,0.204,100.64,1
SMP_000147,25.17,93.36,Assam,Dima Hasao,1142.0,43.83115005493164,291.44158935546875,-0.005459958221763372,Tree Cover / Dense Forest,Lixisols,Steep Mountain Ridge,Neutral Planar Drainage,711.9232385965731,0.038,2441.04,1
SMP_000148,25.17,93.29,Assam,Dima Hasao,704.0,23.477705001831055,251.14459228515625,0.003822596510872245,Tree Cover / Dense Forest,Mountain Litho-Soil Complex,Dissected Hill Slope,Neutral Planar Drainage,711.9232385965731,0.178,1499.71,1
SMP_000149,25.171889,93.003944,Assam,Dima Hasao,729.0,13.17435073852539,49.772544860839844,-0.00046638460480608046,Tree Cover / Dense Forest,Calcisols,Dissected Hill Slope,Neutral Planar Drainage,888.1014479960245,1.566,183.05,1
SMP_000150,25.175056,93.020417,Assam,Dima Hasao,570.0,20.002798080444336,93.40109252929688,0.005870621185749769,Tree Cover / Dense Forest,Mountain Litho-Soil Complex,Dissected Hill Slope,Neutral Planar Drainage,1113.8881756577491,1.744,0.0,1
SMP_000151,25.175972,93.020167,Assam,Dima Hasao,605.0,24.705764770507812,114.99028015136719,-0.0010848871897906065,Tree Cover / Dense Forest,Mountain Litho-Soil Complex,Dissected Hill Slope,Neutral Planar Drainage,1160.204559988075,1.757,0.0,1
SMP_000152,25.176389,93.116139,Assam,Dima Hasao,561.0,13.187190055847168,151.11495971679688,0.004309042356908321,Tree Cover / Dense Forest,Mountain Litho-Soil Complex,Dissected Hill Slope,Neutral Planar Drainage,1178.2267087633943,0.306,0.0,1
SMP_000153,25.176917,93.026556,Assam,Dima Hasao,445.0,16.054019927978516,25.76789665222168,0.001723589259199798,Tree Cover / Dense Forest,Calcisols,Dissected Hill Slope,Neutral Planar Drainage,1198.2281929316193,1.833,0.0,1
SMP_000154,25.177028,93.020889,Assam,Dima Hasao,569.0,12.658868789672852,78.91289520263672,4.053714292240329e-05,Tree Cover / Dense Forest,Mountain Litho-Soil Complex,Dissected Hill Slope,Neutral Planar Drainage,1202.0276344509587,1.744,0.0,1
SMP_000155,25.1775,93.026222,Assam,Dima Hasao,482.0,13.971497535705566,12.444334030151367,-0.0011913145426660776,Tree Cover / Dense Forest,Calcisols,Dissected Hill Slope,Neutral Planar Drainage,1216.5934470151358,1.833,0.0,1
SMP_000156,25.179861,93.070778,Assam,Dima Hasao,509.0,9.22486400604248,66.4896240234375,-0.002058193553239107,Tree Cover / Dense Forest,Calcisols,Valley Floor / Terrace,Neutral Planar Drainage,1249.999898226651,0.42,0.0,1
SMP_000157,25.18,93.33,Assam,Dima Hasao,872.0,31.827552795410156,93.49079895019531,0.010945131070911884,Tree Cover / Dense Forest,Calcisols,Steep Mountain Ridge,Neutral Planar Drainage,1249.890843576586,0.204,3018.86,1
SMP_000158,25.18,93.3,Assam,Dima Hasao,877.0,28.466793060302734,271.14111328125,-0.008506503887474537,Tree Cover / Dense Forest,Calcisols,Steep Mountain Ridge,Neutral Planar Drainage,1249.890843576586,0.204,0.0,1
SMP_000159,25.18,93.3,Assam,Dima Hasao,877.0,28.466793060302734,271.14111328125,-0.008506503887474537,Tree Cover / Dense Forest,Calcisols,Steep Mountain Ridge,Neutral Planar Drainage,1249.890843576586,0.204,0.0,1
SMP_000160,25.18,93.3,Assam,Dima Hasao,877.0,28.466793060302734,271.14111328125,-0.008506503887474537,Tree Cover / Dense Forest,Calcisols,Steep Mountain Ridge,Neutral Planar Drainage,1249.890843576586,0.204,0.0,1
SMP_000161,25.184528,93.125639,Assam,Dima Hasao,648.0,15.681938171386719,180.0,0.0010848871897906065,Tree Cover / Dense Forest,Calcisols,Dissected Hill Slope,Neutral Planar Drainage,1121.8918272319404,0.255,0.0,1
SMP_000162,25.186,93.104,Assam,Dima Hasao,520.0,4.192135810852051,282.766357421875,0.0006336867809295654,Tree Cover / Dense Forest,Calcisols,Valley Floor / Terrace,Neutral Planar Drainage,1031.1737469712966,0.318,275.19,1
SMP_000163,25.18725,93.120556,Assam,Dima Hasao,651.0,1.854277491569519,146.49436950683594,-0.00381744303740561,Tree Cover / Dense Forest,Calcisols,Valley Floor / Terrace,Neutral Planar Drainage,937.3845656712276,0.255,0.0,1
SMP_000164,25.188,93.066,Assam,Dima Hasao,713.0,2.9950873851776123,245.62216186523438,-0.002828675787895918,Tree Cover / Dense Forest,Calcisols,Valley Floor / Terrace,Neutral Planar Drainage,874.3613873066228,0.598,1024.8,1
SMP_000165,25.188444,93.019667,Assam,Dima Hasao,510.0,15.644171714782715,106.80970001220703,0.00035995731013827026,Tree Cover / Dense Forest,Calcisols,Dissected Hill Slope,Neutral Planar Drainage,834.8437562766901,1.528,0.0,1
SMP_000166,25.189,93.192,Assam,Dima Hasao,802.0,12.803116798400879,128.14845275878906,0.0012166674714535475,Tree Cover / Dense Forest,Calcisols,Dissected Hill Slope,Neutral Planar Drainage,783.1857387003722,0.076,149.96,1
SMP_000167,25.189,93.226,Assam,Dima Hasao,1448.0,24.95100975036621,183.6704864501953,-0.006418080069124699,Tree Cover / Dense Forest,Lixisols,Dissected Hill Slope,Neutral Planar Drainage,783.1857387003722,0.102,2706.91,1
SMP_000168,25.189556,93.096417,Assam,Dima Hasao,521.0,19.97280502319336,11.343764305114746,0.0045016976073384285,Tree Cover / Dense Forest,Calcisols,Dissected Hill Slope,Neutral Planar Drainage,729.2617638903389,0.357,0.0,1
SMP_000169,25.19,93.191,Assam,Dima Hasao,805.0,10.662117004394531,140.7402801513672,-0.000684392754919827,Tree Cover / Dense Forest,Calcisols,Valley Floor / Terrace,Neutral Planar Drainage,684.6843405524202,0.089,149.96,1
SMP_000170,25.19,93.3,Assam,Dima Hasao,735.0,10.369346618652344,193.17294311523438,-0.0016780368750914931,Tree Cover / Dense Forest,Calcisols,Valley Floor / Terrace,Neutral Planar Drainage,684.6843405524202,0.191,0.0,1
SMP_000171,25.19,93.3,Assam,Dima Hasao,735.0,10.369346618652344,193.17294311523438,-0.0016780368750914931,Tree Cover / Dense Forest,Calcisols,Valley Floor / Terrace,Neutral Planar Drainage,684.6843405524202,0.191,0.0,1
SMP_000172,25.19,93.3,Assam,Dima Hasao,735.0,10.369346618652344,193.17294311523438,-0.0016780368750914931,Tree Cover / Dense Forest,Calcisols,Valley Floor / Terrace,Neutral Planar Drainage,684.6843405524202,0.191,0.0,1
SMP_000173,25.191,93.192,Assam,Dima Hasao,781.0,13.073129653930664,140.10800170898438,-0.0017591111827641726,Tree Cover / Dense Forest,Calcisols,Dissected Hill Slope,Neutral Planar Drainage,579.8413862724295,0.089,149.96,1
SMP_000174,25.193083,93.120417,Assam,Dima Hasao,660.0,3.7618038654327393,265.2899475097656,-0.007183547597378492,Tree Cover / Dense Forest,Mountain Litho-Soil Complex,Valley Floor / Terrace,Neutral Planar Drainage,345.73142006232393,0.255,0.0,1
SMP_000175,25.196694,93.018583,Assam,Dima Hasao,460.0,19.810070037841797,136.0069122314453,-0.00015211800928227603,Tree Cover / Dense Forest,Calcisols,Dissected Hill Slope,Neutral Planar Drainage,184.2286848398971,1.426,0.0,1
SMP_000176,25.199722,93.016722,Assam,Dima Hasao,403.0,23.607248306274414,192.59686279296875,0.00021800815011374652,Tree Cover / Dense Forest,Calcisols,Dissected Hill Slope,Neutral Planar Drainage,533.7091179744197,1.413,0.0,1
SMP_000177,25.2,93.25,Assam,Dima Hasao,1189.0,24.145458221435547,181.5229949951172,-0.0073254965245723724,Tree Cover / Dense Forest,Lixisols,Dissected Hill Slope,Neutral Planar Drainage,564.0480181788412,0.127,0.0,1
SMP_000178,25.2,93.25,Assam,Dima Hasao,1189.0,24.145458221435547,181.5229949951172,-0.0073254965245723724,Tree Cover / Dense Forest,Lixisols,Dissected Hill Slope,Neutral Planar Drainage,564.0480181788412,0.127,0.0,1
SMP_000179,25.201,93.122,Assam,Dima Hasao,593.0,13.428518295288086,292.607421875,-0.0009581222548149526,Tree Cover / Dense Forest,Calcisols,Dissected Hill Slope,Neutral Planar Drainage,669.7315092861329,0.28,686.34,1
SMP_000180,25.204,93.059,Assam,Dima Hasao,570.0,12.226835250854492,58.4521369934082,-0.0037260616663843393,Tree Cover / Dense Forest,Calcisols,Dissected Hill Slope,Neutral Planar Drainage,945.7245325277111,0.535,111.19,1
SMP_000181,25.204556,93.138889,Assam,Dima Hasao,590.0,17.955415725708008,42.856407165527344,-0.0012268363498151302,Tree Cover / Dense Forest,Mountain Litho-Soil Complex,Dissected Hill Slope,Neutral Planar Drainage,988.716735459515,0.306,1306.64,1
SMP_000182,25.205,93.059,Assam,Dima Hasao,570.0,7.234992504119873,99.79444122314453,0.00024336116621270776,Tree Cover / Dense Forest,Calcisols,Valley Floor / Terrace,Neutral Planar Drainage,1020.9713318358428,0.535,111.19,1
SMP_000183,25.205,93.008,Assam,Dima Hasao,378.0,12.658868789672852,101.08710479736328,-0.0012064987095072865,Tree Cover / Dense Forest,Calcisols,Dissected Hill Slope,Neutral Planar Drainage,1020.9713318358428,1.07,1010.14,1
SMP_000184,25.205528,93.020139,Assam,Dima Hasao,350.0,16.07303237915039,327.4822082519531,0.00238778255879879,Tree Cover / Dense Forest,Calcisols,Dissected Hill Slope,Neutral Planar Drainage,1056.8319951964322,1.07,0.0,1
SMP_000185,25.206,93.126,Assam,Dima Hasao,772.0,23.121505737304688,282.4130554199219,-0.004557556938380003,Tree Cover / Dense Forest,Calcisols,Dissected Hill Slope,Neutral Planar Drainage,1086.5165065567378,0.28,359.07,1
SMP_000186,25.207389,93.122778,Assam,Dima Hasao,677.0,13.751985549926758,306.5578308105469,0.0018098171567544341,Tree Cover / Dense Forest,Calcisols,Dissected Hill Slope,Neutral Planar Drainage,1160.2534458256848,0.28,0.0,1
SMP_000187,25.208,93.121,Assam,Dima Hasao,689.0,15.681938171386719,0.0,-0.0012673735618591309,Tree Cover / Dense Forest,Mountain Litho-Soil Complex,Dissected Hill Slope,Neutral Planar Drainage,1185.9858383864057,0.28,191.34,1
SMP_000188,25.21,93.25,Assam,Dima Hasao,1208.0,18.99237632751465,316.1852722167969,-0.0031329120974987745,Tree Cover / Dense Forest,Calcisols,Dissected Hill Slope,Neutral Planar Drainage,1240.1669996503708,0.153,1111.95,1
SMP_000189,25.21,93.31,Assam,Dima Hasao,870.0,15.602601051330566,194.83209228515625,-0.0005677966400980949,Tree Cover / Dense Forest,Calcisols,Dissected Hill Slope,Neutral Planar Drainage,1240.1669996503708,0.255,0.0,1
SMP_000190,25.21,93.31,Assam,Dima Hasao,870.0,15.602601051330566,194.83209228515625,-0.0005677966400980949,Tree Cover / Dense Forest,Calcisols,Dissected Hill Slope,Neutral Planar Drainage,1240.1669996503708,0.255,0.0,1
SMP_000191,25.214944,93.021611,Assam,Dima Hasao,623.0,21.537792205810547,244.90823364257812,0.004354733042418957,Tree Cover / Dense Forest,Calcisols,Dissected Hill Slope,Neutral Planar Drainage,1170.392662021141,0.738,0.0,1
SMP_000192,25.216881,92.982245,Assam,Dima Hasao,662.0,6.464838027954102,87.26903533935547,-0.00012676502228714526,Tree Cover / Dense Forest,Luvisols (Fertile Clay),Valley Floor / Terrace,Neutral Planar Drainage,1066.7090053138932,0.369,1876.93,1
SMP_000193,25.216944,93.011361,Assam,Dima Hasao,511.0,22.267244338989258,240.79962158203125,-0.003918716683983803,Tree Cover / Dense Forest,Calcisols,Dissected Hill Slope,Neutral Planar Drainage,1062.673116559054,0.675,0.0,1
SMP_000194,25.2185,93.013111,Assam,Dima Hasao,513.0,20.233192443847656,219.07382202148438,-0.005064478609710932,Tree Cover / Dense Forest,Calcisols,Dissected Hill Slope,Neutral Planar Drainage,950.6654233925026,0.675,0.0,1
SMP_000195,25.22,93.29,Assam,Dima Hasao,885.0,4.8069658279418945,320.39111328125,0.005850283429026604,Tree Cover / Dense Forest,Lixisols,Valley Floor / Terrace,Neutral Planar Drainage,822.0519303796804,0.242,0.0,1
SMP_000196,25.22,93.29,Assam,Dima Hasao,885.0,4.8069658279418945,320.39111328125,0.005850283429026604,Tree Cover / Dense Forest,Lixisols,Valley Floor / Terrace,Neutral Planar Drainage,822.0519303796804,0.242,0.0,1
SMP_000197,25.22,93.34,Assam,Dima Hasao,1294.0,22.733354568481445,148.26071166992188,0.0010747183114290237,Tree Cover / Dense Forest,Lixisols,Dissected Hill Slope,Neutral Planar Drainage,822.0519303796804,0.102,0.0,1
SMP_000198,25.22,93.34,Assam,Dima Hasao,1294.0,22.733354568481445,148.26071166992188,0.0010747183114290237,Tree Cover / Dense Forest,Lixisols,Dissected Hill Slope,Neutral Planar Drainage,822.0519303796804,0.102,0.0,1
SMP_000199,25.22,93.35,Assam,Dima Hasao,1173.0,23.519515991210938,103.63288116455078,-0.0020937155932188034,Tree Cover / Dense Forest,Calcisols,Dissected Hill Slope,Neutral Planar Drainage,822.0519303796804,0.102,1005.96,1
SMP_000200,25.22,93.32,Assam,Dima Hasao,973.0,9.547198295593262,320.39111328125,-0.0010848871897906065,Tree Cover / Dense Forest,Calcisols,Valley Floor / Terrace,Neutral Planar Drainage,822.0519303796804,0.242,1499.49,1
SMP_000201,25.22,93.29,Assam,Dima Hasao,885.0,4.8069658279418945,320.39111328125,0.005850283429026604,Tree Cover / Dense Forest,Lixisols,Valley Floor / Terrace,Neutral Planar Drainage,822.0519303796804,0.242,0.0,1
SMP_000202,25.224278,93.222861,Assam,Dima Hasao,619.0,5.720895767211914,225.5251922607422,0.00697055459022522,Tree Cover / Dense Forest,Calcisols,Valley Floor / Terrace,Neutral Planar Drainage,371.3506703393201,0.102,3158.2,1
SMP_000203,25.229556,93.1556,Assam,Dima Hasao,453.0,16.5557804107666,36.95425796508789,-5.070600673207082e-05,Tree Cover / Dense Forest,Calcisols,Dissected Hill Slope,Neutral Planar Drainage,354.66711875331066,0.127,631.57,1
SMP_000204,25.23,93.34,Assam,Dima Hasao,1304.0,23.40993881225586,3.9449355602264404,-0.003629803191870451,Tree Cover / Dense Forest,Calcisols,Dissected Hill Slope,Neutral Planar Drainage,405.88412318219133,0.089,1111.95,1
SMP_000205,25.23,93.29,Assam,Dima Hasao,947.0,21.616039276123047,285.813232421875,-0.0007502828957512975,Tree Cover / Dense Forest,Lixisols,Dissected Hill Slope,Neutral Planar Drainage,405.88412318219133,0.178,1111.95,1
SMP_000206,25.238045,92.801279,Assam,Dima Hasao,1273.0,0.7065478563308716,28.88503646850586,-0.002058193553239107,Tree Cover / Dense Forest,Lixisols,Valley Floor / Terrace,Neutral Planar Drainage,1122.479764958201,0.025,2339.97,1
SMP_000207,25.24,93.28,Assam,Dima Hasao,962.0,10.407082557678223,358.1412658691406,0.00495791295543313,Tree Cover / Dense Forest,Lixisols,Valley Floor / Terrace,Neutral Planar Drainage,1206.6219551340785,0.14,1005.79,1
SMP_000208,25.24,93.27,Assam,Dima Hasao,1083.0,10.923203468322754,197.97943115234375,-0.0005170906079001725,Tree Cover / Dense Forest,Mountain Litho-Soil Complex,Valley Floor / Terrace,Neutral Planar Drainage,1206.6219551340785,0.153,0.0,1
SMP_000209,25.24,93.27,Assam,Dima Hasao,1083.0,10.923203468322754,197.97943115234375,-0.0005170906079001725,Tree Cover / Dense Forest,Mountain Litho-Soil Complex,Valley Floor / Terrace,Neutral Planar Drainage,1206.6219551340785,0.153,0.0,1
SMP_000210,25.242,93.14,Assam,Dima Hasao,642.0,13.308584213256836,339.3554382324219,-0.005419282708317041,Tree Cover / Dense Forest,Calcisols,Dissected Hill Slope,Neutral Planar Drainage,1247.0865632515938,0.14,321.3,1
SMP_000211,25.257696,92.809603,Assam,Dima Hasao,1171.0,6.407593727111816,121.92648315429688,-0.003888348350301385,Tree Cover / Dense Forest,Lixisols,Valley Floor / Terrace,Neutral Planar Drainage,135.00094081623445,0.038,2339.97,1
SMP_000212,25.263528,93.390611,Assam,Dima Hasao,837.0,22.841888427734375,303.4459228515625,-0.0019619350787252188,Tree Cover / Dense Forest,Lixisols,Dissected Hill Slope,Neutral Planar Drainage,638.2267325624007,0.025,1903.19,1
SMP_000213,25.264056,93.409528,Assam,Dima Hasao,854.0,24.8444881439209,338.88433837890625,-0.0064179422333836555,Tree Cover / Dense Forest,Calcisols,Dissected Hill Slope,Neutral Planar Drainage,692.606927984471,0.025,1903.19,1
SMP_000214,25.278472,93.252972,Assam,Dima Hasao,851.0,21.529922485351562,16.67234230041504,0.003163418499752879,Tree Cover / Dense Forest,Kastanozems,Dissected Hill Slope,Neutral Planar Drainage,1137.7833253215204,0.102,54.28,1
SMP_000215,25.278917,93.253194,Assam,Dima Hasao,888.0,20.944501876831055,19.07716941833496,0.0015969625674188137,Tree Cover / Dense Forest,Kastanozems,Dissected Hill Slope,Neutral Planar Drainage,1114.1665188136096,0.102,54.28,1
SMP_000216,25.282861,93.296111,Assam,Dima Hasao,766.0,22.444597244262695,186.62493896484375,-0.0015512718819081783,Tree Cover / Dense Forest,Lixisols,Dissected Hill Slope,Neutral Planar Drainage,819.3710436093298,0.051,500.95,1
SMP_000217,25.290089,92.799175,Assam,Dima Hasao,1085.0,9.778550148010254,296.012939453125,-0.0011355932801961899,Tree Cover / Dense Forest,Lixisols,Valley Floor / Terrace,Neutral Planar Drainage,82.17277665564808,0.051,3751.45,1
SMP_000218,25.308028,93.471028,Assam,Dima Hasao,1593.0,16.804576873779297,108.7711181640625,0.00295042572543025,Tree Cover / Dense Forest,Lixisols,Dissected Hill Slope,Neutral Planar Drainage,1212.7193851687935,0.025,125.02,1
SMP_000219,25.309111,93.470694,Assam,Dima Hasao,1593.0,8.425378799438477,40.0527229309082,0.005855299066752195,Tree Cover / Dense Forest,Lixisols,Valley Floor / Terrace,Neutral Planar Drainage,1173.8279043600076,0.025,125.02,1
SMP_000220,25.320232,92.818091,Assam,Dima Hasao,1014.0,5.625304698944092,21.277307510375977,-6.589015538338572e-05,Tree Cover / Dense Forest,Mountain Litho-Soil Complex,Valley Floor / Terrace,Neutral Planar Drainage,170.37176790352294,0.051,1132.44,1
SMP_000221,25.323731,92.80751,Assam,Dima Hasao,1061.0,2.4665026664733887,104.51758575439453,9.124314965447411e-05,Tree Cover / Dense Forest,Lixisols,Valley Floor / Terrace,Neutral Planar Drainage,346.2117413074543,0.064,1132.44,1
SMP_000222,25.328139,93.334056,Assam,Dima Hasao,561.0,16.493234634399414,55.57883071899414,0.0010391965042799711,Tree Cover / Dense Forest,Calcisols,Dissected Hill Slope,Neutral Planar Drainage,814.0493256515767,0.025,442.45,1
SMP_000223,25.332083,93.334639,Assam,Dima Hasao,532.0,8.825340270996094,93.98797607421875,0.00777669670060277,Tree Cover / Dense Forest,Calcisols,Valley Floor / Terrace,Neutral Planar Drainage,1110.951785074289,0.025,442.45,1
SMP_000224,25.336054,92.82053,Assam,Dima Hasao,1013.0,7.156870365142822,94.93325805664062,-0.0017439270159229636,Tree Cover / Dense Forest,Lixisols,Valley Floor / Terrace,Neutral Planar Drainage,1245.2425206647558,0.051,1776.32,1
SMP_000225,25.362583,93.257722,Assam,Dima Hasao,388.0,16.10067367553711,75.92704772949219,-0.004557418636977673,Tree Cover / Dense Forest,Mountain Litho-Soil Complex,Dissected Hill Slope,Neutral Planar Drainage,1055.2206540029233,0.038,861.66,1
SMP_000226,25.369972,93.260306,Assam,Dima Hasao,373.0,5.053884029388428,47.81373977661133,-0.006534676533192396,Tree Cover / Dense Forest,Mountain Litho-Soil Complex,Valley Floor / Terrace,Neutral Planar Drainage,1234.4555196543406,0.064,861.66,1
SMP_000227,25.387,93.12,Assam,Dima Hasao,326.0,10.084121704101562,129.60769653320312,-0.0032596769742667675,Tree Cover / Dense Forest,Calcisols,Valley Floor / Terrace,Neutral Planar Drainage,396.7469247347527,0.102,242.03,1
SMP_000228,25.394111,93.410417,Assam,Dima Hasao,505.0,3.297977924346924,55.79484558105469,0.006195056717842817,Tree Cover / Dense Forest,Calcisols,Valley Floor / Terrace,Neutral Planar Drainage,1062.5025140266457,0.204,957.54,1
SMP_000229,25.395431,92.990267,Assam,Dima Hasao,403.0,19.664134979248047,117.92826843261719,-0.0005424435948953032,Tree Cover / Dense Forest,Calcisols,Dissected Hill Slope,Neutral Planar Drainage,1138.4662341998178,0.076,2975.28,1
SMP_000230,25.398083,93.297528,Assam,Dima Hasao,354.0,11.465743064880371,266.9483337402344,-0.002037994097918272,Tree Cover / Dense Forest,Mountain Litho-Soil Complex,Valley Floor / Terrace,Neutral Planar Drainage,1232.831323673141,0.076,1828.78,1
SMP_000231,25.402333,93.407583,Assam,Dima Hasao,490.0,9.53548526763916,125.34748077392578,0.004288705065846443,Tree Cover / Dense Forest,Lixisols,Valley Floor / Terrace,Neutral Planar Drainage,1211.002122226092,0.331,957.54,1
SMP_000232,25.402472,93.390444,Assam,Dima Hasao,464.0,21.010175704956055,176.4429473876953,0.0018807225860655308,Tree Cover / Dense Forest,Lixisols,Dissected Hill Slope,Neutral Planar Drainage,1206.6723255836955,0.28,175.8,1
SMP_000233,25.4025,93.392194,Assam,Dima Hasao,456.0,15.52469253540039,166.35574340820312,0.0012064987095072865,Tree Cover / Dense Forest,Mountain Litho-Soil Complex,Dissected Hill Slope,Neutral Planar Drainage,1205.7730660560185,0.267,175.8,1
SMP_000234,25.404,93.132,Assam,Dima Hasao,260.0,18.883487701416016,257.233642578125,0.0012673735618591309,Tree Cover / Dense Forest,Calcisols,Dissected Hill Slope,Neutral Planar Drainage,1144.5589484446225,0.102,149.84,1
SMP_000235,25.405,93.133,Assam,Dima Hasao,307.0,4.487516403198242,303.39019775390625,-0.008486442267894745,Tree Cover / Dense Forest,Calcisols,Valley Floor / Terrace,Neutral Planar Drainage,1089.985182211654,0.102,149.84,1
SMP_000236,25.405,93.372194,Assam,Dima Hasao,439.0,9.595483779907227,188.1028289794922,0.00021800815011374652,Tree Cover / Dense Forest,Calcisols,Valley Floor / Terrace,Neutral Planar Drainage,1089.985182211654,0.331,1393.45,1
SMP_000237,25.40837,92.82826,Assam,Dima Hasao,895.0,13.503705024719238,43.99308776855469,0.0020480246748775244,Tree Cover / Dense Forest,Lixisols,Dissected Hill Slope,Neutral Planar Drainage,833.5253909559323,0.025,4712.28,1
SMP_000238,25.408497,93.283436,Assam,Dima Hasao,287.0,9.729122161865234,69.73401641845703,-0.0005931496270932257,Tree Cover / Dense Forest,Mountain Litho-Soil Complex,Valley Floor / Terrace,Neutral Planar Drainage,821.9195632770857,0.089,241.8,1
SMP_000239,25.410611,93.284,Assam,Dima Hasao,272.0,10.137093544006348,88.26960754394531,0.0026209750212728977,Tree Cover / Dense Forest,Mountain Litho-Soil Complex,Valley Floor / Terrace,Neutral Planar Drainage,611.9504289707954,0.076,241.8,1
SMP_000240,25.416056,93.284222,Assam,Dima Hasao,274.0,15.321441650390625,290.7759704589844,0.00236242963001132,Tree Cover / Dense Forest,Mountain Litho-Soil Complex,Dissected Hill Slope,Neutral Planar Drainage,118.5345825757186,0.089,605.87,1
SMP_000241,25.41616,92.778653,Assam,Dima Hasao,957.0,1.6056715250015259,219.60888671875,0.0006793775246478617,Tree Cover / Dense Forest,Lixisols,Valley Floor / Terrace,Neutral Planar Drainage,130.99028141060808,0.013,5057.07,1
SMP_000242,25.417333,93.129083,Assam,Dima Hasao,384.0,6.935773849487305,231.58489990234375,-0.003568928223103285,Tree Cover / Dense Forest,Calcisols,Valley Floor / Terrace,Neutral Planar Drainage,270.55094232711957,0.102,0.0,1
SMP_000243,25.417528,93.372528,Assam,Dima Hasao,407.0,8.187832832336426,276.4634094238281,0.0013332637026906013,Tree Cover / Dense Forest,Calcisols,Valley Floor / Terrace,Neutral Planar Drainage,293.50893643007913,0.433,329.49,1
SMP_000244,25.42,93.002,Assam,Dima Hasao,274.0,4.6795973777771,351.630859375,-0.0033509202767163515,Tree Cover / Dense Forest,Mountain Litho-Soil Complex,Valley Floor / Terrace,Neutral Planar Drainage,573.6255522337948,0.089,488.03,1
SMP_000245,25.420278,93.371306,Assam,Dima Hasao,408.0,6.79433012008667,270.0,-0.004288842901587486,Tree Cover / Dense Forest,Calcisols,Valley Floor / Terrace,Neutral Planar Drainage,603.4358460853103,0.446,63.85,1
SMP_000246,25.420806,93.371056,Assam,Dima Hasao,390.0,6.151053428649902,275.7503356933594,0.000669208646286279,Tree Cover / Dense Forest,Calcisols,Valley Floor / Terrace,Neutral Planar Drainage,658.8576636613635,0.446,63.85,1
SMP_000247,25.421333,93.370361,Assam,Dima Hasao,387.0,4.119017124176025,318.5650939941406,0.00013178031076677144,Tree Cover / Dense Forest,Calcisols,Valley Floor / Terrace,Neutral Planar Drainage,712.4824252677702,0.433,91.14,1
SMP_000248,25.422535,92.989119,Assam,Dima Hasao,208.0,12.196771621704102,82.82556915283203,-1.5184132280410267e-05,Tree Cover / Dense Forest,Mountain Litho-Soil Complex,Dissected Hill Slope,Neutral Planar Drainage,827.6801185687187,0.089,423.52,1
SMP_000249,25.423438,92.985022,Assam,Dima Hasao,258.0,19.8017635345459,317.2857360839844,0.0023269078228622675,Tree Cover / Dense Forest,Mountain Litho-Soil Complex,Dissected Hill Slope,Neutral Planar Drainage,906.9247192668204,0.089,369.65,1
SMP_000250,25.423806,93.369722,Assam,Dima Hasao,398.0,2.302849054336548,323.662353515625,0.0043699173256754875,Tree Cover / Dense Forest,Calcisols,Valley Floor / Terrace,Neutral Planar Drainage,937.2513198023095,0.433,31.23,1
SMP_000251,25.423861,93.369417,Assam,Dima Hasao,404.0,7.38300085067749,0.0,-0.0033357359934598207,Tree Cover / Dense Forest,Calcisols,Valley Floor / Terrace,Neutral Planar Drainage,941.6816091991363,0.433,31.23,1
SMP_000252,25.424,93.0,Assam,Dima Hasao,250.0,16.715599060058594,287.7958068847656,-0.0021342525724321604,Tree Cover / Dense Forest,Calcisols,Dissected Hill Slope,Neutral Planar Drainage,952.7576316372482,0.089,488.03,1
SMP_000253,25.4255,93.363944,Assam,Dima Hasao,391.0,11.359756469726562,297.1838684082031,-0.0022356645204126835,Tree Cover / Dense Forest,Calcisols,Valley Floor / Terrace,Neutral Planar Drainage,1060.7645620946068,0.407,51.71,1
SMP_000254,25.425611,93.364444,Assam,Dima Hasao,391.0,11.359756469726562,297.1838684082031,-0.0022356645204126835,Tree Cover / Dense Forest,Calcisols,Valley Floor / Terrace,Neutral Planar Drainage,1067.8816679965184,0.42,51.71,1
SMP_000255,25.428597,93.312597,Assam,Dima Hasao,368.0,8.402251243591309,9.28365707397461,-0.0016171620227396488,Tree Cover / Dense Forest,Mountain Litho-Soil Complex,Valley Floor / Terrace,Neutral Planar Drainage,1209.8057309817707,0.102,1744.38,1
SMP_000256,25.433903,93.328944,Assam,Dima Hasao,434.0,12.675907135009766,329.7861022949219,-0.003862995421513915,Tree Cover / Dense Forest,Calcisols,Dissected Hill Slope,Neutral Planar Drainage,1206.1893464310108,0.229,1744.38,1
SMP_000257,25.434031,92.885056,Assam,Dima Hasao,631.0,8.476171493530273,92.0761947631836,-0.004658830817788839,Tree Cover / Dense Forest,Calcisols,Valley Floor / Terrace,Neutral Planar Drainage,1201.9822542826553,0.051,1106.56,1
SMP_000258,25.435639,93.405944,Assam,Dima Hasao,404.0,9.015518188476562,148.28842163085938,-0.0019517663167789578,Tree Cover / Dense Forest,Calcisols,Valley Floor / Terrace,Neutral Planar Drainage,1133.3151147231365,0.522,111.23,1
SMP_000259,25.435917,93.455944,Assam,Dima Hasao,468.0,12.627758979797363,318.3366394042969,0.00406066607683897,Tree Cover / Dense Forest,Mountain Litho-Soil Complex,Dissected Hill Slope,Neutral Planar Drainage,1118.5489329488248,0.153,218.27,1
SMP_000260,25.4365,93.402333,Assam,Dima Hasao,374.0,3.3987374305725098,180.0,0.0028338294941931963,Tree Cover / Dense Forest,Calcisols,Valley Floor / Terrace,Neutral Planar Drainage,1084.9150848628778,0.522,65.04,1
SMP_000261,25.436528,93.4065,Assam,Dima Hasao,386.0,3.415752649307251,185.72801208496094,0.0010595342610031366,Tree Cover / Dense Forest,Calcisols,Valley Floor / Terrace,Neutral Planar Drainage,1083.2102733263516,0.535,59.83,1
SMP_000262,25.436639,93.405917,Assam,Dima Hasao,388.0,7.655526161193848,164.5787811279297,0.0012166674714535475,Tree Cover / Dense Forest,Calcisols,Valley Floor / Terrace,Neutral Planar Drainage,1076.372337223384,0.522,59.83,1
SMP_000263,25.436694,93.402944,Assam,Dima Hasao,377.0,4.940159320831299,235.7948455810547,0.0016678679967299104,Tree Cover / Dense Forest,Calcisols,Valley Floor / Terrace,Neutral Planar Drainage,1072.9372641696239,0.522,65.04,1
SMP_000264,25.436861,93.404583,Assam,Dima Hasao,386.0,7.5206217765808105,222.59796142578125,-0.00042584745096974075,Tree Cover / Dense Forest,Calcisols,Valley Floor / Terrace,Neutral Planar Drainage,1062.3179489801614,0.522,72.41,1
SMP_000265,25.436972,93.454111,Assam,Dima Hasao,466.0,9.351842880249023,349.5799255371094,0.002859182422980666,Tree Cover / Dense Forest,Mountain Litho-Soil Complex,Valley Floor / Terrace,Neutral Planar Drainage,1055.1032284630148,0.204,218.27,1
SMP_000266,25.437111,93.403639,Assam,Dima Hasao,376.0,0.0,0.0,0.0005170906079001725,Tree Cover / Dense Forest,Calcisols,Valley Floor / Terrace,Neutral Planar Drainage,1045.8940504291252,0.522,83.79,1
SMP_000267,25.4375,93.404444,Assam,Dima Hasao,377.0,2.864131450653076,193.77684020996094,0.0010493653826415539,Tree Cover / Dense Forest,Calcisols,Valley Floor / Terrace,Neutral Planar Drainage,1019.1046874100966,0.522,72.41,1
SMP_000268,25.437722,93.349889,Assam,Dima Hasao,393.0,5.009728908538818,72.06420135498047,0.001150777330622077,Tree Cover / Dense Forest,Mountain Litho-Soil Complex,Valley Floor / Terrace,Neutral Planar Drainage,1003.1562908595325,0.293,469.88,1
SMP_000269,25.438694,93.362583,Assam,Dima Hasao,370.0,9.381805419921875,76.77714538574219,-0.002276201732456684,Tree Cover / Dense Forest,Mountain Litho-Soil Complex,Valley Floor / Terrace,Neutral Planar Drainage,927.9064582997884,0.407,845.44,1
SMP_000270,25.438723,92.912025,Assam,Dima Hasao,569.0,13.686834335327148,192.7180633544922,-0.0028084765654057264,Tree Cover / Dense Forest,Mountain Litho-Soil Complex,Dissected Hill Slope,Neutral Planar Drainage,925.5302930752296,0.051,575.4,1
SMP_000271,25.439372,93.354197,Assam,Dima Hasao,402.0,10.18950080871582,201.3813934326172,-0.0004613692872226238,Tree Cover / Dense Forest,Calcisols,Valley Floor / Terrace,Neutral Planar Drainage,870.4650439638826,0.331,469.88,1
SMP_000272,25.441734,92.892033,Assam,Dima Hasao,610.0,10.654684066772461,224.15623474121094,-0.005317870527505875,Tree Cover / Dense Forest,Mountain Litho-Soil Complex,Valley Floor / Terrace,Neutral Planar Drainage,642.7635751389987,0.051,1106.56,1
SMP_000273,25.441757,92.907383,Assam,Dima Hasao,573.0,8.735098838806152,104.2391586303711,-0.003847811371088028,Tree Cover / Dense Forest,Calcisols,Valley Floor / Terrace,Neutral Planar Drainage,640.3622469475918,0.051,575.4,1
SMP_000274,25.443082,92.989873,Assam,Dima Hasao,288.0,17.540531158447266,138.72698974609375,-0.0015614406438544393,Tree Cover / Dense Forest,Mountain Litho-Soil Complex,Dissected Hill Slope,Neutral Planar Drainage,497.16477639298216,0.076,2116.85,1
SMP_000275,25.443417,93.421444,Assam,Dima Hasao,411.0,6.6175923347473145,221.8760528564453,-0.0022913857828825712,Tree Cover / Dense Forest,Lixisols,Valley Floor / Terrace,Neutral Planar Drainage,459.6161836625157,0.318,147.48,1
SMP_000276,25.443639,93.431444,Assam,Dima Hasao,455.0,6.750564098358154,233.63299560546875,0.005054309964179993,Tree Cover / Dense Forest,Mountain Litho-Soil Complex,Valley Floor / Terrace,Neutral Planar Drainage,434.4773741168967,0.267,498.31,1
SMP_000277,25.443861,93.426222,Assam,Dima Hasao,417.0,15.232609748840332,187.54238891601562,0.003518222365528345,Tree Cover / Dense Forest,Luvisols (Fertile Clay),Dissected Hill Slope,Neutral Planar Drainage,409.14908652530875,0.293,33.53,1
SMP_000278,25.443972,93.422778,Assam,Dima Hasao,399.0,9.33969497680664,226.41995239257812,0.003219139762222767,Tree Cover / Dense Forest,Calcisols,Valley Floor / Terrace,Neutral Planar Drainage,396.417785694361,0.306,122.83,1
SMP_000279,25.444028,93.4265,Assam,Dima Hasao,425.0,15.262969970703125,217.6812286376953,0.002169774379581213,Tree Cover / Dense Forest,Lixisols,Dissected Hill Slope,Neutral Planar Drainage,389.97849021469074,0.28,33.53,1
SMP_000280,25.444167,93.425528,Assam,Dima Hasao,417.0,15.232609748840332,187.54238891601562,0.003518222365528345,Tree Cover / Dense Forest,Lixisols,Dissected Hill Slope,Neutral Planar Drainage,373.94959541528635,0.293,77.55,1
SMP_000281,25.444194,93.424694,Assam,Dima Hasao,419.0,14.832505226135254,182.57861328125,0.00019767045159824193,Tree Cover / Dense Forest,Lixisols,Dissected Hill Slope,Neutral Planar Drainage,370.8287128077999,0.293,76.33,1
SMP_000282,25.444306,93.423944,Assam,Dima Hasao,415.0,14.587335586547852,185.2534637451172,0.002200142713263631,Tree Cover / Dense Forest,Mountain Litho-Soil Complex,Dissected Hill Slope,Neutral Planar Drainage,357.85811132282527,0.306,76.33,1
SMP_000283,25.446056,93.408583,Assam,Dima Hasao,416.0,14.746673583984375,157.37208557128906,-0.002276201732456684,Tree Cover / Dense Forest,Calcisols,Dissected Hill Slope,Neutral Planar Drainage,151.21887861397687,0.471,1038.2,1
SMP_000284,25.447528,93.364417,Assam,Dima Hasao,383.0,17.035085678100586,229.31005859375,0.002631143666803837,Tree Cover / Dense Forest,Calcisols,Dissected Hill Slope,Neutral Planar Drainage,125.25130264058978,0.395,668.95,1
SMP_000285,25.449056,93.370861,Assam,Dima Hasao,431.0,19.384071350097656,272.6385192871094,0.003543575294315815,Tree Cover / Dense Forest,Calcisols,Dissected Hill Slope,Neutral Planar Drainage,306.66237390017307,0.395,498.39,1
SMP_000286,25.452278,93.394333,Assam,Dima Hasao,411.0,9.489182472229004,266.2960510253906,-0.001165961497463286,Tree Cover / Dense Forest,Calcisols,Valley Floor / Terrace,Neutral Planar Drainage,664.6464272227865,0.471,104.39,1
SMP_000287,25.453167,93.394667,Assam,Dima Hasao,422.0,3.7491366863250732,270.0,-0.0025652535259723663,Tree Cover / Dense Forest,Calcisols,Valley Floor / Terrace,Neutral Planar Drainage,753.7220537017178,0.471,104.39,1
SMP_000288,25.453528,93.371194,Assam,Dima Hasao,453.0,6.807396411895752,174.27198791503906,-0.0004967529675923288,Tree Cover / Dense Forest,Calcisols,Valley Floor / Terrace,Neutral Planar Drainage,788.3449716933753,0.382,21.64,1
SMP_000289,25.453611,93.371389,Assam,Dima Hasao,456.0,7.148488521575928,205.308349609375,-0.0022558639757335186,Tree Cover / Dense Forest,Calcisols,Valley Floor / Terrace,Neutral Planar Drainage,796.1709453939318,0.382,21.64,1
SMP_000290,25.454083,93.375972,Assam,Dima Hasao,421.0,10.539849281311035,196.74765014648438,0.006767868530005217,Tree Cover / Dense Forest,Calcisols,Valley Floor / Terrace,Neutral Planar Drainage,839.6821386646957,0.407,204.94,1
SMP_000291,25.455333,93.374472,Assam,Dima Hasao,433.0,12.055683135986328,189.6341552734375,-0.001221821061335504,Tree Cover / Dense Forest,Calcisols,Dissected Hill Slope,Neutral Planar Drainage,946.1705978888494,0.382,204.94,1
SMP_000292,25.462361,93.384306,Assam,Dima Hasao,433.0,16.710731506347656,103.52005767822266,-0.0014144761953502893,Tree Cover / Dense Forest,Calcisols,Dissected Hill Slope,Neutral Planar Drainage,1249.632607921949,0.446,1243.93,1
SMP_000293,25.50669,93.10536,Assam,Dima Hasao,209.0,2.070237159729004,261.41033935546875,-0.001353601342998445,Tree Cover / Dense Forest,Mountain Litho-Soil Complex,Valley Floor / Terrace,Neutral Planar Drainage,409.475746996007,0.013,10217.5,1
SMP_000294,25.513567,92.784825,Assam,Dima Hasao,315.0,8.011686325073242,36.33765411376953,0.0014346756506711245,Tree Cover / Dense Forest,Mountain Litho-Soil Complex,Valley Floor / Terrace,Neutral Planar Drainage,498.96358837287187,0.025,1946.47,1
SMP_000295,25.51402,92.765435,Assam,Dima Hasao,479.0,10.738859176635742,103.1640396118164,0.00037514144787564874,Tree Cover / Dense Forest,Mountain Litho-Soil Complex,Valley Floor / Terrace,Neutral Planar Drainage,548.8978056615284,0.025,1946.47,1
SMP_000296,25.569,92.71653,Assam,Dima Hasao,602.0,25.429685592651367,67.99320220947266,-0.0002990824286825955,Tree Cover / Dense Forest,Calcisols,Steep Mountain Ridge,Neutral Planar Drainage,468.7057916781115,0.025,1689.55,1
SMP_000297,25.57994,92.72822,Assam,Dima Hasao,445.0,19.62285041809082,155.30982971191406,0.0016425149515271187,Tree Cover / Dense Forest,Calcisols,Dissected Hill Slope,Neutral Planar Drainage,856.9985943938282,0.025,1689.55,1
SMP_000298,25.61092,93.09178,Assam,Dima Hasao,236.0,0.6186540722846985,0.0,-0.0009834752418100834,Tree Cover / Dense Forest,Mountain Litho-Soil Complex,Valley Floor / Terrace,Neutral Planar Drainage,817.5287863961823,0.013,5134.9,1
SMP_000299,25.64897,93.12083,Assam,Dima Hasao,356.0,18.172985076904297,327.01458740234375,-0.0016678679967299104,Tree Cover / Dense Forest,Mountain Litho-Soil Complex,Dissected Hill Slope,Neutral Planar Drainage,1222.7793784247808,0.076,86.54,1
SMP_000300,25.65167,93.12083,Assam,Dima Hasao,357.0,11.609580039978027,228.9294891357422,-0.000552612473256886,Tree Cover / Dense Forest,Mountain Litho-Soil Complex,Valley Floor / Terrace,Neutral Planar Drainage,1248.078489503372,0.076,300.23,1
SMP_000301,25.65792,93.11811,Assam,Dima Hasao,349.0,15.039594650268555,120.1551513671875,-0.003746399423107505,Tree Cover / Dense Forest,Calcisols,Dissected Hill Slope,Neutral Planar Drainage,981.8800381156886,0.089,52.35,1
SMP_000302,25.65839,93.11808,Assam,Dima Hasao,349.0,15.039594650268555,120.1551513671875,-0.003746399423107505,Tree Cover / Dense Forest,Calcisols,Dissected Hill Slope,Neutral Planar Drainage,945.3300702903198,0.089,52.35,1
SMP_000303,25.67153,93.11522,Assam,Dima Hasao,329.0,6.940136432647705,327.4296569824219,-0.004081003833562136,Tree Cover / Dense Forest,Calcisols,Valley Floor / Terrace,Neutral Planar Drainage,595.3906046297001,0.089,1488.95,1
SMP_000304,25.72486,93.131083,Assam,Dima Hasao,153.0,12.470141410827637,284.13067626953125,0.0011355932801961899,Tree Cover / Dense Forest,Mountain Litho-Soil Complex,Dissected Hill Slope,Neutral Planar Drainage,602.4134709835579,0.038,89.82,1
SMP_000305,25.72561,93.13075,Assam,Dima Hasao,158.0,11.485496520996094,274.5721130371094,-0.0016678679967299104,Tree Cover / Dense Forest,Mountain Litho-Soil Complex,Valley Floor / Terrace,Neutral Planar Drainage,521.0387889025144,0.038,89.82,1
SMP_000306,25.75933,92.52258,Assam,West Karbi Anglong,720.0,3.66141414642334,201.862060546875,-0.004638631362468004,Tree Cover / Dense Forest,Mountain Litho-Soil Complex,Valley Floor / Terrace,Neutral Planar Drainage,256.53756834540775,0.025,4471.99,1
SMP_000307,25.79,91.24,Assam,Kamrup (Rural),781.0,2.1383259296417236,286.8096923828125,0.000902400934137404,Tree Cover / Dense Forest,Lixisols,Valley Floor / Terrace,Neutral Planar Drainage,344.056896714982,0.025,3790.95,1
SMP_000308,25.79939,92.52653,Assam,West Karbi Anglong,628.0,8.271421432495117,250.4733428955078,-0.003310383064672351,Tree Cover / Dense Forest,Calcisols,Valley Floor / Terrace,Neutral Planar Drainage,815.1685921157235,0.14,2724.54,1
SMP_000309,25.809417,92.474833,Assam,West Karbi Anglong,696.0,24.8880558013916,52.76047897338867,0.0030518376734107733,Tree Cover / Dense Forest,Lixisols,Dissected Hill Slope,Neutral Planar Drainage,1240.8846391032764,0.013,5293.98,1
SMP_000310,25.81044,93.58616,Assam,Karbi Anglong,199.0,3.7491366863250732,270.0,-0.00019265516311861575,Tree Cover / Dense Forest,Calcisols,Valley Floor / Terrace,Neutral Planar Drainage,1219.5826652097578,0.038,4314.8,1
SMP_000311,25.81175,92.55003,Assam,West Karbi Anglong,509.0,20.98422622680664,30.8333740234375,-0.0012623582733795047,Tree Cover / Dense Forest,Mountain Litho-Soil Complex,Dissected Hill Slope,Neutral Planar Drainage,1174.4922788330373,0.127,71.68,1
SMP_000312,25.812,92.55069,Assam,West Karbi Anglong,486.0,19.094955444335938,35.80816650390625,0.004035312682390213,Tree Cover / Dense Forest,Calcisols,Dissected Hill Slope,Neutral Planar Drainage,1163.6682935779488,0.127,71.68,1
SMP_000313,25.81236,92.55156,Assam,West Karbi Anglong,505.0,18.109296798706055,24.769195556640625,0.0009784599533304572,Tree Cover / Dense Forest,Calcisols,Dissected Hill Slope,Neutral Planar Drainage,1146.8608502125796,0.127,95.85,1
SMP_000314,25.81428,92.55422,Assam,West Karbi Anglong,485.0,12.407184600830078,108.60470581054688,-0.0011913145426660776,Tree Cover / Dense Forest,Calcisols,Dissected Hill Slope,Neutral Planar Drainage,1033.8284196302234,0.153,145.82,1
SMP_000315,25.81542,92.5535,Assam,West Karbi Anglong,461.0,11.079390525817871,173.01055908203125,0.0008516949019394815,Tree Cover / Dense Forest,Calcisols,Valley Floor / Terrace,Neutral Planar Drainage,949.2846247309792,0.153,145.82,1
SMP_000316,25.81678,92.71878,Assam,West Karbi Anglong,206.0,7.390712738037109,2.6322672367095947,-0.0013789543882012367,Tree Cover / Dense Forest,Mountain Litho-Soil Complex,Valley Floor / Terrace,Neutral Planar Drainage,833.256775599392,0.089,134.69,1
SMP_000317,25.81689,92.71744,Assam,West Karbi Anglong,204.0,9.80780029296875,1.9748082160949707,0.0006387021276168525,Tree Cover / Dense Forest,Mountain Litho-Soil Complex,Valley Floor / Terrace,Neutral Planar Drainage,823.2092123405114,0.102,134.69,1
SMP_000318,25.81756,93.10886,Assam,Nagaon,219.0,10.993885040283203,23.49285125732422,-0.0017287428490817547,Tree Cover / Dense Forest,Mountain Litho-Soil Complex,Valley Floor / Terrace,Neutral Planar Drainage,760.035424993347,0.013,10456.69,1
SMP_000319,25.81806,92.74872,Assam,West Karbi Anglong,235.0,8.271421432495117,289.5266418457031,0.005307701416313648,Tree Cover / Dense Forest,Mountain Litho-Soil Complex,Valley Floor / Terrace,Neutral Planar Drainage,710.7985547348569,0.038,3000.26,1
SMP_000320,25.82108,92.544,Assam,West Karbi Anglong,452.0,7.084683895111084,45.96919631958008,0.002494209911674261,Tree Cover / Dense Forest,Calcisols,Valley Floor / Terrace,Neutral Planar Drainage,382.9657860638456,0.14,283.33,1
SMP_000321,25.822458,92.546381,Assam,West Karbi Anglong,479.0,7.030340194702148,28.88503646850586,-0.003072175430133939,Tree Cover / Dense Forest,Calcisols,Valley Floor / Terrace,Neutral Planar Drainage,221.44482130084123,0.153,283.33,1
SMP_000322,25.82522,93.4243,Assam,Karbi Anglong,194.0,4.395979881286621,230.79666137695312,0.002286370610818267,Tree Cover / Dense Forest,Mountain Litho-Soil Complex,Valley Floor / Terrace,Neutral Planar Drainage,208.93809444065892,0.064,2908.59,1
SMP_000323,25.82528,92.54775,Assam,West Karbi Anglong,472.0,6.30979061126709,104.13069152832031,-0.0021849586628377438,Tree Cover / Dense Forest,Calcisols,Valley Floor / Terrace,Neutral Planar Drainage,216.0717580250913,0.166,342.4,1
SMP_000324,25.82769,92.55658,Assam,West Karbi Anglong,472.0,8.535842895507812,193.77684020996094,-0.0021849586628377438,Tree Cover / Dense Forest,Calcisols,Valley Floor / Terrace,Neutral Planar Drainage,494.92486000015936,0.166,923.52,1
SMP_000325,25.83128,93.45257,Assam,Karbi Anglong,190.0,14.96877670288086,128.7550506591797,0.003077190602198243,Tree Cover / Dense Forest,Calcisols,Dissected Hill Slope,Neutral Planar Drainage,858.1158919630943,0.064,1144.85,1
SMP_000326,25.84,91.35,Assam,Kamrup (Rural),81.0,14.028679847717285,341.9441223144531,0.0037412457168102264,Tree Cover / Dense Forest,Calcisols,Dissected Hill Slope,Neutral Planar Drainage,1249.0380911822424,0.013,9252.51,1
SMP_000327,25.84152,93.45138,Assam,Karbi Anglong,187.0,5.866754055023193,183.32357788085938,0.0032089711166918278,Tree Cover / Dense Forest,Mountain Litho-Soil Complex,Valley Floor / Terrace,Neutral Planar Drainage,1227.9397490473941,0.076,166.15,1
SMP_000328,25.84267,93.45244,Assam,Karbi Anglong,188.0,3.66141414642334,21.8620548248291,0.0011304395738989115,Tree Cover / Dense Forest,Mountain Litho-Soil Complex,Valley Floor / Terrace,Neutral Planar Drainage,1193.8779656091247,0.076,166.15,1
SMP_000329,25.84444,93.45331,Assam,Karbi Anglong,204.0,6.391315460205078,73.19029998779297,-0.002301554661244154,Tree Cover / Dense Forest,Mountain Litho-Soil Complex,Valley Floor / Terrace,Neutral Planar Drainage,1112.1451689453127,0.076,215.21,1
SMP_000330,25.84494,92.61514,Assam,West Karbi Anglong,320.0,5.112637996673584,248.77294921875,0.0008516949019394815,Tree Cover / Dense Forest,Calcisols,Valley Floor / Terrace,Neutral Planar Drainage,1082.90773657734,0.089,3454.69,1
SMP_000331,25.84512,93.56682,Assam,Karbi Anglong,258.0,1.151889681816101,143.662353515625,0.0024384886492043734,Tree Cover / Dense Forest,Calcisols,Valley Floor / Terrace,Neutral Planar Drainage,1071.746235862195,0.076,622.69,1
SMP_000332,25.84516,93.68408,Assam,Karbi Anglong,182.0,4.948836326599121,3.9449355602264404,-0.0015107346698641777,Tree Cover / Dense Forest,Calcisols,Valley Floor / Terrace,Neutral Planar Drainage,1069.2208173229487,0.051,100.01,1
SMP_000333,25.84541,93.68312,Assam,Karbi Anglong,178.0,7.3299760818481445,312.1862487792969,-0.00206836243160069,Tree Cover / Dense Forest,Calcisols,Valley Floor / Terrace,Neutral Planar Drainage,1053.0691077501301,0.051,100.01,1
SMP_000334,25.8465,93.687,Assam,Karbi Anglong,179.0,10.829704284667969,8.957571029663086,-0.0026615120004862547,Tree Cover / Dense Forest,Calcisols,Valley Floor / Terrace,Neutral Planar Drainage,975.4628130455014,0.051,328.01,1
SMP_000335,25.84782,93.70174,Assam,Karbi Anglong,159.0,4.807024002075195,262.622802734375,-0.0014498598175123334,Tree Cover / Dense Forest,Mountain Litho-Soil Complex,Valley Floor / Terrace,Neutral Planar Drainage,866.871772124776,0.051,1482.33,1
SMP_000336,25.84875,92.68328,Assam,West Karbi Anglong,489.0,16.98411750793457,193.53565979003906,-0.004182277247309685,Tree Cover / Dense Forest,Calcisols,Dissected Hill Slope,Neutral Planar Drainage,781.7083429766975,0.076,721.78,1
SMP_000337,25.84967,92.69042,Assam,West Karbi Anglong,462.0,16.708911895751953,223.9930877685547,0.003396610962226987,Tree Cover / Dense Forest,Calcisols,Dissected Hill Slope,Neutral Planar Drainage,691.2355549519876,0.089,40.91,1
SMP_000338,25.84992,92.69072,Assam,West Karbi Anglong,462.0,16.708911895751953,223.9930877685547,0.003396610962226987,Tree Cover / Dense Forest,Calcisols,Dissected Hill Slope,Neutral Planar Drainage,665.6801669025248,0.089,40.91,1
SMP_000339,25.85072,93.56682,Assam,Karbi Anglong,245.0,2.1383259296417236,286.8096923828125,0.002737571019679308,Tree Cover / Dense Forest,Calcisols,Valley Floor / Terrace,Neutral Planar Drainage,581.3974346102985,0.076,139.03,1
SMP_000340,25.8515,92.69203,Assam,West Karbi Anglong,447.0,17.242712020874023,215.1564178466797,-0.0007654670625925064,Tree Cover / Dense Forest,Calcisols,Dissected Hill Slope,Neutral Planar Drainage,495.944585949126,0.089,219.2,1
SMP_000341,25.85167,92.58089,Assam,West Karbi Anglong,464.0,17.179468154907227,47.072322845458984,-0.0012825577287003398,Tree Cover / Dense Forest,Mountain Litho-Soil Complex,Dissected Hill Slope,Neutral Planar Drainage,476.9420121706388,0.127,833.55,1
SMP_000342,25.85189,93.56633,Assam,Karbi Anglong,248.0,4.3544440269470215,38.74553298950195,0.0020024722907692194,Tree Cover / Dense Forest,Calcisols,Valley Floor / Terrace,Neutral Planar Drainage,452.1680958985756,0.064,139.03,1
SMP_000343,25.85487,93.56583,Assam,Karbi Anglong,245.0,5.0587286949157715,203.81431579589844,1.5184132280410267e-05,Tree Cover / Dense Forest,Calcisols,Valley Floor / Terrace,Neutral Planar Drainage,102.48793435249985,0.064,56.38,1
SMP_000344,25.85498,93.56638,Assam,Karbi Anglong,246.0,7.086620807647705,177.2534637451172,0.00039032564382068813,Tree Cover / Dense Forest,Calcisols,Valley Floor / Terrace,Neutral Planar Drainage,89.29765785941115,0.064,56.38,1
SMP_000345,25.85544,92.57369,Assam,West Karbi Anglong,438.0,3.308022975921631,248.0602569580078,0.0005069217295385897,Tree Cover / Dense Forest,Mountain Litho-Soil Complex,Valley Floor / Terrace,Neutral Planar Drainage,65.89484989519764,0.14,833.55,1
SMP_000346,25.85992,92.72558,Assam,West Karbi Anglong,151.0,14.6856107711792,345.5204162597656,-0.0004917376209050417,Tree Cover / Dense Forest,Mountain Litho-Soil Complex,Dissected Hill Slope,Neutral Planar Drainage,584.0771948958763,0.089,3485.25,1
SMP_000347,25.864186,92.571047,Assam,West Karbi Anglong,509.0,20.994020462036133,2.669288158416748,5.015342594560934e-06,Tree Cover / Dense Forest,Mountain Litho-Soil Complex,Dissected Hill Slope,Neutral Planar Drainage,980.8571032475644,0.102,1007.83,1
SMP_000348,25.86958,92.59411,Assam,West Karbi Anglong,435.0,13.674036979675293,51.584903717041016,0.0022204804699867964,Tree Cover / Dense Forest,Mountain Litho-Soil Complex,Dissected Hill Slope,Neutral Planar Drainage,1237.6572158360034,0.102,2384.23,1
SMP_000349,25.88494,93.45792,Assam,Karbi Anglong,194.0,1.733868956565857,280.27398681640625,0.0010088281705975533,Tree Cover / Dense Forest,Calcisols,Valley Floor / Terrace,Neutral Planar Drainage,262.88312114218763,0.051,4526.96,1
SMP_000350,25.88692,92.61347,Assam,West Karbi Anglong,446.0,3.8011202812194824,206.63539123535156,-0.003077190602198243,Tree Cover / Dense Forest,Mountain Litho-Soil Complex,Valley Floor / Terrace,Neutral Planar Drainage,73.58261218278895,0.102,393.91,1
SMP_000351,25.90653,92.65819,Assam,West Karbi Anglong,277.0,16.913911819458008,192.4443359375,0.0020937155932188034,Tree Cover / Dense Forest,Mountain Litho-Soil Complex,Dissected Hill Slope,Neutral Planar Drainage,1150.613322394922,0.076,1106.08,1
SMP_000352,25.90692,92.64714,Assam,West Karbi Anglong,334.0,15.862092971801758,223.77703857421875,-0.002392797963693738,Tree Cover / Dense Forest,Calcisols,Dissected Hill Slope,Neutral Planar Drainage,1131.1323555916547,0.076,1106.08,1
SMP_000353,25.91,91.4,Assam,Kamrup (Rural),55.0,1.706084966659546,90.0,0.0007097457419149578,Tree Cover / Dense Forest,Ferralsols (Iron-Rich Tropical),Valley Floor / Terrace,Neutral Planar Drainage,922.3971536498884,0.013,9252.51,1
SMP_000354,25.945,92.66358,Assam,West Karbi Anglong,167.0,6.028525352478027,52.1586799621582,-0.0031532496213912964,Tree Cover / Dense Forest,Luvisols (Fertile Clay),Valley Floor / Terrace,Neutral Planar Drainage,577.9280064552911,0.038,4311.5,1
SMP_000355,25.946611,92.305361,Assam,West Karbi Anglong,572.0,5.25978422164917,220.32301330566406,0.004821117501705885,Tree Cover / Dense Forest,Mountain Litho-Soil Complex,Valley Floor / Terrace,Neutral Planar Drainage,398.23545272878437,0.025,3956.66,1
SMP_000356,25.95,91.28,Assam,Kamrup (Rural),70.0,11.609580039978027,48.92948532104492,0.0052875024266541,Tree Cover / Dense Forest,Mountain Litho-Soil Complex,Valley Floor / Terrace,Neutral Planar Drainage,103.3441771441363,0.013,10877.93,1
SMP_000357,25.95381,92.60444,Assam,West Karbi Anglong,296.0,15.134939193725586,196.63780212402344,0.003934039268642664,Tree Cover / Dense Forest,Mountain Litho-Soil Complex,Dissected Hill Slope,Neutral Planar Drainage,545.2966706128567,0.051,77.19,1
SMP_000358,25.95386,92.60367,Assam,West Karbi Anglong,305.0,19.43027114868164,174.18446350097656,-0.003918716683983803,Tree Cover / Dense Forest,Calcisols,Dissected Hill Slope,Neutral Planar Drainage,550.7555303148671,0.051,77.19,1
SMP_000359,25.95514,93.72997,Assam,Karbi Anglong,176.0,0.34131383895874023,90.0,-0.0021596055012196302,Tree Cover / Dense Forest,Calcisols,Valley Floor / Terrace,Neutral Planar Drainage,685.8652335092632,0.013,12262.96,1
SMP_000360,25.95931,92.51753,Assam,West Karbi Anglong,96.0,22.213542938232422,77.78773498535156,0.002798445988446474,Tree Cover / Dense Forest,Calcisols,Dissected Hill Slope,Neutral Planar Drainage,1043.5573997287418,0.242,358.83,1
SMP_000361,25.96094,92.60122,Assam,West Karbi Anglong,129.0,10.083550453186035,236.87388610839844,0.0026463279500603676,Tree Cover / Dense Forest,Mountain Litho-Soil Complex,Valley Floor / Terrace,Neutral Planar Drainage,1139.5912781434392,0.051,824.49,1
SMP_000362,25.961444,92.341333,Assam,West Karbi Anglong,556.0,2.5654213428497314,15.421224594116211,0.005323024000972509,Tree Cover / Dense Forest,Mountain Litho-Soil Complex,Valley Floor / Terrace,Neutral Planar Drainage,1163.537244559332,0.064,1662.81,1
SMP_000363,25.96256,93.46922,Assam,Karbi Anglong,160.0,1.690147876739502,156.18568420410156,-0.0011000713566318154,Tree Cover / Dense Forest,Mountain Litho-Soil Complex,Valley Floor / Terrace,Neutral Planar Drainage,1206.419966419355,0.025,45.6,1
SMP_000364,25.96272,93.46964,Assam,Karbi Anglong,158.0,0.34131383895874023,270.0,0.00024336116621270776,Tree Cover / Dense Forest,Mountain Litho-Soil Complex,Valley Floor / Terrace,Neutral Planar Drainage,1211.399045363044,0.025,45.6,1
SMP_000365,25.965731,92.59267,Assam,West Karbi Anglong,110.0,14.790677070617676,222.59796142578125,0.0019669504836201668,Tree Cover / Dense Forest,Calcisols,Dissected Hill Slope,Neutral Planar Drainage,1248.6876780465122,0.051,1007.19,1
SMP_000366,25.96667,92.356917,Assam,West Karbi Anglong,672.0,8.800386428833008,67.44243621826172,-0.0041012028232216835,Tree Cover / Dense Forest,Mountain Litho-Soil Complex,Valley Floor / Terrace,Neutral Planar Drainage,1238.1464318945689,0.051,167.58,1
SMP_000367,25.968083,92.3575,Assam,West Karbi Anglong,650.0,18.161649703979492,92.83010864257812,-0.0032900453079491854,Tree Cover / Dense Forest,Mountain Litho-Soil Complex,Dissected Hill Slope,Neutral Planar Drainage,1202.6103800853584,0.051,167.58,1
SMP_000368,25.977194,92.354778,Assam,West Karbi Anglong,582.0,13.729220390319824,288.0218505859375,-0.00047655345406383276,Tree Cover / Dense Forest,Lixisols,Dissected Hill Slope,Neutral Planar Drainage,492.56762240101295,0.051,1049.0,1
SMP_000369,25.98219,92.51892,Assam,West Karbi Anglong,107.0,16.708768844604492,346.22314453125,-0.0002535300445742905,Tree Cover / Dense Forest,Calcisols,Dissected Hill Slope,Neutral Planar Drainage,195.88878755630049,0.166,752.69,1
SMP_000370,26.006,90.595,Assam,Goalpara,53.0,0.9886959195137024,200.19314575195312,0.0007756359409540892,Tree Cover / Dense Forest,Mountain Litho-Soil Complex,Valley Floor / Terrace,Neutral Planar Drainage,765.3991995694952,0.013,6196.8,1
SMP_000371,26.012,92.264167,Assam,West Karbi Anglong,388.0,11.029289245605469,199.6453094482422,-0.006336729507893324,Tree Cover / Dense Forest,Calcisols,Valley Floor / Terrace,Neutral Planar Drainage,96.44900012998522,0.089,255.98,1
SMP_000372,26.013528,92.266083,Assam,West Karbi Anglong,359.0,22.024677276611328,224.97952270507812,-0.0023167389445006847,Tree Cover / Dense Forest,Mountain Litho-Soil Complex,Dissected Hill Slope,Neutral Planar Drainage,186.60263123738454,0.089,255.98,1
SMP_000373,26.016389,92.48225,Assam,West Karbi Anglong,259.0,25.75642967224121,298.761962890625,-0.0034928694367408752,Tree Cover / Dense Forest,Mountain Litho-Soil Complex,Steep Mountain Ridge,Neutral Planar Drainage,517.5040774609342,0.153,1128.2,1
SMP_000374,26.022833,92.274028,Assam,West Karbi Anglong,295.0,19.103818893432617,183.94493103027344,0.0015512718819081783,Tree Cover / Dense Forest,Calcisols,Dissected Hill Slope,Neutral Planar Drainage,1087.6580997090812,0.089,1123.78,1
SMP_000375,26.024167,92.475,Assam,West Karbi Anglong,220.0,12.30532455444336,291.7935791015625,-0.0001469644921598956,Tree Cover / Dense Forest,Calcisols,Dissected Hill Slope,Neutral Planar Drainage,1158.6028889639733,0.178,761.56,1
SMP_000376,26.030972,92.474139,Assam,West Karbi Anglong,232.0,9.967719078063965,342.2378845214844,0.0023269078228622675,Tree Cover / Dense Forest,Calcisols,Valley Floor / Terrace,Neutral Planar Drainage,1200.6834329093192,0.191,78.27,1
SMP_000377,26.031528,92.472778,Assam,West Karbi Anglong,249.0,19.831039428710938,326.9678955078125,0.00027372947079129517,Tree Cover / Dense Forest,Mountain Litho-Soil Complex,Dissected Hill Slope,Neutral Planar Drainage,1179.984284604746,0.191,97.31,1
SMP_000378,26.031583,92.47375,Assam,West Karbi Anglong,264.0,16.850032806396484,356.6172180175781,-0.004765396472066641,Tree Cover / Dense Forest,Mountain Litho-Soil Complex,Dissected Hill Slope,Neutral Planar Drainage,1177.7457527482738,0.191,78.27,1
SMP_000379,26.03275,92.271861,Assam,West Karbi Anglong,183.0,13.75876522064209,217.46058654785156,-0.0021088996436446905,Tree Cover / Dense Forest,Calcisols,Dissected Hill Slope,Neutral Planar Drainage,1122.3239621146124,0.089,442.62,1
SMP_000380,26.033556,92.468056,Assam,West Karbi Anglong,267.0,22.845172882080078,1.6205651760101318,-0.003305367659777403,Tree Cover / Dense Forest,Mountain Litho-Soil Complex,Dissected Hill Slope,Neutral Planar Drainage,1075.476229352149,0.191,339.42,1
SMP_000381,26.035278,92.470861,Assam,West Karbi Anglong,261.0,13.173462867736816,7.311093807220459,0.005094847176223993,Tree Cover / Dense Forest,Mountain Litho-Soil Complex,Dissected Hill Slope,Neutral Planar Drainage,953.5213759738929,0.191,339.42,1
SMP_000382,26.036583,92.273056,Assam,West Karbi Anglong,198.0,8.263461112976074,21.663768768310547,-0.0028540289495140314,Tree Cover / Dense Forest,Calcisols,Valley Floor / Terrace,Neutral Planar Drainage,843.073205420619,0.089,317.86,1
SMP_000383,26.039194,92.4595,Assam,West Karbi Anglong,314.0,18.561737060546875,348.746826171875,-0.0054294513538479805,Tree Cover / Dense Forest,Luvisols (Fertile Clay),Dissected Hill Slope,Neutral Planar Drainage,583.7158098937457,0.191,728.44,1
SMP_000384,26.039361,92.273806,Assam,West Karbi Anglong,155.0,10.53474235534668,170.78343200683594,0.004765396472066641,Tree Cover / Dense Forest,Calcisols,Valley Floor / Terrace,Neutral Planar Drainage,565.693431747566,0.089,317.86,1
SMP_000385,26.0405,92.0355,Assam,Kamrup,234.0,3.2549514770507812,341.68475341796875,0.0008922320557758212,Tree Cover / Dense Forest,Calcisols,Valley Floor / Terrace,Neutral Planar Drainage,439.2033455531044,0.051,2024.72,1
SMP_000386,26.042139,92.27525,Assam,West Karbi Anglong,149.0,12.979802131652832,124.20515441894531,-0.0035992965567857027,Tree Cover / Dense Forest,Calcisols,Dissected Hill Slope,Neutral Planar Drainage,248.7714145748365,0.089,340.93,1
SMP_000387,26.043267,92.055531,Assam,Kamrup,248.0,4.369631767272949,249.31204223632812,0.0039694225415587425,Tree Cover / Dense Forest,Mountain Litho-Soil Complex,Valley Floor / Terrace,Neutral Planar Drainage,114.30098048204678,0.051,2024.72,1
SMP_000388,26.043583,92.440528,Assam,West Karbi Anglong,431.0,17.052350997924805,18.10395622253418,0.003913563210517168,Tree Cover / Dense Forest,Kastanozems,Dissected Hill Slope,Neutral Planar Drainage,76.40965872284539,0.178,41.68,1
SMP_000389,26.043583,92.452222,Assam,West Karbi Anglong,344.0,12.447474479675293,313.2247314453125,-0.001956781605258584,Tree Cover / Dense Forest,Lixisols,Dissected Hill Slope,Neutral Planar Drainage,76.40965872284539,0.191,286.2,1
SMP_000390,26.043611,92.440944,Assam,West Karbi Anglong,431.0,17.052350997924805,18.10395622253418,0.003913563210517168,Tree Cover / Dense Forest,Kastanozems,Dissected Hill Slope,Neutral Planar Drainage,73.05037340032504,0.178,41.68,1
SMP_000391,26.043722,92.441472,Assam,West Karbi Anglong,422.0,21.912168502807617,29.25652313232422,-0.0017794488230720162,Tree Cover / Dense Forest,Kastanozems,Dissected Hill Slope,Neutral Planar Drainage,59.73168445143506,0.178,54.17,1
SMP_000392,26.045472,92.457417,Assam,West Karbi Anglong,370.0,7.324113845825195,37.050716400146484,0.0014448445290327072,Tree Cover / Dense Forest,Luvisols (Fertile Clay),Valley Floor / Terrace,Neutral Planar Drainage,249.33984662283748,0.191,559.89,1
SMP_000393,26.045806,92.450778,Assam,West Karbi Anglong,418.0,25.44884490966797,57.00453186035156,0.00027372947079129517,Tree Cover / Dense Forest,Mountain Litho-Soil Complex,Steep Mountain Ridge,Neutral Planar Drainage,288.74445479133726,0.191,286.2,1
SMP_000394,26.048611,92.432194,Assam,West Karbi Anglong,430.0,3.084414005279541,95.75035095214844,0.0036349566653370857,Tree Cover / Dense Forest,Mountain Litho-Soil Complex,Valley Floor / Terrace,Neutral Planar Drainage,604.9758940250069,0.166,1002.88,1
SMP_000395,26.050286,91.880072,Assam,Kamrup,78.0,11.098052024841309,224.30604553222656,-9.124314965447411e-05,Tree Cover / Dense Forest,Calcisols,Valley Floor / Terrace,Neutral Planar Drainage,774.5892284466123,0.038,1783.04,1
SMP_000396,26.056083,93.406528,Assam,Karbi Anglong,211.0,19.105607986450195,349.0953674316406,0.00633185263723135,Tree Cover / Dense Forest,Calcisols,Dissected Hill Slope,Neutral Planar Drainage,1180.1781670233659,0.025,324.29,1
SMP_000397,26.058972,93.406972,Assam,Karbi Anglong,339.0,5.8556742668151855,80.91326141357422,0.002012641169130802,Tree Cover / Dense Forest,Calcisols,Valley Floor / Terrace,Neutral Planar Drainage,1248.2568981825655,0.025,324.29,1
SMP_000398,26.061,90.605,Assam,Goalpara,57.0,8.10340404510498,350.3658447265625,0.0038528265431523323,Tree Cover / Dense Forest,Mountain Litho-Soil Complex,Valley Floor / Terrace,Neutral Planar Drainage,1236.7229292606849,0.013,6196.8,1
SMP_000399,26.061861,92.147889,Assam,Kamrup,112.0,9.549736022949219,45.08783721923828,-0.002169774379581213,Tree Cover / Dense Forest,Mountain Litho-Soil Complex,Valley Floor / Terrace,Neutral Planar Drainage,1217.0189287221133,0.064,458.9,1
SMP_000400,26.0641,91.889136,Assam,Kamrup,79.0,9.381805419921875,103.22285461425781,-0.0010595342610031366,Tree Cover / Dense Forest,Calcisols,Valley Floor / Terrace,Neutral Planar Drainage,1125.8516283732063,0.076,1783.04,1
SMP_000401,26.065167,92.150639,Assam,Kamrup,90.0,6.242270469665527,101.38713836669922,0.006326836999505758,Tree Cover / Dense Forest,Calcisols,Valley Floor / Terrace,Neutral Planar Drainage,1063.1245955593035,0.064,458.9,1
SMP_000402,26.071556,91.734028,Assam,Kamrup,304.0,11.019210815429688,183.5077667236328,0.0018351702019572258,Tree Cover / Dense Forest,Mountain Litho-Soil Complex,Valley Floor / Terrace,Neutral Planar Drainage,479.79880212195565,0.025,4225.32,1
SMP_000403,26.077653,91.982292,Assam,Kamrup,192.0,16.869367599487305,164.03623962402344,0.006022600922733545,Tree Cover / Dense Forest,Calcisols,Dissected Hill Slope,Neutral Planar Drainage,339.20166657909357,0.025,2267.31,1
SMP_000404,26.077806,92.170389,Assam,Kamrup,76.0,5.803830623626709,342.96002197265625,0.0018757072975859046,Tree Cover / Dense Forest,Calcisols,Valley Floor / Terrace,Neutral Planar Drainage,356.9859572271632,0.064,2422.07,1
SMP_000405,26.077844,92.035022,Assam,Kamrup,219.0,2.8438286781311035,237.08248901367188,-0.0004410315887071192,Tree Cover / Dense Forest,Calcisols,Valley Floor / Terrace,Neutral Planar Drainage,361.39199162414087,0.076,347.05,1
SMP_000406,26.080139,92.032667,Assam,Kamrup,202.0,9.554464340209961,173.90513610839844,0.0020226717460900545,Tree Cover / Dense Forest,Calcisols,Valley Floor / Terrace,Neutral Planar Drainage,616.8649112333776,0.076,347.05,1
SMP_000407,26.083972,92.14525,Assam,Kamrup,73.0,4.470959663391113,262.06231689453125,0.0016121467342600226,Tree Cover / Dense Forest,Kastanozems,Valley Floor / Terrace,Neutral Planar Drainage,971.2810135397707,0.064,1552.22,1
SMP_000408,26.094578,92.135144,Assam,Kamrup,75.0,5.429502964019775,289.9267578125,0.0015614406438544393,Tree Cover / Dense Forest,Kastanozems,Valley Floor / Terrace,Neutral Planar Drainage,1170.905162444662,0.076,1552.22,1
SMP_000409,26.096722,92.43875,Assam,Nagaon,353.0,17.246694564819336,59.7122917175293,0.003959253896027803,Tree Cover / Dense Forest,Calcisols,Dissected Hill Slope,Neutral Planar Drainage,1054.083084379587,0.229,178.58,1
SMP_000410,26.097986,91.980589,Assam,Kamrup,81.0,14.761722564697266,190.42005920410156,-0.0015209035482257605,Tree Cover / Dense Forest,Calcisols,Dissected Hill Slope,Neutral Planar Drainage,963.2326862962149,0.038,2267.31,1
SMP_000411,26.098167,91.881278,Assam,Dima Hasao,91.0,10.642988204956055,301.1405944824219,0.00329519878141582,Tree Cover / Dense Forest,Calcisols,Valley Floor / Terrace,Neutral Planar Drainage,948.9936708472558,0.166,354.67,1
SMP_000412,26.098222,92.439389,Assam,Nagaon,357.0,16.90953254699707,92.0355224609375,-0.0004562157264444977,Tree Cover / Dense Forest,Calcisols,Dissected Hill Slope,Neutral Planar Drainage,944.6083381030377,0.229,178.58,1
SMP_000413,26.099975,91.876625,Assam,Kamrup,94.0,7.206364154815674,10.862546920776367,-0.000268714182311669,Tree Cover / Dense Forest,Calcisols,Valley Floor / Terrace,Neutral Planar Drainage,791.4102968231851,0.166,153.81,1
SMP_000414,26.101333,92.440556,Assam,Nagaon,326.0,7.460600852966309,149.97381591796875,-0.00475021218881011,Tree Cover / Dense Forest,Calcisols,Valley Floor / Terrace,Neutral Planar Drainage,656.842032575947,0.229,93.12,1
SMP_000415,26.10175,92.040222,Assam,Kamrup,81.0,16.054019927978516,25.76789665222168,0.005627121776342392,Tree Cover / Dense Forest,Calcisols,Dissected Hill Slope,Neutral Planar Drainage,613.157074735492,0.051,2309.63,1
SMP_000416,26.102167,92.440472,Assam,Nagaon,314.0,7.804435729980469,190.01185607910156,-0.004091172479093075,Tree Cover / Dense Forest,Calcisols,Valley Floor / Terrace,Neutral Planar Drainage,568.492990583952,0.229,93.12,1
SMP_000417,26.102333,92.4415,Assam,Nagaon,302.0,5.25978422164917,139.67698669433594,0.0011711150873452425,Tree Cover / Dense Forest,Calcisols,Valley Floor / Terrace,Neutral Planar Drainage,550.4577965747135,0.229,39.65,1
SMP_000418,26.102667,92.441639,Assam,Nagaon,302.0,5.25978422164917,139.67698669433594,0.0011711150873452425,Tree Cover / Dense Forest,Calcisols,Valley Floor / Terrace,Neutral Planar Drainage,513.7573635155595,0.229,39.65,1
SMP_000419,26.102944,91.862111,Assam,Kamrup,160.0,11.581656455993652,330.38580322265625,-0.0030264847446233034,Tree Cover / Dense Forest,Calcisols,Valley Floor / Terrace,Neutral Planar Drainage,482.9259822792295,0.166,1357.52,1
SMP_000420,26.103028,92.440889,Assam,Nagaon,301.0,12.62720012664795,195.4212188720703,-0.005606922321021557,Tree Cover / Dense Forest,Calcisols,Dissected Hill Slope,Neutral Planar Drainage,473.50966518665035,0.229,84.97,1
SMP_000421,26.105667,92.441,Assam,Nagaon,268.0,18.782743453979492,294.3778381347656,0.0018351702019572258,Tree Cover / Dense Forest,Calcisols,Dissected Hill Slope,Neutral Planar Drainage,165.9728642079616,0.229,202.37,1
SMP_000422,26.105806,91.62275,Assam,Kamrup,61.0,13.088723182678223,225.84165954589844,0.0031025437638163567,Tree Cover / Dense Forest,Mountain Litho-Soil Complex,Dissected Hill Slope,Neutral Planar Drainage,149.36027438667764,0.025,14.87,1
SMP_000423,26.10711,91.78917,Assam,Kamrup (Metro),69.0,8.586931228637695,108.7711181640625,0.0008365107933059335,Tree Cover / Dense Forest,Mountain Litho-Soil Complex,Valley Floor / Terrace,Neutral Planar Drainage,106.98440171288345,0.089,0.32,1
SMP_000424,26.10725,92.44,Assam,Nagaon,249.0,14.03547477722168,252.40057373046875,0.00028389832004904747,Tree Cover / Dense Forest,Calcisols,Dissected Hill Slope,Neutral Planar Drainage,123.75931633806064,0.229,46.46,1
SMP_000425,26.107667,92.44003,Assam,Nagaon,249.0,14.03547477722168,252.40057373046875,0.00028389832004904747,Tree Cover / Dense Forest,Calcisols,Dissected Hill Slope,Neutral Planar Drainage,173.62610525840483,0.229,46.46,1
SMP_000426,26.108417,92.440222,Assam,Nagaon,242.0,11.946061134338379,295.7096862792969,0.003330582519993186,Tree Cover / Dense Forest,Calcisols,Valley Floor / Terrace,Neutral Planar Drainage,262.7157866200521,0.229,85.57,1
SMP_000427,26.109222,91.939,Assam,Kamrup,84.0,15.004670143127441,221.81678771972656,-0.00016730216157156974,Tree Cover / Dense Forest,Mountain Litho-Soil Complex,Dissected Hill Slope,Neutral Planar Drainage,356.9944795600701,0.051,2265.1,1
SMP_000428,26.11,94.76,Assam,Dima Hasao,1016.0,13.70263385772705,152.34075927734375,0.009337861090898514,Tree Cover / Dense Forest,Lixisols,Dissected Hill Slope,Neutral Planar Drainage,446.22801063924624,0.013,61619.16,1
SMP_000429,26.110056,91.908944,Assam,Kamrup,98.0,8.432276725769043,161.2476043701172,0.006073307245969772,Tree Cover / Dense Forest,Calcisols,Valley Floor / Terrace,Neutral Planar Drainage,452.56486999704833,0.115,2101.81,1
SMP_000430,26.110139,92.439333,Assam,Nagaon,227.0,17.491647720336914,234.37403869628906,-0.0011557926191017032,Tree Cover / Dense Forest,Calcisols,Dissected Hill Slope,Neutral Planar Drainage,461.9337202912173,0.229,211.05,1
SMP_000431,26.110944,91.887917,Assam,Kamrup,141.0,5.643152713775635,169.57994079589844,0.0032748612575232983,Tree Cover / Dense Forest,Calcisols,Valley Floor / Terrace,Neutral Planar Drainage,551.2317495883259,0.14,1567.79,1
SMP_000432,26.112083,92.091028,Assam,Kamrup,66.0,4.6884870529174805,289.217529296875,0.0012116521829739213,Tree Cover / Dense Forest,Calcisols,Valley Floor / Terrace,Neutral Planar Drainage,671.9014603769734,0.038,3972.16,1
SMP_000433,26.112667,91.853889,Assam,Kamrup,204.0,19.666460037231445,259.5556945800781,-0.003842657897621393,Tree Cover / Dense Forest,Calcisols,Dissected Hill Slope,Neutral Planar Drainage,730.7415918535097,0.153,0.0,1
SMP_000434,26.113639,92.441222,Assam,Nagaon,199.0,8.76010513305664,212.76683044433594,0.0037210462614893913,Tree Cover / Dense Forest,Calcisols,Valley Floor / Terrace,Neutral Planar Drainage,823.4327524416495,0.229,386.55,1
SMP_000435,26.115139,91.837833,Assam,Kamrup,149.0,6.635775566101074,217.91342163085938,0.0036855244543403387,Tree Cover / Dense Forest,Calcisols,Valley Floor / Terrace,Neutral Planar Drainage,951.8570586528584,0.166,116.59,1
SMP_000436,26.116972,92.440083,Assam,Nagaon,184.0,12.365476608276367,231.99949645996094,0.0024586881045252085,Tree Cover / Dense Forest,Calcisols,Dissected Hill Slope,Neutral Planar Drainage,1081.0405237536345,0.229,95.61,1
SMP_000437,26.117111,92.441028,Assam,Nagaon,176.0,4.948836326599121,176.05506896972656,0.004674014635384083,Tree Cover / Dense Forest,Calcisols,Valley Floor / Terrace,Neutral Planar Drainage,1089.4747877383738,0.229,95.61,1
SMP_000438,26.117417,92.438667,Assam,Nagaon,165.0,7.97112512588501,137.1029815673828,0.006139197386801243,Tree Cover / Dense Forest,Calcisols,Valley Floor / Terrace,Neutral Planar Drainage,1107.3323469534857,0.229,149.78,1
SMP_000439,26.118167,92.440944,Assam,Nagaon,185.0,6.935773849487305,51.584903717041016,-0.0018858761759474874,Tree Cover / Dense Forest,Calcisols,Valley Floor / Terrace,Neutral Planar Drainage,1146.882077980081,0.229,117.72,1
SMP_000440,26.119417,92.439972,Assam,Nagaon,171.0,16.505794525146484,224.7181854248047,-0.00015713328320998698,Tree Cover / Dense Forest,Calcisols,Dissected Hill Slope,Neutral Planar Drainage,1198.999549991941,0.229,169.52,1
SMP_000441,26.121056,91.716389,Assam,Kamrup,63.0,7.137200832366943,87.52879333496094,0.0012623582733795047,Tree Cover / Dense Forest,Calcisols,Valley Floor / Terrace,Neutral Planar Drainage,1240.0768114692119,0.255,444.9,1
SMP_000442,26.129583,91.938306,Assam,Kamrup,92.0,9.879969596862793,326.8211975097656,3.552182897692546e-05,Tree Cover / Dense Forest,Calcisols,Valley Floor / Terrace,Neutral Planar Drainage,948.9878314182918,0.089,2265.1,1
SMP_000443,26.13222,91.83972,Assam,Kamrup,77.0,2.301957130432129,132.18626403808594,0.0013230948243290186,Tree Cover / Dense Forest,Calcisols,Valley Floor / Terrace,Neutral Planar Drainage,710.7249660734948,0.127,1908.64,1
SMP_000444,26.13442,91.7501,Assam,Kamrup (Metro),88.0,7.688492298126221,103.88379669189453,0.0009327692096121609,Tree Cover / Dense Forest,Calcisols,Valley Floor / Terrace,Neutral Planar Drainage,476.1948789079926,0.433,134.77,1
SMP_000445,26.13611,91.74056,Assam,Kamrup,95.0,20.909202575683594,147.9844207763672,-0.0009834752418100834,Tree Cover / Dense Forest,Calcisols,Dissected Hill Slope,Neutral Planar Drainage,281.445835691142,0.395,838.97,1
SMP_000446,26.149444,91.748,Assam,Kamrup,128.0,15.329584121704102,340.97552490234375,-0.003062006551772356,Tree Cover / Dense Forest,Calcisols,Dissected Hill Slope,Neutral Planar Drainage,1140.0152783294502,0.535,0.0,1
SMP_000447,26.150537,91.727981,Assam,Kamrup (Metro),75.0,15.758659362792969,57.60832595825195,0.0031025437638163567,Tree Cover / Dense Forest,Calcisols,Dissected Hill Slope,Neutral Planar Drainage,1188.255326556238,0.484,31.36,1
SMP_000448,26.153556,92.038694,Assam,Kamrup,84.0,3.8616299629211426,283.8837890625,0.0010798719013109803,Tree Cover / Dense Forest,Calcisols,Valley Floor / Terrace,Neutral Planar Drainage,1249.7531413078825,0.038,4010.91,1
SMP_000449,26.15428,91.79264,Assam,Kamrup (Metro),73.0,7.949816703796387,281.1458435058594,0.00025854530395008624,Tree Cover / Dense Forest,Vertisols (Swelling Clay),Valley Floor / Terrace,Neutral Planar Drainage,1248.3707294420099,0.56,0.24,1
SMP_000450,26.15461,91.80086,Assam,Kamrup (Metro),79.0,2.7818634510040283,0.0,1.5184132280410267e-05,Tree Cover / Dense Forest,Calcisols,Valley Floor / Terrace,Neutral Planar Drainage,1245.6557951799446,0.497,0.15,1
SMP_000451,26.15478,91.77411,Assam,Kamrup (Metro),97.0,12.471713066101074,143.662353515625,0.0023067083675414324,Tree Cover / Dense Forest,Calcisols,Dissected Hill Slope,Neutral Planar Drainage,1243.7488423442026,0.675,0.24,1
SMP_000452,26.155,91.798167,Assam,Kamrup,86.0,10.926252365112305,120.22621154785156,0.0031025437638163567,Tree Cover / Dense Forest,Calcisols,Valley Floor / Terrace,Neutral Planar Drainage,1240.7690072615324,0.509,272.26,1
SMP_000453,26.158639,91.921889,Assam,Kamrup,120.0,10.539849281311035,196.74765014648438,0.003239339217543602,Tree Cover / Dense Forest,Calcisols,Valley Floor / Terrace,Neutral Planar Drainage,1109.9178757216519,0.064,433.89,1
SMP_000454,26.159139,91.915583,Assam,Kamrup,104.0,6.782157897949219,357.1288146972656,0.0029402568470686674,Tree Cover / Dense Forest,Calcisols,Valley Floor / Terrace,Neutral Planar Drainage,1080.472515901748,0.064,203.55,1
SMP_000455,26.159333,91.917611,Assam,Kamrup,106.0,8.01406192779541,283.30206298828125,0.004846470430493355,Tree Cover / Dense Forest,Calcisols,Valley Floor / Terrace,Neutral Planar Drainage,1068.349911296502,0.064,203.55,1
SMP_000456,26.1625,91.71444,Assam,Kamrup,71.0,6.453327178955078,204.91864013671875,0.0034523322246968746,Tree Cover / Dense Forest,Kastanozems,Valley Floor / Terrace,Neutral Planar Drainage,820.0102437554774,0.357,410.57,1
SMP_000457,26.166583,91.714806,Assam,Kamrup,130.0,22.041208267211914,9.314471244812012,0.0029098885133862495,Tree Cover / Dense Forest,Kastanozems,Dissected Hill Slope,Neutral Planar Drainage,391.27990111405796,0.318,0.0,1
SMP_000458,26.171972,92.002611,Assam,Kamrup,83.0,6.79433012008667,270.0,-0.002240818226709962,Tree Cover / Dense Forest,Calcisols,Valley Floor / Terrace,Neutral Planar Drainage,347.4888004266291,0.025,4142.68,1
SMP_000459,26.172917,92.762778,Assam,Nagaon,106.0,6.594137668609619,248.0602569580078,0.008334185928106308,Tree Cover / Dense Forest,Calcisols,Valley Floor / Terrace,Neutral Planar Drainage,455.85810120672005,0.013,27211.52,1
SMP_000460,26.1755,91.76175,Assam,Kamrup (Metro),67.0,3.377359390258789,23.814321517944336,-0.0007502828957512975,Tree Cover / Dense Forest,Vertisols (Swelling Clay),Valley Floor / Terrace,Neutral Planar Drainage,730.8549298184957,0.777,0.0,1
SMP_000461,26.17672,91.78672,Assam,Kamrup (Metro),85.0,17.121110916137695,222.59796142578125,-0.0003244354447815567,Tree Cover / Dense Forest,Kastanozems,Dissected Hill Slope,Neutral Planar Drainage,846.0495188630437,0.624,0.3,1
SMP_000462,26.17672,91.76525,Assam,Kamrup (Metro),78.0,14.561984062194824,260.4290771484375,0.0009125698124989867,Tree Cover / Dense Forest,Vertisols (Swelling Clay),Dissected Hill Slope,Neutral Planar Drainage,846.0495188630437,0.726,0.22,1
SMP_000463,26.17756,91.76589,Assam,Kamrup (Metro),96.0,18.585081100463867,257.00933837890625,0.0011254244018346071,Tree Cover / Dense Forest,Vertisols (Swelling Clay),Dissected Hill Slope,Neutral Planar Drainage,918.5814130581301,0.7,0.46,1
SMP_000464,26.17806,91.76083,Assam,Kamrup,58.0,7.4521098136901855,187.85281372070312,0.0022913857828825712,Tree Cover / Dense Forest,Vertisols (Swelling Clay),Valley Floor / Terrace,Neutral Planar Drainage,958.8781312931375,0.751,299.1,1
SMP_000465,26.18842,91.85125,Assam,Kamrup (Metro),107.0,22.951074600219727,21.454029083251953,0.0011304395738989115,Tree Cover / Dense Forest,Calcisols,Dissected Hill Slope,Neutral Planar Drainage,1187.3634255521101,0.14,0.33,1
SMP_000466,26.18867,91.76694,Assam,Kamrup (Metro),104.0,9.633014678955078,337.2895812988281,-0.0014548751059919596,Tree Cover / Dense Forest,Kastanozems,Valley Floor / Terrace,Neutral Planar Drainage,1177.4433061629065,0.598,0.52,1
SMP_000467,26.18917,91.80111,Assam,Kamrup,75.0,6.903984546661377,280.27398681640625,0.0012877112021669745,Tree Cover / Dense Forest,Calcisols,Valley Floor / Terrace,Neutral Planar Drainage,1155.4958613980446,0.573,367.74,1
SMP_000468,26.189306,91.787944,Assam,Kamrup,72.0,5.10620641708374,90.0,-0.0007908200495876372,Tree Cover / Dense Forest,Kastanozems,Valley Floor / Terrace,Neutral Planar Drainage,1149.0456824096857,0.586,80.47,1
SMP_000469,26.1895,91.787167,Assam,Kamrup (Metro),80.0,3.2549514770507812,161.6847686767578,-0.0034776851534843445,Tree Cover / Dense Forest,Kastanozems,Valley Floor / Terrace,Neutral Planar Drainage,1139.4931941293275,0.586,0.0,1
SMP_000470,26.19025,91.806472,Assam,Kamrup,97.0,9.123710632324219,167.14059448242188,-0.001718573970720172,Tree Cover / Dense Forest,Vertisols (Swelling Clay),Valley Floor / Terrace,Neutral Planar Drainage,1098.7411170562605,0.573,322.62,1
SMP_000471,26.190389,91.809944,Assam,Kamrup (Metro),103.0,3.5284512042999268,208.88504028320312,-0.0058603142388165,Tree Cover / Dense Forest,Vertisols (Swelling Clay),Valley Floor / Terrace,Neutral Planar Drainage,1090.5333497955187,0.535,0.0,1
SMP_000472,26.19081,91.84528,Assam,Kamrup (Metro),59.0,10.040542602539062,250.40174865722656,0.0016374996630474925,Tree Cover / Dense Forest,Kastanozems,Valley Floor / Terrace,Neutral Planar Drainage,1064.4540363647502,0.153,652.28,1
SMP_000473,26.191667,91.803611,Assam,Kamrup,91.0,11.609524726867676,35.44541931152344,-0.00016730216157156974,Tree Cover / Dense Forest,Kastanozems,Valley Floor / Terrace,Neutral Planar Drainage,1005.8643766657381,0.56,7.45,1
SMP_000474,26.19167,91.79028,Assam,Kamrup,87.0,12.88228702545166,352.51678466796875,0.002757770475000143,Tree Cover / Dense Forest,Calcisols,Dissected Hill Slope,Neutral Planar Drainage,1005.6466892284465,0.573,351.32,1
SMP_000475,26.192444,91.764222,Assam,Kamrup (Metro),101.0,6.731410503387451,156.18568420410156,-0.00015211800928227603,Tree Cover / Dense Forest,Kastanozems,Valley Floor / Terrace,Neutral Planar Drainage,946.6672094759836,0.522,0.0,1
SMP_000476,26.195306,91.765639,Assam,Kamrup,78.0,2.301957130432129,227.81373596191406,0.0011102402349933982,Tree Cover / Dense Forest,Kastanozems,Valley Floor / Terrace,Neutral Planar Drainage,685.0559342626995,0.497,0.0,1
SMP_000477,26.195528,91.780556,Assam,Kamrup (Metro),164.0,16.2493839263916,73.86763763427734,-0.0026615120004862547,Tree Cover / Dense Forest,Kastanozems,Dissected Hill Slope,Neutral Planar Drainage,662.2975642255826,0.573,0.0,1
SMP_000478,26.19622,91.76336,Assam,Kamrup (Metro),92.0,4.0720648765563965,9.634148597717285,-0.0021342525724321604,Tree Cover / Dense Forest,Kastanozems,Valley Floor / Terrace,Neutral Planar Drainage,589.4724278186114,0.497,0.24,1
SMP_000479,26.198,90.298,Assam,Goalpara,50.0,12.780447959899902,358.4951477050781,0.002392797963693738,Tree Cover / Dense Forest,Calcisols,Dissected Hill Slope,Neutral Planar Drainage,391.1564028048674,0.013,28357.79,1
SMP_000480,26.20261,91.14528,Assam,Dima Hasao,44.0,1.9418480396270752,118.53666687011719,-0.0025601000525057316,Tree Cover / Dense Forest,Fluvisols (Alluvial Floodplain),Valley Floor / Terrace,Neutral Planar Drainage,256.24317660838847,0.013,31145.38,1
SMP_000481,26.20536,91.86497,Assam,Kamrup (Metro),78.0,12.35744857788086,240.470947265625,0.0020987307652831078,Tree Cover / Dense Forest,Calcisols,Dissected Hill Slope,Neutral Planar Drainage,569.5011336153302,0.076,2328.51,1
SMP_000482,26.205583,91.963222,Assam,Kamrup,72.0,10.860084533691406,96.46339416503906,0.0033764115069061518,Tree Cover / Dense Forest,Calcisols,Valley Floor / Terrace,Neutral Planar Drainage,593.4923286222474,0.038,3996.68,1
SMP_000483,26.211111,91.684167,Assam,Kamrup,61.0,6.8457818031311035,296.7254638671875,0.0014194914838299155,Tree Cover / Dense Forest,Calcisols,Valley Floor / Terrace,Neutral Planar Drainage,1074.3009459446127,0.076,0.0,1
SMP_000484,26.250333,91.976694,Assam,Morigaon,77.0,9.203561782836914,165.08645629882812,-0.004547388292849064,Tree Cover / Dense Forest,Calcisols,Valley Floor / Terrace,Neutral Planar Drainage,1217.6739442726941,0.038,1283.12,1
SMP_000485,26.256139,91.711583,Assam,Kamrup,76.0,16.31891632080078,307.4837341308594,0.0018605231307446957,Tree Cover / Dense Forest,Kastanozems,Dissected Hill Slope,Neutral Planar Drainage,874.5795614833119,0.025,3745.73,1
SMP_000486,26.297306,93.211833,Assam,Karbi Anglong,158.0,16.56922149658203,306.7856140136719,0.001495412434451282,Tree Cover / Dense Forest,Mountain Litho-Soil Complex,Dissected Hill Slope,Neutral Planar Drainage,309.00439035507355,0.089,89.08,1
SMP_000487,26.297778,93.211111,Assam,Karbi Anglong,133.0,10.8906888961792,253.70333862304688,0.006428110878914595,Tree Cover / Dense Forest,Mountain Litho-Soil Complex,Valley Floor / Terrace,Neutral Planar Drainage,364.00036271811894,0.089,89.08,1
SMP_000488,26.298389,93.21625,Assam,Karbi Anglong,190.0,9.554464340209961,6.094864368438721,0.005723380018025637,Tree Cover / Dense Forest,Calcisols,Valley Floor / Terrace,Neutral Planar Drainage,434.1358092408366,0.089,456.49,1
SMP_000489,26.302944,93.225389,Assam,Karbi Anglong,263.0,12.204967498779297,39.30496597290039,0.002631143666803837,Tree Cover / Dense Forest,Calcisols,Dissected Hill Slope,Neutral Planar Drainage,895.0853150645687,0.102,52.87,1
SMP_000490,26.303333,93.225694,Assam,Karbi Anglong,262.0,7.148488521575928,334.691650390625,0.003543575294315815,Tree Cover / Dense Forest,Calcisols,Valley Floor / Terrace,Neutral Planar Drainage,927.5787714338554,0.102,52.87,1
SMP_000491,26.307972,93.275722,Assam,Karbi Anglong,439.0,2.864131450653076,346.22314453125,0.002256002277135849,Tree Cover / Dense Forest,Calcisols,Valley Floor / Terrace,Neutral Planar Drainage,1201.0366125205771,0.076,2076.19,1
SMP_000492,26.314847,93.256125,Assam,Karbi Anglong,398.0,19.20473861694336,44.52180480957031,0.0017742953496053815,Tree Cover / Dense Forest,Calcisols,Dissected Hill Slope,Neutral Planar Drainage,1154.8743607459855,0.127,31.06,1
SMP_000493,26.314964,93.256408,Assam,Karbi Anglong,378.0,7.88422155380249,64.60478210449219,0.0056119379587471485,Tree Cover / Dense Forest,Calcisols,Valley Floor / Terrace,Neutral Planar Drainage,1149.3204061316196,0.127,31.06,1
SMP_000494,26.323083,93.093167,Assam,Karbi Anglong,96.0,8.054258346557617,172.74453735351562,0.0035080534871667624,Tree Cover / Dense Forest,Mountain Litho-Soil Complex,Valley Floor / Terrace,Neutral Planar Drainage,457.3530828773832,0.025,1982.14,1
SMP_000495,26.32685,93.267639,Assam,Karbi Anglong,330.0,11.838632583618164,95.91349792480469,-0.0006894081016071141,Tree Cover / Dense Forest,Mountain Litho-Soil Complex,Valley Floor / Terrace,Neutral Planar Drainage,86.42195567004373,0.102,257.55,1
SMP_000496,26.3287,93.269194,Assam,Karbi Anglong,321.0,8.644009590148926,41.771568298339844,0.00039032564382068813,Tree Cover / Dense Forest,Mountain Litho-Soil Complex,Valley Floor / Terrace,Neutral Planar Drainage,306.4346040614948,0.076,257.55,1
SMP_000497,26.339833,93.099972,Assam,Karbi Anglong,372.0,22.190153121948242,53.44215774536133,0.00022817699937149882,Tree Cover / Dense Forest,Mountain Litho-Soil Complex,Dissected Hill Slope,Neutral Planar Drainage,1214.9924708582614,0.025,1982.14,1
SMP_000498,26.34075,93.78861,Assam,Karbi Anglong,253.0,9.200272560119629,0.0,0.00021285464754328132,Tree Cover / Dense Forest,Calcisols,Valley Floor / Terrace,Neutral Planar Drainage,1236.4462690340101,0.076,1069.21,1
SMP_000499,26.3466,93.7356,Assam,Karbi Anglong,188.0,9.262922286987305,99.52742767333984,0.0059972479939460754,Tree Cover / Dense Forest,Calcisols,Valley Floor / Terrace,Neutral Planar Drainage,1138.4664678055049,0.076,445.59,1
SMP_000500,26.347417,93.2982,Assam,Karbi Anglong,309.0,3.480637788772583,128.41510009765625,-0.00016730216157156974,Tree Cover / Dense Forest,Mountain Litho-Soil Complex,Valley Floor / Terrace,Neutral Planar Drainage,1093.6057460142017,0.051,3561.82,1
SMP_000501,26.3477,93.7399,Assam,Karbi Anglong,189.0,18.747211456298828,342.6395263671875,0.0049072070978581905,Tree Cover / Dense Forest,Calcisols,Dissected Hill Slope,Neutral Planar Drainage,1076.426396131652,0.089,179.7,1
SMP_000502,26.3478,93.7417,Assam,Karbi Anglong,193.0,17.333337783813477,14.366934776306152,0.004339410457760096,Tree Cover / Dense Forest,Calcisols,Dissected Hill Slope,Neutral Planar Drainage,1070.1586777952703,0.089,179.7,1
SMP_000503,26.34838,93.78208,Assam,Karbi Anglong,236.0,5.497157573699951,141.7574005126953,0.0027172332629561424,Tree Cover / Dense Forest,Calcisols,Valley Floor / Terrace,Neutral Planar Drainage,1031.8145756913668,0.089,161.11,1
SMP_000504,26.34938,93.78091,Assam,Karbi Anglong,240.0,4.8069658279418945,140.39111328125,-4.053714292240329e-05,Tree Cover / Dense Forest,Mountain Litho-Soil Complex,Valley Floor / Terrace,Neutral Planar Drainage,958.0288655236637,0.089,161.11,1
SMP_000505,26.35622,93.77941,Assam,Karbi Anglong,191.0,5.444638252258301,270.0,0.003416810417547822,Tree Cover / Dense Forest,Mountain Litho-Soil Complex,Valley Floor / Terrace,Neutral Planar Drainage,258.0273345633833,0.089,775.12,1
SMP_000506,26.3733,90.5499,Assam,Bongaigaon,61.0,9.633014678955078,202.71041870117188,0.00519625935703516,Tree Cover / Dense Forest,Mountain Litho-Soil Complex,Valley Floor / Terrace,Neutral Planar Drainage,1249.1772420189793,0.025,4604.12,1
SMP_000507,26.37456,91.84561,Assam,Kamrup (Metro),61.0,0.7065478563308716,28.88503646850586,-0.00037514144787564874,Tree Cover / Dense Forest,Calcisols,Valley Floor / Terrace,Neutral Planar Drainage,1245.2540221840752,0.013,18181.47,1
SMP_000508,26.3848,90.5943,Assam,Bongaigaon,123.0,30.13820457458496,77.1037368774414,-0.0035080534871667624,Tree Cover / Dense Forest,Calcisols,Steep Mountain Ridge,Neutral Planar Drainage,580.4020953708073,0.025,4604.12,1
SMP_000509,26.394,90.48,Assam,Bongaigaon,61.0,15.25868034362793,73.91399383544922,0.002737571019679308,Tree Cover / Dense Forest,Mountain Litho-Soil Complex,Dissected Hill Slope,Neutral Planar Drainage,585.0708504613957,0.013,7333.51,1
SMP_000510,26.483278,93.181306,Assam,Karbi Anglong,169.0,5.643152713775635,190.42005920410156,0.0006793775246478617,Tree Cover / Dense Forest,Mountain Litho-Soil Complex,Valley Floor / Terrace,Neutral Planar Drainage,91.75993803720296,0.013,10941.95,1
SMP_000511,26.51925,93.47147,Assam,Karbi Anglong,164.0,13.929900169372559,222.2602996826172,0.002169774379581213,Tree Cover / Dense Forest,Calcisols,Dissected Hill Slope,Neutral Planar Drainage,540.1893578823194,0.013,7926.37,1
SMP_000512,26.5235,93.28166,Assam,Karbi Anglong,98.0,14.660293579101562,7.852818965911865,0.0040149749256670475,Tree Cover / Dense Forest,Mountain Litho-Soil Complex,Dissected Hill Slope,Neutral Planar Drainage,948.2025239538069,0.013,10941.95,1
SMP_000513,26.54,94.37,Assam,Jorhat,186.0,5.803830623626709,162.96002197265625,-0.003660171525552869,Tree Cover / Dense Forest,Calcisols,Valley Floor / Terrace,Neutral Planar Drainage,772.1976358620054,0.204,0.0,1
SMP_000514,26.54,94.37,Assam,Jorhat,186.0,5.803830623626709,162.96002197265625,-0.003660171525552869,Tree Cover / Dense Forest,Calcisols,Valley Floor / Terrace,Neutral Planar Drainage,772.1976358620054,0.204,0.0,1
SMP_000515,26.54,94.37,Assam,Jorhat,186.0,5.803830623626709,162.96002197265625,-0.003660171525552869,Tree Cover / Dense Forest,Calcisols,Valley Floor / Terrace,Neutral Planar Drainage,772.1976358620054,0.204,0.0,1
SMP_000516,26.55,94.36,Assam,Jorhat,171.0,2.5654213428497314,164.5787811279297,0.001368785509839654,Tree Cover / Dense Forest,Calcisols,Valley Floor / Terrace,Neutral Planar Drainage,466.21684939404304,0.204,0.0,1
SMP_000517,26.55,94.36,Assam,Jorhat,171.0,2.5654213428497314,164.5787811279297,0.001368785509839654,Tree Cover / Dense Forest,Calcisols,Valley Floor / Terrace,Neutral Planar Drainage,466.21684939404304,0.204,0.0,1
SMP_000518,26.55,94.36,Assam,Jorhat,171.0,2.5654213428497314,164.5787811279297,0.001368785509839654,Tree Cover / Dense Forest,Calcisols,Valley Floor / Terrace,Neutral Planar Drainage,466.21684939404304,0.204,0.0,1
SMP_000519,26.55,94.36,Assam,Jorhat,171.0,2.5654213428497314,164.5787811279297,0.001368785509839654,Tree Cover / Dense Forest,Calcisols,Valley Floor / Terrace,Neutral Planar Drainage,466.21684939404304,0.204,0.0,1
SMP_000520,26.56,94.36,Assam,Jorhat,198.0,5.712627410888672,40.923316955566406,0.002960594603791833,Tree Cover / Dense Forest,Calcisols,Valley Floor / Terrace,Neutral Planar Drainage,1221.9634827995528,0.255,0.0,1
SMP_000521,26.56,94.36,Assam,Jorhat,198.0,5.712627410888672,40.923316955566406,0.002960594603791833,Tree Cover / Dense Forest,Calcisols,Valley Floor / Terrace,Neutral Planar Drainage,1221.9634827995528,0.255,0.0,1
SMP_000522,26.56,94.36,Assam,Jorhat,198.0,5.712627410888672,40.923316955566406,0.002960594603791833,Tree Cover / Dense Forest,Calcisols,Valley Floor / Terrace,Neutral Planar Drainage,1221.9634827995528,0.255,0.0,1
SMP_000523,26.56,94.36,Assam,Jorhat,198.0,5.712627410888672,40.923316955566406,0.002960594603791833,Tree Cover / Dense Forest,Calcisols,Valley Floor / Terrace,Neutral Planar Drainage,1221.9634827995528,0.255,0.0,1
SMP_000524,26.56,94.36,Assam,Jorhat,198.0,5.712627410888672,40.923316955566406,0.002960594603791833,Tree Cover / Dense Forest,Calcisols,Valley Floor / Terrace,Neutral Planar Drainage,1221.9634827995528,0.255,0.0,1
SMP_000525,26.56,94.36,Assam,Jorhat,198.0,5.712627410888672,40.923316955566406,0.002960594603791833,Tree Cover / Dense Forest,Calcisols,Valley Floor / Terrace,Neutral Planar Drainage,1221.9634827995528,0.255,0.0,1
SMP_000526,26.56111,93.04925,Assam,Nagaon,134.0,20.302778244018555,151.11495971679688,-0.0006995769217610359,Tree Cover / Dense Forest,Calcisols,Dissected Hill Slope,Neutral Planar Drainage,1243.316839891596,0.025,745.7,1
SMP_000527,26.56252,93.05658,Assam,Nagaon,91.0,2.1643433570861816,180.0,-0.001150777330622077,Tree Cover / Dense Forest,Calcisols,Valley Floor / Terrace,Neutral Planar Drainage,1249.2476987005111,0.051,745.7,1
SMP_000528,26.57,94.35,Assam,Jorhat,183.0,9.134669303894043,74.41812896728516,0.0006995769217610359,Tree Cover / Dense Forest,Calcisols,Valley Floor / Terrace,Neutral Planar Drainage,900.2122949056654,0.255,1111.95,1
SMP_000529,26.57411,93.09811,Assam,Nagaon,96.0,13.018075942993164,248.0602569580078,-0.0012470358051359653,Tree Cover / Dense Forest,Mountain Litho-Soil Complex,Dissected Hill Slope,Neutral Planar Drainage,491.07304617365116,0.089,394.55,1
SMP_000530,26.57436,93.10647,Assam,Nagaon,130.0,24.290210723876953,186.8226318359375,-0.0004410315887071192,Tree Cover / Dense Forest,Mountain Litho-Soil Complex,Dissected Hill Slope,Neutral Planar Drainage,463.03814022352907,0.076,594.08,1
SMP_000531,26.57447,93.66297,Assam,Karbi Anglong,200.0,5.188961982727051,100.27397155761719,0.0056930119171738625,Tree Cover / Dense Forest,Mountain Litho-Soil Complex,Valley Floor / Terrace,Neutral Planar Drainage,450.6199622528437,0.025,542.59,1
SMP_000532,26.57455,93.11244,Assam,Nagaon,134.0,22.378944396972656,163.18017578125,-0.005855299066752195,Tree Cover / Dense Forest,Mountain Litho-Soil Complex,Dissected Hill Slope,Neutral Planar Drainage,441.5580272551713,0.076,0.0,1
SMP_000533,26.57455,93.11244,Assam,Nagaon,134.0,22.378944396972656,163.18017578125,-0.005855299066752195,Tree Cover / Dense Forest,Mountain Litho-Soil Complex,Dissected Hill Slope,Neutral Planar Drainage,441.5580272551713,0.076,0.0,1
SMP_000534,26.57463,93.11297,Assam,Nagaon,81.0,12.470539093017578,167.5556640625,0.0031329120974987745,Tree Cover / Dense Forest,Mountain Litho-Soil Complex,Dissected Hill Slope,Neutral Planar Drainage,432.4710326774072,0.076,53.45,1
SMP_000535,26.57708,93.65836,Assam,Karbi Anglong,208.0,6.779460430145264,162.50250244140625,-0.004121540579944849,Tree Cover / Dense Forest,Calcisols,Valley Floor / Terrace,Neutral Planar Drainage,145.16189961090535,0.025,542.59,1
SMP_000536,26.57719,93.10008,Assam,Karbi Anglong,76.0,1.023844599723816,270.0,0.00019265516311861575,Tree Cover / Dense Forest,Mountain Litho-Soil Complex,Valley Floor / Terrace,Neutral Planar Drainage,131.99797888579147,0.089,394.55,1
SMP_000537,26.58,94.35,Assam,Jorhat,215.0,13.40609359741211,88.70203399658203,-0.004800779744982719,Tree Cover / Dense Forest,Calcisols,Dissected Hill Slope,Neutral Planar Drainage,303.220155969605,0.255,0.0,1
SMP_000538,26.58,94.35,Assam,Jorhat,215.0,13.40609359741211,88.70203399658203,-0.004800779744982719,Tree Cover / Dense Forest,Calcisols,Dissected Hill Slope,Neutral Planar Drainage,303.220155969605,0.255,0.0,1
SMP_000539,26.59011,93.57466,Assam,Karbi Anglong,127.0,6.522777080535889,98.14380645751953,0.002073377836495638,Tree Cover / Dense Forest,Mountain Litho-Soil Complex,Valley Floor / Terrace,Neutral Planar Drainage,1178.4026219115738,0.025,2751.5,1
SMP_000540,26.59041,93.47616,Assam,Karbi Anglong,118.0,9.494913101196289,345.5624694824219,0.0006083337357267737,Tree Cover / Dense Forest,Mountain Litho-Soil Complex,Valley Floor / Terrace,Neutral Planar Drainage,1190.1419913287175,0.038,1541.48,1
SMP_000541,26.59416,93.547361,Assam,Karbi Anglong,156.0,6.011768817901611,166.9226837158203,0.0012725270353257656,Tree Cover / Dense Forest,Calcisols,Valley Floor / Terrace,Neutral Planar Drainage,1247.994754966063,0.025,2751.5,1
SMP_000542,26.6,94.34,Assam,Jorhat,141.0,5.244071006774902,180.0,0.003533406415954232,Tree Cover / Dense Forest,Calcisols,Valley Floor / Terrace,Neutral Planar Drainage,1011.2099490861025,0.166,994.25,1
SMP_000543,26.6,94.35,Assam,Jorhat,185.0,9.194869041442871,146.49436950683594,-0.00023820757633075118,Tree Cover / Dense Forest,Calcisols,Valley Floor / Terrace,Neutral Planar Drainage,1011.2099490861025,0.166,0.0,1
SMP_000544,26.6,94.35,Assam,Jorhat,185.0,9.194869041442871,146.49436950683594,-0.00023820757633075118,Tree Cover / Dense Forest,Calcisols,Valley Floor / Terrace,Neutral Planar Drainage,1011.2099490861025,0.166,0.0,1
SMP_000545,26.6,94.35,Assam,Jorhat,185.0,9.194869041442871,146.49436950683594,-0.00023820757633075118,Tree Cover / Dense Forest,Calcisols,Valley Floor / Terrace,Neutral Planar Drainage,1011.2099490861025,0.166,0.0,1
SMP_000546,26.60275,93.48408,Assam,Karbi Anglong,118.0,6.177534103393555,153.8771209716797,0.00408601900562644,Tree Cover / Dense Forest,Calcisols,Valley Floor / Terrace,Neutral Planar Drainage,780.0177264740058,0.038,319.83,1
SMP_000547,26.60358,93.481,Assam,Karbi Anglong,111.0,13.187190055847168,208.88504028320312,-9.124314965447411e-05,Tree Cover / Dense Forest,Mountain Litho-Soil Complex,Dissected Hill Slope,Neutral Planar Drainage,698.5457902226477,0.038,319.83,1
SMP_000548,26.88969,92.12266,Assam,Udalguri,280.0,34.349517822265625,354.49786376953125,-0.010494068264961243,Tree Cover / Dense Forest,Mountain Litho-Soil Complex,Steep Mountain Ridge,Neutral Planar Drainage,328.60799342991885,0.013,51415.55,1
SMP_000549,26.9174,92.77163,Assam,Sonitpur,110.0,6.097074508666992,16.191322326660156,0.0009581222548149526,Tree Cover / Dense Forest,Mountain Litho-Soil Complex,Valley Floor / Terrace,Neutral Planar Drainage,732.4198609414346,0.089,651.41,1
SMP_000550,26.92013,92.75994,Assam,Sonitpur,129.0,4.6637701988220215,53.44215774536133,0.0025297317188233137,Tree Cover / Dense Forest,Calcisols,Valley Floor / Terrace,Neutral Planar Drainage,441.0125889408266,0.089,103.02,1
SMP_000551,26.92088,92.75933,Assam,Sonitpur,145.0,11.223400115966797,82.18108367919922,0.0016780368750914931,Tree Cover / Dense Forest,Calcisols,Valley Floor / Terrace,Neutral Planar Drainage,354.9050042202273,0.089,103.02,1
SMP_000552,26.92216,92.7678,Assam,Sonitpur,149.0,13.501503944396973,63.2745475769043,0.002636159071698785,Tree Cover / Dense Forest,Calcisols,Dissected Hill Slope,Neutral Planar Drainage,204.25692625494256,0.089,107.42,1
SMP_000553,26.9231,92.76755,Assam,Sonitpur,163.0,12.928802490234375,48.81226348876953,0.00042584745096974075,Tree Cover / Dense Forest,Calcisols,Dissected Hill Slope,Neutral Planar Drainage,91.87644753568836,0.089,107.42,1
SMP_000554,26.92666,92.73966,Assam,Sonitpur,160.0,14.373167991638184,351.98223876953125,-0.0033408894669264555,Tree Cover / Dense Forest,Mountain Litho-Soil Complex,Dissected Hill Slope,Neutral Planar Drainage,428.7279362057489,0.178,1361.51,1
SMP_000555,26.93362,92.70757,Assam,Sonitpur,133.0,9.091326713562012,317.9254150390625,0.0036703404039144516,Tree Cover / Dense Forest,Mountain Litho-Soil Complex,Valley Floor / Terrace,Neutral Planar Drainage,1070.701411839767,0.115,397.38,1
SMP_000556,26.93438,92.729,Assam,Sonitpur,149.0,6.608574390411377,11.868955612182617,0.0012014834210276604,Tree Cover / Dense Forest,Calcisols,Valley Floor / Terrace,Neutral Planar Drainage,1115.665351365087,0.178,1361.51,1
SMP_000557,26.9358,92.70369,Assam,Sonitpur,125.0,4.622925758361816,297.864501953125,0.0014853817410767078,Tree Cover / Dense Forest,Calcisols,Valley Floor / Terrace,Neutral Planar Drainage,1183.0157486461017,0.115,71.69,1
SMP_000558,26.93586,92.70441,Assam,Sonitpur,135.0,10.809576988220215,266.75799560546875,0.001703389803878963,Tree Cover / Dense Forest,Calcisols,Valley Floor / Terrace,Neutral Planar Drainage,1185.3672405444906,0.115,18.5,1
SMP_000559,26.93597,92.70455,Assam,Sonitpur,135.0,10.809576988220215,266.75799560546875,0.001703389803878963,Tree Cover / Dense Forest,Calcisols,Valley Floor / Terrace,Neutral Planar Drainage,1189.5720924500843,0.115,18.5,1
SMP_000560,26.93641,92.70308,Assam,Sonitpur,130.0,2.191039800643921,8.95757007598877,0.0009277539211325347,Tree Cover / Dense Forest,Calcisols,Valley Floor / Terrace,Neutral Planar Drainage,1205.007794542084,0.115,90.87,1
SMP_000561,26.93819,92.70402,Assam,Sonitpur,143.0,6.391315460205078,286.8096923828125,0.00043601630022749305,Tree Cover / Dense Forest,Calcisols,Valley Floor / Terrace,Neutral Planar Drainage,1244.3937840816332,0.115,76.7,1
SMP_000562,26.93855,92.70336,Assam,Sonitpur,138.0,6.8457818031311035,63.2745475769043,0.003741384018212557,Tree Cover / Dense Forest,Calcisols,Valley Floor / Terrace,Neutral Planar Drainage,1247.7899516955547,0.115,76.7,1
SMP_000563,26.94755,93.257521,Assam,Sonitpur,127.0,14.097128868103027,274.9332580566406,0.002037994097918272,Tree Cover / Dense Forest,Calcisols,Dissected Hill Slope,Neutral Planar Drainage,851.5810997001386,0.013,18260.57,1
SMP_000564,26.9498,93.45291,Assam,Sonitpur,174.0,4.774302959442139,121.14058685302734,0.004045343492180109,Tree Cover / Dense Forest,Calcisols,Valley Floor / Terrace,Neutral Planar Drainage,632.1402098875001,0.038,173.24,1
SMP_000565,26.95052,93.45136,Assam,Sonitpur,186.0,11.079390525817871,353.01055908203125,0.00295042572543025,Tree Cover / Dense Forest,Mountain Litho-Soil Complex,Valley Floor / Terrace,Neutral Planar Drainage,555.1447915097438,0.038,173.24,1
SMP_000566,26.95266,93.44166,Assam,Sonitpur,153.0,1.3816499710083008,47.81373977661133,0.0037260616663843393,Tree Cover / Dense Forest,Calcisols,Valley Floor / Terrace,Neutral Planar Drainage,312.4572830105787,0.038,990.45,1
SMP_000567,26.9693,92.634,Assam,Sonitpur,135.0,8.476171493530273,87.9238052368164,0.0014448445290327072,Tree Cover / Dense Forest,Mountain Litho-Soil Complex,Valley Floor / Terrace,Neutral Planar Drainage,1240.2909996099045,0.051,99.31,1
SMP_000568,26.97013,92.63363,Assam,Sonitpur,141.0,6.686033248901367,165.28048706054688,-0.0006438556010834873,Tree Cover / Dense Forest,Mountain Litho-Soil Complex,Valley Floor / Terrace,Neutral Planar Drainage,1248.8230648479423,0.051,78.76,1
SMP_000569,26.97041,92.63436,Assam,Sonitpur,135.0,4.192135810852051,102.76634979248047,-0.00034978846088051796,Tree Cover / Dense Forest,Mountain Litho-Soil Complex,Valley Floor / Terrace,Neutral Planar Drainage,1249.8407243253134,0.051,78.76,1
SMP_000570,26.972889,92.632833,Assam,Sonitpur,135.0,3.5284512042999268,331.1149597167969,0.00236242963001132,Tree Cover / Dense Forest,Mountain Litho-Soil Complex,Valley Floor / Terrace,Neutral Planar Drainage,1217.9585631017349,0.051,314.46,1
SMP_000571,25.153982,93.02361,Assam,Dima Hasao,618.0,12.471713066101074,323.662353515625,-0.0029149039182811975,Tree Cover / Dense Forest,Calcisols,Dissected Hill Slope,Neutral Planar Drainage,1070.9661248261853,1.719,210.82,1
SMP_000572,26.11464,91.83886,Assam,Kamrup (Metro),172.0,8.552959442138672,232.39073181152344,0.0007654670625925064,Tree Cover / Dense Forest,Mountain Litho-Soil Complex,Valley Floor / Terrace,Neutral Planar Drainage,911.2492923257372,0.153,0.0,1
SMP_000573,26.19044,91.77502,Assam,Kamrup (Metro),113.0,10.314685821533203,336.8719787597656,-0.0026716808788478374,Tree Cover / Dense Forest,Calcisols,Valley Floor / Terrace,Neutral Planar Drainage,1087.4713686766113,0.573,9.39,1
SMP_000574,24.57257,92.70357,Assam,Cachar,58.0,8.339861869812012,282.766357421875,-0.0008009889279492199,Tree Cover / Dense Forest,Calcisols,Valley Floor / Terrace,Neutral Planar Drainage,658.2388181760846,0.038,182.66,1
SMP_000575,24.57235,92.70536,Assam,Cachar,69.0,2.4665026664733887,75.48241424560547,-0.0019771193619817495,Tree Cover / Dense Forest,Calcisols,Valley Floor / Terrace,Neutral Planar Drainage,635.3360048183517,0.038,182.66,1
SMP_000576,24.58585,92.70274,Assam,Cachar,49.0,4.777350425720215,266.2960510253906,0.0009682910749688745,Tree Cover / Dense Forest,Calcisols,Valley Floor / Terrace,Neutral Planar Drainage,1200.3211704960183,0.038,1479.05,1
SMP_000577,24.96756,92.74392,Assam,Cachar,31.0,8.425378799438477,40.0527229309082,0.0016678679967299104,Tree Cover / Dense Forest,Calcisols,Valley Floor / Terrace,Neutral Planar Drainage,919.2766541285308,0.242,1512.95,1
SMP_000578,24.95794,92.73201,Assam,Cachar,42.0,4.119017124176025,318.5650939941406,5.070600673207082e-05,Tree Cover / Dense Forest,Calcisols,Valley Floor / Terrace,Neutral Planar Drainage,1225.7537910069325,0.178,824.72,1
SMP_000579,24.95054,92.731458,Assam,Cachar,43.0,8.37175178527832,54.05615234375,0.0027172332629561424,Tree Cover / Dense Forest,Calcisols,Valley Floor / Terrace,Neutral Planar Drainage,756.4238622161964,0.178,158.78,1
SMP_000580,24.94756,92.73097,Assam,Cachar,59.0,16.4060001373291,76.20893096923828,-0.0023370767012238503,Tree Cover / Dense Forest,Calcisols,Dissected Hill Slope,Neutral Planar Drainage,440.47810507857304,0.166,288.4,1
SMP_000581,25.16736,93.00953,Assam,Dima Hasao,638.0,19.517202377319336,338.3004455566406,0.0017692799447104335,Tree Cover / Dense Forest,Mountain Litho-Soil Complex,Dissected Hill Slope,Neutral Planar Drainage,427.80389747216503,1.642,170.08,1
SMP_000582,25.16023,93.01084,Assam,Dima Hasao,584.0,16.834901809692383,299.97381591796875,-0.00013178031076677144,Tree Cover / Dense Forest,Mountain Litho-Soil Complex,Dissected Hill Slope,Neutral Planar Drainage,509.23834920226255,1.719,248.0,1
SMP_000583,25.162389,93.010222,Assam,Dima Hasao,583.0,16.10067367553711,255.9270477294922,-0.0017591111827641726,Tree Cover / Dense Forest,Mountain Litho-Soil Complex,Dissected Hill Slope,Neutral Planar Drainage,261.0747748843461,1.744,19.07,1
SMP_000584,25.162528,93.010333,Assam,Dima Hasao,583.0,16.10067367553711,255.9270477294922,-0.0017591111827641726,Tree Cover / Dense Forest,Mountain Litho-Soil Complex,Dissected Hill Slope,Neutral Planar Drainage,244.6349739874748,1.744,12.44,1
SMP_000585,25.162472,93.01044,Assam,Dima Hasao,604.0,15.349924087524414,266.6173400878906,0.000684392754919827,Tree Cover / Dense Forest,Mountain Litho-Soil Complex,Dissected Hill Slope,Neutral Planar Drainage,251.26290519794935,1.744,12.44,1
SMP_000586,25.17175,93.00726,Assam,Dima Hasao,734.0,14.361056327819824,317.5655822753906,-0.0025601000525057316,Tree Cover / Dense Forest,Calcisols,Dissected Hill Slope,Neutral Planar Drainage,876.0831562454971,1.579,161.32,1
SMP_000587,25.16649,93.01092,Assam,Dima Hasao,656.0,24.982345581054688,303.7933349609375,-0.00011158089182572439,Tree Cover / Dense Forest,Mountain Litho-Soil Complex,Dissected Hill Slope,Neutral Planar Drainage,327.4091247451385,1.63,164.5,1
SMP_000588,25.170194,93.007389,Assam,Dima Hasao,694.0,15.004670143127441,318.1831970214844,0.0010697030229493976,Tree Cover / Dense Forest,Calcisols,Dissected Hill Slope,Neutral Planar Drainage,731.2154743974777,1.604,173.51,1
SMP_000589,25.17144,93.005694,Assam,Dima Hasao,703.0,8.300562858581543,357.65985107421875,0.00268184975720942,Tree Cover / Dense Forest,Calcisols,Valley Floor / Terrace,Neutral Planar Drainage,848.7083464286029,1.579,161.32,1
SMP_000590,25.16579,93.00948,Assam,Dima Hasao,579.0,13.034565925598145,338.88433837890625,0.006306499242782593,Tree Cover / Dense Forest,Calcisols,Dissected Hill Slope,Neutral Planar Drainage,245.07183722422732,1.617,164.5,1
SMP_000591,25.15859,93.01292,Assam,Dima Hasao,594.0,21.007572174072266,288.866455078125,0.001708405208773911,Tree Cover / Dense Forest,Calcisols,Dissected Hill Slope,Neutral Planar Drainage,684.0806598770712,1.719,214.18,1
SMP_000592,26.134417,91.74875,Assam,Kamrup (Metro),99.0,6.251420974731445,119.529052734375,-0.0010848871897906065,Tree Cover / Dense Forest,Calcisols,Valley Floor / Terrace,Neutral Planar Drainage,476.53138938614,0.433,134.77,1
SMP_000593,26.154611,91.800861,Assam,Kamrup (Metro),79.0,2.7818634510040283,0.0,1.5184132280410267e-05,Tree Cover / Dense Forest,Calcisols,Valley Floor / Terrace,Neutral Planar Drainage,1245.6455876236673,0.497,0.15,1
SMP_000594,26.107111,91.789167,Assam,Kamrup (Metro),69.0,8.586931228637695,108.7711181640625,0.0008365107933059335,Tree Cover / Dense Forest,Mountain Litho-Soil Complex,Valley Floor / Terrace,Neutral Planar Drainage,107.10426605072331,0.089,0.32,1
SMP_000595,26.099611,91.878111,Assam,Kamrup,94.0,11.019210815429688,356.4922180175781,0.00026356062153354287,Tree Cover / Dense Forest,Calcisols,Valley Floor / Terrace,Neutral Planar Drainage,825.2572838123123,0.166,153.81,1
SMP_000596,26.149444,91.748,Assam,Kamrup,128.0,15.329584121704102,340.97552490234375,-0.003062006551772356,Tree Cover / Dense Forest,Calcisols,Dissected Hill Slope,Neutral Planar Drainage,1140.0152783294502,0.535,0.0,1
SMP_000597,26.166583,91.714806,Assam,Kamrup,130.0,22.041208267211914,9.314471244812012,0.0029098885133862495,Tree Cover / Dense Forest,Kastanozems,Dissected Hill Slope,Neutral Planar Drainage,391.27990111405796,0.318,0.0,1
SMP_000598,25.15556,93.021583,Assam,Dima Hasao,607.0,0.6826034784317017,270.0,-0.00036497259861789644,Tree Cover / Dense Forest,Calcisols,Valley Floor / Terrace,Neutral Planar Drainage,959.1883164336567,1.732,64.56,1
SMP_000599,25.156483,93.018367,Assam,Dima Hasao,625.0,24.912418365478516,351.1461181640625,0.002813491737470031,Tree Cover / Dense Forest,Calcisols,Dissected Hill Slope,Neutral Planar Drainage,883.1329926800985,1.732,10.68,1
SMP_000600,25.158138,93.024778,Assam,Dima Hasao,540.0,9.533510208129883,150.2251739501953,0.003087359480559826,Tree Cover / Dense Forest,Calcisols,Valley Floor / Terrace,Neutral Planar Drainage,729.4668654547005,1.732,335.69,1
SMP_000601,25.241944,93.143194,Assam,Dima Hasao (N.C. Hills),626.0,13.75876522064209,142.53941345214844,0.0013789543882012367,Tree Cover / Dense Forest,Calcisols,Dissected Hill Slope,Neutral Planar Drainage,1246.599809621623,0.127,321.3,1
SMP_000602,25.417333,93.129083,Assam,Dima Hasao (N.C. Hills),384.0,6.935773849487305,231.58489990234375,-0.003568928223103285,Tree Cover / Dense Forest,Calcisols,Valley Floor / Terrace,Neutral Planar Drainage,270.55094232711957,0.102,0.0,1
SMP_000603,25.17044,93.025325,Assam,Dima Hasao,470.0,16.69512939453125,119.08033752441406,-0.0016171620227396488,Tree Cover / Dense Forest,Calcisols,Dissected Hill Slope,Neutral Planar Drainage,755.30923994431,1.744,265.21,1
SMP_000604,25.171264,93.020014,Assam,Dima Hasao,639.0,28.501487731933594,107.35506439208984,-0.008303956128656864,Tree Cover / Dense Forest,Mountain Litho-Soil Complex,Steep Mountain Ridge,Neutral Planar Drainage,832.8232372525828,1.719,91.87,1
SMP_000605,25.16804,93.02503,Assam,Dima Hasao,484.0,17.022218704223633,97.09089660644531,-0.0015259188367053866,Tree Cover / Dense Forest,Calcisols,Dissected Hill Slope,Neutral Planar Drainage,504.32138173011214,1.719,11.87,1
SMP_000606,25.178006,93.022825,Assam,Dima Hasao,539.0,14.416584968566895,94.81907653808594,-0.001257204683497548,Tree Cover / Dense Forest,Calcisols,Dissected Hill Slope,Neutral Planar Drainage,1229.3217319465812,1.783,223.12,1
SMP_000607,25.168083,93.024922,Assam,Dima Hasao,484.0,17.022218704223633,97.09089660644531,-0.0015259188367053866,Tree Cover / Dense Forest,Calcisols,Dissected Hill Slope,Neutral Planar Drainage,509.0930560122823,1.719,11.87,1
SMP_000608,25.274806,93.145556,Assam,Dima Hasao (N.C. Hills),506.0,7.324113845825195,37.050716400146484,-0.0023776136804372072,Tree Cover / Dense Forest,Mountain Litho-Soil Complex,Valley Floor / Terrace,Neutral Planar Drainage,1247.1188124748237,0.064,3661.8,1
SMP_000609,25.189556,93.096417,Assam,Dima Hasao (N.C. Hills),521.0,19.97280502319336,11.343764305114746,0.0045016976073384285,Tree Cover / Dense Forest,Calcisols,Dissected Hill Slope,Neutral Planar Drainage,729.2617638903389,0.357,0.0,1
SMP_000610,25.163806,93.010861,Assam,Dima Hasao,600.0,23.240158081054688,283.8202209472656,0.0063216835260391235,Tree Cover / Dense Forest,Mountain Litho-Soil Complex,Dissected Hill Slope,Neutral Planar Drainage,92.12997085147516,1.681,151.72,1
SMP_000611,25.175,93.01967,Assam,Dima Hasao,622.0,28.866344451904297,96.18460083007812,-0.004385101143270731,Tree Cover / Dense Forest,Mountain Litho-Soil Complex,Steep Mountain Ridge,Neutral Planar Drainage,1110.7629202218218,1.744,26.96,1
SMP_000612,26.195528,91.780556,Assam,Kamrup (Metro),164.0,16.2493839263916,73.86763763427734,-0.0026615120004862547,Tree Cover / Dense Forest,Kastanozems,Dissected Hill Slope,Neutral Planar Drainage,662.2975642255826,0.573,0.0,1
SMP_000613,25.17483,93.019861,Assam,Dima Hasao,622.0,28.866344451904297,96.18460083007812,-0.004385101143270731,Tree Cover / Dense Forest,Mountain Litho-Soil Complex,Steep Mountain Ridge,Neutral Planar Drainage,1101.072178466867,1.744,26.96,1
SMP_000614,25.156806,93.019722,Assam,Dima Hasao,626.0,13.619649887084961,11.343764305114746,-0.0005170906079001725,Tree Cover / Dense Forest,Calcisols,Dissected Hill Slope,Neutral Planar Drainage,854.8074217704167,1.732,27.2,1
SMP_000615,25.156833,93.017694,Assam,Dima Hasao,617.0,24.579853057861328,352.51678466796875,0.00388319487683475,Tree Cover / Dense Forest,Calcisols,Dissected Hill Slope,Neutral Planar Drainage,852.4012105469128,1.732,15.69,1
SMP_000616,25.1565,93.0151,Assam,Dima Hasao,598.0,16.842632293701172,333.0897521972656,4.053714292240329e-05,Tree Cover / Dense Forest,Calcisols,Dissected Hill Slope,Neutral Planar Drainage,881.6635863864399,1.706,137.67,1
SMP_000617,25.15667,93.01275,Assam,Dima Hasao,558.0,12.505563735961914,300.74267578125,-0.0021342525724321604,Tree Cover / Dense Forest,Mountain Litho-Soil Complex,Dissected Hill Slope,Neutral Planar Drainage,866.8380346678709,1.719,214.18,1
SMP_000618,25.16367,93.02478,Assam,Dima Hasao,512.0,14.421208381652832,76.64703369140625,-0.00016730216157156974,Tree Cover / Dense Forest,Calcisols,Dissected Hill Slope,Neutral Planar Drainage,108.43551089204098,1.795,164.27,1
SMP_000619,25.16649,93.02289,Assam,Dima Hasao,569.0,20.35474395751953,108.67243957519531,0.0020278252195566893,Tree Cover / Dense Forest,Mountain Litho-Soil Complex,Dissected Hill Slope,Neutral Planar Drainage,327.4091247451385,1.744,158.93,1
SMP_000620,25.16497,93.02275,Assam,Dima Hasao,606.0,26.547714233398438,105.0313491821289,-0.0035080534871667624,Tree Cover / Dense Forest,Calcisols,Steep Mountain Ridge,Neutral Planar Drainage,147.43399296920342,1.732,120.93,1
SMP_000621,25.1655,93.02556,Assam,Dima Hasao,500.0,20.260276794433594,133.4282684326172,-0.004141740035265684,Tree Cover / Dense Forest,Calcisols,Dissected Hill Slope,Neutral Planar Drainage,210.65751382273996,1.783,19.37,1
SMP_000622,25.16427,92.99788,Assam,Dima Hasao,487.0,25.011075973510742,293.1698913574219,-0.0006488708895631135,Tree Cover / Dense Forest,Calcisols,Steep Mountain Ridge,Neutral Planar Drainage,63.54108210061622,1.541,326.1,1
SMP_000623,25.17425,93.00244,Assam,Dima Hasao,764.0,16.05422592163086,245.62216186523438,-0.006793221924453974,Tree Cover / Dense Forest,Calcisols,Dissected Hill Slope,Neutral Planar Drainage,1065.7412816037936,1.579,303.04,1
SMP_000624,25.162667,93.009806,Assam,Dima Hasao,583.0,16.10067367553711,255.9270477294922,-0.0017591111827641726,Tree Cover / Dense Forest,Mountain Litho-Soil Complex,Dissected Hill Slope,Neutral Planar Drainage,228.1575682716778,1.732,52.04,1
SMP_000625,25.16553,93.02172,Assam,Dima Hasao,627.0,28.106348037719727,113.85028839111328,-0.0018351702019572258,Tree Cover / Dense Forest,Calcisols,Steep Mountain Ridge,Neutral Planar Drainage,214.2243760819075,1.732,120.93,1
SMP_000626,25.179861,93.070778,Assam,Dima Hasao (N.C. Hills),509.0,9.22486400604248,66.4896240234375,-0.002058193553239107,Tree Cover / Dense Forest,Calcisols,Valley Floor / Terrace,Neutral Planar Drainage,1249.999898226651,0.42,0.0,1
SMP_000627,25.146778,93.030972,Assam,Dima Hasao (N.C. Hills),481.0,26.6910457611084,84.4537124633789,-0.0023167389445006847,Tree Cover / Dense Forest,Calcisols,Steep Mountain Ridge,Neutral Planar Drainage,1233.2816687470013,1.681,0.0,1
SMP_000628,25.155611,93.022222,Assam,Dima Hasao,610.0,13.797075271606445,171.63084411621094,-0.003219139762222767,Tree Cover / Dense Forest,Mountain Litho-Soil Complex,Dissected Hill Slope,Neutral Planar Drainage,955.1822732446726,1.732,0.0,1
SMP_000629,25.156583,93.019611,Assam,Dima Hasao,626.0,13.619649887084961,11.343764305114746,-0.0005170906079001725,Tree Cover / Dense Forest,Calcisols,Dissected Hill Slope,Neutral Planar Drainage,874.4549913530952,1.732,0.0,1
SMP_000630,25.157139,93.017194,Assam,Dima Hasao (N.C. Hills),672.0,22.550580978393555,344.1825866699219,-0.0040555126033723354,Tree Cover / Dense Forest,Calcisols,Dissected Hill Slope,Neutral Planar Drainage,824.7262582378542,1.706,0.0,1
SMP_000631,25.164,93.040194,Assam,Dima Hasao (N.C. Hills),460.0,16.02071189880371,4.760254859924316,0.0007654670625925064,Tree Cover / Dense Forest,Calcisols,Dissected Hill Slope,Neutral Planar Drainage,68.85785424174934,1.732,0.0,1
SMP_000632,25.106389,92.864806,Assam,Dima Hasao (N.C. Hills),208.0,15.492334365844727,123.05134582519531,0.002494209911674261,Tree Cover / Dense Forest,Mountain Litho-Soil Complex,Dissected Hill Slope,Neutral Planar Drainage,632.0069409107817,0.127,760.66,1
SMP_000633,25.109417,92.88075,Assam,Dima Hasao (N.C. Hills),292.0,17.852991104125977,188.50894165039062,0.001586793689057231,Tree Cover / Dense Forest,Calcisols,Dissected Hill Slope,Neutral Planar Drainage,918.4573887741038,0.178,338.28,1
SMP_000634,25.109889,92.893167,Assam,Dima Hasao (N.C. Hills),281.0,11.700138092041016,200.19314575195312,0.00028389832004904747,Tree Cover / Dense Forest,Calcisols,Valley Floor / Terrace,Neutral Planar Drainage,956.5629009128929,0.178,810.65,1
SMP_000635,25.108778,92.920333,Assam,Dima Hasao (N.C. Hills),261.0,11.753035545349121,221.18893432617188,-0.0011913145426660776,Tree Cover / Dense Forest,Calcisols,Valley Floor / Terrace,Neutral Planar Drainage,863.8041189030264,0.178,858.93,1
SMP_000636,25.108972,92.928861,Assam,Dima Hasao (N.C. Hills),255.0,12.758365631103516,192.14993286132812,0.0002483764837961644,Tree Cover / Dense Forest,Calcisols,Dissected Hill Slope,Neutral Planar Drainage,880.7584966322502,0.204,28.6,1
SMP_000637,26.146,91.756,Assam,Kamrup (Metro),92.0,3.1091084480285645,353.7035827636719,-0.00042584745096974075,Tree Cover / Dense Forest,Vertisols (Swelling Clay),Valley Floor / Terrace,Neutral Planar Drainage,906.5625517881194,0.547,885.6,1
SMP_000638,25.110111,92.998778,Assam,Dima Hasao (N.C. Hills),586.0,21.002592086791992,244.1541748046875,-0.000785804761108011,Tree Cover / Dense Forest,Calcisols,Dissected Hill Slope,Neutral Planar Drainage,973.7921908834754,0.535,474.25,1
SMP_000639,25.110778,93.004583,Assam,Dima Hasao (N.C. Hills),524.0,22.050926208496094,231.21092224121094,0.004314195830374956,Tree Cover / Dense Forest,Calcisols,Dissected Hill Slope,Neutral Planar Drainage,1022.7859124396399,0.662,214.23,1
SMP_000640,25.112389,93.00575,Assam,Dima Hasao (N.C. Hills),572.0,25.994077682495117,261.7239685058594,0.0017794488230720162,Tree Cover / Dense Forest,Calcisols,Steep Mountain Ridge,Neutral Planar Drainage,1122.8942826865791,0.738,214.23,1
SMP_000641,25.148722,93.031917,Assam,Dima Hasao (N.C. Hills),453.0,20.059322357177734,61.76103210449219,0.0038528265431523323,Tree Cover / Dense Forest,Mountain Litho-Soil Complex,Dissected Hill Slope,Neutral Planar Drainage,1249.553482420086,1.655,0.0,1
SMP_000642,25.14525,93.029167,Assam,Dima Hasao (N.C. Hills),535.0,22.29700469970703,64.24781799316406,-0.0031177278142422438,Tree Cover / Dense Forest,Calcisols,Dissected Hill Slope,Neutral Planar Drainage,1189.1129988715325,1.693,0.0,1
SMP_000643,25.155722,93.022778,Assam,Dima Hasao,610.0,13.797075271606445,171.63084411621094,-0.003219139762222767,Tree Cover / Dense Forest,Mountain Litho-Soil Complex,Dissected Hill Slope,Neutral Planar Drainage,946.3819954211566,1.732,0.0,1
SMP_000644,25.232306,93.033333,Assam,Dima Hasao,555.0,23.315135955810547,287.4967956542969,6.087486690375954e-05,Tree Cover / Dense Forest,Calcisols,Dissected Hill Slope,Neutral Planar Drainage,658.3983972353808,0.382,74.52,1
SMP_000645,26.210833,91.689444,Assam,Kamrup (Metro),77.0,18.596553802490234,45.08783721923828,0.0005170906079001725,Tree Cover / Dense Forest,Calcisols,Dissected Hill Slope,Neutral Planar Drainage,1056.5283395863194,0.076,392.49,1
SMP_000646,25.14264,93.03182,Assam,Dima Hasao,494.0,22.279682159423828,239.07481384277344,-0.002610806142911315,Tree Cover / Dense Forest,Calcisols,Dissected Hill Slope,Neutral Planar Drainage,1053.1502645120254,1.642,206.7,1
SMP_000647,25.14722,93.03128,Assam,Dima Hasao,445.0,13.318811416625977,68.59894561767578,0.004116525407880545,Tree Cover / Dense Forest,Calcisols,Dissected Hill Slope,Neutral Planar Drainage,1240.945930907435,1.681,58.11,1
SMP_000648,25.143408,93.02995,Assam,Dima Hasao,462.0,16.400569915771484,54.05615234375,0.003386442083865404,Tree Cover / Dense Forest,Calcisols,Dissected Hill Slope,Neutral Planar Drainage,1100.7203277710983,1.655,206.7,1
SMP_000649,25.14879,93.031636,Assam,Dima Hasao,477.0,19.529176712036133,60.850372314453125,-0.003568928223103285,Tree Cover / Dense Forest,Mountain Litho-Soil Complex,Dissected Hill Slope,Neutral Planar Drainage,1249.303166838371,1.655,29.28,1
SMP_000650,25.15144,93.0331,Assam,Dima Hasao,444.0,25.082542419433594,75.29961395263672,0.00012174973380751908,Tree Cover / Dense Forest,Calcisols,Steep Mountain Ridge,Neutral Planar Drainage,1196.7292727142622,1.668,324.84,1
SMP_000651,25.156694,93.017667,Assam,Dima Hasao (N.C. Hills),617.0,24.579853057861328,352.51678466796875,0.00388319487683475,Tree Cover / Dense Forest,Calcisols,Dissected Hill Slope,Neutral Planar Drainage,864.7259004200271,1.732,0.0,1
SMP_000652,25.205528,93.020139,Assam,Dima Hasao (N.C. Hills),350.0,16.07303237915039,327.4822082519531,0.00238778255879879,Tree Cover / Dense Forest,Calcisols,Dissected Hill Slope,Neutral Planar Drainage,1056.8319951964322,1.07,0.0,1
SMP_000653,25.245972,93.028278,Assam,Dima Hasao,606.0,16.34146499633789,293.8973693847656,0.002261017682030797,Tree Cover / Dense Forest,Mountain Litho-Soil Complex,Dissected Hill Slope,Neutral Planar Drainage,1186.218296138243,0.267,16.52,1
SMP_000654,25.214944,93.021611,Assam,Dima Hasao (N.C. Hills),623.0,21.537792205810547,244.90823364257812,0.004354733042418957,Tree Cover / Dense Forest,Calcisols,Dissected Hill Slope,Neutral Planar Drainage,1170.392662021141,0.738,0.0,1
SMP_000655,25.2185,93.013111,Assam,Dima Hasao (N.C. Hills),513.0,20.233192443847656,219.07382202148438,-0.005064478609710932,Tree Cover / Dense Forest,Calcisols,Dissected Hill Slope,Neutral Planar Drainage,950.6654233925026,0.675,0.0,1
SMP_000656,25.216944,93.011361,Assam,Dima Hasao (N.C. Hills),511.0,22.267244338989258,240.79962158203125,-0.003918716683983803,Tree Cover / Dense Forest,Calcisols,Dissected Hill Slope,Neutral Planar Drainage,1062.673116559054,0.675,0.0,1
SMP_000657,25.199722,93.016722,Assam,Dima Hasao (N.C. Hills),403.0,23.607248306274414,192.59686279296875,0.00021800815011374652,Tree Cover / Dense Forest,Calcisols,Dissected Hill Slope,Neutral Planar Drainage,533.7091179744197,1.413,0.0,1
SMP_000658,26.19052,91.77499,Assam,Kamrup (Metro),113.0,10.314685821533203,336.8719787597656,-0.0026716808788478374,Tree Cover / Dense Forest,Calcisols,Valley Floor / Terrace,Neutral Planar Drainage,1082.6139283077066,0.573,9.39,1
SMP_000659,25.159333,93.017,Assam,Dima Hasao,688.0,3.9651176929473877,211.04132080078125,-0.0015360877150669694,Tree Cover / Dense Forest,Mountain Litho-Soil Complex,Valley Floor / Terrace,Neutral Planar Drainage,606.7044620716256,1.732,0.0,1
SMP_000660,25.23925,93.031528,Assam,Dima Hasao,553.0,20.174718856811523,292.46038818359375,0.00014194916002452374,Tree Cover / Dense Forest,Calcisols,Dissected Hill Slope,Neutral Planar Drainage,1179.4133949628836,0.357,83.21,1
SMP_000661,25.232972,93.03325,Assam,Dima Hasao,563.0,22.68482780456543,287.281982421875,0.003513206960633397,Tree Cover / Dense Forest,Calcisols,Dissected Hill Slope,Neutral Planar Drainage,725.8854795694175,0.369,74.52,1
SMP_000662,25.156389,93.018389,Assam,Dima Hasao,625.0,24.912418365478516,351.1461181640625,0.002813491737470031,Tree Cover / Dense Forest,Calcisols,Dissected Hill Slope,Neutral Planar Drainage,891.2143652084083,1.732,0.0,1
SMP_000663,25.157361,93.016083,Assam,Dima Hasao,648.0,23.10912322998047,327.9618225097656,-0.002651343122124672,Tree Cover / Dense Forest,Calcisols,Dissected Hill Slope,Neutral Planar Drainage,804.1928247324904,1.693,0.0,1
SMP_000664,25.238806,93.032194,Assam,Dima Hasao,582.0,23.716707229614258,285.68621826171875,0.0025449160020798445,Tree Cover / Dense Forest,Calcisols,Dissected Hill Slope,Neutral Planar Drainage,1160.3023188697714,0.357,83.21,1
SMP_000665,25.196694,93.018583,Assam,Dima Hasao (N.C. Hills),460.0,19.810070037841797,136.0069122314453,-0.00015211800928227603,Tree Cover / Dense Forest,Calcisols,Dissected Hill Slope,Neutral Planar Drainage,184.2286848398971,1.426,0.0,1
SMP_000666,25.188444,93.019667,Assam,Dima Hasao (N.C. Hills),510.0,15.644171714782715,106.80970001220703,0.00035995731013827026,Tree Cover / Dense Forest,Calcisols,Dissected Hill Slope,Neutral Planar Drainage,834.8437562766901,1.528,0.0,1
SMP_000667,25.207389,93.122778,Assam,Dima Hasao (N.C. Hills),677.0,13.751985549926758,306.5578308105469,0.0018098171567544341,Tree Cover / Dense Forest,Calcisols,Dissected Hill Slope,Neutral Planar Drainage,1160.2534458256848,0.28,0.0,1
SMP_000668,25.175972,93.020167,Assam,Dima Hasao,605.0,24.705764770507812,114.99028015136719,-0.0010848871897906065,Tree Cover / Dense Forest,Mountain Litho-Soil Complex,Dissected Hill Slope,Neutral Planar Drainage,1160.204559988075,1.757,0.0,1
SMP_000669,25.175056,93.020417,Assam,Dima Hasao,570.0,20.002798080444336,93.40109252929688,0.005870621185749769,Tree Cover / Dense Forest,Mountain Litho-Soil Complex,Dissected Hill Slope,Neutral Planar Drainage,1113.8881756577491,1.744,0.0,1
SMP_000670,25.171889,93.020611,Assam,Dima Hasao,572.0,29.02843475341797,102.35862731933594,0.0077361599542200565,Tree Cover / Dense Forest,Mountain Litho-Soil Complex,Steep Mountain Ridge,Neutral Planar Drainage,888.1014479960245,1.719,91.87,1
SMP_000671,25.165639,93.025444,Assam,Dima Hasao,500.0,20.260276794433594,133.4282684326172,-0.004141740035265684,Tree Cover / Dense Forest,Calcisols,Dissected Hill Slope,Neutral Planar Drainage,227.17129777412268,1.783,0.0,1
SMP_000672,25.163444,93.023167,Assam,Dima Hasao,549.0,20.972938537597656,74.4779281616211,0.0050239418633282185,Tree Cover / Dense Forest,Calcisols,Dissected Hill Slope,Neutral Planar Drainage,135.5061081682814,1.77,0.0,1
SMP_000673,25.150694,93.025833,Assam,Dima Hasao,666.0,14.926737785339355,100.50233459472656,-0.005378883797675371,Tree Cover / Dense Forest,Calcisols,Dissected Hill Slope,Neutral Planar Drainage,1219.8917746338243,1.693,0.0,1
SMP_000674,25.145861,93.024194,Assam,Dima Hasao,700.0,12.536747932434082,65.62216186523438,-0.005723518785089254,Tree Cover / Dense Forest,Calcisols,Dissected Hill Slope,Neutral Planar Drainage,1210.0314385006454,1.706,0.0,1
SMP_000675,25.140417,93.020389,Assam,Dima Hasao,750.0,11.324307441711426,30.377532958984375,-0.006012432277202606,Tree Cover / Dense Forest,Calcisols,Valley Floor / Terrace,Neutral Planar Drainage,883.2725498296838,1.681,0.0,1
SMP_000676,25.139611,93.019556,Assam,Dima Hasao,749.0,3.7529704570770264,54.819759368896484,-0.007720975670963526,Tree Cover / Dense Forest,Calcisols,Valley Floor / Terrace,Neutral Planar Drainage,811.0434795900283,1.642,0.0,1
SMP_000677,26.150124,91.727915,Assam,Kamrup (Metro),87.0,16.61318588256836,49.35036849975586,-0.0012166674714535475,Tree Cover / Dense Forest,Calcisols,Dissected Hill Slope,Neutral Planar Drainage,1171.5965387675471,0.484,46.39,1
SMP_000678,25.184528,93.125639,Assam,Dima Hasao,648.0,15.681938171386719,180.0,0.0010848871897906065,Tree Cover / Dense Forest,Calcisols,Dissected Hill Slope,Neutral Planar Drainage,1121.8918272319404,0.255,0.0,1
SMP_000679,25.18725,93.120556,Assam,Dima Hasao,651.0,1.854277491569519,146.49436950683594,-0.00381744303740561,Tree Cover / Dense Forest,Calcisols,Valley Floor / Terrace,Neutral Planar Drainage,937.3845656712276,0.255,0.0,1
SMP_000680,25.176389,93.116139,Assam,Dima Hasao,561.0,13.187190055847168,151.11495971679688,0.004309042356908321,Tree Cover / Dense Forest,Mountain Litho-Soil Complex,Dissected Hill Slope,Neutral Planar Drainage,1178.2267087633943,0.306,0.0,1
SMP_000681,25.1775,93.026222,Assam,Dima Hasao (N.C. Hills),482.0,13.971497535705566,12.444334030151367,-0.0011913145426660776,Tree Cover / Dense Forest,Calcisols,Dissected Hill Slope,Neutral Planar Drainage,1216.5934470151358,1.833,0.0,1
SMP_000682,25.176917,93.026556,Assam,Dima Hasao,445.0,16.054019927978516,25.76789665222168,0.001723589259199798,Tree Cover / Dense Forest,Calcisols,Dissected Hill Slope,Neutral Planar Drainage,1198.2281929316193,1.833,0.0,1
SMP_000683,25.177028,93.020889,Assam,Dima Hasao,569.0,12.658868789672852,78.91289520263672,4.053714292240329e-05,Tree Cover / Dense Forest,Mountain Litho-Soil Complex,Dissected Hill Slope,Neutral Planar Drainage,1202.0276344509587,1.744,0.0,1
SMP_000684,25.193083,93.120417,Assam,Dima Hasao,660.0,3.7618038654327393,265.2899475097656,-0.007183547597378492,Tree Cover / Dense Forest,Mountain Litho-Soil Complex,Valley Floor / Terrace,Neutral Planar Drainage,345.73142006232393,0.255,0.0,1
SMP_000685,25.134472,93.018972,Assam,Dima Hasao,743.0,15.618285179138184,69.65711975097656,-0.0045016976073384285,Tree Cover / Dense Forest,Calcisols,Dissected Hill Slope,Neutral Planar Drainage,256.657176748785,1.642,0.0,1
SMP_000686,26.188417,91.85125,Assam,Kamrup (Metro),107.0,22.951074600219727,21.454029083251953,0.0011304395738989115,Tree Cover / Dense Forest,Calcisols,Dissected Hill Slope,Neutral Planar Drainage,1187.4781628678174,0.14,0.33,1
SMP_000687,26.192444,91.764222,Assam,Kamrup (Metro),101.0,6.731410503387451,156.18568420410156,-0.00015211800928227603,Tree Cover / Dense Forest,Kastanozems,Valley Floor / Terrace,Neutral Planar Drainage,946.6672094759836,0.522,0.0,1
SMP_000688,26.192361,91.780806,Assam,Kamrup (Metro),97.0,13.969321250915527,21.051679611206055,0.0031582650262862444,Tree Cover / Dense Forest,Kastanozems,Dissected Hill Slope,Neutral Planar Drainage,953.2554025436126,0.586,353.04,1
SMP_000689,26.158056,91.712583,Assam,Kamrup (Metro),78.0,12.434882164001465,218.41627502441406,0.005059325136244297,Tree Cover / Dense Forest,Calcisols,Dissected Hill Slope,Neutral Planar Drainage,1140.9009819335224,0.331,527.76,1
SMP_000690,26.1755,91.76175,Assam,Kamrup (Metro),67.0,3.377359390258789,23.814321517944336,-0.0007502828957512975,Tree Cover / Dense Forest,Vertisols (Swelling Clay),Valley Floor / Terrace,Neutral Planar Drainage,730.8549298184957,0.777,0.0,1
SMP_000691,26.190389,91.809944,Assam,Kamrup (Metro),103.0,3.5284512042999268,208.88504028320312,-0.0058603142388165,Tree Cover / Dense Forest,Vertisols (Swelling Clay),Valley Floor / Terrace,Neutral Planar Drainage,1090.5333497955187,0.535,0.0,1
SMP_000692,26.188667,91.766944,Assam,Kamrup (Metro),104.0,9.633014678955078,337.2895812988281,-0.0014548751059919596,Tree Cover / Dense Forest,Kastanozems,Valley Floor / Terrace,Neutral Planar Drainage,1177.566537392326,0.598,0.52,1
SMP_000693,25.91286,92.49797,Assam,West Karbi Anglong,305.0,18.73235321044922,53.908447265625,0.005855299066752195,Tree Cover / Dense Forest,Calcisols,Dissected Hill Slope,Neutral Planar Drainage,654.5050474180798,0.153,166.76,1
SMP_000694,26.196222,91.763361,Assam,Kamrup (Metro),92.0,4.0720648765563965,9.634148597717285,-0.0021342525724321604,Tree Cover / Dense Forest,Kastanozems,Valley Floor / Terrace,Neutral Planar Drainage,589.2580370409432,0.497,0.24,1
SMP_000695,25.96664,92.51636,Assam,West Karbi Anglong,211.0,25.207866668701172,131.6993408203125,-0.0005069217295385897,Tree Cover / Dense Forest,Calcisols,Steep Mountain Ridge,Neutral Planar Drainage,1238.645834427866,0.204,44.31,1
SMP_000696,25.967,92.51617,Assam,West Karbi Anglong,242.0,24.821643829345703,128.2185821533203,-0.0004917376209050417,Tree Cover / Dense Forest,Calcisols,Dissected Hill Slope,Neutral Planar Drainage,1231.9483031495636,0.191,44.31,1
SMP_000697,25.96458,92.52081,Assam,West Karbi Anglong,88.0,21.58770751953125,66.69035339355469,0.004182415548712015,Tree Cover / Dense Forest,Calcisols,Dissected Hill Slope,Neutral Planar Drainage,1247.1998445976692,0.216,454.01,1
SMP_000698,25.96886,92.51572,Assam,West Karbi Anglong,212.0,23.241395950317383,87.11756896972656,-0.004217799287289381,Tree Cover / Dense Forest,Calcisols,Dissected Hill Slope,Neutral Planar Drainage,1173.2148642148263,0.178,211.66,1
SMP_000699,25.97461,92.51375,Assam,West Karbi Anglong,138.0,26.037015914916992,115.53141021728516,0.0026716808788478374,Tree Cover / Dense Forest,Calcisols,Steep Mountain Ridge,Neutral Planar Drainage,762.8989488094201,0.166,243.74,1
SMP_000700,25.97664,92.51283,Assam,West Karbi Anglong,185.0,31.923412322998047,99.9808349609375,0.0009429380879737437,Tree Cover / Dense Forest,Calcisols,Steep Mountain Ridge,Neutral Planar Drainage,553.6506121652574,0.166,243.74,1
SMP_000701,25.98214,92.51139,Assam,West Karbi Anglong,90.0,17.78568458557129,119.21440887451172,0.0022458333987742662,Tree Cover / Dense Forest,Calcisols,Dissected Hill Slope,Neutral Planar Drainage,189.9314945331363,0.178,628.28,1
SMP_000702,25.91608,92.50203,Assam,West Karbi Anglong,341.0,30.32590675354004,34.77070999145508,6.589015538338572e-05,Tree Cover / Dense Forest,Calcisols,Steep Mountain Ridge,Neutral Planar Drainage,295.3839384774504,0.166,310.08,1
SMP_000703,25.92153,92.50753,Assam,West Karbi Anglong,367.0,28.99455451965332,50.71015548706055,-0.001383969676680863,Tree Cover / Dense Forest,Calcisols,Steep Mountain Ridge,Neutral Planar Drainage,449.1217989023239,0.204,71.53,1
SMP_000704,25.92525,92.51031,Assam,West Karbi Anglong,361.0,20.584171295166016,60.73970413208008,-0.0005879960372112691,Tree Cover / Dense Forest,Mountain Litho-Soil Complex,Dissected Hill Slope,Neutral Planar Drainage,833.1654387462941,0.242,166.69,1
SMP_000705,25.91936,92.50556,Assam,West Karbi Anglong,332.0,29.80518913269043,52.2196044921875,0.0011000713566318154,Tree Cover / Dense Forest,Calcisols,Steep Mountain Ridge,Neutral Planar Drainage,196.10950421815213,0.178,239.98,1
SMP_000706,25.92103,92.50708,Assam,West Karbi Anglong,371.0,27.509014129638672,45.171974182128906,-0.0034878540318459272,Tree Cover / Dense Forest,Calcisols,Steep Mountain Ridge,Neutral Planar Drainage,392.0625264453664,0.191,71.53,1
SMP_000707,25.92233,92.50819,Assam,West Karbi Anglong,358.0,28.601234436035156,59.66874694824219,-0.0012420205166563392,Tree Cover / Dense Forest,Calcisols,Steep Mountain Ridge,Neutral Planar Drainage,538.2832275597543,0.216,110.77,1
SMP_000708,25.924,92.50939,Assam,West Karbi Anglong,370.0,24.20311164855957,53.94471740722656,-0.001343432581052184,Tree Cover / Dense Forest,Calcisols,Dissected Hill Slope,Neutral Planar Drainage,713.7001563248025,0.229,166.69,1
SMP_000709,25.95825,92.51414,Assam,West Karbi Anglong,291.0,31.284971237182617,90.50907897949219,0.0018503543687984347,Tree Cover / Dense Forest,Calcisols,Steep Mountain Ridge,Neutral Planar Drainage,966.7830417847994,0.255,358.83,1
SMP_000710,25.96403,92.51631,Assam,West Karbi Anglong,248.0,27.853750228881836,73.37709045410156,-0.0010036748135462403,Tree Cover / Dense Forest,Calcisols,Steep Mountain Ridge,Neutral Planar Drainage,1240.8856553434582,0.229,290.26,1
SMP_000711,25.91406,92.49897,Assam,West Karbi Anglong,343.0,33.91864776611328,40.29323959350586,0.0005424435948953032,Tree Cover / Dense Forest,Calcisols,Steep Mountain Ridge,Neutral Planar Drainage,526.0621891205517,0.153,77.09,1
SMP_000712,25.91422,92.49972,Assam,West Karbi Anglong,308.0,23.77211570739746,44.68994903564453,0.005586584564298391,Tree Cover / Dense Forest,Calcisols,Dissected Hill Slope,Neutral Planar Drainage,508.37755220100314,0.153,77.09,1
SMP_000713,25.95478,92.51386,Assam,West Karbi Anglong,267.0,33.25609588623047,81.95449829101562,-0.001475212862715125,Tree Cover / Dense Forest,Calcisols,Steep Mountain Ridge,Neutral Planar Drainage,648.8246203932223,0.293,182.04,1
SMP_000714,25.95317,92.51353,Assam,West Karbi Anglong,287.0,30.905153274536133,80.1328125,0.0007756359409540892,Tree Cover / Dense Forest,Calcisols,Steep Mountain Ridge,Neutral Planar Drainage,474.3774510283824,0.293,182.04,1
SMP_000715,26.105917,91.622833,Assam,Kamrup (Metro),61.0,13.088723182678223,225.84165954589844,0.0031025437638163567,Tree Cover / Dense Forest,Mountain Litho-Soil Complex,Dissected Hill Slope,Neutral Planar Drainage,136.08016462154708,0.025,14.87,1
SMP_000716,26.118167,91.713306,Assam,Kamrup (Metro),81.0,15.008343696594238,316.46484375,-0.0019771193619817495,Tree Cover / Dense Forest,Calcisols,Dissected Hill Slope,Neutral Planar Drainage,1146.882077980081,0.216,444.9,1
SMP_000717,26.11464,91.83886,Assam,Kamrup (Metro),172.0,8.552959442138672,232.39073181152344,0.0007654670625925064,Tree Cover / Dense Forest,Mountain Litho-Soil Complex,Valley Floor / Terrace,Neutral Planar Drainage,911.2492923257372,0.153,0.0,1
SMP_000718,25.320694,93.127333,Assam,Dima Hasao,294.0,21.803730010986328,42.074581146240234,-0.001708405208773911,Tree Cover / Dense Forest,Calcisols,Dissected Hill Slope,Neutral Planar Drainage,115.10257365973425,0.089,446.14,1
SMP_000719,26.177556,91.765889,Assam,Kamrup (Metro),96.0,18.585081100463867,257.00933837890625,0.0011254244018346071,Tree Cover / Dense Forest,Vertisols (Swelling Clay),Dissected Hill Slope,Neutral Planar Drainage,918.2501478489446,0.7,0.46,1
SMP_000720,26.176722,91.76525,Assam,Kamrup (Metro),78.0,14.561984062194824,260.4290771484375,0.0009125698124989867,Tree Cover / Dense Forest,Vertisols (Swelling Clay),Dissected Hill Slope,Neutral Planar Drainage,846.229091934184,0.726,0.22,1
SMP_000721,26.154278,91.792639,Assam,Kamrup (Metro),73.0,7.949816703796387,281.1458435058594,0.00025854530395008624,Tree Cover / Dense Forest,Vertisols (Swelling Clay),Valley Floor / Terrace,Neutral Planar Drainage,1248.3832076260303,0.56,0.24,1
SMP_000722,26.154778,91.774111,Assam,Kamrup (Metro),97.0,12.471713066101074,143.662353515625,0.0023067083675414324,Tree Cover / Dense Forest,Calcisols,Dissected Hill Slope,Neutral Planar Drainage,1243.7732837108513,0.675,0.24,1
SMP_000723,26.176722,91.786722,Assam,Kamrup (Metro),85.0,17.121110916137695,222.59796142578125,-0.0003244354447815567,Tree Cover / Dense Forest,Kastanozems,Dissected Hill Slope,Neutral Planar Drainage,846.229091934184,0.624,0.3,1
SMP_000724,26.1895,91.787167,Assam,Kamrup (Metro),80.0,3.2549514770507812,161.6847686767578,-0.0034776851534843445,Tree Cover / Dense Forest,Kastanozems,Valley Floor / Terrace,Neutral Planar Drainage,1139.4931941293275,0.586,0.0,1
SMP_000725,25.405861,93.110972,Assam,Dima Hasao (N.C. Hills),254.0,15.15109634399414,309.6459655761719,0.003629803191870451,Tree Cover / Dense Forest,Mountain Litho-Soil Complex,Dissected Hill Slope,Neutral Planar Drainage,1034.6491251681564,0.102,1605.85,1
SMP_000726,25.391556,93.113167,Assam,Dima Hasao (N.C. Hills),220.0,15.87994384765625,225.3958740234375,0.0051557221449911594,Tree Cover / Dense Forest,Calcisols,Dissected Hill Slope,Neutral Planar Drainage,866.8559448243852,0.102,838.24,1
SMP_000727,26.112667,91.853889,Assam,Kamrup,204.0,19.666460037231445,259.5556945800781,-0.003842657897621393,Tree Cover / Dense Forest,Calcisols,Dissected Hill Slope,Neutral Planar Drainage,730.7415918535097,0.153,0.0,1
SMP_000728,24.92097,93.07306,Assam,Cachar,55.0,8.934904098510742,99.88676452636719,0.00021800815011374652,Tree Cover / Dense Forest,Calcisols,Valley Floor / Terrace,Neutral Planar Drainage,922.468416788813,0.025,0.0,1
SMP_000729,26.195306,91.765639,Assam,Kamrup,78.0,2.301957130432129,227.81373596191406,0.0011102402349933982,Tree Cover / Dense Forest,Kastanozems,Valley Floor / Terrace,Neutral Planar Drainage,685.0559342626995,0.497,0.0,1
SMP_000730,26.211111,91.684167,Assam,Kamrup,61.0,6.8457818031311035,296.7254638671875,0.0014194914838299155,Tree Cover / Dense Forest,Calcisols,Valley Floor / Terrace,Neutral Planar Drainage,1074.3009459446127,0.076,0.0,1
SMP_000731,26.193306,91.77725,Assam,Kamrup (Metro),173.0,11.613004684448242,3.323577642440796,-0.0006185026140883565,Tree Cover / Dense Forest,Kastanozems,Valley Floor / Terrace,Neutral Planar Drainage,874.6795474518036,0.573,370.04,1
SMP_000732,26.091506,91.878986,Assam,Kamrup (Metro),83.0,9.189677238464355,309.35150146484375,0.004192446358501911,Tree Cover / Dense Forest,Calcisols,Valley Floor / Terrace,Neutral Planar Drainage,1247.9890329786742,0.178,775.23,1
SMP_000733,26.213056,91.6925,Assam,Kamrup (Metro),85.0,19.896486282348633,36.33765411376953,-0.0022204804699867964,Tree Cover / Dense Forest,Calcisols,Dissected Hill Slope,Neutral Planar Drainage,1175.8128859235815,0.076,392.49,1
SMP_000734,26.1916,91.80361,Assam,Kamrup (Metro),91.0,11.609524726867676,35.44541931152344,-0.00016730216157156974,Tree Cover / Dense Forest,Kastanozems,Valley Floor / Terrace,Neutral Planar Drainage,1010.7036115296878,0.56,7.45,1
SMP_000735,26.19322,91.77033,Assam,Kamrup (Metro),160.0,15.006263732910156,212.23150634765625,-0.0006995769217610359,Tree Cover / Dense Forest,Kastanozems,Dissected Hill Slope,Neutral Planar Drainage,882.1457894770864,0.535,522.37,1
SMP_000736,26.18789,91.79493,Assam,Kamrup (Metro),88.0,11.267841339111328,80.64270782470703,0.0008618637803010643,Tree Cover / Dense Forest,Kastanozems,Valley Floor / Terrace,Neutral Planar Drainage,1206.0361811988053,0.573,626.05,1
SMP_000737,25.17136,93.01102,Assam,Dima Hasao,706.0,8.103506088256836,52.648887634277344,0.0024435038212686777,Tree Cover / Dense Forest,Mountain Litho-Soil Complex,Valley Floor / Terrace,Neutral Planar Drainage,841.5182178844357,1.668,380.87,1
SMP_000738,25.169861,93.002528,Assam,Dima Hasao,715.0,15.028463363647461,27.77183723449707,-0.0027781082317233086,Tree Cover / Dense Forest,Calcisols,Dissected Hill Slope,Neutral Planar Drainage,697.9468380341648,1.566,266.76,1
SMP_000739,25.18972,93.02011,Assam,Dima Hasao,497.0,7.8968424797058105,98.95719909667969,4.053714292240329e-05,Tree Cover / Dense Forest,Calcisols,Valley Floor / Terrace,Neutral Planar Drainage,712.9475464068177,1.528,122.74,1
SMP_000740,25.18625,93.01629,Assam,Dima Hasao,558.0,20.099708557128906,83.22162628173828,0.0014396909391507506,Tree Cover / Dense Forest,Calcisols,Dissected Hill Slope,Neutral Planar Drainage,1013.5972545438798,1.528,418.31,1
SMP_000741,25.177416,93.00975,Assam,Dima Hasao,688.0,11.538880348205566,154.0438995361328,-0.0025449160020798445,Tree Cover / Dense Forest,Calcisols,Valley Floor / Terrace,Neutral Planar Drainage,1214.1904424064905,1.63,377.03,1
SMP_000742,25.231694,93.161417,Assam,Dima Hasao,424.0,22.805482864379883,39.60889434814453,-0.0005779654602520168,Tree Cover / Dense Forest,Calcisols,Dissected Hill Slope,Neutral Planar Drainage,593.9975249110191,0.14,631.57,1
SMP_000743,25.18919,93.02118,Assam,Dima Hasao,486.0,9.968901634216309,100.62031555175781,0.00037514144787564874,Tree Cover / Dense Forest,Calcisols,Valley Floor / Terrace,Neutral Planar Drainage,765.0051018925191,1.541,122.74,1
SMP_000744,24.706194,92.289972,Assam,Karimganj,41.0,4.503533363342285,26.987531661987305,-0.000268714182311669,Tree Cover / Dense Forest,Mountain Litho-Soil Complex,Valley Floor / Terrace,Neutral Planar Drainage,1214.6804537623093,0.013,28527.76,1
SMP_000745,25.17623,93.01326,Assam,Dima Hasao,719.0,19.43549919128418,168.3113555908203,-0.004603109322488308,Tree Cover / Dense Forest,Calcisols,Dissected Hill Slope,Neutral Planar Drainage,1171.58470390585,1.655,377.03,1
SMP_000746,26.159583,91.723889,Assam,Kamrup (Metro),176.0,4.933854103088379,28.88503646850586,0.0032748612575232983,Tree Cover / Dense Forest,Kastanozems,Valley Floor / Terrace,Neutral Planar Drainage,1052.1634958778077,0.42,662.77,1
SMP_000747,26.151667,91.731389,Assam,Kamrup (Metro),52.0,0.7494118809700012,114.37784576416016,0.00016730216157156974,Tree Cover / Dense Forest,Kastanozems,Valley Floor / Terrace,Neutral Planar Drainage,1223.8408025593112,0.471,362.63,1
SMP_000748,26.155444,91.679,Assam,Kamrup (Metro),52.0,0.7065478563308716,208.88504028320312,-0.00037514144787564874,Tree Cover / Dense Forest,Calcisols,Valley Floor / Terrace,Neutral Planar Drainage,1233.001720646388,0.166,2512.68,1
SMP_000749,25.107278,92.883139,Assam,Dima Hasao,316.0,12.401529312133789,102.76634979248047,0.002519562840461731,Tree Cover / Dense Forest,Calcisols,Dissected Hill Slope,Neutral Planar Drainage,722.8785841450236,0.178,180.46,1
SMP_000750,25.106222,92.8845,Assam,Dima Hasao,328.0,14.810696601867676,140.88836669921875,0.0003346043231431395,Tree Cover / Dense Forest,Calcisols,Dissected Hill Slope,Neutral Planar Drainage,614.4014001306657,0.178,180.46,1
SMP_000751,26.149889,91.773944,Assam,Kamrup,118.0,10.53474235534668,350.7834167480469,0.0011761303758248687,Tree Cover / Dense Forest,Mountain Litho-Soil Complex,Valley Floor / Terrace,Neutral Planar Drainage,1161.2617483301524,0.611,496.57,1
SMP_000752,26.108917,91.74175,Assam,Kamrup,75.0,20.162189483642578,180.9296112060547,0.005089693237096071,Tree Cover / Dense Forest,Calcisols,Dissected Hill Slope,Neutral Planar Drainage,321.4751556239701,0.229,2362.68,1
SMP_000753,26.129111,91.749111,Assam,Kamrup,72.0,5.856955528259277,0.0,0.0007350987871177495,Tree Cover / Dense Forest,Mountain Litho-Soil Complex,Valley Floor / Terrace,Neutral Planar Drainage,985.4906277515915,0.318,591.1,1
SMP_000754,26.153333,91.777111,Assam,Kamrup,69.0,9.621487617492676,118.53666687011719,0.00317860278300941,Tree Cover / Dense Forest,Mountain Litho-Soil Complex,Valley Floor / Terrace,Neutral Planar Drainage,1248.9121203785523,0.662,339.82,1
SMP_000755,26.150528,91.727667,Assam,Kamrup,101.0,27.547277450561523,61.567527770996094,0.0056474595330655575,Tree Cover / Dense Forest,Calcisols,Steep Mountain Ridge,Neutral Planar Drainage,1187.9128954387365,0.484,31.36,1
SMP_000756,26.164056,91.728278,Assam,Kamrup,89.0,19.455169677734375,164.3459014892578,0.0022356645204126835,Tree Cover / Dense Forest,Calcisols,Dissected Hill Slope,Neutral Planar Drainage,668.0748732886995,0.484,662.77,1
SMP_000757,26.191139,91.829611,Assam,Kamrup,109.0,5.365504741668701,117.37919616699219,0.005556216463446617,Tree Cover / Dense Forest,Calcisols,Valley Floor / Terrace,Neutral Planar Drainage,1042.8199110313271,0.306,1563.85,1
SMP_000758,26.158193,91.755807,Assam,Kamrup,57.0,10.124282836914062,176.1742401123047,0.003431994467973709,Tree Cover / Dense Forest,Kastanozems,Valley Floor / Terrace,Neutral Planar Drainage,1133.949712086911,0.726,1246.44,1
SMP_000759,26.166185,91.7147,Assam,Kamrup,100.0,19.544639587402344,34.78845977783203,0.003538559889420867,Tree Cover / Dense Forest,Kastanozems,Dissected Hill Slope,Neutral Planar Drainage,436.7853348794239,0.331,45.5,1
SMP_000760,26.16616,91.713803,Assam,Kamrup,127.0,22.600210189819336,56.102142333984375,-0.001414337893947959,Tree Cover / Dense Forest,Kastanozems,Dissected Hill Slope,Neutral Planar Drainage,439.62401439601206,0.318,89.56,1
SMP_000761,26.16297,91.7059,Assam,Kamrup,200.0,10.679451942443848,313.40179443359375,-0.0020074874628335238,Tree Cover / Dense Forest,Calcisols,Valley Floor / Terrace,Neutral Planar Drainage,775.9183742460779,0.255,853.91,1
SMP_000762,26.17027,91.698,Assam,Kamrup,158.0,22.981910705566406,165.35462951660156,-0.0021290990989655256,Tree Cover / Dense Forest,Calcisols,Dissected Hill Slope,Neutral Planar Drainage,146.27987304783812,0.255,1131.59,1
SMP_000763,25.117665,92.847709,Assam,Dima Hasao,156.0,10.694276809692383,36.822959899902344,-0.00019265516311861575,Tree Cover / Dense Forest,Mountain Litho-Soil Complex,Valley Floor / Terrace,Neutral Planar Drainage,1247.6062650054348,0.115,2129.63,1
SMP_000764,25.27898,93.241092,Assam,Dima Hasao,796.0,21.54636573791504,356.5401611328125,-0.000552612473256886,Tree Cover / Dense Forest,Mountain Litho-Soil Complex,Dissected Hill Slope,Neutral Planar Drainage,1110.6516227535058,0.076,1195.83,1
SMP_000765,25.283672,93.301012,Assam,Dima Hasao,652.0,12.935455322265625,238.85940551757812,0.008506780490279198,Tree Cover / Dense Forest,Mountain Litho-Soil Complex,Dissected Hill Slope,Neutral Planar Drainage,742.2386246529765,0.051,500.95,1
SMP_000766,25.366255,92.823037,Assam,Dima Hasao,948.0,11.771771430969238,134.3865509033203,0.0014245068887248635,Tree Cover / Dense Forest,Lixisols,Valley Floor / Terrace,Neutral Planar Drainage,1223.4948788327972,0.051,3367.63,1
SMP_000767,25.1644,92.994643,Assam,Dima Hasao,487.0,16.63116455078125,106.80970001220703,0.0013991538435220718,Tree Cover / Dense Forest,Calcisols,Dissected Hill Slope,Neutral Planar Drainage,79.13850529091312,1.515,326.1,1
SMP_000768,25.170425,92.989085,Assam,Dima Hasao,635.0,23.1275577545166,97.99286651611328,0.0016576991183683276,Tree Cover / Dense Forest,Calcisols,Dissected Hill Slope,Neutral Planar Drainage,753.8521803969213,1.439,747.39,1
SMP_000769,25.412958,93.242826,Assam,Dima Hasao,611.0,15.767271995544434,114.87679290771484,-0.0024738721549510956,Tree Cover / Dense Forest,Calcisols,Dissected Hill Slope,Neutral Planar Drainage,349.97269422357766,0.051,4108.81,1
SMP_000770,25.362612,93.216888,Assam,Dima Hasao,515.0,23.015283584594727,100.99053192138672,-0.0011608080239966512,Tree Cover / Dense Forest,Calcisols,Dissected Hill Slope,Neutral Planar Drainage,1057.1170451778708,0.038,4102.9,1
SMP_000771,25.316197,93.006158,Assam,Dima Hasao,663.0,11.471531867980957,10.144366264343262,0.0027020492125302553,Tree Cover / Dense Forest,Calcisols,Valley Floor / Terrace,Neutral Planar Drainage,629.4961450812311,0.025,3278.84,1
SMP_000772,25.172918,92.995982,Assam,Dima Hasao,438.0,7.586050510406494,58.19672775268555,0.0027629241812974215,Tree Cover / Dense Forest,Calcisols,Valley Floor / Terrace,Neutral Planar Drainage,971.885834656735,1.528,666.56,1
SMP_000773,25.319717,93.123028,Assam,Dima Hasao,323.0,9.711657524108887,347.9451599121094,-0.00034978846088051796,Tree Cover / Dense Forest,Calcisols,Valley Floor / Terrace,Neutral Planar Drainage,231.67329473821113,0.089,446.14,1
SMP_000774,25.318433,93.115767,Assam,Dima Hasao,431.0,13.961644172668457,207.08163452148438,-0.006625781301409006,Tree Cover / Dense Forest,Calcisols,Dissected Hill Slope,Neutral Planar Drainage,382.06360419259795,0.089,743.66,1
SMP_000775,25.313791,93.10552,Assam,Dima Hasao,429.0,16.887723922729492,209.3772430419922,0.003411795012652874,Tree Cover / Dense Forest,Mountain Litho-Soil Complex,Dissected Hill Slope,Neutral Planar Drainage,863.1945517139374,0.089,69.07,1
SMP_000776,25.313929,93.10485,Assam,Dima Hasao,424.0,15.39479923248291,180.0,0.0022356645204126835,Tree Cover / Dense Forest,Mountain Litho-Soil Complex,Dissected Hill Slope,Neutral Planar Drainage,850.9397235161349,0.089,69.07,1
SMP_000777,25.314558,93.094195,Assam,Dima Hasao,454.0,13.29464340209961,153.01246643066406,-0.0035841125063598156,Tree Cover / Dense Forest,Calcisols,Dissected Hill Slope,Neutral Planar Drainage,793.1863322040087,0.089,1073.3,1
SMP_000778,25.22548,93.023783,Assam,Dima Hasao,609.0,11.402721405029297,235.7948455810547,-0.004506851080805063,Tree Cover / Dense Forest,Calcisols,Valley Floor / Terrace,Neutral Planar Drainage,230.39454673195905,0.484,1191.75,1
SMP_000779,25.24612,93.028292,Assam,Dima Hasao,606.0,16.34146499633789,293.8973693847656,0.002261017682030797,Tree Cover / Dense Forest,Mountain Litho-Soil Complex,Dissected Hill Slope,Neutral Planar Drainage,1180.381038611819,0.255,16.52,1
SMP_000780,25.23575,93.033317,Assam,Dima Hasao,599.0,28.9532470703125,277.85247802734375,-0.0007299451972357929,Tree Cover / Dense Forest,Calcisols,Steep Mountain Ridge,Neutral Planar Drainage,971.8971215365002,0.357,308.97,1
SMP_000781,25.18846,93.003768,Assam,Dima Hasao,754.0,14.126306533813477,251.2288818359375,-0.0040100980550050735,Tree Cover / Dense Forest,Calcisols,Dissected Hill Slope,Neutral Planar Drainage,833.3903432934454,1.35,853.18,1
SMP_000782,25.20006,92.9972,Assam,Dima Hasao,468.0,18.71863555908203,280.09429931640625,-0.0046689994633197784,Tree Cover / Dense Forest,Calcisols,Dissected Hill Slope,Neutral Planar Drainage,570.5446595109992,1.019,56.65,1
SMP_000783,25.19509,92.9995,Assam,Dima Hasao,458.0,26.0988826751709,283.3822326660156,0.0040201288647949696,Tree Cover / Dense Forest,Calcisols,Steep Mountain Ridge,Neutral Planar Drainage,107.94727027995998,1.286,542.94,1
SMP_000784,25.199617,92.997478,Assam,Dima Hasao,468.0,18.71863555908203,280.09429931640625,-0.0046689994633197784,Tree Cover / Dense Forest,Calcisols,Dissected Hill Slope,Neutral Planar Drainage,522.1516504941067,1.019,56.65,1
SMP_000785,25.325408,93.037147,Assam,Dima Hasao,448.0,16.51161003112793,10.420063018798828,-0.0009429380879737437,Tree Cover / Dense Forest,Mountain Litho-Soil Complex,Dissected Hill Slope,Neutral Planar Drainage,536.1562071837768,0.025,3278.84,1
SMP_000786,23.333165,93.057945,Assam,Dima Hasao,450.0,18.5,180.0,0.0,Tree Cover / Dense Forest,Kastanozems,Dissected Hill Slope,Neutral Planar Drainage,980.0959411195174,0.013,142372.89,1
SMP_000787,25.197888,93.02683,Assam,Dima Hasao,436.0,27.634552001953125,303.8386535644531,-0.006630934774875641,Tree Cover / Dense Forest,Calcisols,Steep Mountain Ridge,Neutral Planar Drainage,325.3157663265689,1.451,840.32,1
SMP_000788,25.18833,93.104922,Assam,Dima Hasao,575.0,12.62720012664795,344.5787658691406,-0.004004944581538439,Tree Cover / Dense Forest,Calcisols,Dissected Hill Slope,Neutral Planar Drainage,845.1409476834796,0.318,275.19,1
SMP_000789,25.147883,93.085354,Assam,Dima Hasao,814.0,14.587335586547852,185.2534637451172,-0.005404098425060511,Tree Cover / Dense Forest,Calcisols,Dissected Hill Slope,Neutral Planar Drainage,1248.0770735894525,0.331,1473.93,1
SMP_000790,25.425403,92.982053,Assam,Dima Hasao,267.0,22.58684730529785,346.7544250488281,-0.0012825577287003398,Tree Cover / Dense Forest,Mountain Litho-Soil Complex,Dissected Hill Slope,Neutral Planar Drainage,1054.4431137421857,0.089,369.65,1
SMP_000791,25.241135,93.007627,Assam,Dima Hasao,357.0,27.699865341186523,134.3697052001953,-0.00417726207524538,Tree Cover / Dense Forest,Mountain Litho-Soil Complex,Steep Mountain Ridge,Neutral Planar Drainage,1235.3912062725963,0.331,606.41,1
SMP_000792,25.245448,93.003937,Assam,Dima Hasao,295.0,16.708911895751953,136.0069122314453,0.0008415260817855597,Tree Cover / Dense Forest,Calcisols,Dissected Hill Slope,Neutral Planar Drainage,1204.876719786351,0.28,606.41,1
SMP_000793,25.211625,93.00113,Assam,Dima Hasao,319.0,7.0694098472595215,222.2602996826172,0.007467307616025209,Tree Cover / Dense Forest,Calcisols,Valley Floor / Terrace,Neutral Planar Drainage,1249.29023996521,0.802,146.78,1
SMP_000794,25.21112,92.999782,Assam,Dima Hasao,332.0,18.788715362548828,220.38185119628906,0.0027070646174252033,Tree Cover / Dense Forest,Calcisols,Dissected Hill Slope,Neutral Planar Drainage,1249.8443902988133,0.802,146.78,1
SMP_000795,25.267553,93.191317,Assam,Dima Hasao,510.0,17.52899932861328,254.1278533935547,-0.0017742953496053815,Tree Cover / Dense Forest,Calcisols,Dissected Hill Slope,Neutral Planar Drainage,1000.9335031789918,0.089,90.91,1
SMP_000796,25.266788,93.190998,Assam,Dima Hasao,484.0,18.198375701904297,274.7100524902344,-0.0007249299087561667,Tree Cover / Dense Forest,Calcisols,Dissected Hill Slope,Neutral Planar Drainage,942.2140563817397,0.089,90.91,1
SMP_000797,25.26676,93.1964,Assam,Dima Hasao,542.0,19.14984130859375,158.8843231201172,0.00014194916002452374,Tree Cover / Dense Forest,Calcisols,Dissected Hill Slope,Neutral Planar Drainage,939.9636528602069,0.076,174.67,1
SMP_000798,25.266142,93.197997,Assam,Dima Hasao,568.0,21.54636573791504,183.4598388671875,-0.001414337893947959,Tree Cover / Dense Forest,Calcisols,Dissected Hill Slope,Neutral Planar Drainage,888.5496758126034,0.076,174.67,1
SMP_000799,25.265743,93.21778,Assam,Dima Hasao,621.0,22.07867431640625,183.3677978515625,0.002955579198896885,Tree Cover / Dense Forest,Mountain Litho-Soil Complex,Dissected Hill Slope,Neutral Planar Drainage,853.6415761888735,0.115,1989.83,1
SMP_000800,25.757752,91.252285,Assam,Kamrup,761.0,14.57897663116455,43.403011322021484,-6.589015538338572e-05,Tree Cover / Dense Forest,Mountain Litho-Soil Complex,Dissected Hill Slope,Neutral Planar Drainage,439.73240756057646,0.038,3439.74,1
SMP_000801,26.238016,91.945953,Assam,Kamrup (Metro),86.0,6.165285587310791,138.56507873535156,-1.5184132280410267e-05,Tree Cover / Dense Forest,Kastanozems,Valley Floor / Terrace,Neutral Planar Drainage,699.3095664617974,0.051,2090.96,1
SMP_000802,25.872268,91.213965,Assam,Kamrup,250.0,28.78339958190918,236.60980224609375,-0.004278674256056547,Tree Cover / Dense Forest,Calcisols,Steep Mountain Ridge,Neutral Planar Drainage,1240.599795705924,0.013,9511.66,1
SMP_000803,26.227261,91.692246,Assam,Kamrup,65.0,10.065048217773438,214.78846740722656,0.005764055997133255,Tree Cover / Dense Forest,Kastanozems,Valley Floor / Terrace,Neutral Planar Drainage,629.272262941342,0.076,1579.73,1
SMP_000804,26.184324,91.855395,Assam,Kamrup (Metro),62.0,4.035421371459961,302.39166259765625,0.0017996482783928514,Tree Cover / Dense Forest,Calcisols,Valley Floor / Terrace,Neutral Planar Drainage,1245.6597850616856,0.115,614.98,1
SMP_000805,26.24698,91.964383,Assam,Kamrup,66.0,12.001789093017578,210.2909698486328,0.0032850299030542374,Tree Cover / Dense Forest,Kastanozems,Dissected Hill Slope,Neutral Planar Drainage,1243.6818512073767,0.051,1283.12,1
SMP_000806,26.11956,92.052125,Assam,Kamrup (Metro),78.0,3.0033481121063232,325.409423828125,4.053714292240329e-05,Tree Cover / Dense Forest,Calcisols,Valley Floor / Terrace,Neutral Planar Drainage,1203.8314400868212,0.076,2309.63,1
SMP_000807,25.69814,93.129423,Assam,Dima Hasao,316.0,13.352335929870605,101.8130111694336,-0.0019112291047349572,Tree Cover / Dense Forest,Calcisols,Dissected Hill Slope,Neutral Planar Drainage,60.548627881951965,0.076,2975.78,1
SMP_000808,25.648512,93.121528,Assam,Dima Hasao,349.0,15.913965225219727,303.3078308105469,0.0004815687716472894,Tree Cover / Dense Forest,Mountain Litho-Soil Complex,Dissected Hill Slope,Neutral Planar Drainage,1209.9138906152682,0.076,86.54,1
SMP_000809,25.388977,93.121008,Assam,Dima Hasao,302.0,3.4519519805908203,216.337646484375,-0.005216458812355995,Tree Cover / Dense Forest,Calcisols,Valley Floor / Terrace,Neutral Planar Drainage,615.6359182570249,0.102,242.03,1
SMP_000810,25.740148,91.224044,Assam,West Khasi Hills,897.0,1.3650132417678833,270.0,0.00036497259861789644,Tree Cover / Dense Forest,Lixisols,Valley Floor / Terrace,Neutral Planar Drainage,1091.1565917035728,0.025,3439.74,1
SMP_000811,25.341478,93.133718,Assam,Dima Hasao,280.0,8.800386428833008,247.44244384765625,0.003219139762222767,Tree Cover / Dense Forest,Mountain Litho-Soil Complex,Valley Floor / Terrace,Neutral Planar Drainage,1128.7951036965526,0.089,2398.51,1
SMP_000812,25.888959,92.61669,Assam,West Karbi Anglong,467.0,9.189677238464355,50.648494720458984,-0.004009959753602743,Tree Cover / Dense Forest,Mountain Litho-Soil Complex,Valley Floor / Terrace,Neutral Planar Drainage,316.0352395896136,0.089,393.91,1
SMP_000813,25.890032,92.621245,Assam,West Karbi Anglong,477.0,5.45331335067749,86.75798797607422,-0.0034219638910144567,Tree Cover / Dense Forest,Mountain Litho-Soil Complex,Valley Floor / Terrace,Neutral Planar Drainage,439.8203630792022,0.076,471.02,1
SMP_000814,26.156633,91.938576,Assam,Kamrup (Metro),114.0,10.76320743560791,109.92675018310547,-0.001764126354828477,Tree Cover / Dense Forest,Calcisols,Valley Floor / Terrace,Neutral Planar Drainage,1200.775529951663,0.064,1680.35,1
SMP_000815,26.1445,91.7362,Assam,Kamrup (Metro),49.0,0.7494118809700012,114.37784576416016,0.0006336867809295654,Tree Cover / Dense Forest,Vertisols (Swelling Clay),Valley Floor / Terrace,Neutral Planar Drainage,771.3539430318757,0.471,930.43,1
SMP_000816,27.452833,95.239,Arunachal Pradesh,Upper Siang,116.0,0.0,0.0,0.0005170906079001725,Tree Cover / Dense Forest,Calcisols,Valley Floor / Terrace,Neutral Planar Drainage,592.050008877471,0.025,880.83,1
SMP_000817,27.459167,95.233639,Arunachal Pradesh,Upper Siang,116.0,0.9886959195137024,20.193151473999023,0.0004917376209050417,Tree Cover / Dense Forest,Calcisols,Valley Floor / Terrace,Neutral Planar Drainage,246.77225553864034,0.025,880.83,1
SMP_000818,27.662194,94.702667,Arunachal Pradesh,West Siang,167.0,13.068399429321289,316.1391296386719,0.00361461890861392,Tree Cover / Dense Forest,Calcisols,Dissected Hill Slope,Neutral Planar Drainage,1248.6709783750478,0.025,920.62,1
SMP_000819,27.664972,94.693861,Arunachal Pradesh,West Siang,208.0,18.051048278808594,6.296420574188232,-0.001936582149937749,Tree Cover / Dense Forest,Calcisols,Dissected Hill Slope,Neutral Planar Drainage,1187.2312433579737,0.025,920.62,1
SMP_000820,26.684734513336334,94.91769233989174,NER_Control,Unassigned,1062.0,26.620697021484375,33.95988845825195,-0.0025297317188233137,Tree Cover / Dense Forest,Mountain Litho-Soil Complex,Steep Mountain Ridge,Neutral Planar Drainage,1192.980292037553,0.0,56777.26,0
SMP_000821,26.623045449585355,92.57214907826436,NER_Control,Unassigned,66.0,1.3816499710083008,47.81373977661133,-0.0004917376209050417,Tree Cover / Dense Forest,Calcisols,Valley Floor / Terrace,Neutral Planar Drainage,1227.2039351355131,0.0,37058.58,0
SMP_000822,24.0726806322493,92.65270156526897,NER_Control,Unassigned,239.0,16.58769989013672,281.500244140625,-0.0006438556010834873,Tree Cover / Dense Forest,Calcisols,Dissected Hill Slope,Neutral Planar Drainage,917.563171264303,0.0,55816.31,0
SMP_000823,26.71324305607722,92.09558616962806,NER_Control,Unassigned,95.0,1.3995990753173828,77.23365020751953,0.00016730216157156974,Tree Cover / Dense Forest,Calcisols,Valley Floor / Terrace,Neutral Planar Drainage,1040.2358421884974,0.0,19803.15,0
SMP_000824,26.128103116863088,93.38209350911085,NER_Control,Unassigned,435.0,9.31501293182373,289.217529296875,0.0017844641115516424,Tree Cover / Dense Forest,Calcisols,Valley Floor / Terrace,Neutral Planar Drainage,1056.3644374004957,0.0,8078.53,0
SMP_000825,26.713007020401484,93.92165079385445,NER_Control,Unassigned,80.0,0.0,0.0,0.00028389832004904747,Tree Cover / Dense Forest,Calcisols,Valley Floor / Terrace,Neutral Planar Drainage,1023.9626475477268,0.0,29971.41,0
SMP_000826,23.850876786419636,91.98168177690908,NER_Control,Unassigned,450.0,18.5,180.0,0.0,Tree Cover / Dense Forest,Mountain Litho-Soil Complex,Dissected Hill Slope,Neutral Planar Drainage,746.1230439054718,0.0,100108.77,0
SMP_000827,26.227968079703487,94.28134267269718,NER_Control,Unassigned,400.0,23.65143394470215,110.19236755371094,-0.004826133139431477,Tree Cover / Dense Forest,Calcisols,Dissected Hill Slope,Neutral Planar Drainage,553.5779166900206,0.0,35802.66,0
SMP_000828,25.74959973745837,94.71333509135472,NER_Control,Unassigned,641.0,20.521745681762695,31.6805419921875,-0.0004613692872226238,Tree Cover / Dense Forest,Mountain Litho-Soil Complex,Dissected Hill Slope,Neutral Planar Drainage,1143.348318245921,0.0,40345.46,0
SMP_000829,26.718993221462327,91.78077750696707,NER_Control,Unassigned,104.0,0.3093360662460327,0.0,-0.00034978846088051796,Tree Cover / Dense Forest,Calcisols,Valley Floor / Terrace,Neutral Planar Drainage,1249.6180966360564,0.0,38838.38,0
SMP_000830,26.044879370625644,92.82993448358154,NER_Control,Unassigned,72.0,0.34131383895874023,90.0,-0.00014194916002452374,Tree Cover / Dense Forest,Calcisols,Valley Floor / Terrace,Neutral Planar Drainage,178.9034856792085,0.0,15737.2,0
SMP_000831,25.398143653660043,91.0883654433562,NER_Control,Unassigned,723.0,3.415752649307251,354.27197265625,-0.003077190602198243,Tree Cover / Dense Forest,Mountain Litho-Soil Complex,Valley Floor / Terrace,Neutral Planar Drainage,1234.0363540296019,0.0,40390.92,0
SMP_000832,25.485810795230844,94.18869796277757,NER_Control,Unassigned,1426.0,12.226815223693848,184.7306365966797,0.0019467510282993317,Tree Cover / Dense Forest,Lixisols,Dissected Hill Slope,Neutral Planar Drainage,867.4724590713386,0.0,45157.67,0
SMP_000833,26.05450218978948,94.40185571401574,NER_Control,Unassigned,520.0,33.62541961669922,159.00401306152344,0.0034016261342912912,Tree Cover / Dense Forest,Lixisols,Steep Mountain Ridge,Neutral Planar Drainage,1102.588259376417,0.0,36296.75,0
SMP_000834,26.281590357037164,91.68656648967429,NER_Control,Unassigned,53.0,0.9886959195137024,200.19314575195312,-0.0005424435948953032,Tree Cover / Dense Forest,Calcisols,Valley Floor / Terrace,Neutral Planar Drainage,1221.9138540395516,0.013,3772.46,0
SMP_000835,26.136018943306734,92.21234865321122,NER_Control,Unassigned,55.0,0.6826034784317017,270.0,0.0005170906079001725,Tree Cover / Dense Forest,Calcisols,Valley Floor / Terrace,Neutral Planar Drainage,292.1577343669202,0.0,7710.57,0
SMP_000836,26.585373714038003,90.47826738526517,NER_Control,Unassigned,77.0,1.8864749670028687,10.420062065124512,-0.00037514144787564874,Tree Cover / Dense Forest,Calcisols,Valley Floor / Terrace,Neutral Planar Drainage,867.9546294736682,0.0,21280.48,0
SMP_000837,26.486951322544435,95.00847064251496,NER_Control,Unassigned,1952.0,18.932735443115234,278.143798828125,-0.006108690518885851,Tree Cover / Dense Forest,Calcisols,Dissected Hill Slope,Neutral Planar Drainage,441.71721535038444,0.0,48686.5,0
SMP_000838,24.682193134045768,94.15395599614422,NER_Control,Unassigned,1015.0,12.536561965942383,341.2475891113281,-0.005581431090831757,Tree Cover / Dense Forest,Mountain Litho-Soil Complex,Dissected Hill Slope,Neutral Planar Drainage,1104.0847507290644,0.0,55852.08,0
SMP_000839,27.45656116987973,94.43615765038435,NER_Control,Unassigned,101.0,0.6826034784317017,270.0,-0.0007502828957512975,Tree Cover / Dense Forest,Calcisols,Valley Floor / Terrace,Neutral Planar Drainage,164.858593756671,0.0,34385.78,0
SMP_000840,24.52253527573913,93.48118837167026,NER_Control,Unassigned,641.0,20.603811264038086,280.759765625,0.002083546482026577,Tree Cover / Dense Forest,Kastanozems,Dissected Hill Slope,Neutral Planar Drainage,1215.4738211097035,0.0,52431.03,0
SMP_000841,26.78441667799842,90.47857898689361,NER_Control,Unassigned,146.0,0.7494118809700012,65.62215423583984,0.00034978846088051796,Tree Cover / Dense Forest,Calcisols,Valley Floor / Terrace,Neutral Planar Drainage,1217.3153409333456,0.0,43412.58,0
SMP_000842,25.146484977591403,92.79767344300193,NER_Control,Unassigned,1177.0,33.00325012207031,342.9320983886719,0.0002990824286825955,Tree Cover / Dense Forest,Calcisols,Steep Mountain Ridge,Neutral Planar Drainage,1226.9255013672973,0.0,5970.01,0
SMP_000843,25.71977025930174,93.94302824000414,NER_Control,Unassigned,1119.0,17.5754337310791,8.65344524383545,-0.0005170906079001725,Tree Cover / Dense Forest,Lixisols,Dissected Hill Slope,Neutral Planar Drainage,1051.4876854763022,0.0,28042.56,0
SMP_000844,24.57650345868981,93.4144501252179,NER_Control,Unassigned,938.0,25.21550750732422,303.39019775390625,-0.0019872882403433323,Tree Cover / Dense Forest,Kastanozems,Steep Mountain Ridge,Neutral Planar Drainage,1008.2660181006129,0.0,43418.76,0
SMP_000845,22.68661976196706,92.55702172462654,NER_Control,Unassigned,450.0,18.5,180.0,0.0,Tree Cover / Dense Forest,Mountain Litho-Soil Complex,Dissected Hill Slope,Neutral Planar Drainage,552.5129898880683,0.0,88300.34,0
SMP_000846,25.41095518453106,91.0020927097367,NER_Control,Unassigned,368.0,12.694119453430176,190.66844177246094,0.004091034177690744,Tree Cover / Dense Forest,Mountain Litho-Soil Complex,Dissected Hill Slope,Neutral Planar Drainage,575.1313247575692,0.0,42842.42,0
SMP_000847,25.6206751190183,91.55515630436679,NER_Control,Unassigned,1471.0,12.097294807434082,33.77119445800781,-0.001018997048959136,Tree Cover / Dense Forest,Lixisols,Dissected Hill Slope,Neutral Planar Drainage,1244.1593866384521,0.0,31891.77,0
SMP_000848,26.667567121344455,93.39922506638895,NER_Control,Unassigned,73.0,1.023844599723816,90.0,0.0017439270159229636,Tree Cover / Dense Forest,Calcisols,Valley Floor / Terrace,Neutral Planar Drainage,577.8406066891197,0.0,10802.21,0
SMP_000849,26.63941473746678,94.98728746374489,NER_Control,Unassigned,455.0,15.08674430847168,329.4517822265625,-0.0009784599533304572,Tree Cover / Dense Forest,Calcisols,Dissected Hill Slope,Neutral Planar Drainage,204.48585337719052,0.0,62367.01,0
SMP_000850,25.350328989432363,94.15019478229172,NER_Control,Unassigned,1304.0,15.662353515625,327.9156188964844,-0.0025449160020798445,Tree Cover / Dense Forest,Lixisols,Dissected Hill Slope,Neutral Planar Drainage,326.344288282567,0.0,30860.83,0
SMP_000851,23.465539644677385,92.3447080300805,NER_Control,Unassigned,450.0,18.5,180.0,0.0,Tree Cover / Dense Forest,Mountain Litho-Soil Complex,Dissected Hill Slope,Neutral Planar Drainage,306.89349944414397,0.0,74259.27,0
SMP_000852,26.53030843882657,94.55651545417516,NER_Control,Unassigned,256.0,19.479143142700195,304.385986328125,0.0012420205166563392,Tree Cover / Dense Forest,Calcisols,Dissected Hill Slope,Neutral Planar Drainage,1248.8305466177212,0.0,18586.14,0
SMP_000853,25.23017645955579,93.00731342572354,NER_Control,Unassigned,385.0,11.223400115966797,97.81891632080078,-0.0049934349954128265,Tree Cover / Dense Forest,Calcisols,Valley Floor / Terrace,Neutral Planar Drainage,426.05016744139994,0.458,1218.94,0
SMP_000854,26.336311008264907,90.56618471899218,NER_Control,Unassigned,32.0,1.3650132417678833,90.0,0.0005677966400980949,Tree Cover / Dense Forest,Calcisols,Valley Floor / Terrace,Neutral Planar Drainage,1044.2224368813415,0.013,4421.47,0
SMP_000855,22.974720170634654,92.62309392901821,NER_Control,Unassigned,450.0,18.5,180.0,0.0,Tree Cover / Dense Forest,Mountain Litho-Soil Complex,Dissected Hill Slope,Neutral Planar Drainage,1038.359420836402,0.0,59708.82,0
SMP_000856,26.120886862631153,92.16714858267538,NER_Control,Unassigned,58.0,0.46062934398651123,312.1862487792969,-0.00025854530395008624,Tree Cover / Dense Forest,Calcisols,Valley Floor / Terrace,Neutral Planar Drainage,1237.3019339745877,0.038,4332.45,0
SMP_000857,26.292705163120385,93.91197815183222,NER_Control,Unassigned,116.0,1.3995990753173828,257.233642578125,0.00011659615120152012,Tree Cover / Dense Forest,Calcisols,Valley Floor / Terrace,Neutral Planar Drainage,338.19674233109606,0.0,13406.56,0
SMP_000858,27.011714478246937,94.39794993667525,NER_Control,Unassigned,89.0,0.9279360175132751,180.0,0.00040049446397460997,Tree Cover / Dense Forest,Ferralsols (Iron-Rich Tropical),Valley Floor / Terrace,Neutral Planar Drainage,725.8211214818359,0.0,46027.23,0
SMP_000859,26.2362740875208,94.95125632776056,NER_Control,Unassigned,1715.0,32.67316818237305,251.34304809570312,0.0013180795358493924,Tree Cover / Dense Forest,Calcisols,Steep Mountain Ridge,Neutral Planar Drainage,514.5849518454289,0.0,23694.55,0
SMP_000860,24.124729371046914,92.64553051500653,NER_Control,Unassigned,146.0,2.3938770294189453,334.691650390625,-0.0029961164109408855,Tree Cover / Dense Forest,Calcisols,Valley Floor / Terrace,Neutral Planar Drainage,370.33313740645826,0.0,50140.81,0
SMP_000861,24.426238214534575,92.69043402883528,NER_Control,Unassigned,59.0,0.6186540722846985,0.0,0.0008009889279492199,Tree Cover / Dense Forest,Calcisols,Valley Floor / Terrace,Neutral Planar Drainage,1249.2425109986384,0.0,16316.93,0
SMP_000862,24.119845927062524,91.64169636905457,NER_Control,Unassigned,50.0,1.8864749670028687,349.5799255371094,-0.0006083337357267737,Tree Cover / Dense Forest,Calcisols,Valley Floor / Terrace,Neutral Planar Drainage,875.4569341285904,0.0,92517.13,0
SMP_000863,25.527136308688256,94.53624069165656,NER_Control,Unassigned,1196.0,11.542112350463867,22.285099029541016,-0.0008263419149443507,Tree Cover / Dense Forest,Lixisols,Valley Floor / Terrace,Neutral Planar Drainage,1232.7828682171198,0.0,68572.28,0
SMP_000864,24.927897635935373,92.52465127842572,NER_Control,Unassigned,17.0,0.0,0.0,0.0005170906079001725,Tree Cover / Dense Forest,Ferralsols (Iron-Rich Tropical),Valley Floor / Terrace,Neutral Planar Drainage,1247.54269918398,0.0,10213.75,0
SMP_000865,24.030403730547324,93.8911618849171,NER_Control,Unassigned,1416.0,21.41008186340332,223.1319580078125,0.0034625011030584574,Tree Cover / Dense Forest,Lixisols,Dissected Hill Slope,Neutral Planar Drainage,379.3275934422586,0.0,114933.67,0
SMP_000866,23.96319130854781,92.95793573471163,NER_Control,Unassigned,450.0,18.5,180.0,0.0,Tree Cover / Dense Forest,Kastanozems,Dissected Hill Slope,Neutral Planar Drainage,837.7044075055994,0.0,70792.46,0
SMP_000867,24.490467670337317,93.61351200524399,NER_Control,Unassigned,1023.0,27.274248123168945,294.1045837402344,-0.0018908914644271135,Tree Cover / Dense Forest,Lixisols,Steep Mountain Ridge,Neutral Planar Drainage,1231.6104622461264,0.0,65384.24,0
SMP_000868,25.143427636401785,93.56742797790277,NER_Control,Unassigned,734.0,29.04933738708496,111.07872009277344,-0.0017894795164465904,Tree Cover / Dense Forest,Lixisols,Steep Mountain Ridge,Neutral Planar Drainage,1101.8565129273277,0.0,19885.77,0
SMP_000869,25.62025705622191,93.63640844036992,NER_Control,Unassigned,362.0,8.48491096496582,310.6496276855469,0.001825001323595643,Tree Cover / Dense Forest,Mountain Litho-Soil Complex,Valley Floor / Terrace,Neutral Planar Drainage,1248.0581887238993,0.0,21738.28,0
SMP_000870,26.4287169086388,92.8761240586003,NER_Control,Unassigned,76.0,0.46062934398651123,312.1862487792969,-0.0010088281705975533,Tree Cover / Dense Forest,Calcisols,Valley Floor / Terrace,Neutral Planar Drainage,904.338325197827,0.0,22661.76,0
SMP_000871,22.05112048432461,92.90660831586712,NER_Control,Unassigned,450.0,18.5,180.0,0.0,Tree Cover / Dense Forest,Lixisols,Dissected Hill Slope,Neutral Planar Drainage,388.53390530638177,0.0,143399.69,0
SMP_000872,25.370582970059385,92.81442580739868,NER_Control,Unassigned,968.0,6.608574390411377,191.86895751953125,0.0015664560487493873,Tree Cover / Dense Forest,Lixisols,Valley Floor / Terrace,Neutral Planar Drainage,1220.4902484637832,0.038,990.03,0
SMP_000873,22.364933014396694,93.14470681730076,NER_Control,Unassigned,450.0,18.5,180.0,0.0,Tree Cover / Dense Forest,Lixisols,Dissected Hill Slope,Neutral Planar Drainage,428.240600211975,0.0,108028.92,0
SMP_000874,24.71079206180297,92.57238022213532,NER_Control,Unassigned,27.0,1.8864749670028687,169.57994079589844,-0.00042584745096974075,Tree Cover / Dense Forest,Calcisols,Valley Floor / Terrace,Neutral Planar Drainage,1221.9646376334952,0.0,9513.41,0
SMP_000875,27.83406485002513,95.77312540287836,NER_Control,Unassigned,135.0,1.6503560543060303,304.2051696777344,-0.00016730216157156974,Tree Cover / Dense Forest,Calcisols,Valley Floor / Terrace,Neutral Planar Drainage,103.50954485620363,0.0,67539.05,0
SMP_000876,24.210915652684335,93.37825300477334,NER_Control,Unassigned,1278.0,18.172985076904297,327.01458740234375,-0.0015157499583438039,Tree Cover / Dense Forest,Lixisols,Dissected Hill Slope,Neutral Planar Drainage,1106.289663272705,0.0,73246.62,0
SMP_000877,24.21082696891122,94.20568065127868,NER_Control,Unassigned,715.0,22.57232093811035,288.947265625,-0.000451200467068702,Tree Cover / Dense Forest,Calcisols,Dissected Hill Slope,Neutral Planar Drainage,1111.2979924804504,0.0,107373.83,0
SMP_000878,25.16995842880204,91.46863648687305,NER_Control,Unassigned,45.0,4.596506595611572,47.81373977661133,0.0009327692096121609,Tree Cover / Dense Forest,Mountain Litho-Soil Complex,Valley Floor / Terrace,Neutral Planar Drainage,707.7565518367452,0.0,67991.8,0
SMP_000879,27.13875079376497,94.11595844284331,NER_Control,Unassigned,86.0,1.0695353746414185,253.19029235839844,-0.0004917376209050417,Tree Cover / Dense Forest,Calcisols,Valley Floor / Terrace,Neutral Planar Drainage,583.7840562929472,0.0,63895.34,0
SMP_000880,26.839140843109316,94.8805324434236,NER_Control,Unassigned,193.0,3.532606840133667,285.2105712890625,-0.004172246903181076,Tree Cover / Dense Forest,Mountain Litho-Soil Complex,Valley Floor / Terrace,Neutral Planar Drainage,1055.8294617549745,0.0,59022.48,0
SMP_000881,27.371575977889087,95.15776030445011,NER_Control,Unassigned,112.0,0.3093360662460327,0.0,0.00011659615120152012,Tree Cover / Dense Forest,Calcisols,Valley Floor / Terrace,Neutral Planar Drainage,935.8386914780617,0.0,12080.75,0
SMP_000882,25.274191524627827,91.53642486698084,NER_Control,Unassigned,709.0,24.790550231933594,276.71295166015625,-0.005059325136244297,Tree Cover / Dense Forest,Lixisols,Dissected Hill Slope,Neutral Planar Drainage,1249.962907434023,0.0,60557.98,0
SMP_000883,24.0664095319174,93.105399904622,NER_Control,Unassigned,278.0,17.161048889160156,232.27169799804688,0.010559682734310627,Tree Cover / Dense Forest,Kastanozems,Dissected Hill Slope,Neutral Planar Drainage,265.99302467312214,0.0,69340.1,0
SMP_000884,22.577847784069842,92.54567942002126,NER_Control,Unassigned,450.0,18.5,180.0,0.0,Tree Cover / Dense Forest,Mountain Litho-Soil Complex,Dissected Hill Slope,Neutral Planar Drainage,1072.7428018082837,0.0,99019.58,0
SMP_000885,26.296079874236458,94.74025613619864,NER_Control,Unassigned,1406.0,26.922332763671875,182.01678466796875,9.124314965447411e-05,Tree Cover / Dense Forest,Calcisols,Steep Mountain Ridge,Neutral Planar Drainage,163.75258922043338,0.0,20784.69,0
SMP_000886,27.674745611344292,95.73554743614967,NER_Control,Unassigned,137.0,1.151889681816101,216.337646484375,0.0008668790687806904,Tree Cover / Dense Forest,Calcisols,Valley Floor / Terrace,Neutral Planar Drainage,368.4197231806879,0.0,54814.64,0
SMP_000887,23.38244426635971,93.13200852270515,NER_Control,Unassigned,450.0,18.5,180.0,0.0,Tree Cover / Dense Forest,Lixisols,Dissected Hill Slope,Neutral Planar Drainage,989.6135094057364,0.0,9337.46,0
SMP_000888,25.768816431053153,92.11560410211597,NER_Control,Unassigned,1089.0,8.476119041442871,122.91751098632812,0.004912361036986113,Tree Cover / Dense Forest,Mountain Litho-Soil Complex,Valley Floor / Terrace,Neutral Planar Drainage,890.2310647144932,0.0,27411.14,0
SMP_000889,23.42549262568174,91.33722361146005,NER_Control,Unassigned,450.0,18.5,180.0,0.0,Tree Cover / Dense Forest,Mountain Litho-Soil Complex,Dissected Hill Slope,Neutral Planar Drainage,1107.7022086400343,0.0,172152.09,0
SMP_000890,26.087625601556173,90.87504266000201,NER_Control,Unassigned,43.0,1.151889681816101,143.662353515625,-0.00040049446397460997,Tree Cover / Dense Forest,Calcisols,Valley Floor / Terrace,Neutral Planar Drainage,1185.1968867686446,0.0,27133.33,0
SMP_000891,26.23402024865399,94.94183386768825,NER_Control,Unassigned,1523.0,31.962953567504883,79.5309066772461,7.605900464113802e-05,Tree Cover / Dense Forest,Lixisols,Steep Mountain Ridge,Neutral Planar Drainage,255.57193616143473,0.0,22791.53,0
SMP_000892,24.73811595712543,93.00518830341639,NER_Control,Unassigned,29.0,1.9418480396270752,241.4633331298828,0.00025854530395008624,Tree Cover / Dense Forest,Calcisols,Valley Floor / Terrace,Neutral Planar Drainage,1227.807498081898,0.0,7601.15,0
SMP_000893,25.17657921458555,90.50728251785875,NER_Control,Unassigned,22.0,0.46062934398651123,47.81373977661133,2.535300336603541e-05,Tree Cover / Dense Forest,Mountain Litho-Soil Complex,Valley Floor / Terrace,Neutral Planar Drainage,1185.7978119137338,0.0,92645.96,0
SMP_000894,25.694773686857832,91.10759220999199,NER_Control,Unassigned,913.0,16.5968074798584,163.75079345703125,0.0021342525724321604,Tree Cover / Dense Forest,Calcisols,Dissected Hill Slope,Neutral Planar Drainage,456.31248145364367,0.0,12710.47,0
SMP_000895,25.32500057673368,90.42275552450565,NER_Control,Unassigned,79.0,6.907394886016846,348.65625,-0.0036196343135088682,Tree Cover / Dense Forest,Mountain Litho-Soil Complex,Valley Floor / Terrace,Neutral Planar Drainage,491.06628659027933,0.0,77666.49,0
SMP_000896,24.330232066886058,93.04430952134443,NER_Control,Unassigned,138.0,19.190052032470703,353.11871337890625,-0.004380085971206427,Tree Cover / Dense Forest,Calcisols,Dissected Hill Slope,Neutral Planar Drainage,1238.208316326384,0.0,43611.11,0
SMP_000897,24.71286242227154,93.56781626454631,NER_Control,Unassigned,801.0,24.71645164489746,139.67698669433594,0.005236796103417873,Tree Cover / Dense Forest,Calcisols,Dissected Hill Slope,Neutral Planar Drainage,1143.9281533648125,0.0,48603.18,0
SMP_000898,26.576186998320267,94.50784990731061,NER_Control,Unassigned,300.0,10.346627235412598,241.7610321044922,-0.0024435038212686777,Tree Cover / Dense Forest,Calcisols,Valley Floor / Terrace,Neutral Planar Drainage,251.4635151724764,0.0,14289.05,0
SMP_000899,25.65396610549832,94.67288802740879,NER_Control,Unassigned,1098.0,16.746105194091797,217.86077880859375,-0.0015310724265873432,Tree Cover / Dense Forest,Lixisols,Dissected Hill Slope,Neutral Planar Drainage,1201.1852744165792,0.0,51452.07,0
SMP_000900,26.507879825831694,90.4174042609012,NER_Control,Unassigned,60.0,0.7065478563308716,28.88503646850586,0.0003244354447815567,Tree Cover / Dense Forest,Calcisols,Valley Floor / Terrace,Neutral Planar Drainage,837.843097512166,0.0,14113.18,0
SMP_000901,26.54000586569111,92.28304735677459,NER_Control,Unassigned,65.0,0.0,0.0,-0.0005170906079001725,Tree Cover / Dense Forest,Ferralsols (Iron-Rich Tropical),Valley Floor / Terrace,Neutral Planar Drainage,771.635374415231,0.0,42019.95,0
SMP_000902,26.665060210781064,92.92008831746074,NER_Control,Unassigned,69.0,1.3995990753173828,102.76634979248047,0.000684392754919827,Tree Cover / Dense Forest,Vertisols (Swelling Clay),Valley Floor / Terrace,Neutral Planar Drainage,828.6836359130538,0.0,17276.64,0
SMP_000903,26.309579576598086,94.14004948934507,NER_Control,Unassigned,215.0,7.694413661956787,177.47288513183594,0.01808284781873226,Tree Cover / Dense Forest,Calcisols,Valley Floor / Terrace,Neutral Planar Drainage,1240.5036184654352,0.0,34362.4,0
SMP_000904,25.429378644567173,90.48237717944738,NER_Control,Unassigned,391.0,8.011686325073242,36.33765411376953,0.0028034611605107784,Tree Cover / Dense Forest,Mountain Litho-Soil Complex,Valley Floor / Terrace,Neutral Planar Drainage,1230.3129674055976,0.0,65102.47,0
SMP_000905,24.19474813271268,93.21538713419338,NER_Control,Unassigned,1172.0,26.939407348632812,94.87550354003906,-0.00024336116621270776,Tree Cover / Dense Forest,Kastanozems,Steep Mountain Ridge,Neutral Planar Drainage,570.3048174790525,0.0,66566.06,0
SMP_000906,24.038561814423307,93.74211074490007,NER_Control,Unassigned,869.0,6.069221019744873,72.26190948486328,0.00495791295543313,Tree Cover / Dense Forest,Mountain Litho-Soil Complex,Valley Floor / Terrace,Neutral Planar Drainage,664.6988382387344,0.0,104908.12,0
SMP_000907,24.528166547759064,92.38800098491576,NER_Control,Unassigned,31.0,2.24721097946167,294.3778381347656,0.00011659615120152012,Tree Cover / Dense Forest,Calcisols,Valley Floor / Terrace,Neutral Planar Drainage,882.9534672468941,0.0,22137.57,0
SMP_000908,27.136361340702127,94.06351717905982,NER_Control,Unassigned,86.0,0.3093360662460327,0.0,0.00040049446397460997,Tree Cover / Dense Forest,Calcisols,Valley Floor / Terrace,Neutral Planar Drainage,822.9865411316474,0.0,63932.05,0
SMP_000909,26.495292180148773,91.15663654098307,NER_Control,Unassigned,45.0,0.7494118809700012,245.62216186523438,-0.0006336867809295654,Tree Cover / Dense Forest,Calcisols,Valley Floor / Terrace,Neutral Planar Drainage,1153.3077246419323,0.0,32564.44,0
SMP_000910,27.773372721542557,95.21598134396737,NER_Control,Unassigned,116.0,0.3093360662460327,180.0,0.0009175851009786129,Tree Cover / Dense Forest,Calcisols,Valley Floor / Terrace,Neutral Planar Drainage,252.26939575198003,0.0,34981.37,0
SMP_000911,26.527362536444237,89.88776786414982,NER_Control,Unassigned,60.0,0.46062934398651123,47.81373977661133,2.535300336603541e-05,Tree Cover / Dense Forest,Calcisols,Valley Floor / Terrace,Neutral Planar Drainage,1181.8080109579817,0.0,54879.57,0
SMP_000912,24.302033018303334,93.6380067127768,NER_Control,Unassigned,1108.0,15.245400428771973,193.9119873046875,-0.0020937155932188034,Tree Cover / Dense Forest,Kastanozems,Dissected Hill Slope,Neutral Planar Drainage,1230.3139081052504,0.0,80631.95,0
SMP_000913,25.049357984292854,93.0316836591556,NER_Control,Unassigned,899.0,31.623876571655273,62.875709533691406,0.0037717523518949747,Tree Cover / Dense Forest,Lixisols,Steep Mountain Ridge,Neutral Planar Drainage,1111.9773754123773,0.013,4674.51,0
SMP_000914,23.203384799102306,92.41383697992235,NER_Control,Unassigned,450.0,18.5,180.0,0.0,Tree Cover / Dense Forest,Mountain Litho-Soil Complex,Dissected Hill Slope,Neutral Planar Drainage,1205.7841492404395,0.0,67360.11,0
SMP_000915,25.243626655743775,93.16627064102346,NER_Control,Unassigned,475.0,19.17536735534668,65.217041015625,-0.004821255803108215,Tree Cover / Dense Forest,Mountain Litho-Soil Complex,Dissected Hill Slope,Neutral Planar Drainage,1244.8178583953847,0.115,1413.81,0
SMP_000916,25.79013447551615,94.9563427853993,NER_Control,Unassigned,1785.0,28.726341247558594,270.5644226074219,-0.0001469644921598956,Tree Cover / Dense Forest,Lixisols,Steep Mountain Ridge,Neutral Planar Drainage,328.38571991043284,0.0,40625.36,0
SMP_000917,25.72435500969513,90.44186545889202,NER_Control,Unassigned,285.0,8.494488716125488,106.80970001220703,0.0039339009672403336,Tree Cover / Dense Forest,Calcisols,Valley Floor / Terrace,Neutral Planar Drainage,655.4824206754087,0.0,34864.71,0
SMP_000918,25.971242688157176,93.25247625163347,NER_Control,Unassigned,191.0,6.849246978759766,171.44342041015625,0.0008415260817855597,Tree Cover / Dense Forest,Mountain Litho-Soil Complex,Valley Floor / Terrace,Neutral Planar Drainage,1041.7960102988804,0.0,18054.99,0
SMP_000919,25.56919677415901,93.0995600913329,NER_Control,Unassigned,257.0,14.982183456420898,101.63894653320312,0.0018148324452340603,Tree Cover / Dense Forest,Calcisols,Dissected Hill Slope,Neutral Planar Drainage,446.4972861326731,0.013,4704.56,0
SMP_000920,27.64934212663467,95.5030050088579,NER_Control,Unassigned,128.0,1.841922402381897,47.81373977661133,-0.0005677966400980949,Tree Cover / Dense Forest,Calcisols,Valley Floor / Terrace,Neutral Planar Drainage,441.8898756986448,0.0,33945.97,0
SMP_000921,25.932548957493758,92.73959555915461,NER_Control,Unassigned,73.0,1.733868956565857,100.27397155761719,0.0008263419149443507,Tree Cover / Dense Forest,Calcisols,Valley Floor / Terrace,Neutral Planar Drainage,1239.8991797660483,0.0,7726.11,0
SMP_000922,25.301285145543385,92.19562647270247,NER_Control,Unassigned,876.0,19.987043380737305,230.3353271484375,-0.0023876442573964596,Tree Cover / Dense Forest,Lixisols,Dissected Hill Slope,Neutral Planar Drainage,1143.5590086321051,0.0,38978.99,0
SMP_000923,26.570859795407266,91.36524322250592,NER_Control,Unassigned,58.0,0.7494118809700012,294.3778381347656,0.00011659615120152012,Tree Cover / Dense Forest,Calcisols,Valley Floor / Terrace,Neutral Planar Drainage,824.3503484090554,0.0,46441.01,0
SMP_000924,22.172704306867455,92.84514091816622,NER_Control,Unassigned,450.0,18.5,180.0,0.0,Tree Cover / Dense Forest,Mountain Litho-Soil Complex,Dissected Hill Slope,Neutral Planar Drainage,817.5245646747552,0.0,130869.33,0
SMP_000925,25.175452559912504,92.41822558016419,NER_Control,Unassigned,279.0,31.16148567199707,17.18988800048828,0.001120409113354981,Tree Cover / Dense Forest,Calcisols,Steep Mountain Ridge,Neutral Planar Drainage,1135.0592349563228,0.0,15709.03,0
SMP_000926,25.72089426896026,91.12798958370212,NER_Control,Unassigned,1034.0,6.246082782745361,170.60235595703125,0.0024738721549510956,Tree Cover / Dense Forest,Lixisols,Valley Floor / Terrace,Neutral Planar Drainage,971.0186602480443,0.0,9857.03,0
SMP_000927,26.630124163959362,92.06474714878374,NER_Control,Unassigned,78.0,0.0,0.0,-0.0005170906079001725,Tree Cover / Dense Forest,Calcisols,Valley Floor / Terrace,Neutral Planar Drainage,1095.741757008774,0.0,29429.58,0
SMP_000928,24.25152225369991,92.1562485580885,NER_Control,Unassigned,73.0,3.0977697372436523,333.87713623046875,-0.002418150892481208,Tree Cover / Dense Forest,Ferralsols (Iron-Rich Tropical),Valley Floor / Terrace,Neutral Planar Drainage,237.9863327333368,0.0,52337.04,0
SMP_000929,25.30794543676979,94.30020341819161,NER_Control,Unassigned,1411.0,19.39460563659668,222.59796142578125,0.0007502828957512975,Tree Cover / Dense Forest,Mountain Litho-Soil Complex,Dissected Hill Slope,Neutral Planar Drainage,1215.1301128362986,0.0,40250.58,0
SMP_000930,25.418929265339223,92.86637299810054,NER_Control,Unassigned,642.0,12.92575454711914,99.47819519042969,-0.0016475303564220667,Tree Cover / Dense Forest,Calcisols,Dissected Hill Slope,Neutral Planar Drainage,455.2371829978703,0.051,2517.95,0
SMP_000931,23.455752034945416,91.79852843503282,NER_Control,Unassigned,450.0,18.5,180.0,0.0,Grassland,Mountain Litho-Soil Complex,Dissected Hill Slope,Neutral Planar Drainage,1166.042290335317,0.0,129248.76,0
SMP_000932,25.77272114187074,93.24804352881002,NER_Control,Unassigned,168.0,5.581784248352051,77.23365020751953,-0.00010141201346414164,Tree Cover / Dense Forest,Calcisols,Valley Floor / Terrace,Neutral Planar Drainage,1153.0844780148655,0.0,12862.47,0
SMP_000933,23.255434910308086,93.22905593246018,NER_Control,Unassigned,450.0,18.5,180.0,0.0,Tree Cover / Dense Forest,Lixisols,Dissected Hill Slope,Neutral Planar Drainage,880.9815270593721,0.0,19496.3,0
SMP_000934,24.41098765179632,93.93042340487335,NER_Control,Unassigned,808.0,12.114704132080078,168.7979736328125,0.0008567102486267686,Tree Cover / Dense Forest,Lixisols,Dissected Hill Slope,Neutral Planar Drainage,147.42067602256066,0.0,81772.27,0
SMP_000935,25.61148463085528,94.36358690172949,NER_Control,Unassigned,1522.0,24.290210723876953,6.822629928588867,0.0018098171567544341,Tree Cover / Dense Forest,Lixisols,Dissected Hill Slope,Neutral Planar Drainage,868.3619008899111,0.0,66842.88,0
SMP_000936,25.92712740028517,90.16567023760955,NER_Control,Unassigned,36.0,0.7494118809700012,245.62216186523438,0.000684392754919827,Tree Cover / Dense Forest,Mountain Litho-Soil Complex,Valley Floor / Terrace,Neutral Planar Drainage,989.0971069194956,0.0,32892.45,0
SMP_000937,27.446950637341637,95.0658038728816,NER_Control,Unassigned,111.0,2.191039800643921,188.9575653076172,-0.0004410315887071192,Tree Cover / Dense Forest,Calcisols,Valley Floor / Terrace,Neutral Planar Drainage,1095.0120926917311,0.0,16616.43,0
SMP_000938,25.670222029716875,91.27368347687431,NER_Control,Unassigned,1428.0,15.54025936126709,153.26487731933594,0.0026463279500603676,Tree Cover / Dense Forest,Lixisols,Dissected Hill Slope,Neutral Planar Drainage,451.3212577697292,0.0,9229.95,0
SMP_000939,24.335956273211927,93.63053126750816,NER_Control,Unassigned,1440.0,3.1645939350128174,347.5556640625,-0.007715683896094561,Tree Cover / Dense Forest,Lixisols,Valley Floor / Terrace,Neutral Planar Drainage,1139.697379349399,0.0,77458.84,0
SMP_000940,25.199569010160943,90.69903912864952,NER_Control,Unassigned,202.0,14.992910385131836,188.9575653076172,0.006514338776469231,Tree Cover / Dense Forest,Mountain Litho-Soil Complex,Dissected Hill Slope,Neutral Planar Drainage,516.8519457874726,0.0,79942.89,0
SMP_000941,25.64113424198859,93.4546542803071,NER_Control,Unassigned,245.0,2.7284786701202393,90.0,-0.004035312682390213,Tree Cover / Dense Forest,Calcisols,Valley Floor / Terrace,Neutral Planar Drainage,701.4118592244237,0.0,20693.99,0
SMP_000942,26.826387107278673,93.50701359823695,NER_Control,Unassigned,82.0,1.0695353746414185,286.8096923828125,0.00025854530395008624,Tree Cover / Dense Forest,Calcisols,Valley Floor / Terrace,Neutral Planar Drainage,383.25882258352925,0.0,14734.58,0
SMP_000943,25.065629690769992,92.76189607086859,NER_Control,Unassigned,452.0,28.893043518066406,276.74188232421875,0.0045827715657651424,Tree Cover / Dense Forest,Calcisols,Steep Mountain Ridge,Neutral Planar Drainage,548.0280420043434,0.267,3205.97,0
SMP_000944,26.421838842456708,93.15842242859186,NER_Control,Unassigned,590.0,11.26764965057373,22.873899459838867,0.0022406799253076315,Tree Cover / Dense Forest,Lixisols,Valley Floor / Terrace,Neutral Planar Drainage,175.12722823924088,0.0,7201.55,0
SMP_000945,26.285584140230867,95.09471301558446,NER_Control,Unassigned,1471.0,24.10134506225586,291.22705078125,-0.003518222365528345,Tree Cover / Dense Forest,Lixisols,Dissected Hill Slope,Neutral Planar Drainage,1029.3248395200367,0.0,38683.62,0
SMP_000946,26.381932595352964,92.94507250902801,NER_Control,Unassigned,283.0,16.927719116210938,224.79991149902344,-0.004420623183250427,Tree Cover / Dense Forest,Calcisols,Dissected Hill Slope,Neutral Planar Drainage,863.1863332245257,0.0,16127.36,0
SMP_000947,26.611370143440084,93.69715409065829,NER_Control,Unassigned,100.0,0.9211992025375366,312.1862487792969,-0.00028389832004904747,Tree Cover / Dense Forest,Mountain Litho-Soil Complex,Valley Floor / Terrace,Neutral Planar Drainage,297.84726023216865,0.0,5328.09,0
SMP_000948,25.514696646239464,90.33813511950785,NER_Control,Unassigned,970.0,16.275104522705078,88.94037628173828,0.0012623582733795047,Tree Cover / Dense Forest,Mountain Litho-Soil Complex,Dissected Hill Slope,Neutral Planar Drainage,621.5473284991112,0.0,60383.61,0
SMP_000949,26.417665470523858,90.11396308337538,NER_Control,Unassigned,43.0,2.0621728897094727,41.43491744995117,0.00040049446397460997,Tree Cover / Dense Forest,Vertisols (Swelling Clay),Valley Floor / Terrace,Neutral Planar Drainage,419.3539594133028,0.0,30547.2,0
SMP_000950,23.423207645997696,92.43025810553266,NER_Control,Unassigned,450.0,18.5,180.0,0.0,Tree Cover / Dense Forest,Mountain Litho-Soil Complex,Dissected Hill Slope,Neutral Planar Drainage,1208.5994644091043,0.0,64843.37,0
SMP_000951,27.149023936321193,94.9202499129929,NER_Control,Unassigned,101.0,1.733868956565857,100.27397155761719,-2.535300336603541e-05,Tree Cover / Dense Forest,Calcisols,Valley Floor / Terrace,Neutral Planar Drainage,693.8574427446115,0.0,46186.33,0
SMP_000952,24.82795593814543,94.19861989316014,NER_Control,Unassigned,1276.0,21.395967483520508,34.23201370239258,0.0011457620421424508,Tree Cover / Dense Forest,Mountain Litho-Soil Complex,Dissected Hill Slope,Neutral Planar Drainage,1017.2245176120936,0.0,43831.02,0
SMP_000953,25.23728708973291,91.83546430829767,NER_Control,Unassigned,993.0,20.177562713623047,19.90258026123047,0.0003244354447815567,Tree Cover / Dense Forest,Mountain Litho-Soil Complex,Dissected Hill Slope,Neutral Planar Drainage,1078.640240744775,0.0,65414.63,0
SMP_000954,23.589262087795394,91.70107986142985,NER_Control,Unassigned,450.0,18.5,180.0,0.0,Tree Cover / Dense Forest,Mountain Litho-Soil Complex,Dissected Hill Slope,Neutral Planar Drainage,528.1925941910982,0.0,137822.42,0
SMP_000955,26.71848015857705,90.603281540375,NER_Control,Unassigned,126.0,1.2833539247512817,344.5787658691406,4.053714292240329e-05,Tree Cover / Dense Forest,Ferralsols (Iron-Rich Tropical),Valley Floor / Terrace,Neutral Planar Drainage,1246.4870578815564,0.0,37114.29,0
SMP_000956,23.65780159153805,92.56532826039127,NER_Control,Unassigned,450.0,18.5,180.0,0.0,Tree Cover / Dense Forest,Calcisols,Dissected Hill Slope,Neutral Planar Drainage,242.23731613914885,0.0,61859.59,0
SMP_000957,25.391322314424354,92.18323875944186,NER_Control,Unassigned,1276.0,7.801733016967773,270.0,0.003366242628544569,Tree Cover / Dense Forest,Mountain Litho-Soil Complex,Valley Floor / Terrace,Neutral Planar Drainage,846.0924237226548,0.0,47670.79,0
SMP_000958,26.431706127821677,93.3709514567703,NER_Control,Unassigned,811.0,21.652915954589844,6.894625663757324,-0.0015664560487493873,Tree Cover / Dense Forest,Calcisols,Dissected Hill Slope,Neutral Planar Drainage,1114.6125893251472,0.0,11847.25,0
SMP_000959,26.12994822910999,94.5243216520255,NER_Control,Unassigned,1612.0,19.283811569213867,58.354915618896484,-0.000902400934137404,Tree Cover / Dense Forest,Lixisols,Dissected Hill Slope,Neutral Planar Drainage,919.3637364161845,0.0,23634.22,0
SMP_000960,26.44083988548284,93.95951718793846,NER_Control,Unassigned,99.0,0.7494118809700012,65.62215423583984,0.00011659615120152012,Tree Cover / Dense Forest,Calcisols,Valley Floor / Terrace,Neutral Planar Drainage,1138.864950510691,0.0,20256.61,0
SMP_000961,25.745848084541894,93.61780599978455,NER_Control,Unassigned,183.0,0.46062934398651123,227.81373596191406,-0.00025854530395008624,Tree Cover / Dense Forest,Calcisols,Valley Floor / Terrace,Neutral Planar Drainage,1248.5224904005838,0.0,7850.22,0
SMP_000962,25.690785446137042,94.30267455573814,NER_Control,Unassigned,1523.0,3.8616299629211426,283.8837890625,-0.0006945616332814097,Tree Cover / Dense Forest,Lixisols,Valley Floor / Terrace,Neutral Planar Drainage,862.9008538919842,0.0,62657.82,0
SMP_000963,24.863758951157838,92.68022573289223,NER_Control,Unassigned,19.0,0.46062934398651123,227.81373596191406,0.0005424435948953032,Tree Cover / Dense Forest,Calcisols,Valley Floor / Terrace,Neutral Planar Drainage,1227.329181486343,0.0,10631.15,0
SMP_000964,25.800733006284133,90.27411887697278,NER_Control,Unassigned,127.0,18.740495681762695,111.46987915039062,-0.0013738007983192801,Tree Cover / Dense Forest,Calcisols,Dissected Hill Slope,Neutral Planar Drainage,932.0531723078757,0.0,39383.9,0
SMP_000965,26.20671898929854,90.24493672309968,NER_Control,Unassigned,34.0,0.3093360662460327,0.0,0.00040049446397460997,Tree Cover / Dense Forest,Calcisols,Valley Floor / Terrace,Neutral Planar Drainage,711.2638449942401,0.0,5382.09,0
SMP_000966,25.294001257606844,94.15979315274576,NER_Control,Unassigned,2131.0,13.729220390319824,108.02184295654297,-0.004096187651157379,Tree Cover / Dense Forest,Lixisols,Dissected Hill Slope,Neutral Planar Drainage,537.1636042431394,0.0,27367.54,0
SMP_000967,26.00775101835023,93.7414762435341,NER_Control,Unassigned,150.0,0.9886959195137024,200.19314575195312,0.0012927264906466007,Tree Cover / Dense Forest,Calcisols,Valley Floor / Terrace,Neutral Planar Drainage,586.6216767239623,0.0,5962.06,0
SMP_000968,25.970423077330455,95.10674697549173,NER_Control,Unassigned,2985.0,9.807938575744629,55.79484558105469,-0.0016830521635711193,Tree Cover / Dense Forest,Lixisols,Valley Floor / Terrace,Neutral Planar Drainage,1093.7718160799554,0.0,37960.22,0
SMP_000969,26.07160021733749,94.90475879373066,NER_Control,Unassigned,1276.0,19.064453125,0.987697422504425,-0.0032748612575232983,Tree Cover / Dense Forest,Calcisols,Dissected Hill Slope,Neutral Planar Drainage,474.8405518466494,0.0,15073.59,0
SMP_000970,24.73650424407339,93.9100829120348,NER_Control,Unassigned,779.0,1.5463197231292725,180.0,-0.0012014834210276604,Tree Cover / Dense Forest,Calcisols,Valley Floor / Terrace,Neutral Planar Drainage,1175.6795414968822,0.0,45682.55,0
SMP_000971,26.02217547769444,90.85129043608232,NER_Control,Unassigned,42.0,2.070237159729004,261.41033935546875,0.0008668790687806904,Tree Cover / Dense Forest,Calcisols,Valley Floor / Terrace,Neutral Planar Drainage,1045.8145028029126,0.0,24981.72,0
SMP_000972,25.54107154583415,91.3953112592246,NER_Control,Unassigned,1692.0,4.933854103088379,208.88504028320312,-0.003092374885454774,Tree Cover / Dense Forest,Lixisols,Valley Floor / Terrace,Neutral Planar Drainage,59.20725176244117,0.0,28013.91,0
SMP_000973,27.819378240028605,95.68901997956772,NER_Control,Unassigned,125.0,0.3093360662460327,0.0,-0.00011659615120152012,Tree Cover / Dense Forest,Calcisols,Valley Floor / Terrace,Neutral Planar Drainage,1248.014778915886,0.0,60137.35,0
SMP_000974,27.13551219403845,94.46704799570435,NER_Control,Unassigned,97.0,1.4128808975219727,331.1149597167969,-0.0007502828957512975,Tree Cover / Dense Forest,Calcisols,Valley Floor / Terrace,Neutral Planar Drainage,898.0486976706198,0.0,60667.53,0
SMP_000975,23.134197623156517,92.70992449720943,NER_Control,Unassigned,450.0,18.5,180.0,0.0,Tree Cover / Dense Forest,Mountain Litho-Soil Complex,Dissected Hill Slope,Neutral Planar Drainage,1171.70617375684,0.0,41880.52,0
SMP_000976,26.068582729313093,93.95485839475444,NER_Control,Unassigned,132.0,0.46062934398651123,132.18626403808594,-2.535300336603541e-05,Tree Cover / Dense Forest,Calcisols,Valley Floor / Terrace,Neutral Planar Drainage,789.1761465139886,0.0,25771.53,0
SMP_000977,26.301778356566658,90.51591178265535,NER_Control,Unassigned,294.0,15.52800178527832,204.03909301757812,-0.0023776136804372072,Tree Cover / Dense Forest,Calcisols,Dissected Hill Slope,Neutral Planar Drainage,790.2675417438732,0.0,8644.05,0
SMP_000978,26.582553798111434,91.60939842760303,NER_Control,Unassigned,65.0,0.6186540722846985,180.0,-0.00028389832004904747,Tree Cover / Dense Forest,Calcisols,Valley Floor / Terrace,Neutral Planar Drainage,591.3172034714831,0.0,32979.25,0
SMP_000979,24.4952844034699,94.04463208671716,NER_Control,Unassigned,887.0,9.483211517333984,58.85940933227539,0.0024029668420553207,Tree Cover / Dense Forest,Kastanozems,Valley Floor / Terrace,Neutral Planar Drainage,1000.2179066745889,0.0,73125.18,0
SMP_000980,23.658786833047536,93.0584691691286,NER_Control,Unassigned,450.0,18.5,180.0,0.0,Tree Cover / Dense Forest,Kastanozems,Dissected Hill Slope,Neutral Planar Drainage,357.8183796353211,0.0,36207.54,0
SMP_000981,23.53283967523603,92.32824073518536,NER_Control,Unassigned,450.0,18.5,180.0,0.0,Tree Cover / Dense Forest,Mountain Litho-Soil Complex,Dissected Hill Slope,Neutral Planar Drainage,324.8230413484163,0.0,77687.67,0
SMP_000982,25.726201705027705,92.81918110637832,NER_Control,Unassigned,119.0,2.2692387104034424,162.50250244140625,-0.0027020492125302553,Tree Cover / Dense Forest,Calcisols,Valley Floor / Terrace,Neutral Planar Drainage,454.9468951487116,0.0,12414.13,0
SMP_000983,25.145837490026096,92.49532249576944,NER_Control,Unassigned,105.0,9.83729362487793,68.06025695800781,0.0014600286958739161,Tree Cover / Dense Forest,Calcisols,Valley Floor / Terrace,Neutral Planar Drainage,1209.3061782768589,0.0,12901.04,0
SMP_000984,24.81957960068451,93.7769128292564,NER_Control,Unassigned,1044.0,22.744861602783203,84.08650207519531,0.0045016976073384285,Tree Cover / Dense Forest,Mountain Litho-Soil Complex,Dissected Hill Slope,Neutral Planar Drainage,169.51799207627397,0.0,39966.44,0
SMP_000985,26.19715762662,91.71928637922066,NER_Control,Unassigned,58.0,0.46062934398651123,227.81373596191406,-0.0007756359409540892,Tree Cover / Dense Forest,Calcisols,Valley Floor / Terrace,Neutral Planar Drainage,486.74580116761643,0.331,3204.18,0
SMP_000986,26.128514768838283,92.42880030909802,NER_Control,Unassigned,74.0,1.6503560543060303,55.79484558105469,-0.00034978846088051796,Tree Cover / Dense Forest,Calcisols,Valley Floor / Terrace,Neutral Planar Drainage,1028.6127181591746,0.229,1505.77,0
SMP_000987,22.836180745942585,92.8189287256312,NER_Control,Unassigned,450.0,18.5,180.0,0.0,Tree Cover / Dense Forest,Kastanozems,Dissected Hill Slope,Neutral Planar Drainage,427.23446633651696,0.0,60428.99,0
SMP_000988,26.13640407998129,93.46040330302344,NER_Control,Unassigned,652.0,6.036620616912842,203.2237548828125,9.124314965447411e-05,Tree Cover / Dense Forest,Calcisols,Valley Floor / Terrace,Neutral Planar Drainage,246.72375218219562,0.0,10129.22,0
SMP_000989,24.92522071337448,94.03563937540846,NER_Control,Unassigned,792.0,1.0695353746414185,286.8096923828125,2.535300336603541e-05,Tree Cover / Dense Forest,Mountain Litho-Soil Complex,Valley Floor / Terrace,Neutral Planar Drainage,1184.588403334121,0.0,26325.52,0
SMP_000990,24.23701605459048,92.51992736625922,NER_Control,Unassigned,58.0,2.1187846660614014,331.1149597167969,-0.002595621859654784,Tree Cover / Dense Forest,Mountain Litho-Soil Complex,Valley Floor / Terrace,Neutral Planar Drainage,1249.1730560747847,0.0,41688.98,0
SMP_000991,26.524058526501165,93.8820873665874,NER_Control,Unassigned,97.0,0.7065478563308716,331.1149597167969,-0.0009429380879737437,Tree Cover / Dense Forest,Calcisols,Valley Floor / Terrace,Neutral Planar Drainage,991.2240474371882,0.0,21279.3,0
SMP_000992,26.29324027458685,92.02460134115178,NER_Control,Unassigned,46.0,1.5463197231292725,180.0,0.000582980748731643,Tree Cover / Dense Forest,Calcisols,Valley Floor / Terrace,Neutral Planar Drainage,275.4799666547436,0.0,6751.36,0
SMP_000993,26.007598969879435,93.0254304762817,NER_Control,Unassigned,88.0,2.519745111465454,137.40203857421875,0.00042584745096974075,Tree Cover / Dense Forest,Lixisols,Valley Floor / Terrace,Neutral Planar Drainage,602.8788367420009,0.0,22719.18,0
SMP_000994,26.914316124481374,95.09909287534686,NER_Control,Unassigned,139.0,2.0470359325408936,270.0,0.0005170906079001725,Tree Cover / Dense Forest,Calcisols,Valley Floor / Terrace,Neutral Planar Drainage,999.8236549112694,0.0,61458.62,0
SMP_000995,25.7939303032477,91.7011548422094,NER_Control,Unassigned,770.0,17.211427688598633,90.0,-0.0016830521635711193,Tree Cover / Dense Forest,Lixisols,Dissected Hill Slope,Neutral Planar Drainage,223.939155714996,0.0,31045.1,0
SMP_000996,22.112376076707783,92.95899152562197,NER_Control,Unassigned,450.0,18.5,180.0,0.0,Tree Cover / Dense Forest,Calcisols,Dissected Hill Slope,Neutral Planar Drainage,565.0547364211119,0.0,136124.39,0
SMP_000997,25.570946822234106,90.0044140295106,NER_Control,Unassigned,34.0,0.6186540722846985,0.0,-0.0007502828957512975,Tree Cover / Dense Forest,Calcisols,Valley Floor / Terrace,Neutral Planar Drainage,243.24028094704272,0.0,75658.35,0
SMP_000998,26.247537994581364,94.6988479670756,NER_Control,Unassigned,1262.0,21.846460342407227,95.40914154052734,0.00865374505519867,Tree Cover / Dense Forest,Calcisols,Dissected Hill Slope,Neutral Planar Drainage,1248.6825782514918,0.0,16466.02,0
SMP_000999,26.871297536433712,92.10583101234084,NER_Control,Unassigned,197.0,0.46062934398651123,47.81373977661133,2.535300336603541e-05,Tree Cover / Dense Forest,Mountain Litho-Soil Complex,Valley Floor / Terrace,Neutral Planar Drainage,1101.5063389762681,0.013,2639.8,0
SMP_001000,25.12251529464264,93.70588285561557,NER_Control,Unassigned,902.0,34.55437088012695,311.187744140625,0.005008619278669357,Tree Cover / Dense Forest,Lixisols,Steep Mountain Ridge,Neutral Planar Drainage,1074.15494733373,0.0,23932.51,0
SMP_001001,25.310268488713444,91.67673056944537,NER_Control,Unassigned,1409.0,4.428293704986572,270.0,0.00014194916002452374,Tree Cover / Dense Forest,Lixisols,Valley Floor / Terrace,Neutral Planar Drainage,1117.7179392249484,0.0,65493.84,0
SMP_001002,26.521511381693458,94.31365534416264,NER_Control,Unassigned,220.0,4.740874290466309,192.4443359375,-0.0020633472595363855,Tree Cover / Dense Forest,Calcisols,Valley Floor / Terrace,Neutral Planar Drainage,773.2956733070157,0.0,5593.82,0
SMP_001003,24.240221958459987,92.21489186614555,NER_Control,Unassigned,80.0,5.748503684997559,108.7711181640625,-0.0031025437638163567,Tree Cover / Dense Forest,Mountain Litho-Soil Complex,Valley Floor / Terrace,Neutral Planar Drainage,1202.1109876773753,0.0,52367.91,0
SMP_001004,26.66102690985091,93.98622044210312,NER_Control,Unassigned,91.0,0.7065478563308716,151.11495971679688,0.0006083337357267737,Tree Cover / Dense Forest,Calcisols,Valley Floor / Terrace,Neutral Planar Drainage,1124.556488805698,0.0,33544.72,0
SMP_001005,26.48441709603702,93.17561812077082,NER_Control,Unassigned,163.0,4.6637701988220215,126.55784606933594,-0.0007756359409540892,Tree Cover / Dense Forest,Mountain Litho-Soil Complex,Valley Floor / Terrace,Neutral Planar Drainage,144.82419137583588,0.013,580.09,0
SMP_001006,25.370326659865235,90.66134807513573,NER_Control,Unassigned,738.0,31.97294044494629,43.403011322021484,0.001804801868274808,Tree Cover / Dense Forest,Calcisols,Steep Mountain Ridge,Neutral Planar Drainage,1226.8840839137056,0.0,69838.18,0
SMP_001007,25.077340850400603,93.39178599619913,NER_Control,Unassigned,214.0,7.3299760818481445,312.1862487792969,0.001936582149937749,Tree Cover / Dense Forest,Calcisols,Valley Floor / Terrace,Neutral Planar Drainage,861.9306553621801,0.0,8371.79,0
SMP_001008,25.81643821750814,92.24800901089344,NER_Control,Unassigned,1045.0,17.965457916259766,44.27707290649414,0.0017692799447104335,Tree Cover / Dense Forest,Calcisols,Dissected Hill Slope,Neutral Planar Drainage,863.8656004632015,0.0,15570.25,0
SMP_001009,25.616491830786536,94.78731120956321,NER_Control,Unassigned,983.0,34.575626373291016,83.70384216308594,0.0009429380879737437,Tree Cover / Dense Forest,Lixisols,Steep Mountain Ridge,Neutral Planar Drainage,1189.2236282257795,0.0,54943.6,0
SMP_001010,25.463256994976526,92.53645319125815,NER_Control,Unassigned,853.0,5.748503684997559,108.7711181640625,-0.001034181215800345,Tree Cover / Dense Forest,Calcisols,Valley Floor / Terrace,Neutral Planar Drainage,1247.4772780473434,0.0,21559.2,0
SMP_001011,22.474936715469237,92.9313827968111,NER_Control,Unassigned,450.0,18.5,180.0,0.0,Tree Cover / Dense Forest,Kastanozems,Dissected Hill Slope,Neutral Planar Drainage,1190.6309930002528,0.0,96307.08,0
SMP_001012,25.37085635695839,91.20567217838999,NER_Control,Unassigned,1046.0,3.5284512042999268,331.1149597167969,-0.0016425149515271187,Tree Cover / Dense Forest,Mountain Litho-Soil Complex,Valley Floor / Terrace,Neutral Planar Drainage,1212.8230748616193,0.0,41104.69,0
SMP_001013,27.26154894206597,95.40511869333778,NER_Control,Unassigned,125.0,2.070237159729004,261.41033935546875,-0.000684392754919827,Tree Cover / Dense Forest,Calcisols,Valley Floor / Terrace,Neutral Planar Drainage,865.7945094437009,0.0,26861.7,0
SMP_001014,26.088342416543256,94.04404335093992,NER_Control,Unassigned,309.0,14.832505226135254,177.42138671875,0.008866460993885994,Tree Cover / Dense Forest,Calcisols,Dissected Hill Slope,Neutral Planar Drainage,1210.1425568067411,0.0,34702.68,0
SMP_001015,24.799099286852822,94.19142278745949,NER_Control,Unassigned,1332.0,18.223567962646484,275.646484375,-0.006154243368655443,Tree Cover / Dense Forest,Lixisols,Dissected Hill Slope,Neutral Planar Drainage,1165.5195239414295,0.0,46063.0,0
SMP_001016,24.110425409299523,92.06625869452829,NER_Control,Unassigned,118.0,10.097049713134766,284.037109375,0.0008314955048263073,Tree Cover / Dense Forest,Mountain Litho-Soil Complex,Valley Floor / Terrace,Neutral Planar Drainage,1239.9021453801515,0.0,70012.28,0
SMP_001017,25.698070153828713,91.86919538308128,NER_Control,Unassigned,841.0,10.491589546203613,299.7107238769531,-0.0005424435948953032,Tree Cover / Dense Forest,Lixisols,Valley Floor / Terrace,Neutral Planar Drainage,68.92951914377159,0.0,39179.73,0
SMP_001018,24.751488637425833,92.87800756011106,NER_Control,Unassigned,32.0,1.854277491569519,33.5056266784668,-0.0007756359409540892,Tree Cover / Dense Forest,Calcisols,Valley Floor / Terrace,Neutral Planar Drainage,546.0388787533973,0.0,17609.11,0
SMP_001019,27.316780786441175,95.46410861816818,NER_Control,Unassigned,126.0,0.9886959195137024,20.193151473999023,-2.535300336603541e-05,Tree Cover / Dense Forest,Calcisols,Valley Floor / Terrace,Neutral Planar Drainage,1247.599222487982,0.0,26885.99,0
SMP_001020,26.403755521659818,93.03354038032448,NER_Control,Unassigned,479.0,28.182098388671875,192.1955108642578,0.00010642732377164066,Tree Cover / Dense Forest,Mountain Litho-Soil Complex,Steep Mountain Ridge,Neutral Planar Drainage,1239.3905881028377,0.0,9711.9,0
SMP_001021,24.737047037472855,93.60986758375887,NER_Control,Unassigned,654.0,17.93912696838379,213.50563049316406,-0.005191243719309568,Tree Cover / Dense Forest,Lixisols,Dissected Hill Slope,Neutral Planar Drainage,1196.5770771839047,0.0,49106.15,0
SMP_001022,24.699296798365076,93.21987728703205,NER_Control,Unassigned,253.0,32.08718490600586,266.04986572265625,0.0030416687950491905,Tree Cover / Dense Forest,Calcisols,Steep Mountain Ridge,Neutral Planar Drainage,764.5674348594337,0.0,19534.85,0
SMP_001023,25.30995334862844,90.2348580112725,NER_Control,Unassigned,144.0,11.820658683776855,65.62215423583984,0.0013180795358493924,Tree Cover / Dense Forest,Mountain Litho-Soil Complex,Valley Floor / Terrace,Neutral Planar Drainage,1134.4452454575674,0.0,85400.56,0
SMP_001024,26.445347250941023,93.91582568255319,NER_Control,Unassigned,106.0,0.9279360175132751,0.0,-0.00034978846088051796,Tree Cover / Dense Forest,Calcisols,Valley Floor / Terrace,Neutral Planar Drainage,810.4050662757015,0.0,16817.16,0
SMP_001025,25.956771752430956,90.74254607705878,NER_Control,Unassigned,78.0,10.692117691040039,124.88265991210938,0.0008820631774142385,Tree Cover / Dense Forest,Mountain Litho-Soil Complex,Valley Floor / Terrace,Neutral Planar Drainage,842.7431383502297,0.0,15731.37,0
SMP_001026,26.006023666132105,91.65274550694551,NER_Control,Unassigned,492.0,19.064453125,180.98770141601562,0.0032141245901584625,Tree Cover / Dense Forest,Calcisols,Dissected Hill Slope,Neutral Planar Drainage,763.1171239773863,0.0,10910.81,0
SMP_001027,24.784462303951496,93.68934034090415,NER_Control,Unassigned,1225.0,24.938411712646484,314.1583557128906,-0.0032039557117968798,Tree Cover / Dense Forest,Lixisols,Dissected Hill Slope,Neutral Planar Drainage,370.5094177203432,0.0,47627.88,0
SMP_001028,25.07125494721719,93.93638841148484,NER_Control,Unassigned,993.0,31.80657386779785,258.44989013671875,-0.00032945076236501336,Tree Cover / Dense Forest,Mountain Litho-Soil Complex,Steep Mountain Ridge,Neutral Planar Drainage,210.98178100351703,0.0,8365.55,0
SMP_001029,26.751229435773997,92.84254111539413,NER_Control,Unassigned,72.0,1.8864749670028687,169.57994079589844,0.0008415260817855597,Tree Cover / Dense Forest,Calcisols,Valley Floor / Terrace,Neutral Planar Drainage,1248.0648413854553,0.0,19771.57,0
SMP_001030,26.94205261039768,94.83002794228805,NER_Control,Unassigned,100.0,1.1961721181869507,58.85940933227539,-0.0006083337357267737,Tree Cover / Dense Forest,Calcisols,Valley Floor / Terrace,Neutral Planar Drainage,1200.0433211119857,0.0,60972.53,0
SMP_001031,27.145221827298045,94.54487162702846,NER_Control,Unassigned,89.0,2.070237159729004,81.41033172607422,0.0012014834210276604,Tree Cover / Dense Forest,Fluvisols (Alluvial Floodplain),Valley Floor / Terrace,Neutral Planar Drainage,272.06859386001395,0.0,59557.81,0
SMP_001032,23.32879878996402,93.37172661687893,NER_Control,Unassigned,450.0,18.5,180.0,0.0,Cropland / Agriculture,Mountain Litho-Soil Complex,Dissected Hill Slope,Neutral Planar Drainage,1213.4823542827476,0.0,32041.65,0
SMP_001033,25.79689360266118,91.51759771841533,NER_Control,Unassigned,412.0,20.159488677978516,208.0709686279297,-0.00014194916002452374,Tree Cover / Dense Forest,Calcisols,Dissected Hill Slope,Neutral Planar Drainage,563.0717551577189,0.0,17223.57,0
SMP_001034,26.402983166900373,91.92545002919134,NER_Control,Unassigned,58.0,0.3093360662460327,180.0,0.00040049446397460997,Tree Cover / Dense Forest,Calcisols,Valley Floor / Terrace,Neutral Planar Drainage,1223.559831842196,0.0,8557.73,0
SMP_001035,24.864624803314406,92.92789819271835,NER_Control,Unassigned,26.0,3.297977924346924,235.7948455810547,0.0012673735618591309,Tree Cover / Dense Forest,Calcisols,Valley Floor / Terrace,Neutral Planar Drainage,1242.9948136201804,0.0,10635.11,0
SMP_001036,25.7576961400794,92.75481419335557,NER_Control,Unassigned,224.0,2.3938770294189453,205.308349609375,-0.005449789110571146,Tree Cover / Dense Forest,Mountain Litho-Soil Complex,Valley Floor / Terrace,Neutral Planar Drainage,446.06610880573675,0.0,6739.83,0
SMP_001037,26.43843315195425,92.38103201535841,NER_Control,Unassigned,65.0,1.8864749670028687,349.5799255371094,-0.0006590397679246962,Tree Cover / Dense Forest,Calcisols,Valley Floor / Terrace,Neutral Planar Drainage,1227.6975108204317,0.0,35956.43,0
SMP_001038,26.12375361101376,92.10891638914714,NER_Control,Unassigned,57.0,0.46062934398651123,227.81373596191406,-0.00020783930085599422,Tree Cover / Dense Forest,Calcisols,Valley Floor / Terrace,Neutral Planar Drainage,1238.079402404599,0.025,2207.67,0
SMP_001039,26.134728916286296,89.84088930619696,NER_Control,Unassigned,32.0,1.023844599723816,90.0,0.00014194916002452374,Tree Cover / Dense Forest,Calcisols,Valley Floor / Terrace,Neutral Planar Drainage,441.34388457535204,0.0,46158.65,0
SMP_001040,26.537358984509595,94.67602027933557,NER_Control,Unassigned,704.0,21.412527084350586,256.46429443359375,0.0016678679967299104,Tree Cover / Dense Forest,Lixisols,Dissected Hill Slope,Neutral Planar Drainage,997.3262904043498,0.0,30443.89,0
SMP_001041,27.41693356406715,95.10610114474642,NER_Control,Unassigned,117.0,0.7065478563308716,28.88503646850586,-9.124314965447411e-05,Tree Cover / Dense Forest,Calcisols,Valley Floor / Terrace,Neutral Planar Drainage,1002.5587227342635,0.0,13433.84,0
SMP_001042,26.139560091335127,93.85328441362672,NER_Control,Unassigned,124.0,0.34131383895874023,90.0,0.00037514144787564874,Tree Cover / Dense Forest,Lixisols,Valley Floor / Terrace,Neutral Planar Drainage,230.41888398879874,0.0,23282.66,0
SMP_001043,26.711424772122058,92.30948890287371,NER_Control,Unassigned,88.0,3.208824872970581,140.39111328125,0.0009327692096121609,Tree Cover / Dense Forest,Calcisols,Valley Floor / Terrace,Neutral Planar Drainage,901.3435271003085,0.0,27143.26,0
SMP_001044,27.307707568733196,94.20128966199101,NER_Control,Unassigned,94.0,2.1187846660614014,208.88504028320312,0.00037514144787564874,Tree Cover / Dense Forest,Calcisols,Valley Floor / Terrace,Neutral Planar Drainage,847.3250031052409,0.0,62761.59,0
SMP_001045,23.74264939283566,91.9362199638666,NER_Control,Unassigned,450.0,18.5,180.0,0.0,Tree Cover / Dense Forest,Mountain Litho-Soil Complex,Dissected Hill Slope,Neutral Planar Drainage,893.1730068135432,0.0,112986.66,0
SMP_001046,24.964017523262616,93.63224175618204,NER_Control,Unassigned,1004.0,17.333478927612305,43.403011322021484,0.010169356130063534,Tree Cover / Dense Forest,Lixisols,Dissected Hill Slope,Neutral Planar Drainage,1152.26503907004,0.0,33547.86,0
SMP_001047,25.107190946593082,92.27858047423484,NER_Control,Unassigned,284.0,13.929900169372559,317.73968505859375,0.0016323461895808578,Tree Cover / Dense Forest,Calcisols,Dissected Hill Slope,Neutral Planar Drainage,714.2035993678762,0.0,18969.0,0
SMP_001048,23.450230100719583,91.89348856981962,NER_Control,Unassigned,450.0,18.5,180.0,0.0,Tree Cover / Dense Forest,Mountain Litho-Soil Complex,Dissected Hill Slope,Neutral Planar Drainage,1231.4821064725754,0.0,119550.26,0
SMP_001049,26.050297807362533,94.52347403349097,NER_Control,Unassigned,1607.0,26.037336349487305,247.9297332763672,-0.008739834651350975,Tree Cover / Dense Forest,Lixisols,Steep Mountain Ridge,Neutral Planar Drainage,775.7181455868587,0.0,24537.65,0
SMP_001050,23.168848561762918,91.57453439907816,NER_Control,Unassigned,450.0,18.5,180.0,0.0,Tree Cover / Dense Forest,Mountain Litho-Soil Complex,Dissected Hill Slope,Neutral Planar Drainage,1249.0532388073182,0.0,152648.07,0
SMP_001051,26.920759681143227,94.4061670708446,NER_Control,Unassigned,88.0,0.34131383895874023,270.0,-0.00037514144787564874,Tree Cover / Dense Forest,Calcisols,Valley Floor / Terrace,Neutral Planar Drainage,368.8470144318816,0.0,36100.17,0
SMP_001052,25.732775247940534,92.24658365045256,NER_Control,Unassigned,811.0,3.844923734664917,15.421224594116211,-0.00236242963001132,Tree Cover / Dense Forest,Mountain Litho-Soil Complex,Valley Floor / Terrace,Neutral Planar Drainage,419.6586631232255,0.0,24392.94,0
SMP_001053,26.875826641336715,92.97841617291245,NER_Control,Unassigned,109.0,1.9768034219741821,20.193151473999023,-0.00028389832004904747,Tree Cover / Dense Forest,Calcisols,Valley Floor / Terrace,Neutral Planar Drainage,1248.5092347041746,0.0,21020.82,0
SMP_001054,26.536174031140064,93.94178185466258,NER_Control,Unassigned,97.0,0.6826034784317017,270.0,0.0,Tree Cover / Dense Forest,Calcisols,Valley Floor / Terrace,Neutral Planar Drainage,1077.7623096001591,0.0,25723.98,0
SMP_001055,25.448612746701443,91.90304723665236,NER_Control,Unassigned,1708.0,18.172985076904297,327.01458740234375,-0.0015764866257086396,Tree Cover / Dense Forest,Lixisols,Dissected Hill Slope,Neutral Planar Drainage,254.46778608711514,0.0,66942.57,0
SMP_001056,23.459198330667327,91.77739911361674,NER_Control,Unassigned,450.0,18.5,180.0,0.0,Tree Cover / Dense Forest,Mountain Litho-Soil Complex,Dissected Hill Slope,Neutral Planar Drainage,951.4407805862481,0.0,131431.86,0
SMP_001057,25.05370043107521,94.69622564592584,NER_Control,Unassigned,789.0,29.90528678894043,280.2739562988281,-0.0016780368750914931,Tree Cover / Dense Forest,Mountain Litho-Soil Complex,Steep Mountain Ridge,Neutral Planar Drainage,1248.494421336046,0.0,76624.62,0
SMP_001058,25.93153924868073,93.63521355914637,NER_Control,Unassigned,217.0,5.112637996673584,111.22705078125,-0.001165961497463286,Tree Cover / Dense Forest,Calcisols,Valley Floor / Terrace,Neutral Planar Drainage,1218.177512573336,0.0,9831.37,0
SMP_001059,25.648544142156002,93.43042576090069,NER_Control,Unassigned,240.0,2.8026583194732666,353.01055908203125,0.001140608568675816,Tree Cover / Dense Forest,Calcisols,Valley Floor / Terrace,Neutral Planar Drainage,1210.8964959808068,0.0,19655.04,0
SMP_001060,26.196119637192908,92.56870381008935,NER_Control,Unassigned,72.0,3.480637788772583,128.41510009765625,-0.0012014834210276604,Tree Cover / Dense Forest,Calcisols,Valley Floor / Terrace,Neutral Planar Drainage,600.2029665207635,0.0,15418.5,0
SMP_001061,26.40424056745513,92.83380116010709,NER_Control,Unassigned,65.0,0.7494118809700012,114.37784576416016,0.000582980748731643,Tree Cover / Dense Forest,Calcisols,Valley Floor / Terrace,Neutral Planar Drainage,1245.7114483070557,0.0,26678.77,0
SMP_001062,24.827374407695817,94.22218233885317,NER_Control,Unassigned,1270.0,21.753129959106445,159.00401306152344,0.0027020492125302553,Tree Cover / Dense Forest,Mountain Litho-Soil Complex,Dissected Hill Slope,Neutral Planar Drainage,974.3086987726477,0.0,45322.7,0
SMP_001063,25.995419270293763,95.01312885360538,NER_Control,Unassigned,1375.0,24.999685287475586,312.1862487792969,-5.070600673207082e-05,Tree Cover / Dense Forest,Lixisols,Dissected Hill Slope,Neutral Planar Drainage,1240.487928200691,0.0,28315.07,0
SMP_001064,25.29956086777655,93.435195136163,NER_Control,Unassigned,1329.0,26.15789031982422,283.9949645996094,-0.008729804307222366,Tree Cover / Dense Forest,Mountain Litho-Soil Complex,Steep Mountain Ridge,Neutral Planar Drainage,1042.5687978043907,0.038,3723.15,0
SMP_001065,23.127392612519483,93.08912445010078,NER_Control,Unassigned,450.0,18.5,180.0,0.0,Tree Cover / Dense Forest,Lixisols,Dissected Hill Slope,Neutral Planar Drainage,653.6019235275569,0.0,23101.58,0
SMP_001066,23.81599170859505,92.53080745007438,NER_Control,Unassigned,450.0,18.5,180.0,0.0,Tree Cover / Dense Forest,Mountain Litho-Soil Complex,Dissected Hill Slope,Neutral Planar Drainage,372.32012983723564,0.0,75950.79,0
SMP_001067,26.679011479282707,91.22246628053458,NER_Control,Unassigned,62.0,1.4985674619674683,65.62215423583984,-0.0010848871897906065,Tree Cover / Dense Forest,Vertisols (Swelling Clay),Valley Floor / Terrace,Neutral Planar Drainage,812.9048760004121,0.0,53527.95,0
SMP_001068,25.977069556012758,89.95871303742868,NER_Control,Unassigned,29.0,0.0,0.0,-0.00023319230240304023,Tree Cover / Dense Forest,Fluvisols (Alluvial Floodplain),Valley Floor / Terrace,Neutral Planar Drainage,506.4135716109479,0.0,41852.04,0
SMP_001069,25.375482887175153,91.68798964320008,NER_Control,Unassigned,1647.0,12.182406425476074,167.24688720703125,-0.006210241001099348,Tree Cover / Dense Forest,Mountain Litho-Soil Complex,Dissected Hill Slope,Neutral Planar Drainage,958.2947848307913,0.0,60965.94,0
SMP_001070,26.611072833770343,90.2812025777446,NER_Control,Unassigned,79.0,0.3093360662460327,0.0,0.000684392754919827,Tree Cover / Dense Forest,Calcisols,Valley Floor / Terrace,Neutral Planar Drainage,262.8349711968958,0.0,31208.23,0
SMP_001071,25.01252617549715,94.3873280792694,NER_Control,Unassigned,1088.0,26.125595092773438,216.52452087402344,0.0032596769742667675,Tree Cover / Dense Forest,Mountain Litho-Soil Complex,Steep Mountain Ridge,Neutral Planar Drainage,671.9634722228683,0.0,47236.31,0
SMP_001072,26.68909996018982,92.25888044024668,NER_Control,Unassigned,84.0,0.9211992025375366,47.81373977661133,-0.0005170906079001725,Tree Cover / Dense Forest,Calcisols,Valley Floor / Terrace,Neutral Planar Drainage,1240.33000702222,0.0,26082.94,0
SMP_001073,24.459628533414325,92.41626743148403,NER_Control,Unassigned,32.0,1.3995990753173828,257.233642578125,-0.00011659615120152012,Tree Cover / Dense Forest,Calcisols,Valley Floor / Terrace,Neutral Planar Drainage,1217.5813115003623,0.0,30245.14,0
SMP_001074,25.357209234478017,92.92651404555046,NER_Control,Unassigned,399.0,6.486298561096191,70.5848388671875,-0.000552612473256886,Tree Cover / Dense Forest,Calcisols,Valley Floor / Terrace,Neutral Planar Drainage,578.0574647591345,0.0,7686.82,0
SMP_001075,25.22931307885169,91.83165912707446,NER_Control,Unassigned,846.0,12.258036613464355,29.57280921936035,0.0021342525724321604,Tree Cover / Dense Forest,Mountain Litho-Soil Complex,Dissected Hill Slope,Neutral Planar Drainage,326.38463243113785,0.0,65416.49,0
SMP_001076,23.723815621823682,91.75743308677411,NER_Control,Unassigned,450.0,18.5,180.0,0.0,Tree Cover / Dense Forest,Mountain Litho-Soil Complex,Dissected Hill Slope,Neutral Planar Drainage,603.1861198857462,0.0,121855.89,0
SMP_001077,26.426883692734428,91.19737997119833,NER_Control,Unassigned,41.0,0.7065478563308716,208.88504028320312,0.00037514144787564874,Tree Cover / Dense Forest,Calcisols,Valley Floor / Terrace,Neutral Planar Drainage,736.4054588938756,0.0,25473.02,0
SMP_001078,23.162676775265496,92.85904380385746,NER_Control,Unassigned,450.0,18.5,180.0,0.0,Tree Cover / Dense Forest,Kastanozems,Dissected Hill Slope,Neutral Planar Drainage,1000.2636191289132,0.0,27790.79,0
SMP_001079,26.191020836813244,94.28280850361169,NER_Control,Unassigned,996.0,7.702878475189209,23.352590560913086,-0.001941597438417375,Tree Cover / Dense Forest,Calcisols,Valley Floor / Terrace,Neutral Planar Drainage,1050.7148998264538,0.0,39765.12,0
SMP_001080,26.460081290287242,90.55317808090231,NER_Control,Unassigned,56.0,0.6186540722846985,0.0,0.0,Tree Cover / Dense Forest,Calcisols,Valley Floor / Terrace,Neutral Planar Drainage,899.9834214046714,0.0,9318.8,0
SMP_001081,24.748531262553165,93.63136767936288,NER_Control,Unassigned,785.0,22.978425979614258,331.4673767089844,0.002651343122124672,Tree Cover / Dense Forest,Lixisols,Dissected Hill Slope,Neutral Planar Drainage,842.9605800969886,0.0,49628.51,0
SMP_001082,26.836930969282356,94.91056171694699,NER_Control,Unassigned,147.0,5.966647624969482,227.81373596191406,0.00035995731013827026,Tree Cover / Dense Forest,Calcisols,Valley Floor / Terrace,Neutral Planar Drainage,887.9178869351224,0.0,61594.8,0
SMP_001083,23.685869329232514,92.68120201209061,NER_Control,Unassigned,450.0,18.5,180.0,0.0,Tree Cover / Dense Forest,Kastanozems,Dissected Hill Slope,Neutral Planar Drainage,257.66275533921373,0.0,54898.08,0
SMP_001084,26.79540682692269,95.19211542074079,NER_Control,Unassigned,1119.0,15.138418197631836,176.21238708496094,0.0018960450543090701,Tree Cover / Dense Forest,Calcisols,Dissected Hill Slope,Neutral Planar Drainage,332.73739849279474,0.0,73249.56,0
SMP_001085,25.39999408117575,91.72344944054493,NER_Control,Unassigned,1707.0,9.843620300292969,264.6438293457031,0.0057336874306201935,Tree Cover / Dense Forest,Mountain Litho-Soil Complex,Valley Floor / Terrace,Neutral Planar Drainage,1249.716233966358,0.0,61609.71,0
SMP_001086,25.63447786003924,91.92535058785026,NER_Control,Unassigned,1354.0,8.377581596374512,291.50677490234375,-0.001490397029556334,Tree Cover / Dense Forest,Lixisols,Valley Floor / Terrace,Neutral Planar Drainage,160.0284338043523,0.0,46457.26,0
SMP_001087,23.6220347361461,91.72007219790986,NER_Control,Unassigned,450.0,18.5,180.0,0.0,Tree Cover / Dense Forest,Mountain Litho-Soil Complex,Dissected Hill Slope,Neutral Planar Drainage,374.9344693791093,0.0,133700.04,0
SMP_001088,25.575550207784342,90.38218439222639,NER_Control,Unassigned,875.0,7.466439723968506,270.0,-0.00041567860171198845,Tree Cover / Dense Forest,Mountain Litho-Soil Complex,Valley Floor / Terrace,Neutral Planar Drainage,403.0198031327249,0.0,52392.01,0
SMP_001089,25.79919433266107,90.50603063018873,NER_Control,Unassigned,174.0,8.412027359008789,75.19312286376953,0.00011659615120152012,Tree Cover / Dense Forest,Mountain Litho-Soil Complex,Valley Floor / Terrace,Neutral Planar Drainage,796.9357693781888,0.0,24657.61,0
SMP_001090,23.48901524700546,93.0510489110743,NER_Control,Unassigned,450.0,18.5,180.0,0.0,Tree Cover / Dense Forest,Kastanozems,Dissected Hill Slope,Neutral Planar Drainage,1066.057895591467,0.0,17344.04,0
SMP_001091,26.56731602869688,93.59247183893916,NER_Control,Unassigned,240.0,30.080554962158203,188.87442016601562,-0.0013586166314780712,Tree Cover / Dense Forest,Calcisols,Steep Mountain Ridge,Neutral Planar Drainage,1094.3428386802887,0.013,3092.17,0
SMP_001092,26.723341729049775,93.25340289177963,NER_Control,Unassigned,62.0,5.765578746795654,230.0844268798828,0.0032444929238408804,Tree Cover / Dense Forest,Calcisols,Valley Floor / Terrace,Neutral Planar Drainage,1150.7261830202558,0.0,21638.53,0
SMP_001093,23.190455932553363,91.56328635241934,NER_Control,Unassigned,450.0,18.5,180.0,0.0,Tree Cover / Dense Forest,Mountain Litho-Soil Complex,Dissected Hill Slope,Neutral Planar Drainage,677.4445154635068,0.0,153509.8,0
SMP_001094,24.795249372326015,94.14534732662247,NER_Control,Unassigned,916.0,12.88398265838623,202.99520874023438,-0.004892023280262947,Tree Cover / Dense Forest,Mountain Litho-Soil Complex,Dissected Hill Slope,Neutral Planar Drainage,917.7645856659869,0.0,44082.26,0
SMP_001095,26.48891119915345,93.6699964228001,NER_Control,Unassigned,376.0,14.085420608520508,188.18971252441406,-0.005961588118225336,Tree Cover / Dense Forest,Mountain Litho-Soil Complex,Dissected Hill Slope,Neutral Planar Drainage,655.099683327098,0.0,9539.35,0
SMP_001096,25.42152254528562,91.11896377780796,NER_Control,Unassigned,766.0,25.83572006225586,172.9328155517578,-0.0041012028232216835,Tree Cover / Dense Forest,Calcisols,Steep Mountain Ridge,Neutral Planar Drainage,731.3273988873191,0.0,36963.81,0
SMP_001097,26.94251714921358,93.77539093264792,NER_Control,Unassigned,82.0,1.733868956565857,259.72601318359375,0.00035995731013827026,Tree Cover / Dense Forest,Calcisols,Valley Floor / Terrace,Neutral Planar Drainage,1182.891557460412,0.0,31975.46,0
SMP_001098,24.033793688263227,92.27316550041475,NER_Control,Unassigned,597.0,3.0977697372436523,333.87713623046875,-0.00376659887842834,Tree Cover / Dense Forest,Kastanozems,Valley Floor / Terrace,Neutral Planar Drainage,123.1412333277702,0.0,74105.19,0
SMP_001099,26.44879526906681,94.24334534519856,NER_Control,Unassigned,226.0,7.978487014770508,140.39111328125,0.0010747183114290237,Tree Cover / Dense Forest,Calcisols,Valley Floor / Terrace,Neutral Planar Drainage,451.8667892267128,0.0,16167.87,0
SMP_001100,26.710103867375754,93.10208136319872,NER_Control,Unassigned,71.0,0.46062934398651123,227.81373596191406,-0.00025854530395008624,Tree Cover / Dense Forest,Calcisols,Valley Floor / Terrace,Neutral Planar Drainage,782.542449460396,0.0,14780.69,0
SMP_001101,26.12945483874754,95.07219989417266,NER_Control,Unassigned,1398.0,29.888809204101562,283.02880859375,0.0006995769217610359,Tree Cover / Dense Forest,Lixisols,Steep Mountain Ridge,Neutral Planar Drainage,959.100896927132,0.0,31244.78,0
SMP_001102,23.58752131562794,93.14161046932196,NER_Control,Unassigned,450.0,18.5,180.0,0.0,Tree Cover / Dense Forest,Kastanozems,Dissected Hill Slope,Neutral Planar Drainage,711.5897010969636,0.0,29542.63,0
SMP_001103,27.887836189113777,95.72759495172778,NER_Control,Unassigned,134.0,1.3650132417678833,270.0,-0.00046638460480608046,Tree Cover / Dense Forest,Calcisols,Valley Floor / Terrace,Neutral Planar Drainage,1026.5573261980608,0.0,68103.54,0
SMP_001104,26.593197044423533,92.26505068028389,NER_Control,Unassigned,75.0,2.676238536834717,22.4781436920166,-9.124314965447411e-05,Tree Cover / Dense Forest,Calcisols,Valley Floor / Terrace,Neutral Planar Drainage,1249.1118301121983,0.0,35872.74,0
SMP_001105,23.774141284156965,92.7886062172238,NER_Control,Unassigned,450.0,18.5,180.0,0.0,Grassland,Kastanozems,Dissected Hill Slope,Neutral Planar Drainage,886.6624902466331,0.0,56196.78,0
SMP_001106,26.100045773917756,94.63446433193981,NER_Control,Unassigned,1357.0,30.288694381713867,258.2667236328125,0.005099862348288298,Tree Cover / Dense Forest,Lixisols,Steep Mountain Ridge,Neutral Planar Drainage,784.7138205700828,0.0,12583.74,0
SMP_001107,26.386181408614803,92.15336886526114,NER_Control,Unassigned,49.0,0.0,0.0,0.0,Tree Cover / Dense Forest,Calcisols,Valley Floor / Terrace,Neutral Planar Drainage,427.1246360072786,0.0,23200.38,0
SMP_001108,25.204504210589306,93.119136407946,NER_Control,Unassigned,598.0,8.751676559448242,62.875709533691406,0.00035995731013827026,Tree Cover / Dense Forest,Mountain Litho-Soil Complex,Valley Floor / Terrace,Neutral Planar Drainage,984.8327162017301,0.267,431.57,0
SMP_001109,26.955462310936095,94.61795183656957,NER_Control,Unassigned,94.0,1.1961721181869507,238.85940551757812,-0.00042584745096974075,Tree Cover / Dense Forest,Calcisols,Valley Floor / Terrace,Neutral Planar Drainage,121.63855523027993,0.0,47642.56,0
SMP_001110,25.547889759440807,90.23230567763342,NER_Control,Unassigned,406.0,4.231790065765381,331.1149597167969,-0.0005170906079001725,Tree Cover / Dense Forest,Mountain Litho-Soil Complex,Valley Floor / Terrace,Neutral Planar Drainage,799.0788528109301,0.0,62559.78,0
SMP_001111,26.517568421514685,90.1990373401251,NER_Control,Unassigned,59.0,1.706084966659546,270.0,-9.124314965447411e-05,Tree Cover / Dense Forest,Calcisols,Valley Floor / Terrace,Neutral Planar Drainage,349.956157468737,0.0,31162.64,0
SMP_001112,24.955474493569486,94.70520255575356,NER_Control,Unassigned,1655.0,17.52899932861328,105.87213897705078,-0.009439273737370968,Tree Cover / Dense Forest,Lixisols,Dissected Hill Slope,Neutral Planar Drainage,1131.6230183406856,0.0,79739.46,0
SMP_001113,25.224031001908237,91.73392742019766,NER_Control,Unassigned,1000.0,12.471713066101074,323.662353515625,0.005145691335201263,Tree Cover / Dense Forest,Mountain Litho-Soil Complex,Dissected Hill Slope,Neutral Planar Drainage,399.80697515145386,0.0,74379.4,0
SMP_001114,24.179978266892718,93.76118790228773,NER_Control,Unassigned,1109.0,22.55299949645996,35.013450622558594,0.004740043543279171,Tree Cover / Dense Forest,Mountain Litho-Soil Complex,Dissected Hill Slope,Neutral Planar Drainage,1077.8412211899943,0.0,99063.17,0
SMP_001115,25.386537746986036,92.25874887815183,NER_Control,Unassigned,1296.0,4.360106945037842,22.995208740234375,0.0006438556010834873,Tree Cover / Dense Forest,Mountain Litho-Soil Complex,Valley Floor / Terrace,Neutral Planar Drainage,343.2913081173102,0.0,43363.32,0
SMP_001116,23.89562331750036,91.87634427946232,NER_Control,Unassigned,450.0,18.5,180.0,0.0,Tree Cover / Dense Forest,Mountain Litho-Soil Complex,Dissected Hill Slope,Neutral Planar Drainage,1163.8989292248812,0.0,99401.92,0
SMP_001117,26.443037543401037,94.77453194100181,NER_Control,Unassigned,839.0,26.418794631958008,253.58766174316406,-0.006468648090958595,Tree Cover / Dense Forest,Calcisols,Steep Mountain Ridge,Neutral Planar Drainage,1002.7264132616655,0.0,37060.42,0
SMP_001118,23.944721040503826,91.44679349810042,NER_Control,Unassigned,450.0,18.5,180.0,0.0,Tree Cover / Dense Forest,Calcisols,Dissected Hill Slope,Neutral Planar Drainage,706.1243766237317,0.0,120283.05,0
SMP_001119,23.052123085021307,92.77891648872739,NER_Control,Unassigned,450.0,18.5,180.0,0.0,Tree Cover / Dense Forest,Mountain Litho-Soil Complex,Dissected Hill Slope,Neutral Planar Drainage,838.2794585037904,0.0,42307.57,0
SMP_001120,25.100603289759654,92.87043938228396,NER_Control,Unassigned,311.0,10.352616310119629,288.9715270996094,-2.535300336603541e-05,Tree Cover / Dense Forest,Mountain Litho-Soil Complex,Valley Floor / Terrace,Neutral Planar Drainage,136.56623305854902,0.127,857.7,0
SMP_001121,26.403900096961582,92.96854589640033,NER_Control,Unassigned,188.0,29.247852325439453,255.48240661621094,0.00236242963001132,Tree Cover / Dense Forest,Mountain Litho-Soil Complex,Steep Mountain Ridge,Neutral Planar Drainage,1241.568090247462,0.0,14905.65,0
SMP_001122,26.617397938787622,94.85362486825063,NER_Control,Unassigned,375.0,24.154897689819336,2.2838101387023926,-0.005226627457886934,Tree Cover / Dense Forest,Calcisols,Dissected Hill Slope,Neutral Planar Drainage,919.8197149298771,0.0,48857.49,0
SMP_001123,26.011014644964717,90.46455475149463,NER_Control,Unassigned,36.0,0.46062934398651123,227.81373596191406,-0.00030925130704417825,Tree Cover / Dense Forest,Mountain Litho-Soil Complex,Valley Floor / Terrace,Neutral Planar Drainage,214.18657658303346,0.0,13047.85,0
SMP_001124,25.425603459380152,90.17884522093836,NER_Control,Unassigned,96.0,2.9950873851776123,245.62216186523438,0.004684183746576309,Tree Cover / Dense Forest,Calcisols,Valley Floor / Terrace,Neutral Planar Drainage,1067.402138648052,0.0,76832.1,0
SMP_001125,26.66183542329428,93.81729325354117,NER_Control,Unassigned,88.0,1.0695353746414185,106.80970001220703,0.00025854530395008624,Tree Cover / Dense Forest,Ferralsols (Iron-Rich Tropical),Valley Floor / Terrace,Neutral Planar Drainage,1077.9056196016745,0.0,18158.36,0
SMP_001126,24.397131161075826,93.29655081611543,NER_Control,Unassigned,458.0,8.851557731628418,84.0300521850586,0.007132702972739935,Tree Cover / Dense Forest,Calcisols,Valley Floor / Terrace,Neutral Planar Drainage,1207.6633521914287,0.0,51095.07,0
SMP_001127,25.62580106884245,90.62218417487581,NER_Control,Unassigned,454.0,0.46062934398651123,312.1862487792969,0.003908548038452864,Tree Cover / Dense Forest,Calcisols,Valley Floor / Terrace,Neutral Planar Drainage,1032.6845761697846,0.0,42363.67,0
SMP_001128,23.676058409598316,91.57223004037019,NER_Control,Unassigned,450.0,18.5,180.0,0.0,Tree Cover / Dense Forest,Mountain Litho-Soil Complex,Dissected Hill Slope,Neutral Planar Drainage,1147.763570922471,0.0,135721.97,0
SMP_001129,26.712370118587224,92.33398475098573,NER_Control,Unassigned,87.0,1.2833539247512817,15.421224594116211,0.0008415260817855597,Tree Cover / Dense Forest,Calcisols,Valley Floor / Terrace,Neutral Planar Drainage,977.3714587292583,0.0,28786.65,0
SMP_001130,26.013518883281034,90.3445873621058,NER_Control,Unassigned,31.0,0.46062934398651123,132.18626403808594,2.535300336603541e-05,Tree Cover / Dense Forest,Mountain Litho-Soil Complex,Valley Floor / Terrace,Neutral Planar Drainage,185.51567981230775,0.0,21034.19,0
SMP_001131,26.287872591677104,91.35177867805918,NER_Control,Unassigned,45.0,2.301957130432129,227.81373596191406,0.0012927264906466007,Tree Cover / Dense Forest,Calcisols,Valley Floor / Terrace,Neutral Planar Drainage,846.4735539223146,0.0,22671.95,0
SMP_001132,27.32283306039838,95.45934254581543,NER_Control,Unassigned,130.0,1.0695353746414185,253.19029235839844,-0.00020783930085599422,Tree Cover / Dense Forest,Calcisols,Valley Floor / Terrace,Neutral Planar Drainage,991.7073686337556,0.0,26119.43,0
SMP_001133,24.492365728305884,93.2159527600147,NER_Control,Unassigned,129.0,15.720396995544434,291.3733825683594,0.002692018635571003,Tree Cover / Dense Forest,Calcisols,Dissected Hill Slope,Neutral Planar Drainage,1170.9059492238202,0.0,37896.37,0
SMP_001134,25.607874385194794,93.1236306490141,NER_Control,Unassigned,293.0,2.9950873851776123,294.3778381347656,-0.0016830521635711193,Tree Cover / Dense Forest,Calcisols,Valley Floor / Terrace,Neutral Planar Drainage,505.58877225660257,0.051,3211.61,0
SMP_001135,25.19722048523066,92.9342554085831,NER_Control,Unassigned,724.0,15.32727336883545,88.87128448486328,-0.0007654670625925064,Tree Cover / Dense Forest,Calcisols,Dissected Hill Slope,Neutral Planar Drainage,246.79543527548947,0.0,5299.94,0
SMP_001136,23.418164829771996,93.25597609503963,NER_Control,Unassigned,450.0,18.5,180.0,0.0,Tree Cover / Dense Forest,Lixisols,Dissected Hill Slope,Neutral Planar Drainage,1215.3654759551068,0.0,22313.35,0
SMP_001137,23.21894670095096,92.54194159288383,NER_Control,Unassigned,450.0,18.5,180.0,0.0,Tree Cover / Dense Forest,Calcisols,Dissected Hill Slope,Neutral Planar Drainage,355.82755896619204,0.0,54215.69,0
SMP_001138,26.4797663418571,90.37964697007975,NER_Control,Unassigned,53.0,0.6826034784317017,90.0,0.00028389832004904747,Tree Cover / Dense Forest,Calcisols,Valley Floor / Terrace,Neutral Planar Drainage,501.7526475232548,0.0,13812.56,0
SMP_001139,22.85832365346849,92.87421531710446,NER_Control,Unassigned,450.0,18.5,180.0,0.0,Tree Cover / Dense Forest,Kastanozems,Dissected Hill Slope,Neutral Planar Drainage,1187.6742687037768,0.0,56044.49,0
SMP_001140,25.918793601766367,93.38091586427953,NER_Control,Unassigned,174.0,5.845818042755127,234.5453643798828,0.0002483764837961644,Tree Cover / Dense Forest,Calcisols,Valley Floor / Terrace,Neutral Planar Drainage,128.44917097822258,0.0,8572.98,0
SMP_001141,25.582169509523332,91.27229224288621,NER_Control,Unassigned,1353.0,7.53764009475708,133.9187469482422,0.0034016261342912912,Tree Cover / Dense Forest,Lixisols,Valley Floor / Terrace,Neutral Planar Drainage,1033.3951423180997,0.0,18219.87,0
SMP_001142,25.952396515823093,91.75073094037633,NER_Control,Unassigned,222.0,3.377359390258789,156.18568420410156,0.005434466525912285,Tree Cover / Dense Forest,Calcisols,Valley Floor / Terrace,Neutral Planar Drainage,386.375082519316,0.0,13354.65,0
SMP_001143,24.932054425030096,92.7550989239249,NER_Control,Unassigned,20.0,0.34131383895874023,90.0,0.0011761303758248687,Tree Cover / Dense Forest,Calcisols,Valley Floor / Terrace,Neutral Planar Drainage,1176.5577397261654,0.089,2981.83,0
SMP_001144,25.45456970212624,93.22320263942248,NER_Control,Unassigned,311.0,13.686834335327148,12.718058586120605,0.0014600286958739161,Tree Cover / Dense Forest,Calcisols,Dissected Hill Slope,Neutral Planar Drainage,882.7056259015603,0.0,5029.14,0
SMP_001145,25.758560877270302,90.81067261230739,NER_Control,Unassigned,382.0,17.169761657714844,123.99815368652344,0.0029098885133862495,Tree Cover / Dense Forest,Mountain Litho-Soil Complex,Dissected Hill Slope,Neutral Planar Drainage,346.75477926140104,0.0,34964.96,0
SMP_001146,22.907033830340037,92.78131507909767,NER_Control,Unassigned,450.0,18.5,180.0,0.0,Tree Cover / Dense Forest,Kastanozems,Dissected Hill Slope,Neutral Planar Drainage,606.6226496423786,0.0,55185.94,0
SMP_001147,26.624497252141765,90.57013985488435,NER_Control,Unassigned,79.0,0.46062934398651123,227.81373596191406,-0.0007756359409540892,Tree Cover / Dense Forest,Calcisols,Valley Floor / Terrace,Neutral Planar Drainage,1248.4973900795646,0.0,26761.33,0
SMP_001148,23.68945726227887,91.8968257376744,NER_Control,Unassigned,450.0,18.5,180.0,0.0,Tree Cover / Dense Forest,Mountain Litho-Soil Complex,Dissected Hill Slope,Neutral Planar Drainage,270.577099357738,0.0,119881.54,0
SMP_001149,25.959708699387463,93.85896121491746,NER_Control,Unassigned,144.0,0.7494118809700012,114.37784576416016,0.00034978846088051796,Tree Cover / Dense Forest,Lixisols,Valley Floor / Terrace,Neutral Planar Drainage,1069.5906530928805,0.0,12906.22,0
SMP_001150,26.6479560842443,94.75587009321401,NER_Control,Unassigned,218.0,10.92112922668457,227.81373596191406,0.003518222365528345,Tree Cover / Dense Forest,Calcisols,Valley Floor / Terrace,Neutral Planar Drainage,845.7968241215417,0.0,40201.35,0
SMP_001151,24.272955524776737,93.97309554484916,NER_Control,Unassigned,948.0,11.806619644165039,132.18626403808594,-0.0027983076870441437,Tree Cover / Dense Forest,Mountain Litho-Soil Complex,Valley Floor / Terrace,Neutral Planar Drainage,1148.0294468131399,0.0,97162.38,0
SMP_001152,22.2664725037132,92.7078342907556,NER_Control,Unassigned,450.0,18.5,180.0,0.0,Tree Cover / Dense Forest,Mountain Litho-Soil Complex,Dissected Hill Slope,Neutral Planar Drainage,860.8640307128508,0.0,123921.18,0
SMP_001153,26.824015317063175,93.92597969121147,NER_Control,Unassigned,80.0,0.3093360662460327,0.0,-6.589015538338572e-05,Tree Cover / Dense Forest,Calcisols,Valley Floor / Terrace,Neutral Planar Drainage,644.7918707849897,0.0,38112.8,0
SMP_001154,26.208678777053308,91.73409546225649,NER_Control,Unassigned,58.0,2.519745111465454,42.597965240478516,-0.0007097457419149578,Tree Cover / Dense Forest,Calcisols,Valley Floor / Terrace,Neutral Planar Drainage,893.5979325890368,0.344,3231.67,0
SMP_001155,25.676183474945624,94.11965910790495,NER_Control,Unassigned,1491.0,22.429616928100586,84.74674987792969,-0.001140608568675816,Tree Cover / Dense Forest,Lixisols,Dissected Hill Slope,Neutral Planar Drainage,1017.0483656008255,0.0,45997.81,0
SMP_001156,26.35573936579758,92.80948780931298,NER_Control,Unassigned,71.0,2.4665026664733887,104.51758575439453,0.0006083337357267737,Tree Cover / Dense Forest,Calcisols,Valley Floor / Terrace,Neutral Planar Drainage,314.56807455094605,0.0,20855.67,0
SMP_001157,25.71153606160713,90.74064850874491,NER_Control,Unassigned,380.0,10.660736083984375,12.798454284667969,0.0025449160020798445,Tree Cover / Dense Forest,Mountain Litho-Soil Complex,Valley Floor / Terrace,Neutral Planar Drainage,1215.6110455537134,0.0,35839.8,0
SMP_001158,25.358909071871985,94.2466584261588,NER_Control,Unassigned,1974.0,24.12826919555664,52.937835693359375,-0.003416810417547822,Tree Cover / Dense Forest,Lixisols,Dissected Hill Slope,Neutral Planar Drainage,752.735259862541,0.0,38685.79,0
SMP_001159,26.46038372023505,92.64742881895876,NER_Control,Unassigned,68.0,0.7494118809700012,294.3778381347656,-0.000451200467068702,Tree Cover / Dense Forest,Calcisols,Valley Floor / Terrace,Neutral Planar Drainage,925.2087764079242,0.0,33969.53,0
SMP_001160,26.653867925225782,91.6173619679655,NER_Control,Unassigned,75.0,3.135040760040283,299.529052734375,0.0008668790687806904,Tree Cover / Dense Forest,Vertisols (Swelling Clay),Valley Floor / Terrace,Neutral Planar Drainage,1211.3247826958807,0.0,38475.28,0
SMP_001161,24.455440268618773,93.432732510441,NER_Control,Unassigned,677.0,31.3430118560791,237.2652130126953,0.004770411644130945,Tree Cover / Dense Forest,Lixisols,Steep Mountain Ridge,Neutral Planar Drainage,1229.3345716116764,0.0,53930.14,0
SMP_001162,25.37004663307925,91.89653703310037,NER_Control,Unassigned,956.0,35.02238082885742,39.60889434814453,0.0008922320557758212,Tree Cover / Dense Forest,Calcisols,Steep Mountain Ridge,Neutral Planar Drainage,1232.9856867385688,0.0,66889.51,0
SMP_001163,25.593758706020274,92.58035075763486,NER_Control,Unassigned,783.0,7.1291399002075195,130.3533477783203,0.0021342525724321604,Tree Cover / Dense Forest,Calcisols,Valley Floor / Terrace,Neutral Planar Drainage,1073.87258548181,0.0,13932.77,0
SMP_001164,24.134093710903155,94.17242946202731,NER_Control,Unassigned,357.0,11.332528114318848,141.37522888183594,0.006544706877321005,Tree Cover / Dense Forest,Calcisols,Valley Floor / Terrace,Neutral Planar Drainage,791.6159761187055,0.0,114933.63,0
SMP_001165,26.801097483779003,94.08862416840137,NER_Control,Unassigned,83.0,0.3093360662460327,180.0,0.00040049446397460997,Tree Cover / Dense Forest,Calcisols,Valley Floor / Terrace,Neutral Planar Drainage,440.23052417561036,0.0,33519.72,0
SMP_001166,23.647435478070772,91.22676264058303,NER_Control,Unassigned,450.0,18.5,180.0,0.0,Tree Cover / Dense Forest,Ferralsols (Iron-Rich Tropical),Dissected Hill Slope,Neutral Planar Drainage,971.6060511251117,0.0,159661.62,0
SMP_001167,24.062405577772942,91.4846453661946,NER_Control,Unassigned,126.0,3.7529704570770264,125.18024444580078,0.0005931496270932257,Tree Cover / Dense Forest,Mountain Litho-Soil Complex,Valley Floor / Terrace,Neutral Planar Drainage,311.190273569875,0.0,108519.58,0
SMP_001168,26.804359589811696,94.22315583144494,NER_Control,Unassigned,91.0,2.1643433570861816,180.0,0.00040049446397460997,Tree Cover / Dense Forest,Calcisols,Valley Floor / Terrace,Neutral Planar Drainage,783.2971554299221,0.0,25516.43,0
SMP_001169,25.748882750566228,93.77042338021022,NER_Control,Unassigned,441.0,12.694119453430176,349.33154296875,0.0037260616663843393,Tree Cover / Dense Forest,Calcisols,Dissected Hill Slope,Neutral Planar Drainage,1175.9681535366158,0.0,12973.4,0
SMP_001170,23.496694651494938,91.28574851719166,NER_Control,Unassigned,450.0,18.5,180.0,0.0,Cropland / Agriculture,Ferralsols (Iron-Rich Tropical),Dissected Hill Slope,Neutral Planar Drainage,337.38707392813933,0.0,168750.38,0
SMP_001171,23.441994870866317,91.74343813174612,NER_Control,Unassigned,450.0,18.5,180.0,0.0,Tree Cover / Dense Forest,Calcisols,Dissected Hill Slope,Neutral Planar Drainage,698.9394207921035,0.0,134701.74,0
SMP_001172,24.805317752715823,94.2979940453271,NER_Control,Unassigned,858.0,24.716781616210938,184.45352172851562,0.003036653622984886,Tree Cover / Dense Forest,Mountain Litho-Soil Complex,Dissected Hill Slope,Neutral Planar Drainage,1214.346403625969,0.0,52192.06,0
SMP_001173,24.51277572113353,92.30043012294328,NER_Control,Unassigned,46.0,4.192135810852051,77.23365020751953,-0.000582980748731643,Tree Cover / Dense Forest,Mountain Litho-Soil Complex,Valley Floor / Terrace,Neutral Planar Drainage,939.7992605592242,0.0,21533.1,0
SMP_001174,24.048977100583784,91.75550971676057,NER_Control,Unassigned,249.0,13.921029090881348,242.7791290283203,0.0010088281705975533,Tree Cover / Dense Forest,Mountain Litho-Soil Complex,Dissected Hill Slope,Neutral Planar Drainage,1249.95630548133,0.0,90943.3,0
SMP_001175,25.38027224829135,92.92876979264724,NER_Control,Unassigned,426.0,9.273404121398926,30.715673446655273,0.003254661802202463,Tree Cover / Dense Forest,Calcisols,Valley Floor / Terrace,Neutral Planar Drainage,494.7025392916555,0.0,6403.61,0
SMP_001176,26.272486519131704,91.20943500536121,NER_Control,Unassigned,46.0,1.4985674619674683,294.3778381347656,-0.00023319230240304023,Tree Cover / Dense Forest,Calcisols,Valley Floor / Terrace,Neutral Planar Drainage,972.7372267516637,0.0,10065.54,0
SMP_001177,26.75648980998104,94.852670599934,NER_Control,Unassigned,561.0,19.114574432373047,94.46744537353516,-0.0014346756506711245,Tree Cover / Dense Forest,Calcisols,Dissected Hill Slope,Neutral Planar Drainage,1051.885802748715,0.0,52888.45,0
SMP_001178,25.837674798155334,94.83813064373848,NER_Control,Unassigned,862.0,21.595849990844727,309.8694763183594,-0.004192446358501911,Tree Cover / Dense Forest,Lixisols,Dissected Hill Slope,Neutral Planar Drainage,1227.8399285349278,0.0,31272.18,0
SMP_001179,25.830526048176274,92.6951653615999,NER_Control,Unassigned,337.0,17.07448959350586,125.45462799072266,0.0008161730947904289,Tree Cover / Dense Forest,Calcisols,Dissected Hill Slope,Neutral Planar Drainage,789.000322902166,0.089,2181.04,0
SMP_001180,25.59287413404097,91.18158393304302,NER_Control,Unassigned,1181.0,6.169328212738037,69.53514862060547,0.0005931496270932257,Tree Cover / Dense Forest,Lixisols,Valley Floor / Terrace,Neutral Planar Drainage,1125.1579974096805,0.0,16919.99,0
SMP_001181,26.407727969615262,91.52524095271635,NER_Control,Unassigned,50.0,0.6186540722846985,180.0,0.0,Tree Cover / Dense Forest,Calcisols,Valley Floor / Terrace,Neutral Planar Drainage,1208.3709563694208,0.0,25079.46,0
SMP_001182,26.336479410592034,95.08257584976526,NER_Control,Unassigned,1657.0,24.798585891723633,353.3364562988281,-0.008552332408726215,Tree Cover / Dense Forest,Calcisols,Dissected Hill Slope,Neutral Planar Drainage,1055.3967842081906,0.0,40860.35,0
SMP_001183,25.37973757176396,92.45960232782755,NER_Control,Unassigned,1070.0,4.142489433288574,14.285412788391113,0.0007756359409540892,Tree Cover / Dense Forest,Mountain Litho-Soil Complex,Valley Floor / Terrace,Neutral Planar Drainage,553.6314482124084,0.0,32302.89,0
SMP_001184,25.57744083182082,90.28291361666474,NER_Control,Unassigned,513.0,4.142489433288574,194.28541564941406,0.004831286612898111,Tree Cover / Dense Forest,Mountain Litho-Soil Complex,Valley Floor / Terrace,Neutral Planar Drainage,612.2752811844259,0.0,56983.63,0
SMP_001185,24.30289637297149,93.00536304356194,NER_Control,Unassigned,284.0,23.43903350830078,27.850994110107422,0.005054309964179993,Tree Cover / Dense Forest,Kastanozems,Dissected Hill Slope,Neutral Planar Drainage,1207.2519269851239,0.0,42662.21,0
SMP_001186,23.837470279744537,93.11521581844949,NER_Control,Unassigned,450.0,18.5,180.0,0.0,Tree Cover / Dense Forest,Lixisols,Dissected Hill Slope,Neutral Planar Drainage,842.8807113032733,0.0,56379.08,0
SMP_001187,24.124722173324038,91.97336386547927,NER_Control,Unassigned,66.0,2.1643433570861816,180.0,0.0012014834210276604,Tree Cover / Dense Forest,Mountain Litho-Soil Complex,Valley Floor / Terrace,Neutral Planar Drainage,371.1654381551143,0.0,72167.31,0
SMP_001188,22.92327439696685,92.41666198627917,NER_Control,Unassigned,450.0,18.5,180.0,0.0,Tree Cover / Dense Forest,Mountain Litho-Soil Complex,Dissected Hill Slope,Neutral Planar Drainage,1081.95575566122,0.0,79859.56,0
SMP_001189,26.438753281656595,91.7508197756863,NER_Control,Unassigned,57.0,2.070237159729004,261.41033935546875,0.0012014834210276604,Tree Cover / Dense Forest,Calcisols,Valley Floor / Terrace,Neutral Planar Drainage,1219.7234258709684,0.0,11835.21,0
SMP_001190,22.70989856997274,92.93880212473957,NER_Control,Unassigned,450.0,18.5,180.0,0.0,Tree Cover / Dense Forest,Kastanozems,Dissected Hill Slope,Neutral Planar Drainage,496.9221633442404,0.0,70368.46,0
SMP_001191,23.302293929695043,93.23688009291772,NER_Control,Unassigned,450.0,18.5,180.0,0.0,Tree Cover / Dense Forest,Mountain Litho-Soil Complex,Dissected Hill Slope,Neutral Planar Drainage,937.4231899317206,0.0,18591.25,0
SMP_001192,23.20132350582707,92.55421661785984,NER_Control,Unassigned,450.0,18.5,180.0,0.0,Tree Cover / Dense Forest,Mountain Litho-Soil Complex,Dissected Hill Slope,Neutral Planar Drainage,1247.373408379708,0.0,53504.28,0
SMP_001193,26.676974503251245,94.06580324526098,NER_Control,Unassigned,88.0,0.7494118809700012,294.3778381347656,-0.00016730216157156974,Tree Cover / Dense Forest,Mountain Litho-Soil Complex,Valley Floor / Terrace,Neutral Planar Drainage,609.7551439988122,0.0,28565.4,0
SMP_001194,26.605641106420524,94.6645828927446,NER_Control,Unassigned,656.0,12.040956497192383,324.0920104980469,4.053714292240329e-05,Tree Cover / Dense Forest,Calcisols,Dissected Hill Slope,Neutral Planar Drainage,478.19000570279036,0.0,30191.53,0
SMP_001195,25.77305807308583,93.0292502307357,NER_Control,Unassigned,121.0,3.66141414642334,201.862060546875,0.00016730216157156974,Tree Cover / Dense Forest,Mountain Litho-Soil Complex,Valley Floor / Terrace,Neutral Planar Drainage,1168.3735597974423,0.0,9381.33,0
SMP_001196,24.765079134882427,92.75275746500131,NER_Control,Unassigned,26.0,6.907516002655029,69.11298370361328,0.00047655345406383276,Tree Cover / Dense Forest,Mountain Litho-Soil Complex,Valley Floor / Terrace,Neutral Planar Drainage,1014.0221009968221,0.0,20232.24,0
SMP_001197,26.558369926270185,92.07533038155272,NER_Control,Unassigned,67.0,0.34131383895874023,270.0,0.00037514144787564874,Tree Cover / Dense Forest,Calcisols,Valley Floor / Terrace,Neutral Planar Drainage,1164.5773014783645,0.0,30669.59,0
SMP_001198,25.89840781665423,90.95865539004511,NER_Control,Unassigned,350.0,18.254072189331055,56.182674407958984,0.00036497259861789644,Tree Cover / Dense Forest,Mountain Litho-Soil Complex,Dissected Hill Slope,Neutral Planar Drainage,1154.1667101284647,0.0,25705.69,0
SMP_001199,26.024235268738927,90.10187645077662,NER_Control,Unassigned,26.0,2.8240456581115723,208.88504028320312,0.001500565791502595,Tree Cover / Dense Forest,Calcisols,Valley Floor / Terrace,Neutral Planar Drainage,1161.7129346231775,0.0,27509.91,0
SMP_001200,24.298766676497515,94.0747787798555,NER_Control,Unassigned,1274.0,13.24526596069336,80.76058959960938,0.0012216828763484955,Tree Cover / Dense Forest,Lixisols,Dissected Hill Slope,Neutral Planar Drainage,1237.3637192414267,0.0,95189.12,0
SMP_001201,24.65290718026624,92.64110655040875,NER_Control,Unassigned,24.0,2.0621728897094727,318.5650939941406,0.00011659615120152012,Tree Cover / Dense Forest,Calcisols,Valley Floor / Terrace,Neutral Planar Drainage,959.0312823276747,0.0,9716.75,0
SMP_001202,25.97014519642122,90.84610475324592,NER_Control,Unassigned,57.0,1.1961721181869507,121.14058685302734,-0.00037514144787564874,Tree Cover / Dense Forest,Mountain Litho-Soil Complex,Valley Floor / Terrace,Neutral Planar Drainage,1109.8190786382065,0.0,25412.97,0
SMP_001203,26.780592525788798,93.46494455566751,NER_Control,Unassigned,75.0,0.3093360662460327,0.0,-0.00011659615120152012,Tree Cover / Dense Forest,Ferralsols (Iron-Rich Tropical),Valley Floor / Terrace,Neutral Planar Drainage,1236.7956801447083,0.0,18852.84,0
SMP_001204,25.30462246749713,93.71090916719211,NER_Control,Unassigned,944.0,24.767730712890625,174.0712432861328,-0.0022052964195609093,Tree Cover / Dense Forest,Lixisols,Dissected Hill Slope,Neutral Planar Drainage,1245.0744733473555,0.0,24116.82,0
SMP_001205,26.19563631407541,92.90334452935593,NER_Control,Unassigned,309.0,12.833367347717285,66.24058532714844,-0.0026918803341686726,Tree Cover / Dense Forest,Calcisols,Dissected Hill Slope,Neutral Planar Drainage,651.0834981470363,0.0,14251.98,0
SMP_001206,26.005213858007895,94.80537223113002,NER_Control,Unassigned,1443.0,32.40528869628906,286.8096923828125,-0.0001925168326124549,Tree Cover / Dense Forest,Lixisols,Steep Mountain Ridge,Neutral Planar Drainage,838.8512435285855,0.0,12502.15,0
SMP_001207,24.448560844341525,93.44866595933055,NER_Control,Unassigned,981.0,18.862865447998047,83.64906311035156,-0.0004613692872226238,Tree Cover / Dense Forest,Lixisols,Dissected Hill Slope,Neutral Planar Drainage,820.3042641505847,0.0,55585.64,0
SMP_001208,25.40176593338261,94.23656667756747,NER_Control,Unassigned,2005.0,14.3416109085083,72.8042221069336,-0.004694352857768536,Tree Cover / Dense Forest,Lixisols,Dissected Hill Slope,Neutral Planar Drainage,1226.333621222255,0.0,41026.54,0
SMP_001209,26.219167255079483,90.9859399718852,NER_Control,Unassigned,35.0,0.0,0.0,0.0,Tree Cover / Dense Forest,Calcisols,Valley Floor / Terrace,Neutral Planar Drainage,1210.3878767903789,0.0,16002.22,0
SMP_001210,25.125886709195903,94.02403534259992,NER_Control,Unassigned,1449.0,23.81617546081543,260.1398010253906,-0.0008618637803010643,Tree Cover / Dense Forest,Lixisols,Dissected Hill Slope,Neutral Planar Drainage,809.6275367789094,0.0,8548.32,0
SMP_001211,23.906715379370546,92.78969158201139,NER_Control,Unassigned,450.0,18.5,180.0,0.0,Tree Cover / Dense Forest,Mountain Litho-Soil Complex,Dissected Hill Slope,Neutral Planar Drainage,146.46154643629723,0.0,69384.84,0
SMP_001212,26.66429472526515,92.83264229675062,NER_Control,Unassigned,72.0,1.3816499710083008,227.81373596191406,2.535300336603541e-05,Tree Cover / Dense Forest,Calcisols,Valley Floor / Terrace,Neutral Planar Drainage,896.227391617361,0.0,24399.86,0
SMP_001213,27.367360644354502,94.2566890644627,NER_Control,Unassigned,96.0,0.46062934398651123,47.81373977661133,0.00025854530395008624,Tree Cover / Dense Forest,Calcisols,Valley Floor / Terrace,Neutral Planar Drainage,527.0797398016035,0.0,54348.96,0
SMP_001214,25.84645163819683,90.1940987941917,NER_Control,Unassigned,77.0,3.946882486343384,71.75951385498047,0.0016121467342600226,Tree Cover / Dense Forest,Mountain Litho-Soil Complex,Valley Floor / Terrace,Neutral Planar Drainage,979.1462561913975,0.0,40445.59,0
SMP_001215,26.92136029625619,92.45913823990443,NER_Control,Unassigned,197.0,1.1961721181869507,121.14058685302734,0.0011254244018346071,Tree Cover / Dense Forest,Calcisols,Valley Floor / Terrace,Neutral Planar Drainage,298.83079407974554,0.0,18126.39,0
SMP_001216,25.253549923835475,92.02531080562778,NER_Control,Unassigned,841.0,11.138014793395996,273.14398193359375,0.002189973834902048,Tree Cover / Dense Forest,Mountain Litho-Soil Complex,Valley Floor / Terrace,Neutral Planar Drainage,609.9819366257088,0.0,49081.91,0
SMP_001217,26.193031872686763,89.88689286650859,NER_Control,Unassigned,45.0,0.9279360175132751,180.0,-0.00016730216157156974,Tree Cover / Dense Forest,Calcisols,Valley Floor / Terrace,Neutral Planar Drainage,898.2630682994507,0.0,41021.68,0
SMP_001218,25.18928750046794,90.93773208370685,NER_Control,Unassigned,231.0,3.8935861587524414,44.44407272338867,0.00034978846088051796,Tree Cover / Dense Forest,Calcisols,Valley Floor / Terrace,Neutral Planar Drainage,755.5748925268999,0.0,67661.63,0
SMP_001219,25.169593131645918,93.18242368820215,NER_Control,Unassigned,912.0,17.806865692138672,347.1405944824219,0.0008516949019394815,Tree Cover / Dense Forest,Lixisols,Dissected Hill Slope,Neutral Planar Drainage,670.6620609364876,0.089,2363.34,0
SMP_001220,25.53422849882441,91.76755668256345,NER_Control,Unassigned,1664.0,6.782157897949219,2.871180534362793,0.0005576277617365122,Tree Cover / Dense Forest,Calcisols,Valley Floor / Terrace,Neutral Planar Drainage,815.6732778782172,0.0,53914.15,0
SMP_001221,25.64791289555674,90.69238835560964,NER_Control,Unassigned,353.0,5.188961982727051,259.72601318359375,-0.0013941385550424457,Tree Cover / Dense Forest,Mountain Litho-Soil Complex,Valley Floor / Terrace,Neutral Planar Drainage,1189.4172168789992,0.0,40993.2,0
SMP_001222,22.322841633101458,92.9904768281342,NER_Control,Unassigned,450.0,18.5,180.0,0.0,Tree Cover / Dense Forest,Kastanozems,Dissected Hill Slope,Neutral Planar Drainage,1230.0535876918134,0.0,112555.41,0
SMP_001223,23.20607389313763,92.95570453389452,NER_Control,Unassigned,450.0,18.5,180.0,0.0,Tree Cover / Dense Forest,Mountain Litho-Soil Complex,Dissected Hill Slope,Neutral Planar Drainage,1078.500271820748,0.0,17572.26,0
SMP_001224,24.078525207723267,92.16512652852002,NER_Control,Unassigned,81.0,0.9279360175132751,0.0,0.0017996482783928514,Tree Cover / Dense Forest,Mountain Litho-Soil Complex,Valley Floor / Terrace,Neutral Planar Drainage,1230.9869675239859,0.0,70929.46,0
SMP_001225,25.927972291278422,92.36068564156699,NER_Control,Unassigned,544.0,3.9384689331054688,128.85516357421875,-0.0013079106574878097,Tree Cover / Dense Forest,Mountain Litho-Soil Complex,Valley Floor / Terrace,Neutral Planar Drainage,1048.790516313154,0.038,4194.85,0
SMP_001226,25.261048479132274,92.52063302581148,NER_Control,Unassigned,1133.0,18.566572189331055,209.7748260498047,0.0011355932801961899,Tree Cover / Dense Forest,Lixisols,Dissected Hill Slope,Neutral Planar Drainage,363.54341118426896,0.0,25876.57,0
SMP_001227,24.821628070421895,92.65732550129678,NER_Control,Unassigned,20.0,0.3093360662460327,0.0,0.0006336867809295654,Tree Cover / Dense Forest,Calcisols,Valley Floor / Terrace,Neutral Planar Drainage,409.9061909713418,0.0,10741.68,0
SMP_001228,24.348357970545905,94.1112738687169,NER_Control,Unassigned,1061.0,12.284995079040527,99.99441528320312,-0.007102334871888161,Tree Cover / Dense Forest,Mountain Litho-Soil Complex,Dissected Hill Slope,Neutral Planar Drainage,171.5796575556658,0.0,90356.14,0
SMP_001229,25.585450152823118,91.74500882685854,NER_Control,Unassigned,1702.0,3.8011202812194824,26.635385513305664,-0.0035942813847213984,Tree Cover / Dense Forest,Lixisols,Valley Floor / Terrace,Neutral Planar Drainage,1202.533800334734,0.0,48654.19,0
SMP_001230,25.181115877558227,91.92011564033842,NER_Control,Unassigned,15.0,3.70688796043396,0.0,0.0013991538435220718,Tree Cover / Dense Forest,Mountain Litho-Soil Complex,Valley Floor / Terrace,Neutral Planar Drainage,1240.625841331538,0.0,55154.8,0
SMP_001231,26.74032896895566,90.16247837774571,NER_Control,Unassigned,222.0,6.489027976989746,161.6847686767578,0.00010141201346414164,Tree Cover / Dense Forest,Kastanozems,Valley Floor / Terrace,Neutral Planar Drainage,664.438327700684,0.0,49801.96,0
SMP_001232,26.775568930517935,94.5617966150177,NER_Control,Unassigned,108.0,1.023844599723816,270.0,0.00042584745096974075,Tree Cover / Dense Forest,Calcisols,Valley Floor / Terrace,Neutral Planar Drainage,1004.6871882300809,0.0,28703.29,0
SMP_001233,26.17413724421068,92.22367698065456,NER_Control,Unassigned,57.0,1.151889681816101,216.337646484375,0.00011659615120152012,Tree Cover / Dense Forest,Calcisols,Valley Floor / Terrace,Neutral Planar Drainage,590.2985810510806,0.0,11959.89,0
SMP_001234,25.251151489800584,91.001772807921,NER_Control,Unassigned,359.0,10.423274040222168,54.05615234375,-0.0014093227218836546,Tree Cover / Dense Forest,Calcisols,Valley Floor / Terrace,Neutral Planar Drainage,846.0719191391914,0.0,58772.38,0
SMP_001235,24.624260893049055,92.24739313985461,NER_Control,Unassigned,100.0,15.488391876220703,75.32803344726562,0.0015259188367053866,Tree Cover / Dense Forest,Calcisols,Dissected Hill Slope,Neutral Planar Drainage,710.1872707650518,0.0,10075.43,0
SMP_001236,25.645715582342312,93.5528426732517,NER_Control,Unassigned,269.0,0.3093360662460327,0.0,-0.003431994467973709,Tree Cover / Dense Forest,Calcisols,Valley Floor / Terrace,Neutral Planar Drainage,1079.9632952315615,0.0,18618.09,0
SMP_001237,24.266607127827143,93.43867609682353,NER_Control,Unassigned,981.0,28.083961486816406,133.4750518798828,0.0018757072975859046,Tree Cover / Dense Forest,Kastanozems,Steep Mountain Ridge,Neutral Planar Drainage,1221.1784285890913,0.0,71036.85,0
SMP_001238,26.500962833574064,94.7042197285567,NER_Control,Unassigned,496.0,25.119115829467773,213.9912567138672,0.006377542857080698,Tree Cover / Dense Forest,Lixisols,Steep Mountain Ridge,Neutral Planar Drainage,1234.1172134295514,0.0,33535.1,0
SMP_001239,24.284128837564356,92.97492237707516,NER_Control,Unassigned,800.0,40.048709869384766,48.08643341064453,-0.0008618637803010643,Tree Cover / Dense Forest,Kastanozems,Steep Mountain Ridge,Neutral Planar Drainage,95.87378155555038,0.0,42093.95,0
SMP_001240,24.176860988795347,92.76030208250079,NER_Control,Unassigned,240.0,18.80805206298828,29.32377815246582,-0.002904873341321945,Tree Cover / Dense Forest,Calcisols,Dissected Hill Slope,Neutral Planar Drainage,1218.248499547369,0.0,44327.05,0
SMP_001241,27.58869819361497,95.00654798745519,NER_Control,Unassigned,108.0,1.151889681816101,216.337646484375,0.00040049446397460997,Tree Cover / Dense Forest,Calcisols,Valley Floor / Terrace,Neutral Planar Drainage,678.7273485660013,0.0,26625.45,0
SMP_001242,26.498187250256592,92.11142411290638,NER_Control,Unassigned,61.0,1.0695353746414185,106.80970001220703,-0.00020783930085599422,Tree Cover / Dense Forest,Calcisols,Valley Floor / Terrace,Neutral Planar Drainage,1242.1179794161806,0.0,29823.48,0
SMP_001243,25.94964181678294,94.92435532366929,NER_Control,Unassigned,683.0,26.822105407714844,28.88503646850586,0.0031430807430297136,Tree Cover / Dense Forest,Calcisols,Steep Mountain Ridge,Neutral Planar Drainage,60.37964631587443,0.0,24240.83,0
SMP_001244,24.68490189130636,93.25541546626576,NER_Control,Unassigned,575.0,15.496576309204102,31.041316986083984,0.0045423731207847595,Tree Cover / Dense Forest,Lixisols,Dissected Hill Slope,Neutral Planar Drainage,912.1944243034893,0.0,23328.73,0
SMP_001245,25.10783627115746,93.65990886011106,NER_Control,Unassigned,776.0,10.997668266296387,101.21375274658203,0.0027831236366182566,Tree Cover / Dense Forest,Lixisols,Valley Floor / Terrace,Neutral Planar Drainage,777.2711165781833,0.0,28735.76,0
SMP_001246,25.983236885299277,90.20774316154909,NER_Control,Unassigned,28.0,0.34131383895874023,270.0,0.0006590397679246962,Tree Cover / Dense Forest,Calcisols,Valley Floor / Terrace,Neutral Planar Drainage,319.5568130083846,0.0,25524.95,0
SMP_001247,24.120372411749152,92.8723448595352,NER_Control,Unassigned,208.0,12.447474479675293,226.77528381347656,-0.0034473168198019266,Tree Cover / Dense Forest,Kastanozems,Dissected Hill Slope,Neutral Planar Drainage,828.4781466819329,0.0,53028.27,0
SMP_001248,25.357721303445025,93.7504800134585,NER_Control,Unassigned,918.0,8.261758804321289,153.17359924316406,0.006752684712409973,Tree Cover / Dense Forest,Lixisols,Valley Floor / Terrace,Neutral Planar Drainage,632.520155798978,0.0,28623.92,0
SMP_001249,26.784657143972,92.47485569966271,NER_Control,Unassigned,102.0,0.34131383895874023,90.0,0.00042584745096974075,Tree Cover / Dense Forest,Calcisols,Valley Floor / Terrace,Neutral Planar Drainage,1210.2896242231914,0.0,25897.61,0
SMP_001250,24.76485352152842,92.42333504857832,NER_Control,Unassigned,18.0,1.0695353746414185,286.8096923828125,0.00030925130704417825,Tree Cover / Dense Forest,Ferralsols (Iron-Rich Tropical),Valley Floor / Terrace,Neutral Planar Drainage,997.655668649082,0.0,13711.5,0
SMP_001251,25.37191026226498,93.1432021063706,NER_Control,Unassigned,309.0,5.973895072937012,294.3778381347656,-0.002899719635024667,Tree Cover / Dense Forest,Mountain Litho-Soil Complex,Valley Floor / Terrace,Neutral Planar Drainage,1175.1931153249238,0.089,2872.06,0
SMP_001252,27.36429765288919,94.17831518556608,NER_Control,Unassigned,101.0,1.733868956565857,79.72602844238281,-0.00025854530395008624,Tree Cover / Dense Forest,Calcisols,Valley Floor / Terrace,Neutral Planar Drainage,172.86114622307144,0.0,60849.82,0
SMP_001253,26.078958033716084,92.73209038029157,NER_Control,Unassigned,74.0,0.46062934398651123,312.1862487792969,-0.00030925130704417825,Tree Cover / Dense Forest,Calcisols,Valley Floor / Terrace,Neutral Planar Drainage,488.2994957115518,0.0,10887.69,0
SMP_001254,26.10485887399333,90.81932012108611,NER_Control,Unassigned,38.0,0.6826034784317017,90.0,-0.0005170906079001725,Tree Cover / Dense Forest,Fluvisols (Alluvial Floodplain),Valley Floor / Terrace,Neutral Planar Drainage,262.0105368278187,0.0,21952.85,0
SMP_001255,25.880630213506475,93.9396410377671,NER_Control,Unassigned,260.0,14.538810729980469,308.64874267578125,0.0035892659798264503,Tree Cover / Dense Forest,Kastanozems,Dissected Hill Slope,Neutral Planar Drainage,736.7770847021974,0.0,22546.84,0
SMP_001256,23.868590937897494,92.50318284950188,NER_Control,Unassigned,450.0,18.5,180.0,0.0,Tree Cover / Dense Forest,Mountain Litho-Soil Complex,Dissected Hill Slope,Neutral Planar Drainage,869.1273711445224,0.0,80873.39,0
SMP_001257,26.216929441578955,92.51753450346557,NER_Control,Unassigned,60.0,0.6186540722846985,180.0,0.0005170906079001725,Tree Cover / Dense Forest,Calcisols,Valley Floor / Terrace,Neutral Planar Drainage,1249.3115671422945,0.0,13322.34,0
SMP_001258,24.98265147733455,93.24220525902493,NER_Control,Unassigned,174.0,8.596404075622559,0.0,-0.0024840410333126783,Tree Cover / Dense Forest,Calcisols,Valley Floor / Terrace,Neutral Planar Drainage,822.1321236498209,0.0,8150.45,0
SMP_001259,26.58993818600148,91.61235406687851,NER_Control,Unassigned,63.0,0.0,0.0,0.0,Tree Cover / Dense Forest,Calcisols,Valley Floor / Terrace,Neutral Planar Drainage,1171.221281844541,0.0,33354.25,0
SMP_001260,26.566696547075434,90.3225306757682,NER_Control,Unassigned,68.0,0.46062934398651123,132.18626403808594,-0.00025854530395008624,Tree Cover / Dense Forest,Calcisols,Valley Floor / Terrace,Neutral Planar Drainage,1128.9310702801727,0.0,24786.9,0
SMP_001261,27.662108539330642,95.34295365028855,NER_Control,Unassigned,120.0,0.6186540722846985,180.0,-0.0008009889279492199,Tree Cover / Dense Forest,Calcisols,Valley Floor / Terrace,Neutral Planar Drainage,1249.1097227388884,0.0,25006.94,0
SMP_001262,26.418606703031198,90.59030369682206,NER_Control,Unassigned,49.0,0.46062934398651123,47.81373977661133,0.0010595342610031366,Tree Cover / Dense Forest,Calcisols,Valley Floor / Terrace,Neutral Planar Drainage,310.41309732954085,0.013,3780.15,0
SMP_001263,25.72269149612108,89.9418201949271,NER_Control,Unassigned,53.0,2.2692387104034424,162.50250244140625,0.0002990824286825955,Tree Cover / Dense Forest,Mountain Litho-Soil Complex,Valley Floor / Terrace,Neutral Planar Drainage,818.6778790958962,0.0,63728.46,0
SMP_001264,23.122424215763335,91.67457929556758,NER_Control,Unassigned,450.0,18.5,180.0,0.0,Tree Cover / Dense Forest,Ferralsols (Iron-Rich Tropical),Dissected Hill Slope,Neutral Planar Drainage,86.26871699625423,0.0,143283.5,0
SMP_001265,25.99315263659092,90.82554444170998,NER_Control,Unassigned,50.0,1.690147876739502,203.81431579589844,-0.000684392754919827,Tree Cover / Dense Forest,Ferralsols (Iron-Rich Tropical),Valley Floor / Terrace,Neutral Planar Drainage,1176.1499050682828,0.0,23085.24,0
SMP_001266,27.32765548184059,95.39508258861811,NER_Control,Unassigned,125.0,1.4985674619674683,245.62216186523438,-0.0005170906079001725,Tree Cover / Dense Forest,Calcisols,Valley Floor / Terrace,Neutral Planar Drainage,539.3787662638383,0.0,20765.52,0
SMP_001267,26.871660828835633,95.0705199561688,NER_Control,Unassigned,197.0,14.800323486328125,224.3415985107422,0.00020783930085599422,Tree Cover / Dense Forest,Calcisols,Dissected Hill Slope,Neutral Planar Drainage,1121.8140678556172,0.0,66738.32,0
SMP_001268,25.308879822280602,93.30446916555903,NER_Control,Unassigned,783.0,19.719093322753906,324.429443359375,-0.004146893508732319,Tree Cover / Dense Forest,Mountain Litho-Soil Complex,Dissected Hill Slope,Neutral Planar Drainage,1183.2530077203735,0.051,2824.45,0
SMP_001269,27.30045058741673,95.7924510342436,NER_Control,Unassigned,183.0,7.474010467529297,234.81976318359375,0.000902400934137404,Tree Cover / Dense Forest,Calcisols,Valley Floor / Terrace,Neutral Planar Drainage,51.251326344523264,0.0,57215.03,0
SMP_001270,26.691311640180345,94.43386826130227,NER_Control,Unassigned,118.0,0.9279360175132751,180.0,0.00011659615120152012,Tree Cover / Dense Forest,Mountain Litho-Soil Complex,Valley Floor / Terrace,Neutral Planar Drainage,1177.9841254384341,0.0,13136.54,0
SMP_001271,22.68632811576551,92.88056872630249,NER_Control,Unassigned,450.0,18.5,180.0,0.0,Tree Cover / Dense Forest,Kastanozems,Dissected Hill Slope,Neutral Planar Drainage,520.5226480476632,0.0,74180.65,0
SMP_001272,26.23162908514779,92.69482700531292,NER_Control,Unassigned,62.0,0.3093360662460327,0.0,0.0009175851009786129,Tree Cover / Dense Forest,Calcisols,Valley Floor / Terrace,Neutral Planar Drainage,130.28865521044713,0.0,9411.75,0
SMP_001273,26.503852633253597,92.24054789179102,NER_Control,Unassigned,59.0,0.7065478563308716,331.1149597167969,0.00037514144787564874,Tree Cover / Dense Forest,Calcisols,Valley Floor / Terrace,Neutral Planar Drainage,1129.5637994787076,0.0,38543.02,0
SMP_001274,25.34407671951747,90.94073855109106,NER_Control,Unassigned,434.0,28.934663772583008,106.45259857177734,-0.0018301549134775996,Tree Cover / Dense Forest,Calcisols,Steep Mountain Ridge,Neutral Planar Drainage,957.5290419586194,0.0,52416.63,0
SMP_001275,23.550010792630513,93.11028973401636,NER_Control,Unassigned,450.0,18.5,180.0,0.0,Tree Cover / Dense Forest,Mountain Litho-Soil Complex,Dissected Hill Slope,Neutral Planar Drainage,1165.557523779007,0.0,24696.4,0
SMP_001276,23.66352438870124,93.26053218586038,NER_Control,Unassigned,450.0,18.5,180.0,0.0,Tree Cover / Dense Forest,Lixisols,Dissected Hill Slope,Neutral Planar Drainage,853.074819237401,0.0,42144.78,0
SMP_001277,26.486008730783865,93.88192689689356,NER_Control,Unassigned,103.0,1.814664363861084,250.0732421875,-0.00014194916002452374,Tree Cover / Dense Forest,Calcisols,Valley Floor / Terrace,Neutral Planar Drainage,333.22168300368577,0.0,17677.53,0
SMP_001278,25.530724506013616,90.9130707612668,NER_Control,Unassigned,586.0,1.6056715250015259,219.60888671875,0.0005576277617365122,Tree Cover / Dense Forest,Mountain Litho-Soil Complex,Valley Floor / Terrace,Neutral Planar Drainage,1086.325949497491,0.0,38912.06,0
SMP_001279,27.44351359485179,95.10408534471695,NER_Control,Unassigned,112.0,0.9211992025375366,47.81373977661133,0.0005677966400980949,Tree Cover / Dense Forest,Calcisols,Valley Floor / Terrace,Neutral Planar Drainage,1232.665853908893,0.0,12901.62,0
SMP_001280,26.8726974685085,91.93530543029614,NER_Control,Unassigned,320.0,0.9211992025375366,312.1862487792969,-0.00023319230240304023,Tree Cover / Dense Forest,Calcisols,Valley Floor / Terrace,Neutral Planar Drainage,1171.901647696574,0.0,18677.62,0
SMP_001281,24.755994326533372,93.28333684519528,NER_Control,Unassigned,540.0,13.214799880981445,110.17444610595703,-0.0013130642473697662,Tree Cover / Dense Forest,Lixisols,Dissected Hill Slope,Neutral Planar Drainage,79.30303649486925,0.0,22179.82,0
SMP_001282,26.24284031956291,90.77966139301684,NER_Control,Unassigned,37.0,0.7065478563308716,28.88503646850586,0.00037514144787564874,Tree Cover / Dense Forest,Fluvisols (Alluvial Floodplain),Valley Floor / Terrace,Neutral Planar Drainage,1093.386411718877,0.0,24300.54,0
SMP_001283,23.883336575700124,91.74513883267416,NER_Control,Unassigned,450.0,18.5,180.0,0.0,Tree Cover / Dense Forest,Mountain Litho-Soil Complex,Dissected Hill Slope,Neutral Planar Drainage,844.1812260104664,0.0,106867.64,0
SMP_001284,26.773247320279054,94.20997376279425,NER_Control,Unassigned,92.0,1.706084966659546,270.0,-0.00019265516311861575,Tree Cover / Dense Forest,Calcisols,Valley Floor / Terrace,Neutral Planar Drainage,811.7984948001871,0.0,23194.56,0
SMP_001285,24.809913768949514,92.54331822766332,NER_Control,Unassigned,50.0,4.150484561920166,324.9254150390625,0.0005221058963797987,Tree Cover / Dense Forest,Calcisols,Valley Floor / Terrace,Neutral Planar Drainage,964.7289987680186,0.013,2048.29,0
SMP_001286,27.3032736087343,94.55334745658874,NER_Control,Unassigned,96.0,0.7494118809700012,245.62216186523438,0.00040049446397460997,Tree Cover / Dense Forest,Calcisols,Valley Floor / Terrace,Neutral Planar Drainage,385.48248160221044,0.0,42540.53,0
SMP_001287,22.53109709536095,92.98353391655765,NER_Control,Unassigned,450.0,18.5,180.0,0.0,Tree Cover / Dense Forest,Kastanozems,Dissected Hill Slope,Neutral Planar Drainage,715.41487466976,0.0,89510.82,0
SMP_001288,22.350469961102526,93.13684718676785,NER_Control,Unassigned,450.0,18.5,180.0,0.0,Tree Cover / Dense Forest,Lixisols,Dissected Hill Slope,Neutral Planar Drainage,1226.982731197685,0.0,109569.43,0
SMP_001289,22.993670483915075,92.55667242537187,NER_Control,Unassigned,450.0,18.5,180.0,0.0,Tree Cover / Dense Forest,Mountain Litho-Soil Complex,Dissected Hill Slope,Neutral Planar Drainage,380.2126664275083,0.0,63648.81,0
SMP_001290,26.05470234926557,92.45236243900193,NER_Control,Unassigned,443.0,9.876265525817871,82.8745346069336,0.0010747183114290237,Tree Cover / Dense Forest,Mountain Litho-Soil Complex,Valley Floor / Terrace,Neutral Planar Drainage,1113.9107265133518,0.191,1001.81,0
SMP_001291,26.056410158064356,89.96778028291024,NER_Control,Unassigned,26.0,0.6826034784317017,270.0,0.0005170906079001725,Tree Cover / Dense Forest,Calcisols,Valley Floor / Terrace,Neutral Planar Drainage,1192.7672060966925,0.0,36533.31,0
SMP_001292,26.54327479867551,91.09577440556228,NER_Control,Unassigned,45.0,0.46062934398651123,227.81373596191406,-0.00025854530395008624,Tree Cover / Dense Forest,Calcisols,Valley Floor / Terrace,Neutral Planar Drainage,425.55703852698457,0.0,38199.9,0
SMP_001293,25.375146643610307,89.85583423363934,NER_Control,Unassigned,67.0,9.590662002563477,279.1930847167969,0.004334395285695791,Tree Cover / Dense Forest,Mountain Litho-Soil Complex,Valley Floor / Terrace,Neutral Planar Drainage,984.1452906240145,0.0,101644.24,0
SMP_001294,26.788229002051906,92.82892821263054,NER_Control,Unassigned,74.0,0.6826034784317017,90.0,-0.00028389832004904747,Tree Cover / Dense Forest,Calcisols,Valley Floor / Terrace,Neutral Planar Drainage,1030.0152563985885,0.0,15447.04,0
SMP_001295,26.517164613609655,92.49718904456212,NER_Control,Unassigned,62.0,0.7494118809700012,65.62215423583984,0.00040049446397460997,Tree Cover / Dense Forest,Vertisols (Swelling Clay),Valley Floor / Terrace,Neutral Planar Drainage,302.8056893535667,0.0,44593.66,0
SMP_001296,24.36148830747712,93.96555720972651,NER_Control,Unassigned,1118.0,24.078323364257812,330.4461669921875,0.0038122895639389753,Tree Cover / Dense Forest,Mountain Litho-Soil Complex,Dissected Hill Slope,Neutral Planar Drainage,1235.3772112940403,0.0,87299.7,0
SMP_001297,25.466959621007955,91.93371544385133,NER_Control,Unassigned,1801.0,7.491452693939209,94.71005249023438,-0.00015211800928227603,Tree Cover / Dense Forest,Lixisols,Valley Floor / Terrace,Neutral Planar Drainage,1138.1851978444665,0.0,64584.31,0
SMP_001298,24.560221398223565,94.1377071605634,NER_Control,Unassigned,1141.0,15.26587963104248,24.500797271728516,-0.0007097457419149578,Tree Cover / Dense Forest,Mountain Litho-Soil Complex,Dissected Hill Slope,Neutral Planar Drainage,826.0997743833469,0.0,68090.56,0
SMP_001299,25.372524317817405,94.20297932029847,NER_Control,Unassigned,1386.0,25.025800704956055,298.3038330078125,0.008319140411913395,Tree Cover / Dense Forest,Lixisols,Steep Mountain Ridge,Neutral Planar Drainage,1147.478618104008,0.0,36340.76,0
SMP_001300,25.98416787902231,92.47557237259892,NER_Control,Unassigned,450.0,24.134763717651367,344.5787658691406,-0.007056782487779856,Tree Cover / Dense Forest,Calcisols,Dissected Hill Slope,Neutral Planar Drainage,427.0964173631303,0.14,3587.27,0
SMP_001301,27.756573029143993,95.18486072830942,NER_Control,Unassigned,118.0,0.0,0.0,-0.00028389832004904747,Tree Cover / Dense Forest,Calcisols,Valley Floor / Terrace,Neutral Planar Drainage,1247.826704178355,0.0,33417.49,0
SMP_001302,23.961138998501063,93.04033620319919,NER_Control,Unassigned,450.0,18.5,180.0,0.0,Tree Cover / Dense Forest,Kastanozems,Dissected Hill Slope,Neutral Planar Drainage,1005.6624708440578,0.0,69850.55,0
SMP_001303,25.165296048498753,94.65601165181013,NER_Control,Unassigned,2463.0,17.15353775024414,355.5724182128906,-0.0068995109759271145,Tree Cover / Dense Forest,Lixisols,Dissected Hill Slope,Neutral Planar Drainage,186.37193425671833,0.0,71878.45,0
SMP_001304,25.79855410184372,93.88777487948946,NER_Control,Unassigned,337.0,1.151889681816101,323.662353515625,0.004070834722369909,Tree Cover / Dense Forest,Calcisols,Valley Floor / Terrace,Neutral Planar Drainage,735.3163858878569,0.0,19409.57,0
SMP_001305,25.70325128818331,90.88366887578248,NER_Control,Unassigned,610.0,12.005488395690918,351.94842529296875,-0.0023776136804372072,Tree Cover / Dense Forest,Mountain Litho-Soil Complex,Dissected Hill Slope,Neutral Planar Drainage,627.7714086167181,0.0,34343.66,0
SMP_001306,27.595977480953117,95.67977896223854,NER_Control,Unassigned,143.0,0.9886959195137024,339.8068542480469,0.0007756359409540892,Tree Cover / Dense Forest,Calcisols,Valley Floor / Terrace,Neutral Planar Drainage,1199.4117849162546,0.0,46287.58,0
SMP_001307,26.70347200578485,92.84883448260675,NER_Control,Unassigned,70.0,1.3816499710083008,312.1862487792969,2.535300336603541e-05,Tree Cover / Dense Forest,Calcisols,Valley Floor / Terrace,Neutral Planar Drainage,57.865911076637644,0.0,24991.2,0
SMP_001308,25.91499597728645,91.41400791488671,NER_Control,Unassigned,237.0,17.399307250976562,177.8210906982422,-0.0040556504391133785,Tree Cover / Dense Forest,Calcisols,Dissected Hill Slope,Neutral Planar Drainage,421.02834614773775,0.013,1507.13,0
SMP_001309,25.7548602010148,91.6583324276699,NER_Control,Unassigned,792.0,6.172202110290527,3.1577439308166504,0.0024435038212686777,Tree Cover / Dense Forest,Mountain Litho-Soil Complex,Valley Floor / Terrace,Neutral Planar Drainage,747.199065018191,0.0,31081.49,0
SMP_001310,26.72737622393203,94.43519737566935,NER_Control,Unassigned,106.0,1.0695353746414185,286.8096923828125,0.0010088281705975533,Tree Cover / Dense Forest,Calcisols,Valley Floor / Terrace,Neutral Planar Drainage,874.7255017252836,0.0,16500.95,0
SMP_001311,23.571986654592102,92.86786171234205,NER_Control,Unassigned,450.0,18.5,180.0,0.0,Tree Cover / Dense Forest,Kastanozems,Dissected Hill Slope,Neutral Planar Drainage,1062.4634599505648,0.0,32881.42,0
SMP_001312,27.133957143575167,95.20551167353128,NER_Control,Unassigned,114.0,1.0695353746414185,106.80970001220703,-0.00025854530395008624,Tree Cover / Dense Forest,Calcisols,Valley Floor / Terrace,Neutral Planar Drainage,1019.3091265468382,0.0,35611.46,0
SMP_001313,27.473930873195798,95.24389957847903,NER_Control,Unassigned,120.0,0.34131383895874023,270.0,-0.00037514144787564874,Tree Cover / Dense Forest,Calcisols,Valley Floor / Terrace,Neutral Planar Drainage,1247.0349760678762,0.025,1928.69,0
SMP_001314,24.360926036993543,92.772391776,NER_Control,Unassigned,118.0,6.408883094787598,64.36784362792969,-0.0039999294094741344,Tree Cover / Dense Forest,Mountain Litho-Soil Complex,Valley Floor / Terrace,Neutral Planar Drainage,1223.008263716831,0.0,24468.6,0
SMP_001315,26.522832459099646,92.2444201569081,NER_Control,Unassigned,60.0,0.34131383895874023,90.0,-0.00014194916002452374,Tree Cover / Dense Forest,Fluvisols (Alluvial Floodplain),Valley Floor / Terrace,Neutral Planar Drainage,893.1213045512666,0.0,40364.8,0
SMP_001316,25.83009837723506,91.18648981490018,NER_Control,Unassigned,449.0,4.933854103088379,28.88503646850586,-0.002321754116564989,Tree Cover / Dense Forest,Mountain Litho-Soil Complex,Valley Floor / Terrace,Neutral Planar Drainage,747.9027129248182,0.0,5435.65,0
SMP_001317,23.796631389087754,91.69692740478152,NER_Control,Unassigned,450.0,18.5,180.0,0.0,Tree Cover / Dense Forest,Mountain Litho-Soil Complex,Dissected Hill Slope,Neutral Planar Drainage,1244.7812801004661,0.0,117659.82,0
SMP_001318,26.242830098646145,91.40963031102085,NER_Control,Unassigned,47.0,1.0695353746414185,73.19029998779297,2.535300336603541e-05,Tree Cover / Dense Forest,Vertisols (Swelling Clay),Valley Floor / Terrace,Neutral Planar Drainage,1092.7800286813213,0.0,26161.82,0
SMP_001319,25.746882367024572,91.62075240186111,NER_Control,Unassigned,731.0,4.142489433288574,194.28541564941406,0.0019619350787252188,Tree Cover / Dense Forest,Lixisols,Valley Floor / Terrace,Neutral Planar Drainage,1235.9715356844063,0.0,28585.73,0
SMP_001320,26.572929693756862,91.15198083834387,NER_Control,Unassigned,51.0,1.1961721181869507,301.1405944824219,-0.00019265516311861575,Tree Cover / Dense Forest,Vertisols (Swelling Clay),Valley Floor / Terrace,Neutral Planar Drainage,619.4207388620929,0.0,41183.08,0
SMP_001321,26.677710602593766,94.00098896338582,NER_Control,Unassigned,87.0,0.7494118809700012,294.3778381347656,-0.000684392754919827,Tree Cover / Dense Forest,Calcisols,Valley Floor / Terrace,Neutral Planar Drainage,686.3019910577393,0.0,34785.2,0
SMP_001322,25.535153634233993,93.79461539310883,NER_Control,Unassigned,901.0,22.977182388305664,168.65623474121094,0.005469988565891981,Tree Cover / Dense Forest,Lixisols,Dissected Hill Slope,Neutral Planar Drainage,727.0399605097547,0.0,35740.21,0
SMP_001323,24.807800556417014,92.72651973751177,NER_Control,Unassigned,24.0,2.8438286781311035,57.08248519897461,0.0008770479471422732,Tree Cover / Dense Forest,Calcisols,Valley Floor / Terrace,Neutral Planar Drainage,1107.2959272484668,0.0,15547.02,0
SMP_001324,24.873552565239695,92.84040443298048,NER_Control,Unassigned,20.0,0.46062934398651123,132.18626403808594,0.00025854530395008624,Tree Cover / Dense Forest,Calcisols,Valley Floor / Terrace,Neutral Planar Drainage,899.1447555687157,0.0,6276.8,0
SMP_001325,25.855534803675216,92.96020173474233,NER_Control,Unassigned,85.0,0.6186540722846985,180.0,-5.070600673207082e-05,Tree Cover / Dense Forest,Calcisols,Valley Floor / Terrace,Neutral Planar Drainage,77.26940819863766,0.0,15465.34,0
SMP_001326,24.096414548483335,93.36513892313098,NER_Control,Unassigned,757.0,24.376697540283203,17.600128173828125,-0.00536356121301651,Tree Cover / Dense Forest,Kastanozems,Dissected Hill Slope,Neutral Planar Drainage,97.85476070873162,0.0,84242.77,0
SMP_001327,24.166506522777894,92.31163143806563,NER_Control,Unassigned,124.0,7.284047603607178,297.6861877441406,-0.0013941385550424457,Tree Cover / Dense Forest,Mountain Litho-Soil Complex,Valley Floor / Terrace,Neutral Planar Drainage,881.8245965549731,0.0,60050.55,0
SMP_001328,26.35969886148836,92.32015725955341,NER_Control,Unassigned,56.0,0.3093360662460327,180.0,0.00034978846088051796,Tree Cover / Dense Forest,Calcisols,Valley Floor / Terrace,Neutral Planar Drainage,257.3340664599784,0.0,29268.73,0
SMP_001329,27.57380611496633,95.34588053756514,NER_Control,Unassigned,117.0,0.3093360662460327,180.0,0.0009175851009786129,Tree Cover / Dense Forest,Calcisols,Valley Floor / Terrace,Neutral Planar Drainage,1017.4665742177325,0.0,16882.32,0
SMP_001330,24.24561790709143,93.13240249740959,NER_Control,Unassigned,733.0,37.363040924072266,325.82342529296875,-0.0008161730947904289,Tree Cover / Dense Forest,Kastanozems,Steep Mountain Ridge,Neutral Planar Drainage,865.9782035687575,0.0,56477.31,0
SMP_001331,26.38031818557438,90.12329403552538,NER_Control,Unassigned,43.0,1.6503560543060303,124.20515441894531,0.00011659615120152012,Tree Cover / Dense Forest,Calcisols,Valley Floor / Terrace,Neutral Planar Drainage,994.4586784337606,0.0,26727.24,0
SMP_001332,26.36194264467569,92.37034150840496,NER_Control,Unassigned,55.0,0.7065478563308716,151.11495971679688,0.0006590397679246962,Tree Cover / Dense Forest,Calcisols,Valley Floor / Terrace,Neutral Planar Drainage,515.1216217894843,0.0,27847.45,0
SMP_001333,26.405966764405726,92.85591952364123,NER_Control,Unassigned,75.0,0.7065478563308716,208.88504028320312,-0.0011254244018346071,Tree Cover / Dense Forest,Calcisols,Valley Floor / Terrace,Neutral Planar Drainage,1245.3512071181633,0.0,25369.99,0
SMP_001334,25.32104198862395,92.38290408210682,NER_Control,Unassigned,1041.0,2.4077491760253906,97.37718963623047,0.00020783930085599422,Tree Cover / Dense Forest,Calcisols,Valley Floor / Terrace,Neutral Planar Drainage,73.37443880092555,0.0,32282.72,0
SMP_001335,26.731033620297016,94.78201196752694,NER_Control,Unassigned,257.0,16.84949493408203,191.34376525878906,-0.002083546482026577,Tree Cover / Dense Forest,Lixisols,Dissected Hill Slope,Neutral Planar Drainage,508.4296345554584,0.0,45333.57,0
SMP_001336,24.633269009911167,92.77761983985509,NER_Control,Unassigned,47.0,1.2833539247512817,164.5787811279297,-0.0009429380879737437,Tree Cover / Dense Forest,Calcisols,Valley Floor / Terrace,Neutral Planar Drainage,425.49795606584837,0.0,9225.3,0
SMP_001337,25.95721540396444,90.90393729925088,NER_Control,Unassigned,60.0,1.2371639013290405,180.0,-0.00023319230240304023,Tree Cover / Dense Forest,Calcisols,Valley Floor / Terrace,Neutral Planar Drainage,881.9170194882411,0.0,31353.27,0
SMP_001338,25.836267964424724,90.7976269096174,NER_Control,Unassigned,159.0,14.896757125854492,240.85037231445312,0.001825001323595643,Tree Cover / Dense Forest,Calcisols,Dissected Hill Slope,Neutral Planar Drainage,1184.0159295710132,0.0,27692.01,0
SMP_001339,23.17938460789889,92.74679677324013,NER_Control,Unassigned,450.0,18.5,180.0,0.0,Grassland,Mountain Litho-Soil Complex,Dissected Hill Slope,Neutral Planar Drainage,684.2864779649789,0.0,36094.38,0
SMP_001340,25.789140741430664,91.52600795255645,NER_Control,Unassigned,562.0,32.91189956665039,63.227115631103516,0.0014600286958739161,Tree Cover / Dense Forest,Calcisols,Steep Mountain Ridge,Neutral Planar Drainage,442.8163337443603,0.0,18428.35,0
SMP_001341,27.421045534458035,95.11904423701856,NER_Control,Unassigned,109.0,0.0,0.0,0.00023319230240304023,Tree Cover / Dense Forest,Calcisols,Valley Floor / Terrace,Neutral Planar Drainage,631.4436962194,0.0,12077.1,0
SMP_001342,25.428073701418942,91.41894075582026,NER_Control,Unassigned,1535.0,13.44444751739502,208.25994873046875,0.004760242998600006,Tree Cover / Dense Forest,Lixisols,Dissected Hill Slope,Neutral Planar Drainage,1192.1089702142774,0.0,39827.58,0
SMP_001343,25.65867359672411,91.28309845082227,NER_Control,Unassigned,1322.0,2.5581440925598145,147.76849365234375,0.0046689994633197784,Tree Cover / Dense Forest,Lixisols,Valley Floor / Terrace,Neutral Planar Drainage,922.3140099108332,0.0,10820.64,0
SMP_001344,25.659479069035505,90.44526667239366,NER_Control,Unassigned,437.0,6.935773849487305,128.41510009765625,-0.0012877112021669745,Tree Cover / Dense Forest,Mountain Litho-Soil Complex,Valley Floor / Terrace,Neutral Planar Drainage,853.1821365654836,0.0,41342.95,0
SMP_001345,25.896446860468547,92.31433458709948,NER_Control,Unassigned,561.0,3.0977697372436523,153.8771209716797,-0.0010493653826415539,Tree Cover / Dense Forest,Mountain Litho-Soil Complex,Valley Floor / Terrace,Neutral Planar Drainage,1041.4471600471556,0.0,5649.73,0
SMP_001346,24.712134317647998,93.9747523824932,NER_Control,Unassigned,787.0,8.011686325073242,216.337646484375,0.0030163158662617207,Tree Cover / Dense Forest,Lixisols,Valley Floor / Terrace,Neutral Planar Drainage,1176.9137059335999,0.0,48389.37,0
SMP_001347,26.147637507779198,93.83241466821468,NER_Control,Unassigned,125.0,1.6503560543060303,304.2051696777344,6.589015538338572e-05,Tree Cover / Dense Forest,Calcisols,Valley Floor / Terrace,Neutral Planar Drainage,1032.1088420932997,0.0,21913.04,0
SMP_001348,24.36828721998792,93.19220341050791,NER_Control,Unassigned,440.0,20.610042572021484,222.9320068359375,-0.0007249299087561667,Tree Cover / Dense Forest,Kastanozems,Dissected Hill Slope,Neutral Planar Drainage,1089.2182657404526,0.0,49810.04,0
SMP_001349,27.640897535740812,94.74547003189303,NER_Control,Unassigned,120.0,0.34131383895874023,90.0,-0.00037514144787564874,Tree Cover / Dense Forest,Calcisols,Valley Floor / Terrace,Neutral Planar Drainage,637.6776077367889,0.013,4835.43,0
SMP_001350,23.293598221210498,93.02012455886248,NER_Control,Unassigned,450.0,18.5,180.0,0.0,Grassland,Lixisols,Dissected Hill Slope,Neutral Planar Drainage,1239.6976479935097,0.0,5854.26,0
SMP_001351,23.74640746645466,93.03693845605167,NER_Control,Unassigned,450.0,18.5,180.0,0.0,Tree Cover / Dense Forest,Mountain Litho-Soil Complex,Dissected Hill Slope,Neutral Planar Drainage,520.9462745084984,0.0,46000.34,0
SMP_001352,25.874319673627646,93.57851044520176,NER_Control,Unassigned,207.0,5.2550435066223145,183.7135467529297,0.002276201732456684,Tree Cover / Dense Forest,Calcisols,Valley Floor / Terrace,Neutral Planar Drainage,1185.088511180062,0.064,2469.35,0
SMP_001353,26.26489318736852,92.26571286283523,NER_Control,Unassigned,58.0,0.34131383895874023,90.0,-0.0006590397679246962,Tree Cover / Dense Forest,Calcisols,Valley Floor / Terrace,Neutral Planar Drainage,191.1051893220056,0.0,22874.99,0
SMP_001354,26.75854532966074,90.81971163711913,NER_Control,Unassigned,240.0,2.0470359325408936,270.0,5.070600673207082e-05,Tree Cover / Dense Forest,Kastanozems,Valley Floor / Terrace,Neutral Planar Drainage,895.987018502616,0.0,47219.1,0
SMP_001355,27.284033607683504,94.5528543256353,NER_Control,Unassigned,96.0,0.6826034784317017,90.0,-0.00046638460480608046,Tree Cover / Dense Forest,Calcisols,Valley Floor / Terrace,Neutral Planar Drainage,1247.0730332561157,0.0,44571.32,0
SMP_001356,25.27098752471081,93.96756487048435,NER_Control,Unassigned,1734.0,30.242794036865234,101.21375274658203,0.00833933986723423,Tree Cover / Dense Forest,Lixisols,Steep Mountain Ridge,Neutral Planar Drainage,1191.8677604530424,0.0,14097.45,0
SMP_001357,22.768571247526356,92.81752916346655,NER_Control,Unassigned,450.0,18.5,180.0,0.0,Tree Cover / Dense Forest,Kastanozems,Dissected Hill Slope,Neutral Planar Drainage,908.775655477211,0.0,67427.05,0
SMP_001358,25.38237750348674,90.15665476805407,NER_Control,Unassigned,146.0,12.401529312133789,257.233642578125,-0.0013332637026906013,Tree Cover / Dense Forest,Mountain Litho-Soil Complex,Dissected Hill Slope,Neutral Planar Drainage,251.97057211095856,0.0,82083.32,0
SMP_001359,26.235858529240865,91.48835917368561,NER_Control,Unassigned,46.0,0.46062934398651123,227.81373596191406,0.0010088281705975533,Tree Cover / Dense Forest,Calcisols,Valley Floor / Terrace,Neutral Planar Drainage,468.2189820802926,0.0,19719.59,0
SMP_001360,25.991573525840796,95.0145499544721,NER_Control,Unassigned,1444.0,28.540027618408203,186.92022705078125,-0.0016425149515271187,Tree Cover / Dense Forest,Lixisols,Steep Mountain Ridge,Neutral Planar Drainage,1096.9603453097436,0.0,28636.4,0
SMP_001361,27.653414345587855,94.89135179476499,NER_Control,Unassigned,108.0,0.0,0.0,0.0005170906079001725,Tree Cover / Dense Forest,Calcisols,Valley Floor / Terrace,Neutral Planar Drainage,859.0563417288153,0.0,18609.06,0
SMP_001362,24.01248365310152,91.85799580683288,NER_Control,Unassigned,98.0,2.963736057281494,339.8068542480469,-0.0011102402349933982,Tree Cover / Dense Forest,Mountain Litho-Soil Complex,Valley Floor / Terrace,Neutral Planar Drainage,1103.5484387686004,0.0,88683.72,0
SMP_001363,26.672798554069466,93.74453988150874,NER_Control,Unassigned,82.0,0.3093360662460327,0.0,-0.0009175851009786129,Tree Cover / Dense Forest,Calcisols,Valley Floor / Terrace,Neutral Planar Drainage,131.1689881174264,0.0,13612.17,0
SMP_001364,25.75303885028568,94.10936537875304,NER_Control,Unassigned,1272.0,5.029781341552734,137.40203857421875,-0.0016830521635711193,Tree Cover / Dense Forest,Lixisols,Valley Floor / Terrace,Neutral Planar Drainage,912.5735315330577,0.0,42146.55,0
SMP_001365,25.561224824561656,91.0411052380661,NER_Control,Unassigned,953.0,10.324926376342773,152.755615234375,0.00020282402692828327,Tree Cover / Dense Forest,Mountain Litho-Soil Complex,Valley Floor / Terrace,Neutral Planar Drainage,1137.3022099673244,0.0,27056.91,0
SMP_001366,25.85149471766315,94.48342467412004,NER_Control,Unassigned,1434.0,25.927528381347656,97.01660919189453,0.000572811986785382,Tree Cover / Dense Forest,Lixisols,Steep Mountain Ridge,Neutral Planar Drainage,496.5330086121842,0.0,39881.51,0
SMP_001367,22.30519610869456,92.969235547408,NER_Control,Unassigned,450.0,18.5,180.0,0.0,Tree Cover / Dense Forest,Kastanozems,Dissected Hill Slope,Neutral Planar Drainage,63.40753618676836,0.0,114665.94,0
SMP_001368,27.436955541130633,95.56626182507571,NER_Control,Unassigned,147.0,1.2371639013290405,0.0,0.0009834752418100834,Tree Cover / Dense Forest,Calcisols,Valley Floor / Terrace,Neutral Planar Drainage,1111.2579482314939,0.0,32342.55,0
SMP_001369,27.347390919934256,95.69993619600854,NER_Control,Unassigned,144.0,1.2833539247512817,344.5787658691406,0.0008415260817855597,Tree Cover / Dense Forest,Calcisols,Valley Floor / Terrace,Neutral Planar Drainage,1249.820161414668,0.0,46990.03,0
SMP_001370,24.348515100132143,93.21904928373023,NER_Control,Unassigned,352.0,15.938484191894531,113.39118194580078,-0.0007350987871177495,Tree Cover / Dense Forest,Calcisols,Dissected Hill Slope,Neutral Planar Drainage,190.32240165512232,0.0,52753.58,0
SMP_001371,26.636730193686326,94.95488960502361,NER_Control,Unassigned,496.0,6.151053428649902,275.7503356933594,-0.0005170906079001725,Tree Cover / Dense Forest,Mountain Litho-Soil Complex,Valley Floor / Terrace,Neutral Planar Drainage,514.5936603469049,0.0,59144.98,0
SMP_001372,25.76575267907345,91.21989820096486,NER_Control,Unassigned,804.0,6.84692907333374,43.99308776855469,0.002686865162104368,Tree Cover / Dense Forest,Mountain Litho-Soil Complex,Valley Floor / Terrace,Neutral Planar Drainage,592.7058910563567,0.038,2877.23,0
SMP_001373,24.685436144220596,94.47011816038237,NER_Control,Unassigned,574.0,29.296119689941406,49.856727600097656,0.006676625460386276,Tree Cover / Dense Forest,Calcisols,Steep Mountain Ridge,Neutral Planar Drainage,866.394677665774,0.0,73897.45,0
SMP_001374,24.014998372851654,92.83293674763287,NER_Control,Unassigned,166.0,7.070796489715576,163.25234985351562,-0.0026564968284219503,Tree Cover / Dense Forest,Mountain Litho-Soil Complex,Valley Floor / Terrace,Neutral Planar Drainage,1213.3610171060739,0.0,63309.05,0
SMP_001375,26.93552590116164,92.64672568786465,NER_Control,Unassigned,114.0,0.6186540722846985,0.0,-0.00028389832004904747,Tree Cover / Dense Forest,Vertisols (Swelling Clay),Valley Floor / Terrace,Neutral Planar Drainage,1171.7559281742376,0.051,3961.67,0
SMP_001376,26.347185605836874,91.94694528016424,NER_Control,Unassigned,57.0,0.34131383895874023,270.0,-0.0009429380879737437,Tree Cover / Dense Forest,Vertisols (Swelling Clay),Valley Floor / Terrace,Neutral Planar Drainage,1107.0319448216737,0.0,10545.14,0
SMP_001377,26.361866412324176,93.55026507768767,NER_Control,Unassigned,460.0,16.98611068725586,116.22294616699219,0.0038173047360032797,Tree Cover / Dense Forest,Mountain Litho-Soil Complex,Dissected Hill Slope,Neutral Planar Drainage,506.6754229052938,0.0,18544.27,0
SMP_001378,24.450968200521014,93.5616815172006,NER_Control,Unassigned,850.0,16.333894729614258,174.16664123535156,-0.002494209911674261,Tree Cover / Dense Forest,Lixisols,Dissected Hill Slope,Neutral Planar Drainage,1017.4645892606629,0.0,63765.47,0
SMP_001379,24.220369415911794,93.91638405440858,NER_Control,Unassigned,1123.0,10.80201244354248,64.88375854492188,-0.003513206960633397,Tree Cover / Dense Forest,Kastanozems,Valley Floor / Terrace,Neutral Planar Drainage,206.74401762972195,0.0,102992.4,0
SMP_001380,24.245828077672623,92.63174926254477,NER_Control,Unassigned,84.0,7.653228759765625,232.93783569335938,-0.0007654670625925064,Tree Cover / Dense Forest,Calcisols,Valley Floor / Terrace,Neutral Planar Drainage,847.3069772521877,0.0,37052.71,0
SMP_001381,25.755786542715,91.32492646935161,NER_Control,Unassigned,570.0,22.01368522644043,242.13551330566406,0.0005322747747413814,Tree Cover / Dense Forest,Calcisols,Dissected Hill Slope,Neutral Planar Drainage,653.8647806470005,0.0,7278.13,0
SMP_001382,26.545287577335177,90.57472082435933,NER_Control,Unassigned,62.0,0.3093360662460327,0.0,-0.0006336867809295654,Tree Cover / Dense Forest,Vertisols (Swelling Clay),Valley Floor / Terrace,Neutral Planar Drainage,190.12107287082426,0.0,17951.52,0
SMP_001383,26.151774900914294,91.22446569248258,NER_Control,Unassigned,39.0,0.3093360662460327,0.0,0.0010493653826415539,Tree Cover / Dense Forest,Fluvisols (Alluvial Floodplain),Valley Floor / Terrace,Neutral Planar Drainage,1226.4612468650164,0.0,9715.59,0
SMP_001384,26.107074877158574,91.81140906918412,NER_Control,Unassigned,66.0,3.8616299629211426,256.1162109375,0.0011609462089836597,Tree Cover / Dense Forest,Calcisols,Valley Floor / Terrace,Neutral Planar Drainage,102.77407274931267,0.102,2220.58,0
SMP_001385,26.655336737851666,94.8551708362463,NER_Control,Unassigned,1149.0,17.035085678100586,49.31005096435547,-0.0004410315887071192,Tree Cover / Dense Forest,Calcisols,Dissected Hill Slope,Neutral Planar Drainage,1243.048081110195,0.0,49914.95,0
SMP_001386,26.065719668978897,91.65365826465322,NER_Control,Unassigned,155.0,9.373103141784668,207.97975158691406,0.0013738007983192801,Tree Cover / Dense Forest,Mountain Litho-Soil Complex,Valley Floor / Terrace,Neutral Planar Drainage,1026.0536384364202,0.0,5421.85,0
SMP_001387,26.239890754628586,91.0163565492883,NER_Control,Unassigned,44.0,0.3093360662460327,180.0,-0.00040049446397460997,Tree Cover / Dense Forest,Calcisols,Valley Floor / Terrace,Neutral Planar Drainage,876.0180839443277,0.0,13512.03,0
SMP_001388,26.79035965617245,91.56513446098677,NER_Control,Unassigned,141.0,1.2833539247512817,195.4212188720703,-0.00042584745096974075,Tree Cover / Dense Forest,Vertisols (Swelling Clay),Valley Floor / Terrace,Neutral Planar Drainage,861.4183951971183,0.0,53995.75,0
SMP_001389,25.181166698045736,93.48183663769024,NER_Control,Unassigned,1149.0,9.831337928771973,49.13652420043945,-0.001150777330622077,Tree Cover / Dense Forest,Lixisols,Valley Floor / Terrace,Neutral Planar Drainage,1239.8496863931646,0.0,11741.32,0
SMP_001390,26.964884355941386,93.77234772153126,NER_Control,Unassigned,87.0,1.0695353746414185,106.80970001220703,-0.0004917376209050417,Tree Cover / Dense Forest,Calcisols,Valley Floor / Terrace,Neutral Planar Drainage,1061.0203380008386,0.0,31704.81,0
SMP_001391,24.661104709550663,93.86482458749921,NER_Control,Unassigned,771.0,0.7494118809700012,65.62215423583984,0.001150777330622077,Tree Cover / Dense Forest,Ferralsols (Iron-Rich Tropical),Valley Floor / Terrace,Neutral Planar Drainage,97.70196351557463,0.0,54512.9,0
SMP_001392,26.567636072956176,90.44555854552267,NER_Control,Unassigned,70.0,1.706084966659546,270.0,-0.00042584745096974075,Tree Cover / Dense Forest,Calcisols,Valley Floor / Terrace,Neutral Planar Drainage,1074.8948312915018,0.0,19609.39,0
SMP_001393,26.810593612490162,94.35478328710704,NER_Control,Unassigned,97.0,0.9211992025375366,132.18626403808594,-0.0008009889279492199,Tree Cover / Dense Forest,Calcisols,Valley Floor / Terrace,Neutral Planar Drainage,1199.9034282030361,0.0,23421.76,0
SMP_001394,26.382106456807882,94.22325249466157,NER_Control,Unassigned,259.0,4.138541221618652,312.1862487792969,0.00475021218881011,Tree Cover / Dense Forest,Calcisols,Valley Floor / Terrace,Neutral Planar Drainage,847.7217026160072,0.0,22839.51,0
SMP_001395,26.377999753939164,94.27811685551818,NER_Control,Unassigned,267.0,16.15017318725586,329.05047607421875,0.0022103115916252136,Tree Cover / Dense Forest,Calcisols,Dissected Hill Slope,Neutral Planar Drainage,1139.2821055203876,0.0,20202.79,0
SMP_001396,25.970253328119334,90.01849386917094,NER_Control,Unassigned,29.0,0.34131383895874023,270.0,-0.00042584745096974075,Tree Cover / Dense Forest,Calcisols,Valley Floor / Terrace,Neutral Planar Drainage,1103.671205207264,0.0,37689.76,0
SMP_001397,25.36974286163914,92.62787189689907,NER_Control,Unassigned,945.0,13.248880386352539,65.62215423583984,-0.00023319230240304023,Tree Cover / Dense Forest,Lixisols,Dissected Hill Slope,Neutral Planar Drainage,1238.5556431151922,0.0,16001.55,0
SMP_001398,25.03214642640108,92.58673842258625,NER_Control,Unassigned,540.0,23.0024471282959,309.48565673828125,0.0047754268161952496,Tree Cover / Dense Forest,Mountain Litho-Soil Complex,Dissected Hill Slope,Neutral Planar Drainage,761.5253538118832,0.013,4873.27,0
SMP_001399,26.708309929374792,93.32058800017624,NER_Control,Unassigned,63.0,0.0,0.0,0.0,Tree Cover / Dense Forest,Fluvisols (Alluvial Floodplain),Valley Floor / Terrace,Neutral Planar Drainage,601.1923904573936,0.0,19741.8,0
SMP_001400,26.184637198628398,94.82295179629233,NER_Control,Unassigned,1732.0,17.924253463745117,59.950862884521484,0.009287431836128235,Tree Cover / Dense Forest,Calcisols,Dissected Hill Slope,Neutral Planar Drainage,1248.266534655443,0.0,10409.67,0
SMP_001401,23.54222130400486,92.807891883358,NER_Control,Unassigned,450.0,18.5,180.0,0.0,Tree Cover / Dense Forest,Mountain Litho-Soil Complex,Dissected Hill Slope,Neutral Planar Drainage,1154.5412318554195,0.0,34513.25,0
SMP_001402,22.306081384403072,92.99435957795556,NER_Control,Unassigned,450.0,18.5,180.0,0.0,Tree Cover / Dense Forest,Mountain Litho-Soil Complex,Dissected Hill Slope,Neutral Planar Drainage,142.73272443371212,0.0,114392.27,0
SMP_001403,24.94680952263397,93.83803572565748,NER_Control,Unassigned,890.0,6.988236427307129,118.98008728027344,0.00040049446397460997,Tree Cover / Dense Forest,Mountain Litho-Soil Complex,Valley Floor / Terrace,Neutral Planar Drainage,354.30281936680313,0.0,24538.26,0
SMP_001404,24.11337530748303,92.94268806989037,NER_Control,Unassigned,530.0,37.364627838134766,18.65471839904785,0.004329380113631487,Tree Cover / Dense Forest,Kastanozems,Steep Mountain Ridge,Neutral Planar Drainage,1233.6686758304966,0.0,56415.63,0
SMP_001405,26.25621093275921,93.71397874469271,NER_Control,Unassigned,492.0,18.45088768005371,270.92718505859375,-0.0017793106380850077,Tree Cover / Dense Forest,Calcisols,Dissected Hill Slope,Neutral Planar Drainage,868.287047103034,0.0,10279.3,0
SMP_001406,26.521018786814317,94.66260596108408,NER_Control,Unassigned,615.0,24.368206024169922,158.3922576904297,-0.0015816400991752744,Tree Cover / Dense Forest,Calcisols,Dissected Hill Slope,Neutral Planar Drainage,725.270471564309,0.0,29186.52,0
SMP_001407,25.055307988479804,93.1098120696538,NER_Control,Unassigned,461.0,29.616464614868164,210.19947814941406,0.004172246903181076,Tree Cover / Dense Forest,Calcisols,Steep Mountain Ridge,Neutral Planar Drainage,1242.660430065926,0.0,7977.31,0
SMP_001408,23.18107470016391,92.8711411244423,NER_Control,Unassigned,450.0,18.5,180.0,0.0,Tree Cover / Dense Forest,Mountain Litho-Soil Complex,Dissected Hill Slope,Neutral Planar Drainage,503.9035795823962,0.0,25498.92,0
SMP_001409,22.584025280100697,92.9545460630544,NER_Control,Unassigned,450.0,18.5,180.0,0.0,Tree Cover / Dense Forest,Kastanozems,Dissected Hill Slope,Neutral Planar Drainage,520.1630105560735,0.0,83970.56,0
SMP_001410,22.824027140925352,92.77824374286031,NER_Control,Unassigned,450.0,18.5,180.0,0.0,Tree Cover / Dense Forest,Calcisols,Dissected Hill Slope,Neutral Planar Drainage,1249.2374733856625,0.0,63433.01,0
SMP_001411,25.77152237394294,92.65403524520617,NER_Control,Unassigned,537.0,13.519765853881836,57.391056060791016,-0.001470197574235499,Tree Cover / Dense Forest,Mountain Litho-Soil Complex,Dissected Hill Slope,Neutral Planar Drainage,1088.668368972886,0.0,8108.22,0
SMP_001412,26.12727225480419,94.88469806908755,NER_Control,Unassigned,1376.0,29.379308700561523,216.337646484375,-0.005160875618457794,Tree Cover / Dense Forest,Lixisols,Steep Mountain Ridge,Neutral Planar Drainage,1107.1378841801368,0.0,12597.15,0
SMP_001413,26.129262948075844,90.57998187789433,NER_Control,Unassigned,48.0,0.7065478563308716,208.88504028320312,-0.0003244354447815567,Tree Cover / Dense Forest,Calcisols,Valley Floor / Terrace,Neutral Planar Drainage,973.9631154906002,0.0,7991.07,0
SMP_001414,25.134136497484405,93.88647452388237,NER_Control,Unassigned,2473.0,19.550121307373047,53.63299560546875,-0.008400076068937778,Tree Cover / Dense Forest,Lixisols,Dissected Hill Slope,Neutral Planar Drainage,216.88952562882253,0.0,5767.09,0
SMP_001415,25.33542041533146,93.99092928175047,NER_Control,Unassigned,1351.0,20.5844669342041,7.290130615234375,0.0022660328540951014,Tree Cover / Dense Forest,Lixisols,Dissected Hill Slope,Neutral Planar Drainage,1236.0853756094107,0.0,21592.91,0
SMP_001416,23.144160541565864,92.38581017524852,NER_Control,Unassigned,450.0,18.5,180.0,0.0,Tree Cover / Dense Forest,Calcisols,Dissected Hill Slope,Neutral Planar Drainage,1017.4617351940882,0.0,71818.17,0
SMP_001417,24.390271789358092,93.00146754519346,NER_Control,Unassigned,249.0,20.831863403320312,247.47372436523438,-0.006098660174757242,Tree Cover / Dense Forest,Calcisols,Dissected Hill Slope,Neutral Planar Drainage,1145.9431454349465,0.0,36164.05,0
SMP_001418,25.54732182158987,91.50824689494418,NER_Control,Unassigned,1613.0,12.811112403869629,264.5504150390625,0.00270720268599689,Tree Cover / Dense Forest,Calcisols,Dissected Hill Slope,Neutral Planar Drainage,744.656301465324,0.0,34723.91,0
SMP_001419,26.011063525914164,91.25303160712322,NER_Control,Unassigned,45.0,0.7494118809700012,114.37784576416016,0.0009175851009786129,Tree Cover / Dense Forest,Calcisols,Valley Floor / Terrace,Neutral Planar Drainage,208.37408764891114,0.0,7305.5,0
SMP_001420,25.458828957331544,91.34009932511847,NER_Control,Unassigned,1477.0,9.530475616455078,112.69935607910156,-0.0013180795358493924,Tree Cover / Dense Forest,Mountain Litho-Soil Complex,Valley Floor / Terrace,Neutral Planar Drainage,1165.3076841723732,0.0,33376.02,0
SMP_001421,24.379343048872457,93.97319047185272,NER_Control,Unassigned,1206.0,32.13088607788086,152.30465698242188,-0.001475212862715125,Tree Cover / Dense Forest,Mountain Litho-Soil Complex,Steep Mountain Ridge,Neutral Planar Drainage,120.04700166582289,0.0,85339.9,0
SMP_001422,23.116902404096933,93.19979210259717,NER_Control,Unassigned,450.0,18.5,180.0,0.0,Tree Cover / Dense Forest,Mountain Litho-Soil Complex,Dissected Hill Slope,Neutral Planar Drainage,648.2884656374262,0.0,28077.81,0
SMP_001423,25.95810787669695,92.57866329736326,NER_Control,Unassigned,73.0,1.151889681816101,216.337646484375,-0.000684392754919827,Tree Cover / Dense Forest,Mountain Litho-Soil Complex,Valley Floor / Terrace,Neutral Planar Drainage,955.6865061312573,0.051,1636.88,0
SMP_001424,26.03135914171822,93.42544162193408,NER_Control,Unassigned,343.0,5.904417991638184,27.43999481201172,-0.000785804761108011,Tree Cover / Dense Forest,Calcisols,Valley Floor / Terrace,Neutral Planar Drainage,1186.6430598541915,0.025,3335.91,0
SMP_001425,25.845652554768467,93.03851973549946,NER_Control,Unassigned,118.0,1.841922402381897,47.81373977661133,0.001368785509839654,Tree Cover / Dense Forest,Calcisols,Valley Floor / Terrace,Neutral Planar Drainage,1036.799152817105,0.0,7701.86,0
SMP_001426,25.849734779522848,92.35826115843092,NER_Control,Unassigned,664.0,5.009728908538818,107.93579864501953,-0.0035537441726773977,Tree Cover / Dense Forest,Lixisols,Valley Floor / Terrace,Neutral Planar Drainage,684.6515197599233,0.0,12001.62,0
SMP_001427,24.043500174523743,91.83484948534849,NER_Control,Unassigned,51.0,0.46062934398651123,312.1862487792969,-0.00020783930085599422,Tree Cover / Dense Forest,Mountain Litho-Soil Complex,Valley Floor / Terrace,Neutral Planar Drainage,1079.7689993488852,0.0,86918.3,0
SMP_001428,27.17338154577582,95.45364615244951,NER_Control,Unassigned,180.0,0.6186540722846985,180.0,0.0,Tree Cover / Dense Forest,Calcisols,Valley Floor / Terrace,Neutral Planar Drainage,216.84662767636718,0.0,37620.3,0
SMP_001429,22.075196645292863,92.62397637006309,NER_Control,Unassigned,450.0,18.5,180.0,0.0,Tree Cover / Dense Forest,Mountain Litho-Soil Complex,Dissected Hill Slope,Neutral Planar Drainage,1072.511377814828,0.0,146791.91,0
SMP_001430,25.892601074232424,93.37786788071801,NER_Control,Unassigned,193.0,1.0695353746414185,73.19029998779297,-2.535300336603541e-05,Tree Cover / Dense Forest,Calcisols,Valley Floor / Terrace,Neutral Planar Drainage,715.3988499203932,0.0,8053.26,0
SMP_001431,24.226967477552364,94.09111002687989,NER_Control,Unassigned,1186.0,33.869895935058594,129.4533233642578,0.004709536675363779,Tree Cover / Dense Forest,Calcisols,Steep Mountain Ridge,Neutral Planar Drainage,655.409395528011,0.0,103327.37,0
SMP_001432,23.66269327806188,91.42521728441177,NER_Control,Unassigned,450.0,18.5,180.0,0.0,Cropland / Agriculture,Ferralsols (Iron-Rich Tropical),Dissected Hill Slope,Neutral Planar Drainage,776.2806722055905,0.0,145455.48,0
SMP_001433,26.645889051370585,92.61281619607522,NER_Control,Unassigned,66.0,0.46062934398651123,312.1862487792969,-0.00025854530395008624,Tree Cover / Dense Forest,Vertisols (Swelling Clay),Valley Floor / Terrace,Neutral Planar Drainage,644.5213253909599,0.0,33348.0,0
SMP_001434,26.015984977231387,92.59996064862332,NER_Control,Unassigned,79.0,1.841922402381897,132.18626403808594,-0.0009834752418100834,Tree Cover / Dense Forest,Calcisols,Valley Floor / Terrace,Neutral Planar Drainage,472.4826115708099,0.0,5635.3,0
SMP_001435,23.748337646433463,93.34645528960041,NER_Control,Unassigned,450.0,18.5,180.0,0.0,Tree Cover / Dense Forest,Mountain Litho-Soil Complex,Dissected Hill Slope,Neutral Planar Drainage,300.4822141665973,0.0,54737.7,0
SMP_001436,27.16625073926847,94.1199037096598,NER_Control,Unassigned,86.0,0.7065478563308716,151.11495971679688,-0.00014194916002452374,Tree Cover / Dense Forest,Calcisols,Valley Floor / Terrace,Neutral Planar Drainage,953.5700225618893,0.0,66640.67,0
SMP_001437,26.339260906231285,94.57371775572811,NER_Control,Unassigned,946.0,12.193434715270996,136.43304443359375,-0.0010798719013109803,Tree Cover / Dense Forest,Lixisols,Dissected Hill Slope,Neutral Planar Drainage,1196.634258629267,0.0,30160.16,0
SMP_001438,26.82000548095567,92.95844522563245,NER_Control,Unassigned,83.0,1.4985674619674683,294.3778381347656,-0.00023319230240304023,Tree Cover / Dense Forest,Calcisols,Valley Floor / Terrace,Neutral Planar Drainage,1004.4151227168783,0.0,21462.94,0
SMP_001439,26.54227337192539,91.60190338499768,NER_Control,Unassigned,64.0,1.690147876739502,156.18568420410156,0.00040049446397460997,Tree Cover / Dense Forest,Calcisols,Valley Floor / Terrace,Neutral Planar Drainage,537.6191930476722,0.0,30599.89,0
SMP_001440,26.758577891905926,92.84063036983058,NER_Control,Unassigned,73.0,0.0,0.0,0.0,Tree Cover / Dense Forest,Calcisols,Valley Floor / Terrace,Neutral Planar Drainage,893.2112905311235,0.0,18940.74,0
SMP_001441,26.861998790869755,94.4798654339682,NER_Control,Unassigned,95.0,0.7494118809700012,245.62216186523438,0.00034978846088051796,Tree Cover / Dense Forest,Calcisols,Valley Floor / Terrace,Neutral Planar Drainage,215.26537660677286,0.0,31860.05,0
SMP_001442,27.125374526287185,94.00806581014908,NER_Control,Unassigned,87.0,0.46062934398651123,312.1862487792969,0.00025854530395008624,Tree Cover / Dense Forest,Calcisols,Valley Floor / Terrace,Neutral Planar Drainage,1218.9976914573722,0.0,58346.95,0
SMP_001443,25.87422021603117,93.77282876422015,NER_Control,Unassigned,168.0,2.302849054336548,143.662353515625,-0.0005170906079001725,Tree Cover / Dense Forest,Lixisols,Valley Floor / Terrace,Neutral Planar Drainage,1188.9044417451778,0.0,7695.04,0
SMP_001444,26.18063336203325,90.21958387301325,NER_Control,Unassigned,35.0,0.3093360662460327,0.0,-0.0006336867809295654,Tree Cover / Dense Forest,Calcisols,Valley Floor / Terrace,Neutral Planar Drainage,1128.3660634709,0.0,8059.12,0
SMP_001445,25.509731111903285,91.06513224613232,NER_Control,Unassigned,956.0,11.291461944580078,72.69593048095703,-0.004466175567358732,Tree Cover / Dense Forest,Calcisols,Valley Floor / Terrace,Neutral Planar Drainage,50.14822950009646,0.0,30170.85,0
SMP_001446,24.957316704603077,92.68426081212847,NER_Control,Unassigned,33.0,4.825331211090088,163.6043243408203,0.00043086279765702784,Tree Cover / Dense Forest,Calcisols,Valley Floor / Terrace,Neutral Planar Drainage,1208.520847572034,0.153,1614.49,0
SMP_001447,23.559136011500996,92.3975122333822,NER_Control,Unassigned,450.0,18.5,180.0,0.0,Tree Cover / Dense Forest,Mountain Litho-Soil Complex,Dissected Hill Slope,Neutral Planar Drainage,382.6519497453731,0.0,71906.32,0
SMP_001448,27.492393341891383,95.84131553172445,NER_Control,Unassigned,155.0,0.7065478563308716,151.11495971679688,0.0005576277617365122,Tree Cover / Dense Forest,Calcisols,Valley Floor / Terrace,Neutral Planar Drainage,456.6967506993756,0.0,59584.36,0
SMP_001449,26.91610353525595,93.35226453988348,NER_Control,Unassigned,130.0,0.7494118809700012,294.3778381347656,-0.00040049446397460997,Tree Cover / Dense Forest,Calcisols,Valley Floor / Terrace,Neutral Planar Drainage,854.3044517951946,0.0,9749.84,0
SMP_001450,25.178344842230842,93.80315720931802,NER_Control,Unassigned,951.0,10.312594413757324,213.81845092773438,-0.006468786392360926,Tree Cover / Dense Forest,Lixisols,Valley Floor / Terrace,Neutral Planar Drainage,1236.1592485709286,0.0,14436.87,0
SMP_001451,23.156888130607843,92.4207752690108,NER_Control,Unassigned,450.0,18.5,180.0,0.0,Tree Cover / Dense Forest,Mountain Litho-Soil Complex,Dissected Hill Slope,Neutral Planar Drainage,444.554016367803,0.0,67985.64,0
SMP_001452,26.899602268159246,93.50289383564777,NER_Control,Unassigned,91.0,0.7065478563308716,28.88503646850586,0.00014194916002452374,Tree Cover / Dense Forest,Calcisols,Valley Floor / Terrace,Neutral Planar Drainage,874.0187607777092,0.0,7464.08,0
SMP_001453,26.683941970265167,94.60846536930654,NER_Control,Unassigned,259.0,6.608574390411377,191.86895751953125,-0.0015360877150669694,Tree Cover / Dense Forest,Calcisols,Valley Floor / Terrace,Neutral Planar Drainage,1160.4547389939758,0.0,27331.77,0
SMP_001454,25.36882008581279,92.80728074295142,NER_Control,Unassigned,1005.0,7.206364154815674,169.137451171875,-6.589015538338572e-05,Tree Cover / Dense Forest,Lixisols,Valley Floor / Terrace,Neutral Planar Drainage,1248.733888029634,0.038,1608.57,0
SMP_001455,24.159583122885756,93.06881256239934,NER_Control,Unassigned,867.0,16.17258071899414,74.89234924316406,-0.0015411030035465956,Tree Cover / Dense Forest,Kastanozems,Dissected Hill Slope,Neutral Planar Drainage,138.19442200448316,0.0,58837.7,0
SMP_001456,24.0887098367831,92.08291987310241,NER_Control,Unassigned,129.0,8.494488716125488,286.8096923828125,0.0019669504836201668,Tree Cover / Dense Forest,Mountain Litho-Soil Complex,Valley Floor / Terrace,Neutral Planar Drainage,850.7635211478336,0.0,71791.12,0
SMP_001457,22.48061603893664,92.74745600277035,NER_Control,Unassigned,450.0,18.5,180.0,0.0,Tree Cover / Dense Forest,Calcisols,Dissected Hill Slope,Neutral Planar Drainage,1212.0807820231478,0.0,99991.1,0
SMP_001458,26.334217125533502,90.55418801070103,NER_Control,Unassigned,224.0,17.869768142700195,86.15927124023438,0.005941526964306831,Tree Cover / Dense Forest,Calcisols,Dissected Hill Slope,Neutral Planar Drainage,882.8335325436332,0.013,4366.77,0
SMP_001459,22.937267377296156,92.82713932518523,NER_Control,Unassigned,450.0,18.5,180.0,0.0,Tree Cover / Dense Forest,Mountain Litho-Soil Complex,Dissected Hill Slope,Neutral Planar Drainage,477.33080933587564,0.0,49948.97,0
SMP_001460,27.23059615002728,94.77639475750769,NER_Control,Unassigned,100.0,0.6826034784317017,270.0,0.00023319230240304023,Tree Cover / Dense Forest,Calcisols,Valley Floor / Terrace,Neutral Planar Drainage,824.1763985022809,0.0,48539.82,0
SMP_001461,27.325545345325683,95.4198958045288,NER_Control,Unassigned,126.0,0.6186540722846985,0.0,5.070600673207082e-05,Tree Cover / Dense Forest,Calcisols,Valley Floor / Terrace,Neutral Planar Drainage,758.0147751780466,0.0,22788.23,0
SMP_001462,26.01170201540231,93.14050338583041,NER_Control,Unassigned,107.0,0.46062934398651123,132.18626403808594,-0.00030925130704417825,Tree Cover / Dense Forest,Lixisols,Valley Floor / Terrace,Neutral Planar Drainage,132.15444579361036,0.0,21818.35,0
SMP_001463,24.298620489773274,92.62472644500596,NER_Control,Unassigned,136.0,3.377359390258789,203.81431579589844,0.0046741534024477005,Tree Cover / Dense Forest,Mountain Litho-Soil Complex,Valley Floor / Terrace,Neutral Planar Drainage,1234.6978560127982,0.0,31490.13,0
SMP_001464,23.533452456215016,92.92485633581559,NER_Control,Unassigned,450.0,18.5,180.0,0.0,Tree Cover / Dense Forest,Kastanozems,Dissected Hill Slope,Neutral Planar Drainage,395.84176478128876,0.0,26083.77,0
SMP_001465,24.97264369635569,94.3127375457691,NER_Control,Unassigned,978.0,23.382333755493164,249.53515625,-0.0005677966400980949,Tree Cover / Dense Forest,Lixisols,Dissected Hill Slope,Neutral Planar Drainage,406.67570524903715,0.0,42025.94,0
SMP_001466,22.392777681973033,92.58754200732099,NER_Control,Unassigned,450.0,18.5,180.0,0.0,Tree Cover / Dense Forest,Mountain Litho-Soil Complex,Dissected Hill Slope,Neutral Planar Drainage,802.4912284746518,0.0,115138.98,0
SMP_001467,24.542349523574664,92.40047640396052,NER_Control,Unassigned,28.0,0.6826034784317017,270.0,-0.0007502828957512975,Tree Cover / Dense Forest,Calcisols,Valley Floor / Terrace,Neutral Planar Drainage,777.2644410847012,0.0,21370.33,0
SMP_001468,22.351031709447184,93.15313504282199,NER_Control,Unassigned,450.0,18.5,180.0,0.0,Tree Cover / Dense Forest,Mountain Litho-Soil Complex,Dissected Hill Slope,Neutral Planar Drainage,1238.2588464129155,0.0,109643.0,0
SMP_001469,25.801193209100504,93.8007027457463,NER_Control,Unassigned,228.0,2.7284786701202393,270.0,0.0005170906079001725,Tree Cover / Dense Forest,Calcisols,Valley Floor / Terrace,Neutral Planar Drainage,968.5492409660519,0.0,11180.06,0
SMP_001470,26.265664052761373,92.69583126095837,NER_Control,Unassigned,65.0,0.34131383895874023,90.0,-0.0019264132715761662,Tree Cover / Dense Forest,Calcisols,Valley Floor / Terrace,Neutral Planar Drainage,282.45729992032693,0.0,12286.43,0
SMP_001471,25.987281376606457,92.25850381917927,NER_Control,Unassigned,717.0,10.234092712402344,46.5440788269043,-0.0017996482783928514,Tree Cover / Dense Forest,Mountain Litho-Soil Complex,Valley Floor / Terrace,Neutral Planar Drainage,757.9557223408893,0.038,2806.25,0
SMP_001472,24.240608251689522,93.21308825722156,NER_Control,Unassigned,405.0,16.224689483642578,259.3076171875,0.0047552273608744144,Tree Cover / Dense Forest,Kastanozems,Dissected Hill Slope,Neutral Planar Drainage,1188.28997065018,0.0,63276.12,0
SMP_001473,25.324861688965484,93.65460914709534,NER_Control,Unassigned,589.0,18.54493522644043,70.24662780761719,-0.0018908914644271135,Tree Cover / Dense Forest,Lixisols,Dissected Hill Slope,Neutral Planar Drainage,475.52434203341556,0.0,18547.49,0
SMP_001474,26.06601228686111,93.10593363792333,NER_Control,Unassigned,93.0,1.3816499710083008,312.1862487792969,0.0010088281705975533,Tree Cover / Dense Forest,Calcisols,Valley Floor / Terrace,Neutral Planar Drainage,1005.2115644462839,0.0,27628.18,0
SMP_001475,22.997501136942,92.44896089378278,NER_Control,Unassigned,450.0,18.5,180.0,0.0,Tree Cover / Dense Forest,Calcisols,Dissected Hill Slope,Neutral Planar Drainage,174.9227748107221,0.0,72587.24,0
SMP_001476,27.64070636588159,94.97974395954051,NER_Control,Unassigned,109.0,1.1961721181869507,58.85940933227539,0.00014194916002452374,Tree Cover / Dense Forest,Calcisols,Valley Floor / Terrace,Neutral Planar Drainage,657.5701163595032,0.0,27395.09,0
SMP_001477,26.695653280846784,93.70960933967943,NER_Control,Unassigned,82.0,0.9886959195137024,20.193151473999023,-0.0004917376209050417,Tree Cover / Dense Forest,Calcisols,Valley Floor / Terrace,Neutral Planar Drainage,901.0946892038963,0.0,14134.53,0
SMP_001478,25.756303298938622,94.84690847101851,NER_Control,Unassigned,1150.0,34.88057327270508,2.4488525390625,0.0010595342610031366,Tree Cover / Dense Forest,Lixisols,Steep Mountain Ridge,Neutral Planar Drainage,599.4954548642214,0.0,40278.03,0
SMP_001479,27.22575112710973,95.01288909404252,NER_Control,Unassigned,111.0,1.151889681816101,216.337646484375,0.00011659615120152012,Tree Cover / Dense Forest,Calcisols,Valley Floor / Terrace,Neutral Planar Drainage,1162.1227942670478,0.0,33710.36,0
SMP_001480,25.929080561344417,92.61456432718904,NER_Control,Unassigned,323.0,9.590662002563477,260.8069152832031,0.0027730928268283606,Tree Cover / Dense Forest,Mountain Litho-Soil Complex,Valley Floor / Terrace,Neutral Planar Drainage,1116.2280943019182,0.102,2930.22,0
SMP_001481,24.486360493316347,93.32891451304752,NER_Control,Unassigned,575.0,26.513553619384766,122.02515411376953,-7.605900464113802e-05,Tree Cover / Dense Forest,Calcisols,Steep Mountain Ridge,Neutral Planar Drainage,1216.8985945535403,0.0,44646.23,0
SMP_001482,25.505116218112413,90.52720263245357,NER_Control,Unassigned,451.0,4.0148234367370605,180.0,0.002418150892481208,Tree Cover / Dense Forest,Calcisols,Valley Floor / Terrace,Neutral Planar Drainage,584.4713302944656,0.0,56108.07,0
SMP_001483,26.571700692006882,91.85400081299153,NER_Control,Unassigned,73.0,0.0,0.0,0.00018248629930894822,Tree Cover / Dense Forest,Calcisols,Valley Floor / Terrace,Neutral Planar Drainage,744.6180865854826,0.0,21936.95,0
SMP_001484,22.581334189366387,92.66755552067069,NER_Control,Unassigned,450.0,18.5,180.0,0.0,Tree Cover / Dense Forest,Mountain Litho-Soil Complex,Dissected Hill Slope,Neutral Planar Drainage,796.7801585253164,0.0,92663.79,0
SMP_001485,25.62556463560521,92.85858951928607,NER_Control,Unassigned,193.0,9.913997650146484,242.3962860107422,-0.0009682910749688745,Tree Cover / Dense Forest,Calcisols,Valley Floor / Terrace,Neutral Planar Drainage,1048.691965816677,0.0,14022.92,0
SMP_001486,25.309452126073438,89.86205044166473,NER_Control,Unassigned,25.0,0.6186540722846985,180.0,0.00018248629930894822,Tree Cover / Dense Forest,Mountain Litho-Soil Complex,Valley Floor / Terrace,Neutral Planar Drainage,1158.8247886553077,0.0,106750.87,0
SMP_001487,26.551969221434153,93.02844734595186,NER_Control,Unassigned,332.0,9.262922286987305,260.4725646972656,0.0038274736143648624,Tree Cover / Dense Forest,Calcisols,Valley Floor / Terrace,Neutral Planar Drainage,678.380154187049,0.025,2305.27,0
SMP_001488,24.113743537280463,92.46558584385423,NER_Control,Unassigned,95.0,5.25978422164917,319.677001953125,-0.0034219638910144567,Tree Cover / Dense Forest,Calcisols,Valley Floor / Terrace,Neutral Planar Drainage,1225.6026376117316,0.0,56429.06,0
SMP_001489,23.09422112492679,93.01689095541657,NER_Control,Unassigned,450.0,18.5,180.0,0.0,Tree Cover / Dense Forest,Lixisols,Dissected Hill Slope,Neutral Planar Drainage,463.1814131718312,0.0,26898.55,0
SMP_001490,26.218586473886248,93.03181667792757,NER_Control,Unassigned,83.0,0.7065478563308716,331.1149597167969,-0.0006590397679246962,Tree Cover / Dense Forest,Calcisols,Valley Floor / Terrace,Neutral Planar Drainage,1226.1804024618432,0.0,13131.37,0
SMP_001491,23.025287078731367,92.63776648187621,NER_Control,Unassigned,450.0,18.5,180.0,0.0,Tree Cover / Dense Forest,Calcisols,Dissected Hill Slope,Neutral Planar Drainage,356.9971956229939,0.0,54924.63,0
SMP_001492,25.617953674313167,92.22922628210826,NER_Control,Unassigned,1159.0,5.740934371948242,143.662353515625,0.0016171620227396488,Tree Cover / Dense Forest,Mountain Litho-Soil Complex,Valley Floor / Terrace,Neutral Planar Drainage,1231.9960137624826,0.0,32537.62,0
SMP_001493,26.410968794494156,90.76925021136097,NER_Control,Unassigned,45.0,1.6503560543060303,124.20515441894531,-0.00040049446397460997,Tree Cover / Dense Forest,Calcisols,Valley Floor / Terrace,Neutral Planar Drainage,1048.2929106821352,0.0,17666.4,0
SMP_001494,26.085095280063964,91.9865248388484,NER_Control,Unassigned,150.0,4.849209785461426,214.17657470703125,-0.0003194201271981001,Tree Cover / Dense Forest,Calcisols,Valley Floor / Terrace,Neutral Planar Drainage,1051.6649284228583,0.051,929.27,0
SMP_001495,25.995044168807645,92.7655648419684,NER_Control,Unassigned,72.0,2.1643433570861816,180.0,0.00011659615120152012,Tree Cover / Dense Forest,Calcisols,Valley Floor / Terrace,Neutral Planar Drainage,1233.9955743961702,0.0,11614.88,0
SMP_001496,25.2517918269792,92.02909229196878,NER_Control,Unassigned,883.0,9.189677238464355,309.35150146484375,-0.0026615120004862547,Tree Cover / Dense Forest,Mountain Litho-Soil Complex,Valley Floor / Terrace,Neutral Planar Drainage,786.9822050144281,0.0,48654.58,0
SMP_001497,22.752263273523795,92.96220156782117,NER_Control,Unassigned,450.0,18.5,180.0,0.0,Grassland,Kastanozems,Dissected Hill Slope,Neutral Planar Drainage,835.1505095682767,0.0,65332.02,0
SMP_001498,25.959501531557613,91.1692651060102,NER_Control,Unassigned,53.0,1.0695353746414185,73.19029998779297,-0.00020783930085599422,Tree Cover / Dense Forest,Mountain Litho-Soil Complex,Valley Floor / Terrace,Neutral Planar Drainage,1056.2632371916175,0.0,10680.57,0
SMP_001499,25.957652516020655,93.74572470285561,NER_Control,Unassigned,154.0,2.24721097946167,114.37784576416016,-0.00016730216157156974,Tree Cover / Dense Forest,Mountain Litho-Soil Complex,Valley Floor / Terrace,Neutral Planar Drainage,918.9126859475153,0.013,1599.71,0
SMP_001500,26.193943890368455,94.4725143441598,NER_Control,Unassigned,780.0,20.360063552856445,233.38128662109375,-0.003168433904647827,Tree Cover / Dense Forest,Lixisols,Dissected Hill Slope,Neutral Planar Drainage,817.4335242128898,0.0,30174.42,0
SMP_001501,26.53636987273475,94.49510626935192,NER_Control,Unassigned,532.0,27.207778930664062,243.15512084960938,-0.007812080439180136,Tree Cover / Dense Forest,Calcisols,Steep Mountain Ridge,Neutral Planar Drainage,1065.43480620131,0.0,12452.0,0
SMP_001502,23.98199430372328,91.89076783541137,NER_Control,Unassigned,450.0,18.5,180.0,0.0,Tree Cover / Dense Forest,Mountain Litho-Soil Complex,Dissected Hill Slope,Neutral Planar Drainage,1152.183626384051,0.0,90112.28,0
SMP_001503,24.95516982852249,93.13417064440026,NER_Control,Unassigned,47.0,0.6826034784317017,90.0,-0.00028389832004904747,Tree Cover / Dense Forest,Calcisols,Valley Floor / Terrace,Neutral Planar Drainage,1115.289974275421,0.0,5032.85,0
SMP_001504,24.79129550589687,93.23274866882196,NER_Control,Unassigned,251.0,20.27923583984375,91.67460632324219,-0.007654947228729725,Tree Cover / Dense Forest,Calcisols,Dissected Hill Slope,Neutral Planar Drainage,531.5723160131253,0.0,16314.28,0
SMP_001505,26.773125046166612,90.74538741807301,NER_Control,Unassigned,276.0,0.9886959195137024,20.193151473999023,0.0007756359409540892,Tree Cover / Dense Forest,Calcisols,Valley Floor / Terrace,Neutral Planar Drainage,800.4048167756304,0.0,45719.06,0
SMP_001506,23.294958697959554,91.4554836853561,NER_Control,Unassigned,450.0,18.5,180.0,0.0,Cropland / Agriculture,Mountain Litho-Soil Complex,Dissected Hill Slope,Neutral Planar Drainage,1249.9854929569203,0.0,163690.89,0
SMP_001507,23.948131259512934,91.87305418422015,NER_Control,Unassigned,450.0,18.5,180.0,0.0,Tree Cover / Dense Forest,Mountain Litho-Soil Complex,Dissected Hill Slope,Neutral Planar Drainage,1004.3757302259686,0.0,94285.09,0
SMP_001508,26.315133251473554,91.79546718471492,NER_Control,Unassigned,54.0,1.3995990753173828,282.766357421875,-0.00034978846088051796,Tree Cover / Dense Forest,Calcisols,Valley Floor / Terrace,Neutral Planar Drainage,1141.0199958337444,0.0,8284.35,0
SMP_001509,25.353953663191778,90.91480010109527,NER_Control,Unassigned,472.0,2.3938770294189453,334.691650390625,0.0015259188367053866,Tree Cover / Dense Forest,Mountain Litho-Soil Complex,Valley Floor / Terrace,Neutral Planar Drainage,205.67385645078622,0.0,52977.34,0
SMP_001510,25.378137015073754,93.22276699044554,NER_Control,Unassigned,491.0,10.978193283081055,252.1725616455078,0.0036246497184038162,Tree Cover / Dense Forest,Calcisols,Valley Floor / Terrace,Neutral Planar Drainage,720.7833961962107,0.051,1824.56,0
SMP_001511,26.879775852596186,94.9175760704636,NER_Control,Unassigned,132.0,1.854277491569519,33.5056266784668,-0.0007756359409540892,Tree Cover / Dense Forest,Calcisols,Valley Floor / Terrace,Neutral Planar Drainage,1179.2620857483548,0.0,64377.84,0
SMP_001512,27.37023254637061,94.85329681552854,NER_Control,Unassigned,102.0,0.46062934398651123,227.81373596191406,0.0010088281705975533,Tree Cover / Dense Forest,Calcisols,Valley Floor / Terrace,Neutral Planar Drainage,819.4329457072888,0.0,35701.69,0
SMP_001513,26.172517450460575,92.54044473757708,NER_Control,Unassigned,63.0,1.2833539247512817,344.5787658691406,-0.0008922320557758212,Tree Cover / Dense Forest,Calcisols,Valley Floor / Terrace,Neutral Planar Drainage,410.4257583072371,0.0,11626.11,0
SMP_001514,27.57283940376103,94.86812897675038,NER_Control,Unassigned,108.0,0.7065478563308716,331.1149597167969,-0.00037514144787564874,Tree Cover / Dense Forest,Fluvisols (Alluvial Floodplain),Valley Floor / Terrace,Neutral Planar Drainage,1081.4728743373319,0.0,19091.43,0
SMP_001515,25.522266482308495,90.15289633727029,NER_Control,Unassigned,213.0,4.3544440269470215,218.7455291748047,-0.0024688569828867912,Tree Cover / Dense Forest,Mountain Litho-Soil Complex,Valley Floor / Terrace,Neutral Planar Drainage,1190.0665356230481,0.0,69665.5,0
SMP_001516,27.330030516852933,94.89130864610928,NER_Control,Unassigned,105.0,0.9211992025375366,47.81373977661133,0.00028389832004904747,Tree Cover / Dense Forest,Calcisols,Valley Floor / Terrace,Neutral Planar Drainage,267.8535351164694,0.0,36720.64,0
SMP_001517,26.587615473817674,93.71687177164013,NER_Control,Unassigned,101.0,1.733868956565857,280.27398681640625,0.0008263419149443507,Tree Cover / Dense Forest,Mountain Litho-Soil Complex,Valley Floor / Terrace,Neutral Planar Drainage,1042.677906423485,0.0,5555.83,0
SMP_001518,26.649199951966516,91.43146689428569,NER_Control,Unassigned,80.0,1.151889681816101,36.33765411376953,0.00034978846088051796,Tree Cover / Dense Forest,Calcisols,Valley Floor / Terrace,Neutral Planar Drainage,951.0809111493744,0.0,51290.33,0
SMP_001519,22.146447887341903,92.63751261299817,NER_Control,Unassigned,450.0,18.5,180.0,0.0,Tree Cover / Dense Forest,Mountain Litho-Soil Complex,Dissected Hill Slope,Neutral Planar Drainage,262.51168336733576,0.0,138821.91,0
SMP_001520,26.085320606853028,91.35649419278796,NER_Control,Unassigned,46.0,0.46062934398651123,132.18626403808594,-0.00025854530395008624,Tree Cover / Dense Forest,Calcisols,Valley Floor / Terrace,Neutral Planar Drainage,1066.2991729487762,0.0,16877.16,0
SMP_001521,26.67517471992699,92.47571842394615,NER_Control,Unassigned,75.0,1.854277491569519,33.5056266784668,-0.00025854530395008624,Tree Cover / Dense Forest,Calcisols,Valley Floor / Terrace,Neutral Planar Drainage,410.7055881795397,0.0,36281.22,0
SMP_001522,23.79735555850923,91.79465404485791,NER_Control,Unassigned,450.0,18.5,180.0,0.0,Tree Cover / Dense Forest,Mountain Litho-Soil Complex,Dissected Hill Slope,Neutral Planar Drainage,1249.7384438205627,0.0,112846.58,0
SMP_001523,25.981433044917395,93.01758434534602,NER_Control,Unassigned,94.0,0.7065478563308716,208.88504028320312,0.0008922320557758212,Tree Cover / Dense Forest,Lixisols,Valley Floor / Terrace,Neutral Planar Drainage,105.39627308776747,0.0,20381.18,0
SMP_001524,25.37089398343253,92.42420300453988,NER_Control,Unassigned,1112.0,5.287820816040039,7.396160125732422,0.0005322747747413814,Tree Cover / Dense Forest,Mountain Litho-Soil Complex,Valley Floor / Terrace,Neutral Planar Drainage,1211.699663882357,0.0,35959.1,0
SMP_001525,23.875832450083543,93.01875527357247,NER_Control,Unassigned,450.0,18.5,180.0,0.0,Tree Cover / Dense Forest,Kastanozems,Dissected Hill Slope,Neutral Planar Drainage,82.6020518252389,0.0,60473.84,0
SMP_001526,25.607138474624662,90.56261213155182,NER_Control,Unassigned,341.0,5.0411858558654785,191.6886444091797,0.005373591557145119,Tree Cover / Dense Forest,Calcisols,Valley Floor / Terrace,Neutral Planar Drainage,422.73209052412005,0.0,44469.73,0
SMP_001527,24.161807754184373,93.46053153561863,NER_Control,Unassigned,743.0,28.473140716552734,192.69015502929688,-0.0035892659798264503,Tree Cover / Dense Forest,Lixisols,Steep Mountain Ridge,Neutral Planar Drainage,400.06428279340787,0.0,82072.78,0
SMP_001528,27.777286544273863,95.26738652735557,NER_Control,Unassigned,121.0,0.6186540722846985,180.0,-0.0007502828957512975,Tree Cover / Dense Forest,Calcisols,Valley Floor / Terrace,Neutral Planar Drainage,688.1844199244838,0.0,35529.2,0
SMP_001529,26.102142724334886,90.4947274809615,NER_Control,Unassigned,51.0,1.5463197231292725,0.0,-0.000684392754919827,Tree Cover / Dense Forest,Mountain Litho-Soil Complex,Valley Floor / Terrace,Neutral Planar Drainage,571.1185818960677,0.0,11925.52,0
SMP_001530,26.05359585318774,93.1852206344451,NER_Control,Unassigned,99.0,0.6186540722846985,0.0,0.00028389832004904747,Tree Cover / Dense Forest,Calcisols,Valley Floor / Terrace,Neutral Planar Drainage,1046.1123028794043,0.0,22109.15,0
SMP_001531,26.25130755434707,90.30630237319983,NER_Control,Unassigned,41.0,4.574456214904785,317.9254150390625,-0.00020783930085599422,Tree Cover / Dense Forest,Calcisols,Valley Floor / Terrace,Neutral Planar Drainage,1185.2145039290763,0.0,5985.1,0
SMP_001532,23.665337094087977,93.08570079774638,NER_Control,Unassigned,450.0,18.5,180.0,0.0,Tree Cover / Dense Forest,Kastanozems,Dissected Hill Slope,Neutral Planar Drainage,1000.6660953885263,0.0,37044.13,0
SMP_001533,25.48952346194427,91.30990024704118,NER_Control,Unassigned,1500.0,5.231594562530518,65.62215423583984,0.001252189395017922,Tree Cover / Dense Forest,Lixisols,Valley Floor / Terrace,Neutral Planar Drainage,1130.488396937829,0.0,29167.48,0
SMP_001534,26.927621400593132,94.14047116075845,NER_Control,Unassigned,82.0,0.3093360662460327,180.0,0.00011659615120152012,Tree Cover / Dense Forest,Calcisols,Valley Floor / Terrace,Neutral Planar Drainage,536.2820713764875,0.0,41467.55,0
SMP_001535,25.37828921777263,91.76286119055572,NER_Control,Unassigned,1359.0,15.488391876220703,104.67196655273438,0.002174789784476161,Tree Cover / Dense Forest,Calcisols,Dissected Hill Slope,Neutral Planar Drainage,705.5619297408729,0.0,65951.35,0
SMP_001536,26.116819465548993,93.6134448225713,NER_Control,Unassigned,901.0,3.8935861587524414,135.55592346191406,0.000451200467068702,Tree Cover / Dense Forest,Calcisols,Valley Floor / Terrace,Neutral Planar Drainage,1071.5558329316905,0.0,21418.33,0
SMP_001537,24.675533577157143,94.52643635643975,NER_Control,Unassigned,523.0,15.29768180847168,233.68991088867188,-0.0023420918732881546,Tree Cover / Dense Forest,Mountain Litho-Soil Complex,Dissected Hill Slope,Neutral Planar Drainage,1233.1712070720268,0.0,78817.47,0
SMP_001538,24.12799730572485,92.59859210612181,NER_Control,Unassigned,104.0,10.779206275939941,118.82215118408203,-0.001414337893947959,Tree Cover / Dense Forest,Mountain Litho-Soil Complex,Valley Floor / Terrace,Neutral Planar Drainage,117.85093273514994,0.0,50565.17,0
SMP_001539,22.359892548168034,92.6874648501044,NER_Control,Unassigned,450.0,18.5,180.0,0.0,Tree Cover / Dense Forest,Mountain Litho-Soil Complex,Dissected Hill Slope,Neutral Planar Drainage,931.2248610302104,0.0,114688.25,0
SMP_001540,26.493223810523137,91.70302213225754,NER_Control,Unassigned,61.0,0.46062934398651123,47.81373977661133,-0.0008263419149443507,Tree Cover / Dense Forest,Calcisols,Valley Floor / Terrace,Neutral Planar Drainage,1032.874370640774,0.0,19382.17,0
SMP_001541,26.68883873138798,91.9861542089571,NER_Control,Unassigned,87.0,0.46062934398651123,312.1862487792969,-2.535300336603541e-05,Tree Cover / Dense Forest,Vertisols (Swelling Clay),Valley Floor / Terrace,Neutral Planar Drainage,1243.8950126882398,0.0,26122.47,0
SMP_001542,25.3528749732545,92.66715164384331,NER_Control,Unassigned,1022.0,18.066104888916016,239.12997436523438,-0.0032596769742667675,Tree Cover / Dense Forest,Lixisols,Dissected Hill Slope,Neutral Planar Drainage,76.6688583678127,0.0,13228.34,0
SMP_001543,26.611192653873626,92.41313176047103,NER_Control,Unassigned,59.0,0.7065478563308716,151.11495971679688,0.0006590397679246962,Tree Cover / Dense Forest,Calcisols,Valley Floor / Terrace,Neutral Planar Drainage,276.9698058025193,0.0,42318.49,0
SMP_001544,26.696711348694095,90.83031651171717,NER_Control,Unassigned,120.0,1.6056715250015259,39.60889434814453,0.00037514144787564874,Tree Cover / Dense Forest,Kastanozems,Valley Floor / Terrace,Neutral Planar Drainage,806.9943598180735,0.0,41882.33,0
SMP_001545,23.446942409102256,91.2731532049395,NER_Control,Unassigned,450.0,18.5,180.0,0.0,Cropland / Agriculture,Ferralsols (Iron-Rich Tropical),Dissected Hill Slope,Neutral Planar Drainage,1100.3980019050568,0.0,173958.82,0
SMP_001546,25.31374813853572,89.97008974414481,NER_Control,Unassigned,85.0,5.756621837615967,155.56617736816406,-0.004527050536125898,Tree Cover / Dense Forest,Calcisols,Valley Floor / Terrace,Neutral Planar Drainage,866.9693722282444,0.0,99237.47,0
SMP_001547,25.962104475519634,94.07611330803844,NER_Control,Unassigned,291.0,10.92112922668457,132.18626403808594,0.001470197574235499,Tree Cover / Dense Forest,Calcisols,Valley Floor / Terrace,Neutral Planar Drainage,1190.6278081855141,0.0,34614.86,0
SMP_001548,25.251348930750112,91.87311100301282,NER_Control,Unassigned,932.0,33.428184509277344,318.0998840332031,-0.0038173047360032797,Tree Cover / Dense Forest,Calcisols,Steep Mountain Ridge,Neutral Planar Drainage,828.1891913537046,0.0,62644.13,0
SMP_001549,27.868081406972287,95.6338706311806,NER_Control,Unassigned,127.0,0.34131383895874023,90.0,-0.00014194916002452374,Tree Cover / Dense Forest,Calcisols,Valley Floor / Terrace,Neutral Planar Drainage,306.5526177852985,0.0,60175.5,0
SMP_001550,26.43932116038417,90.45529387831158,NER_Control,Unassigned,54.0,2.302849054336548,143.662353515625,-0.0015512718819081783,Tree Cover / Dense Forest,Calcisols,Valley Floor / Terrace,Neutral Planar Drainage,1202.6350072377895,0.0,5608.0,0
SMP_001551,23.598864553624338,91.74112678225009,NER_Control,Unassigned,450.0,18.5,180.0,0.0,Tree Cover / Dense Forest,Mountain Litho-Soil Complex,Dissected Hill Slope,Neutral Planar Drainage,677.6057265289917,0.0,135135.71,0
SMP_001552,26.38031479330035,91.5780793985519,NER_Control,Unassigned,57.0,0.3093360662460327,0.0,-0.00011659615120152012,Tree Cover / Dense Forest,Ferralsols (Iron-Rich Tropical),Valley Floor / Terrace,Neutral Planar Drainage,994.7097435289174,0.0,19175.7,0
SMP_001553,25.33507961561525,92.0821486651623,NER_Control,Unassigned,853.0,29.099864959716797,341.9176330566406,-0.0017135586822405457,Tree Cover / Dense Forest,Mountain Litho-Soil Complex,Steep Mountain Ridge,Neutral Planar Drainage,1229.188053183773,0.0,49695.95,0
SMP_001554,25.64929575270824,90.87871679834018,NER_Control,Unassigned,646.0,1.151889681816101,216.337646484375,0.0012825577287003398,Tree Cover / Dense Forest,Mountain Litho-Soil Complex,Valley Floor / Terrace,Neutral Planar Drainage,1230.434491361568,0.0,36046.23,0
SMP_001555,25.398159984175216,91.33327462195315,NER_Control,Unassigned,1512.0,5.047342300415039,37.3753776550293,-0.0005931496270932257,Tree Cover / Dense Forest,Lixisols,Valley Floor / Terrace,Neutral Planar Drainage,1234.3533578906452,0.0,39574.23,0
SMP_001556,26.534944883999664,93.88866638302588,NER_Control,Unassigned,93.0,0.6826034784317017,90.0,0.0008009889279492199,Tree Cover / Dense Forest,Calcisols,Valley Floor / Terrace,Neutral Planar Drainage,1145.9549410473755,0.0,22655.41,0
SMP_001557,25.433617488031075,92.21707684204645,NER_Control,Unassigned,1269.0,10.92112922668457,47.81373977661133,-0.00041567860171198845,Tree Cover / Dense Forest,Lixisols,Valley Floor / Terrace,Neutral Planar Drainage,1214.8900528433192,0.0,47437.37,0
SMP_001558,26.96156999387104,92.5036921002848,NER_Control,Unassigned,255.0,17.579483032226562,289.9267578125,0.005738702602684498,Tree Cover / Dense Forest,Calcisols,Dissected Hill Slope,Neutral Planar Drainage,795.655835467106,0.0,12860.15,0
SMP_001559,24.714405199852163,94.38822885508011,NER_Control,Unassigned,901.0,30.747323989868164,59.45285415649414,0.00206836243160069,Tree Cover / Dense Forest,Mountain Litho-Soil Complex,Steep Mountain Ridge,Neutral Planar Drainage,1055.1353383612286,0.0,65798.43,0
SMP_001560,24.98219389679936,92.70863403813058,NER_Control,Unassigned,73.0,9.108864784240723,111.74089813232422,-0.0018908914644271135,Tree Cover / Dense Forest,Calcisols,Valley Floor / Terrace,Neutral Planar Drainage,779.3055864868713,0.178,1171.29,0
SMP_001561,26.689044346338697,93.43406422299007,NER_Control,Unassigned,84.0,1.733868956565857,100.27397155761719,0.0005424435948953032,Tree Cover / Dense Forest,Calcisols,Valley Floor / Terrace,Neutral Planar Drainage,1241.15711698424,0.0,10586.33,0
SMP_001562,23.104712878485852,93.05373898223245,NER_Control,Unassigned,450.0,18.5,180.0,0.0,Tree Cover / Dense Forest,Lixisols,Dissected Hill Slope,Neutral Planar Drainage,1232.6796112924385,0.0,25406.35,0
SMP_001563,26.318109784611366,91.01388516858286,NER_Control,Unassigned,48.0,2.0470359325408936,90.0,-0.001368785509839654,Tree Cover / Dense Forest,Calcisols,Valley Floor / Terrace,Neutral Planar Drainage,946.5014346933496,0.0,18347.17,0
SMP_001564,26.26810105558309,94.03878379642353,NER_Control,Unassigned,124.0,0.7494118809700012,294.3778381347656,0.0006336867809295654,Tree Cover / Dense Forest,Calcisols,Valley Floor / Terrace,Neutral Planar Drainage,559.6581067165312,0.0,26213.33,0
SMP_001565,26.083920637830367,90.93051681648147,NER_Control,Unassigned,45.0,1.3995990753173828,77.23365020751953,-0.0006336867809295654,Tree Cover / Dense Forest,Calcisols,Valley Floor / Terrace,Neutral Planar Drainage,967.3195278389493,0.0,25174.26,0
SMP_001566,27.010130054308558,94.84947244706082,NER_Control,Unassigned,98.0,0.7494118809700012,114.37784576416016,-0.00011659615120152012,Tree Cover / Dense Forest,Calcisols,Valley Floor / Terrace,Neutral Planar Drainage,873.8105191655743,0.0,62501.64,0
SMP_001567,26.656776243256665,94.45729140731382,NER_Control,Unassigned,139.0,1.151889681816101,216.337646484375,-0.0006336867809295654,Tree Cover / Dense Forest,Calcisols,Valley Floor / Terrace,Neutral Planar Drainage,1249.211311541433,0.0,12393.38,0
SMP_001568,26.08870885470705,91.65339939796891,NER_Control,Unassigned,168.0,9.780714988708496,141.53524780273438,-0.0014853817410767078,Tree Cover / Dense Forest,Calcisols,Valley Floor / Terrace,Neutral Planar Drainage,1220.6001458399064,0.025,3602.49,0
SMP_001569,26.260238379720548,91.59387600916565,NER_Control,Unassigned,50.0,1.690147876739502,336.1856689453125,0.00011659615120152012,Tree Cover / Dense Forest,Calcisols,Valley Floor / Terrace,Neutral Planar Drainage,458.79384164735256,0.0,10473.63,0
SMP_001570,24.91670124894041,92.90231674692612,NER_Control,Unassigned,31.0,0.9211992025375366,312.1862487792969,-0.0008009889279492199,Tree Cover / Dense Forest,Mountain Litho-Soil Complex,Valley Floor / Terrace,Neutral Planar Drainage,503.0617243485468,0.0,5134.13,0
SMP_001571,26.345122585923686,92.55295495854374,NER_Control,Unassigned,61.0,0.34131383895874023,270.0,0.00014194916002452374,Tree Cover / Dense Forest,Calcisols,Valley Floor / Terrace,Neutral Planar Drainage,1200.9785181484224,0.0,27511.29,0
SMP_001572,24.07781154952225,93.15199949930089,NER_Control,Unassigned,959.0,25.039600372314453,125.3005142211914,0.0007502828957512975,Tree Cover / Dense Forest,Kastanozems,Steep Mountain Ridge,Neutral Planar Drainage,1212.8094097266935,0.0,71217.37,0
SMP_001573,26.26105881576973,93.68717516028542,NER_Control,Unassigned,488.0,13.308584213256836,200.64456176757812,0.00016730216157156974,Tree Cover / Dense Forest,Calcisols,Dissected Hill Slope,Neutral Planar Drainage,364.9590957851504,0.0,10666.48,0
SMP_001574,26.385546346567594,91.96484331747874,NER_Control,Unassigned,56.0,2.070237159729004,261.41033935546875,0.000451200467068702,Tree Cover / Dense Forest,Calcisols,Valley Floor / Terrace,Neutral Planar Drainage,498.6620718490376,0.0,11940.18,0
SMP_001575,25.040471069574032,92.97402119980465,NER_Control,Unassigned,520.0,23.639881134033203,161.7587890625,-0.0010595342610031366,Tree Cover / Dense Forest,Calcisols,Dissected Hill Slope,Neutral Planar Drainage,285.7705898334806,0.013,4737.67,0
SMP_001576,25.82085081113559,90.9627172523923,NER_Control,Unassigned,350.0,9.262922286987305,260.4725646972656,0.0023572761565446854,Tree Cover / Dense Forest,Calcisols,Valley Floor / Terrace,Neutral Planar Drainage,409.29876800863263,0.0,25784.59,0
SMP_001577,25.647097907213414,92.9859880355521,NER_Control,Unassigned,220.0,17.101789474487305,260.91326904296875,-0.00297577865421772,Tree Cover / Dense Forest,Mountain Litho-Soil Complex,Dissected Hill Slope,Neutral Planar Drainage,1154.9874955291714,0.0,11343.43,0
SMP_001578,26.157844015834296,92.13714694745983,NER_Control,Unassigned,54.0,0.6186540722846985,180.0,0.00023319230240304023,Tree Cover / Dense Forest,Fluvisols (Alluvial Floodplain),Valley Floor / Terrace,Neutral Planar Drainage,1151.2529180583458,0.0,6862.03,0
SMP_001579,25.181436919887968,94.3283329391086,NER_Control,Unassigned,1435.0,25.709423065185547,306.4640197753906,0.002499363385140896,Tree Cover / Dense Forest,Lixisols,Steep Mountain Ridge,Neutral Planar Drainage,1235.2071359999388,0.0,39060.33,0
SMP_001580,25.34903192990514,92.0870012444973,NER_Control,Unassigned,1301.0,11.91845703125,73.65795135498047,-0.004557556938380003,Tree Cover / Dense Forest,Mountain Litho-Soil Complex,Valley Floor / Terrace,Neutral Planar Drainage,475.0624301055396,0.0,50386.24,0
SMP_001581,26.720415973838243,93.47421919365627,NER_Control,Unassigned,77.0,0.6186540722846985,0.0,-0.0005170906079001725,Tree Cover / Dense Forest,Calcisols,Valley Floor / Terrace,Neutral Planar Drainage,1241.78958949337,0.0,13009.03,0
SMP_001582,26.03214364456022,89.98397961505083,NER_Control,Unassigned,27.0,0.9211992025375366,47.81373977661133,0.0005677966400980949,Tree Cover / Dense Forest,Fluvisols (Alluvial Floodplain),Valley Floor / Terrace,Neutral Planar Drainage,1152.9933352918783,0.0,36374.7,0
SMP_001583,27.200837672167822,94.56621703134286,NER_Control,Unassigned,93.0,1.690147876739502,203.81431579589844,0.00040049446397460997,Tree Cover / Dense Forest,Calcisols,Valley Floor / Terrace,Neutral Planar Drainage,662.2951885784635,0.0,53038.54,0
SMP_001584,26.026823239294835,93.33791322500733,NER_Control,Unassigned,306.0,4.8069658279418945,320.39111328125,0.005069632548838854,Tree Cover / Dense Forest,Calcisols,Valley Floor / Terrace,Neutral Planar Drainage,1240.3067660362185,0.0,7587.95,0
SMP_001585,23.397754038806013,92.4837094222604,NER_Control,Unassigned,450.0,18.5,180.0,0.0,Tree Cover / Dense Forest,Mountain Litho-Soil Complex,Dissected Hill Slope,Neutral Planar Drainage,833.222040063243,0.0,59054.13,0
SMP_001586,23.548670038361873,93.0046258846289,NER_Control,Unassigned,450.0,18.5,180.0,0.0,Tree Cover / Dense Forest,Lixisols,Dissected Hill Slope,Neutral Planar Drainage,1214.6550399632606,0.0,24572.68,0
SMP_001587,25.453964296843914,89.8622482192272,NER_Control,Unassigned,33.0,2.191039800643921,8.95757007598877,0.0013738007983192801,Tree Cover / Dense Forest,Mountain Litho-Soil Complex,Valley Floor / Terrace,Neutral Planar Drainage,828.901335853697,0.0,93524.73,0
SMP_001588,23.116825448008974,92.84354138701079,NER_Control,Unassigned,450.0,18.5,180.0,0.0,Tree Cover / Dense Forest,Kastanozems,Dissected Hill Slope,Neutral Planar Drainage,656.2757719363898,0.0,32537.24,0
SMP_001589,23.386773786528646,92.43002353953018,NER_Control,Unassigned,450.0,18.5,180.0,0.0,Tree Cover / Dense Forest,Mountain Litho-Soil Complex,Dissected Hill Slope,Neutral Planar Drainage,1216.074083145017,0.0,64375.06,0
SMP_001590,25.52507739278046,92.06606744449336,NER_Control,Unassigned,1235.0,27.07478141784668,240.9316864013672,0.0034776851534843445,Tree Cover / Dense Forest,Calcisols,Steep Mountain Ridge,Neutral Planar Drainage,1249.2098314669909,0.0,51749.2,0
SMP_001591,23.52640160656718,93.15010247110595,NER_Control,Unassigned,450.0,18.5,180.0,0.0,Tree Cover / Dense Forest,Lixisols,Dissected Hill Slope,Neutral Planar Drainage,531.3414601538166,0.0,23454.11,0
SMP_001592,23.000732930659797,91.63836428659819,NER_Control,Unassigned,450.0,18.5,180.0,0.0,Tree Cover / Dense Forest,Mountain Litho-Soil Complex,Dissected Hill Slope,Neutral Planar Drainage,547.4844418183418,0.0,149754.43,0
SMP_001593,26.880400199856034,94.73649671355925,NER_Control,Unassigned,94.0,0.9886959195137024,200.19314575195312,0.0012927264906466007,Tree Cover / Dense Forest,Ferralsols (Iron-Rich Tropical),Valley Floor / Terrace,Neutral Planar Drainage,1151.7350733258186,0.0,49448.8,0
SMP_001594,24.315881219075084,93.64492977432567,NER_Control,Unassigned,1121.0,14.059535026550293,272.4712219238281,-0.00206836243160069,Tree Cover / Dense Forest,Mountain Litho-Soil Complex,Dissected Hill Slope,Neutral Planar Drainage,55.510345824226306,0.0,80055.12,0
SMP_001595,23.452565406688283,91.30332195986946,NER_Control,Unassigned,450.0,18.5,180.0,0.0,Grassland,Mountain Litho-Soil Complex,Dissected Hill Slope,Neutral Planar Drainage,1248.0081832037383,0.0,171649.72,0
SMP_001596,25.848052199389368,93.38678933930039,NER_Control,Unassigned,203.0,1.3995990753173828,77.23365020751953,0.0019517663167789578,Tree Cover / Dense Forest,Calcisols,Valley Floor / Terrace,Neutral Planar Drainage,846.2420251382704,0.013,4531.96,0
SMP_001597,26.366313288963305,93.67511569552191,NER_Control,Unassigned,709.0,8.828603744506836,200.19314575195312,0.004527050536125898,Tree Cover / Dense Forest,Calcisols,Valley Floor / Terrace,Neutral Planar Drainage,939.6303387691971,0.0,6412.7,0
SMP_001598,27.14696330131039,95.04589586019281,NER_Control,Unassigned,107.0,0.7065478563308716,28.88503646850586,-0.00014194916002452374,Tree Cover / Dense Forest,Calcisols,Valley Floor / Terrace,Neutral Planar Drainage,473.04063807566706,0.0,38997.77,0
SMP_001599,26.228399097489625,94.77151291534356,NER_Control,Unassigned,1542.0,22.052093505859375,90.0,0.0025550848804414272,Tree Cover / Dense Forest,Calcisols,Dissected Hill Slope,Neutral Planar Drainage,506.1772608596342,0.0,13215.42,0
SMP_001600,26.72115810418194,91.2308695815561,NER_Control,Unassigned,60.0,0.34131383895874023,270.0,9.124314965447411e-05,Tree Cover / Dense Forest,Vertisols (Swelling Clay),Valley Floor / Terrace,Neutral Planar Drainage,1228.118925179212,0.0,58285.99,0
SMP_001601,25.42992809787404,93.39114183413032,NER_Control,Unassigned,405.0,5.429502964019775,109.92675018310547,-0.0011761303758248687,Tree Cover / Dense Forest,Calcisols,Valley Floor / Terrace,Neutral Planar Drainage,1240.4200299606448,0.535,1340.5,0
SMP_001602,23.34452765418135,91.58188371365506,NER_Control,Unassigned,450.0,18.5,180.0,0.0,Tree Cover / Dense Forest,Mountain Litho-Soil Complex,Dissected Hill Slope,Neutral Planar Drainage,346.2147581217317,0.0,150705.68,0
SMP_001603,26.218337413785402,91.80849765686051,NER_Control,Unassigned,44.0,0.0,0.0,0.0,Tree Cover / Dense Forest,Calcisols,Valley Floor / Terrace,Neutral Planar Drainage,1231.7403208715823,0.28,3005.42,0
SMP_001604,26.44164499309405,94.27327133546952,NER_Control,Unassigned,184.0,0.6186540722846985,180.0,0.0,Tree Cover / Dense Forest,Calcisols,Valley Floor / Terrace,Neutral Planar Drainage,1094.7757707326516,0.0,14569.73,0
SMP_001605,26.096205763816375,92.90980793941495,NER_Control,Unassigned,75.0,0.6186540722846985,180.0,-0.001368785509839654,Tree Cover / Dense Forest,Calcisols,Valley Floor / Terrace,Neutral Planar Drainage,1086.6536993781613,0.0,16976.1,0
SMP_001606,26.14451353059905,89.97162013593105,NER_Control,Unassigned,36.0,4.667267799377441,30.715673446655273,-0.0009581222548149526,Tree Cover / Dense Forest,Calcisols,Valley Floor / Terrace,Neutral Planar Drainage,772.6508438321326,0.0,33109.67,0
SMP_001607,26.228630677175047,89.98034599976201,NER_Control,Unassigned,39.0,4.270711421966553,253.19029235839844,5.070600673207082e-05,Tree Cover / Dense Forest,Calcisols,Valley Floor / Terrace,Neutral Planar Drainage,480.3539589200448,0.0,31871.4,0
SMP_001608,27.5451733787495,94.52845394221208,NER_Control,Unassigned,112.0,0.34131383895874023,90.0,-0.00037514144787564874,Tree Cover / Dense Forest,Calcisols,Valley Floor / Terrace,Neutral Planar Drainage,785.1896222589006,0.0,21049.84,0
SMP_001609,26.646443455668315,94.3809156328095,NER_Control,Unassigned,125.0,0.7494118809700012,114.37784576416016,0.00040049446397460997,Tree Cover / Dense Forest,Calcisols,Valley Floor / Terrace,Neutral Planar Drainage,701.3679720022752,0.0,6009.51,0
SMP_001610,25.539459283632603,92.5598962953986,NER_Control,Unassigned,789.0,9.001557350158691,250.0732421875,0.0031430807430297136,Tree Cover / Dense Forest,Mountain Litho-Soil Complex,Valley Floor / Terrace,Neutral Planar Drainage,251.71654769986475,0.0,16052.77,0
SMP_001611,26.17498561800734,90.62272526847416,NER_Control,Unassigned,41.0,1.3650132417678833,90.0,0.00023319230240304023,Tree Cover / Dense Forest,Ferralsols (Iron-Rich Tropical),Valley Floor / Terrace,Neutral Planar Drainage,679.148250633569,0.0,12797.57,0
SMP_001612,23.46904589065776,93.27606431065072,NER_Control,Unassigned,450.0,18.5,180.0,0.0,Tree Cover / Dense Forest,Lixisols,Dissected Hill Slope,Neutral Planar Drainage,211.36191779876395,0.0,26902.5,0
SMP_001613,25.12274435727804,92.8696277808316,NER_Control,Unassigned,197.0,15.50320816040039,342.50250244140625,0.0033205519430339336,Tree Cover / Dense Forest,Calcisols,Dissected Hill Slope,Neutral Planar Drainage,1059.5622881932459,0.14,1176.48,0
SMP_001614,26.335582306075704,89.84351833406991,NER_Control,Unassigned,40.0,0.9886959195137024,200.19314575195312,0.00025854530395008624,Tree Cover / Dense Forest,Calcisols,Valley Floor / Terrace,Neutral Planar Drainage,992.661821773456,0.0,47830.4,0
SMP_001615,25.93723897102744,92.32993519431314,NER_Control,Unassigned,521.0,6.608574390411377,11.868955612182617,0.00043086279765702784,Tree Cover / Dense Forest,Mountain Litho-Soil Complex,Valley Floor / Terrace,Neutral Planar Drainage,1181.6407299076643,0.051,2669.05,0
SMP_001616,24.921940269574797,93.59633945913474,NER_Control,Unassigned,329.0,4.774302959442139,58.85940933227539,-0.0003346043231431395,Tree Cover / Dense Forest,Calcisols,Valley Floor / Terrace,Neutral Planar Drainage,998.179241868494,0.0,34103.71,0
SMP_001617,27.43656983503241,94.54151220301864,NER_Control,Unassigned,97.0,0.34131383895874023,90.0,-0.00014194916002452374,Tree Cover / Dense Forest,Calcisols,Valley Floor / Terrace,Neutral Planar Drainage,1088.869918000274,0.0,29505.89,0
SMP_001618,26.49148102948925,93.990830423386,NER_Control,Unassigned,98.0,0.3093360662460327,180.0,0.00011659615120152012,Tree Cover / Dense Forest,Calcisols,Valley Floor / Terrace,Neutral Planar Drainage,898.6111273351478,0.0,25873.4,0
SMP_001619,26.593609566385776,95.03170208772605,NER_Control,Unassigned,612.0,12.84245777130127,148.49221801757812,-0.0032646923791617155,Tree Cover / Dense Forest,Mountain Litho-Soil Complex,Dissected Hill Slope,Neutral Planar Drainage,1249.9953783797396,0.0,60205.08,0
SMP_001620,25.432549714141246,93.87332444279214,NER_Control,Unassigned,1769.0,22.0021915435791,318.43841552734375,-0.001257204683497548,Tree Cover / Dense Forest,Lixisols,Dissected Hill Slope,Neutral Planar Drainage,1238.9652738464176,0.0,32572.69,0
SMP_001621,27.252711704605396,95.61091050781195,NER_Control,Unassigned,201.0,6.935773849487305,51.584903717041016,-0.003650002647191286,Tree Cover / Dense Forest,Calcisols,Valley Floor / Terrace,Neutral Planar Drainage,1247.8076727562327,0.0,42945.63,0
SMP_001622,24.29186893475046,94.25336089401596,NER_Control,Unassigned,519.0,9.220301628112793,252.58221435546875,-0.0041519091464579105,Tree Cover / Dense Forest,Calcisols,Valley Floor / Terrace,Neutral Planar Drainage,855.3918014262775,0.0,100073.43,0
SMP_001623,27.06100104656663,94.63811591852107,NER_Control,Unassigned,98.0,2.1187846660614014,331.1149597167969,-0.0008922320557758212,Tree Cover / Dense Forest,Calcisols,Valley Floor / Terrace,Neutral Planar Drainage,1163.520150211501,0.0,58693.78,0
SMP_001624,26.76486173599929,92.62375014812916,NER_Control,Unassigned,86.0,2.3878417015075684,270.0,-0.0006083337357267737,Tree Cover / Dense Forest,Calcisols,Valley Floor / Terrace,Neutral Planar Drainage,230.23607780162828,0.0,20525.02,0
SMP_001625,22.20974286124256,93.1382756178709,NER_Control,Unassigned,450.0,18.5,180.0,0.0,Tree Cover / Dense Forest,Mountain Litho-Soil Complex,Dissected Hill Slope,Neutral Planar Drainage,207.60728062762905,0.0,125190.05,0
SMP_001626,25.87958797401187,92.0776267037386,NER_Control,Unassigned,796.0,14.125247955322266,96.15803527832031,-0.0032698458526283503,Tree Cover / Dense Forest,Mountain Litho-Soil Complex,Dissected Hill Slope,Neutral Planar Drainage,835.42544620351,0.0,18333.84,0
SMP_001627,26.247688048162544,90.50105180928469,NER_Control,Unassigned,30.0,1.2371639013290405,180.0,0.0005677966400980949,Tree Cover / Dense Forest,Vertisols (Swelling Clay),Valley Floor / Terrace,Neutral Planar Drainage,1249.3911205647785,0.0,14791.74,0
SMP_001628,25.69589451501451,90.8511763267756,NER_Control,Unassigned,552.0,1.9418480396270752,298.53668212890625,-0.0032293086405843496,Tree Cover / Dense Forest,Mountain Litho-Soil Complex,Valley Floor / Terrace,Neutral Planar Drainage,327.4729400939506,0.0,37676.6,0
SMP_001629,26.199064417452703,91.14388114281462,NER_Control,Unassigned,42.0,1.2833539247512817,344.5787658691406,-9.124314965447411e-05,Tree Cover / Dense Forest,Calcisols,Valley Floor / Terrace,Neutral Planar Drainage,266.99723958425614,0.013,418.22,0
SMP_001630,26.247916785615324,92.18339955387356,NER_Control,Unassigned,54.0,0.46062934398651123,47.81373977661133,-2.535300336603541e-05,Tree Cover / Dense Forest,Calcisols,Valley Floor / Terrace,Neutral Planar Drainage,1249.951578224965,0.0,17694.48,0
SMP_001631,23.673806628763586,92.31496652432487,NER_Control,Unassigned,450.0,18.5,180.0,0.0,Tree Cover / Dense Forest,Mountain Litho-Soil Complex,Dissected Hill Slope,Neutral Planar Drainage,1228.2692561775323,0.0,84702.13,0
SMP_001632,27.338307281462487,95.96311883180515,NER_Control,Unassigned,192.0,10.448908805847168,335.1697082519531,0.0024586881045252085,Tree Cover / Dense Forest,Calcisols,Valley Floor / Terrace,Neutral Planar Drainage,771.5527341486778,0.0,72613.56,0
SMP_001633,24.96116880558131,93.36577184240807,NER_Control,Unassigned,603.0,27.009695053100586,201.2406005859375,6.087486690375954e-05,Tree Cover / Dense Forest,Calcisols,Steep Mountain Ridge,Neutral Planar Drainage,1241.1510272819116,0.0,14308.74,0
SMP_001634,23.417406149504178,92.99020026874489,NER_Control,Unassigned,450.0,18.5,180.0,0.0,Tree Cover / Dense Forest,Kastanozems,Dissected Hill Slope,Neutral Planar Drainage,1190.318878524758,0.0,11642.86,0
SMP_001635,27.758319187010844,95.30405343242025,NER_Control,Unassigned,121.0,1.0695353746414185,253.19029235839844,-0.0004917376209050417,Tree Cover / Dense Forest,Calcisols,Valley Floor / Terrace,Neutral Planar Drainage,1217.0704848700407,0.0,33980.07,0
SMP_001636,25.749985317647745,91.44038698147378,NER_Control,Unassigned,536.0,23.378267288208008,182.36935424804688,0.006316668353974819,Tree Cover / Dense Forest,Calcisols,Dissected Hill Slope,Neutral Planar Drainage,1123.4711433934253,0.0,13493.33,0
SMP_001637,26.43582017151821,93.99622188170075,NER_Control,Unassigned,102.0,1.0695353746414185,286.8096923828125,0.0012927264906466007,Tree Cover / Dense Forest,Calcisols,Valley Floor / Terrace,Neutral Planar Drainage,1247.2102685149268,0.0,23225.27,0
SMP_001638,23.337304066636985,92.4383575696913,NER_Control,Unassigned,450.0,18.5,180.0,0.0,Tree Cover / Dense Forest,Kastanozems,Dissected Hill Slope,Neutral Planar Drainage,596.6012510447549,0.0,63261.2,0
SMP_001639,26.564509879550727,90.17727028852767,NER_Control,Unassigned,67.0,0.6826034784317017,90.0,-0.0008009889279492199,Tree Cover / Dense Forest,Calcisols,Valley Floor / Terrace,Neutral Planar Drainage,1217.1848290583885,0.0,35599.64,0
