{"type":"FeatureCollection","name":"landslide_heatmap","generated_by":"apps/authority-web/scripts/build-landslide-heatmap.mjs","generated_at":"2026-09-16T10:25:46.042Z","sources":["data/processed/spatial/landslide_inventory.geojson","data/final/susceptibility_dataset.csv (label=1 rows, joined by rounded lat/lon)"],"note":"sim_intensity is a SIMULATED heuristic weight — the source data has no measured intensity/severity field.","features":[{"type":"Feature","geometry":{"type":"Point","coordinates":[92.55506,24.79489]},"properties":{"landslide_id":"NER_00041","source":"GSI","state":"Assam","district":"Hailakandi","landslide_type":"Slide","confidence":"TABLE_EXTRACTED","date":null,"slope_deg":7.5206217765808105,"sim_intensity":0.39,"intensity_note":"SIMULATED — heuristic from slope + landslide type, not a measured severity"}},{"type":"Feature","geometry":{"type":"Point","coordinates":[93.045425,24.795892]},"properties":{"landslide_id":"NER_00042","source":"GSI","state":"Assam","district":"Cachar","landslide_type":"Slide","confidence":"TABLE_EXTRACTED","date":null,"slope_deg":19.297332763671875,"sim_intensity":0.521,"intensity_note":"SIMULATED — heuristic from slope + landslide type, not a measured severity"}},{"type":"Feature","geometry":{"type":"Point","coordinates":[93.073009,24.813648]},"properties":{"landslide_id":"NER_00043","source":"GSI","state":"Assam","district":"Cachar","landslide_type":"Slide","confidence":"TABLE_EXTRACTED","date":null,"slope_deg":6.246082782745361,"sim_intensity":0.376,"intensity_note":"SIMULATED — heuristic from slope + landslide type, not a measured severity"}},{"type":"Feature","geometry":{"type":"Point","coordinates":[93.07306,24.92097]},"properties":{"landslide_id":"NER_00044","source":"GSI","state":"Assam","district":"Cachar","landslide_type":"Slide","confidence":"TABLE_EXTRACTED","date":null,"slope_deg":8.934904098510742,"sim_intensity":0.406,"intensity_note":"SIMULATED — heuristic from slope + landslide type, not a measured severity"}},{"type":"Feature","geometry":{"type":"Point","coordinates":[92.84,24.93]},"properties":{"landslide_id":"NER_00045","source":"GSI","state":"Assam","district":"Cachar","landslide_type":"Slide","confidence":"TABLE_EXTRACTED","date":null,"slope_deg":8.142210960388184,"sim_intensity":0.397,"intensity_note":"SIMULATED — heuristic from slope + landslide type, not a measured severity"}},{"type":"Feature","geometry":{"type":"Point","coordinates":[92.73,24.95]},"properties":{"landslide_id":"NER_00046","source":"GSI","state":"Assam","district":"Cachar","landslide_type":"Slide","confidence":"TABLE_EXTRACTED","date":null,"slope_deg":0.6186540722846985,"sim_intensity":0.313,"intensity_note":"SIMULATED — heuristic from slope + landslide type, not a measured severity"}},{"type":"Feature","geometry":{"type":"Point","coordinates":[92.8,24.95]},"properties":{"landslide_id":"NER_00047","source":"GSI","state":"Assam","district":"Cachar","landslide_type":"Slide","confidence":"TABLE_EXTRACTED","date":null,"slope_deg":3.4519519805908203,"sim_intensity":0.345,"intensity_note":"SIMULATED — heuristic from slope + landslide type, not a measured severity"}},{"type":"Feature","geometry":{"type":"Point","coordinates":[92.92,24.96]},"properties":{"landslide_id":"NER_00048","source":"GSI","state":"Assam","district":"Cachar","landslide_type":"Slide","confidence":"TABLE_EXTRACTED","date":null,"slope_deg":1.023844599723816,"sim_intensity":0.318,"intensity_note":"SIMULATED — heuristic from slope + landslide type, not a measured severity"}},{"type":"Feature","geometry":{"type":"Point","coordinates":[92.7,24.96]},"properties":{"landslide_id":"NER_00049","source":"GSI","state":"Assam","district":"Cachar","landslide_type":"Slide","confidence":"TABLE_EXTRACTED","date":null,"slope_deg":1.3995990753173828,"sim_intensity":0.322,"intensity_note":"SIMULATED — heuristic from slope + landslide type, not a measured severity"}},{"type":"Feature","geometry":{"type":"Point","coordinates":[92.7,24.96]},"properties":{"landslide_id":"NER_00050","source":"GSI","state":"Assam","district":"Cachar","landslide_type":"Slide","confidence":"TABLE_EXTRACTED","date":null,"slope_deg":1.3995990753173828,"sim_intensity":0.322,"intensity_note":"SIMULATED — heuristic from slope + landslide type, not a measured severity"}},{"type":"Feature","geometry":{"type":"Point","coordinates":[92.95,24.96]},"properties":{"landslide_id":"NER_00051","source":"GSI","state":"Assam","district":"Cachar","landslide_type":"Slide","confidence":"TABLE_EXTRACTED","date":null,"slope_deg":8.871686935424805,"sim_intensity":0.405,"intensity_note":"SIMULATED — heuristic from slope + landslide type, not a measured severity"}},{"type":"Feature","geometry":{"type":"Point","coordinates":[92.66,24.96]},"properties":{"landslide_id":"NER_00052","source":"GSI","state":"Assam","district":"Cachar","landslide_type":"Slide","confidence":"TABLE_EXTRACTED","date":null,"slope_deg":5.643152713775635,"sim_intensity":0.37,"intensity_note":"SIMULATED — heuristic from slope + landslide type, not a measured severity"}},{"type":"Feature","geometry":{"type":"Point","coordinates":[92.66,24.96]},"properties":{"landslide_id":"NER_00053","source":"GSI","state":"Assam","district":"Cachar","landslide_type":"Slide","confidence":"TABLE_EXTRACTED","date":null,"slope_deg":5.643152713775635,"sim_intensity":0.37,"intensity_note":"SIMULATED — heuristic from slope + landslide type, not a measured severity"}},{"type":"Feature","geometry":{"type":"Point","coordinates":[92.98,24.96]},"properties":{"landslide_id":"NER_00054","source":"GSI","state":"Assam","district":"Cachar","landslide_type":"Slide","confidence":"TABLE_EXTRACTED","date":null,"slope_deg":11.32994270324707,"sim_intensity":0.433,"intensity_note":"SIMULATED — heuristic from slope + landslide type, not a measured severity"}},{"type":"Feature","geometry":{"type":"Point","coordinates":[92.76,24.97]},"properties":{"landslide_id":"NER_00055","source":"GSI","state":"Assam","district":"Cachar","landslide_type":"Slide","confidence":"TABLE_EXTRACTED","date":null,"slope_deg":0.9279360175132751,"sim_intensity":0.317,"intensity_note":"SIMULATED — heuristic from slope + landslide type, not a measured severity"}},{"type":"Feature","geometry":{"type":"Point","coordinates":[92.72,24.97]},"properties":{"landslide_id":"NER_00056","source":"GSI","state":"Assam","district":"Cachar","landslide_type":"Slide","confidence":"TABLE_EXTRACTED","date":null,"slope_deg":1.4985674619674683,"sim_intensity":0.324,"intensity_note":"SIMULATED — heuristic from slope + landslide type, not a measured severity"}},{"type":"Feature","geometry":{"type":"Point","coordinates":[92.72,24.97]},"properties":{"landslide_id":"NER_00057","source":"GSI","state":"Assam","district":"Cachar","landslide_type":"Slide","confidence":"TABLE_EXTRACTED","date":null,"slope_deg":1.4985674619674683,"sim_intensity":0.324,"intensity_note":"SIMULATED — heuristic from slope + landslide type, not a measured severity"}},{"type":"Feature","geometry":{"type":"Point","coordinates":[92.72,24.97]},"properties":{"landslide_id":"NER_00058","source":"GSI","state":"Assam","district":"Cachar","landslide_type":"Slide","confidence":"TABLE_EXTRACTED","date":null,"slope_deg":1.4985674619674683,"sim_intensity":0.324,"intensity_note":"SIMULATED — heuristic from slope + landslide type, not a measured severity"}},{"type":"Feature","geometry":{"type":"Point","coordinates":[93.03289,24.97228]},"properties":{"landslide_id":"NER_00059","source":"GSI","state":"Assam","district":"Cachar","landslide_type":"Slide","confidence":"TABLE_EXTRACTED","date":null,"slope_deg":4.441235065460205,"sim_intensity":0.356,"intensity_note":"SIMULATED — heuristic from slope + landslide type, not a measured severity"}},{"type":"Feature","geometry":{"type":"Point","coordinates":[93.033,24.97692]},"properties":{"landslide_id":"NER_00060","source":"GSI","state":"Assam","district":"Cachar","landslide_type":"Fall","confidence":"TABLE_EXTRACTED","date":null,"slope_deg":8.828603744506836,"sim_intensity":0.435,"intensity_note":"SIMULATED — heuristic from slope + landslide type, not a measured severity"}},{"type":"Feature","geometry":{"type":"Point","coordinates":[93.03344,24.97714]},"properties":{"landslide_id":"NER_00061","source":"GSI","state":"Assam","district":"Cachar","landslide_type":"Slide","confidence":"TABLE_EXTRACTED","date":null,"slope_deg":8.697969436645508,"sim_intensity":0.404,"intensity_note":"SIMULATED — heuristic from slope + landslide type, not a measured severity"}},{"type":"Feature","geometry":{"type":"Point","coordinates":[92.75,24.98]},"properties":{"landslide_id":"NER_00062","source":"GSI","state":"Assam","district":"Cachar","landslide_type":"Slide","confidence":"TABLE_EXTRACTED","date":null,"slope_deg":1.841922402381897,"sim_intensity":0.328,"intensity_note":"SIMULATED — heuristic from slope + landslide type, not a measured severity"}},{"type":"Feature","geometry":{"type":"Point","coordinates":[92.96,24.98]},"properties":{"landslide_id":"NER_00063","source":"GSI","state":"Assam","district":"Cachar","landslide_type":"Slide","confidence":"TABLE_EXTRACTED","date":null,"slope_deg":19.32265853881836,"sim_intensity":0.522,"intensity_note":"SIMULATED — heuristic from slope + landslide type, not a measured severity"}},{"type":"Feature","geometry":{"type":"Point","coordinates":[92.72,24.98]},"properties":{"landslide_id":"NER_00064","source":"GSI","state":"Assam","district":"Cachar","landslide_type":"Slide","confidence":"TABLE_EXTRACTED","date":null,"slope_deg":0.46062934398651123,"sim_intensity":0.313,"intensity_note":"SIMULATED — heuristic from slope + landslide type, not a measured severity"}},{"type":"Feature","geometry":{"type":"Point","coordinates":[92.6,24.99]},"properties":{"landslide_id":"NER_00065","source":"GSI","state":"Assam","district":"Cachar","landslide_type":"Slide","confidence":"TABLE_EXTRACTED","date":null,"slope_deg":2.963736057281494,"sim_intensity":0.34,"intensity_note":"SIMULATED — heuristic from slope + landslide type, not a measured severity"}},{"type":"Feature","geometry":{"type":"Point","coordinates":[92.45,24.99]},"properties":{"landslide_id":"NER_00066","source":"GSI","state":"Assam","district":"Cachar","landslide_type":"Slide","confidence":"TABLE_EXTRACTED","date":null,"slope_deg":0.46062934398651123,"sim_intensity":0.313,"intensity_note":"SIMULATED — heuristic from slope + landslide type, not a measured severity"}},{"type":"Feature","geometry":{"type":"Point","coordinates":[92.75,24.99]},"properties":{"landslide_id":"NER_00067","source":"GSI","state":"Assam","district":"Cachar","landslide_type":"Slide","confidence":"TABLE_EXTRACTED","date":null,"slope_deg":19.07056999206543,"sim_intensity":0.519,"intensity_note":"SIMULATED — heuristic from slope + landslide type, not a measured severity"}},{"type":"Feature","geometry":{"type":"Point","coordinates":[93.161583,24.993]},"properties":{"landslide_id":"NER_00068","source":"GSI","state":"Assam","district":"Cachar","landslide_type":"Slide","confidence":"TABLE_EXTRACTED","date":null,"slope_deg":15.322772979736328,"sim_intensity":0.478,"intensity_note":"SIMULATED — heuristic from slope + landslide type, not a measured severity"}},{"type":"Feature","geometry":{"type":"Point","coordinates":[93.16261,24.99561]},"properties":{"landslide_id":"NER_00069","source":"GSI","state":"Assam","district":"Cachar","landslide_type":"Slide","confidence":"TABLE_EXTRACTED","date":null,"slope_deg":13.24526596069336,"sim_intensity":0.455,"intensity_note":"SIMULATED — heuristic from slope + landslide type, not a measured severity"}},{"type":"Feature","geometry":{"type":"Point","coordinates":[92.43,25]},"properties":{"landslide_id":"NER_00070","source":"GSI","state":"Assam","district":"Cachar","landslide_type":"Slide","confidence":"TABLE_EXTRACTED","date":null,"slope_deg":2.797529697418213,"sim_intensity":0.339,"intensity_note":"SIMULATED — heuristic from slope + landslide type, not a measured severity"}},{"type":"Feature","geometry":{"type":"Point","coordinates":[93.164,25.003]},"properties":{"landslide_id":"NER_00071","source":"GSI","state":"Assam","district":"Dima Hasao","landslide_type":"Slide","confidence":"TABLE_EXTRACTED","date":null,"slope_deg":11.132789611816406,"sim_intensity":0.432,"intensity_note":"SIMULATED — heuristic from slope + landslide type, not a measured severity"}},{"type":"Feature","geometry":{"type":"Point","coordinates":[93.04,25.008]},"properties":{"landslide_id":"NER_00072","source":"GSI","state":"Assam","district":"Dima Hasao","landslide_type":"Slide","confidence":"TABLE_EXTRACTED","date":null,"slope_deg":10.529580116271973,"sim_intensity":0.425,"intensity_note":"SIMULATED — heuristic from slope + landslide type, not a measured severity"}},{"type":"Feature","geometry":{"type":"Point","coordinates":[92.75,25.01]},"properties":{"landslide_id":"NER_00073","source":"GSI","state":"Assam","district":"Cachar","landslide_type":"Slide","confidence":"TABLE_EXTRACTED","date":null,"slope_deg":2.9950873851776123,"sim_intensity":0.341,"intensity_note":"SIMULATED — heuristic from slope + landslide type, not a measured severity"}},{"type":"Feature","geometry":{"type":"Point","coordinates":[92.75,25.01]},"properties":{"landslide_id":"NER_00074","source":"GSI","state":"Assam","district":"Cachar","landslide_type":"Slide","confidence":"TABLE_EXTRACTED","date":null,"slope_deg":2.9950873851776123,"sim_intensity":0.341,"intensity_note":"SIMULATED — heuristic from slope + landslide type, not a measured severity"}},{"type":"Feature","geometry":{"type":"Point","coordinates":[92.75,25.01]},"properties":{"landslide_id":"NER_00075","source":"GSI","state":"Assam","district":"Cachar","landslide_type":"Slide","confidence":"TABLE_EXTRACTED","date":null,"slope_deg":2.9950873851776123,"sim_intensity":0.341,"intensity_note":"SIMULATED — heuristic from slope + landslide type, not a measured severity"}},{"type":"Feature","geometry":{"type":"Point","coordinates":[92.73,25.01]},"properties":{"landslide_id":"NER_00076","source":"GSI","state":"Assam","district":"Cachar","landslide_type":"Slide","confidence":"TABLE_EXTRACTED","date":null,"slope_deg":16.83465003967285,"sim_intensity":0.495,"intensity_note":"SIMULATED — heuristic from slope + landslide type, not a measured severity"}},{"type":"Feature","geometry":{"type":"Point","coordinates":[92.75482,25.010379]},"properties":{"landslide_id":"NER_00077","source":"GSI","state":"Assam","district":"Dima Hasao","landslide_type":"Slide","confidence":"TABLE_EXTRACTED","date":null,"slope_deg":16.333894729614258,"sim_intensity":0.489,"intensity_note":"SIMULATED — heuristic from slope + landslide type, not a measured severity"}},{"type":"Feature","geometry":{"type":"Point","coordinates":[92.77011,25.01856]},"properties":{"landslide_id":"NER_00078","source":"GSI","state":"Assam","district":"Dima Hasao","landslide_type":"Slide","confidence":"TABLE_EXTRACTED","date":null,"slope_deg":14.339973449707031,"sim_intensity":0.467,"intensity_note":"SIMULATED — heuristic from slope + landslide type, not a measured severity"}},{"type":"Feature","geometry":{"type":"Point","coordinates":[92.770549,25.019029]},"properties":{"landslide_id":"NER_00079","source":"GSI","state":"Assam","district":"Dima Hasao","landslide_type":"Slide","confidence":"TABLE_EXTRACTED","date":null,"slope_deg":20.839885711669922,"sim_intensity":0.54,"intensity_note":"SIMULATED — heuristic from slope + landslide type, not a measured severity"}},{"type":"Feature","geometry":{"type":"Point","coordinates":[92.52,25.02]},"properties":{"landslide_id":"NER_00080","source":"GSI","state":"Assam","district":"Cachar","landslide_type":"Slide","confidence":"TABLE_EXTRACTED","date":null,"slope_deg":2.24721097946167,"sim_intensity":0.333,"intensity_note":"SIMULATED — heuristic from slope + landslide type, not a measured severity"}},{"type":"Feature","geometry":{"type":"Point","coordinates":[92.52,25.02]},"properties":{"landslide_id":"NER_00081","source":"GSI","state":"Assam","district":"Cachar","landslide_type":"Slide","confidence":"TABLE_EXTRACTED","date":null,"slope_deg":2.24721097946167,"sim_intensity":0.333,"intensity_note":"SIMULATED — heuristic from slope + landslide type, not a measured severity"}},{"type":"Feature","geometry":{"type":"Point","coordinates":[92.463967,25.029708]},"properties":{"landslide_id":"NER_00082","source":"GSI","state":"Assam","district":"Cachar","landslide_type":"Slide","confidence":"TABLE_EXTRACTED","date":null,"slope_deg":18.895660400390625,"sim_intensity":0.518,"intensity_note":"SIMULATED — heuristic from slope + landslide type, not a measured severity"}},{"type":"Feature","geometry":{"type":"Point","coordinates":[92.463231,25.031431]},"properties":{"landslide_id":"NER_00083","source":"GSI","state":"Assam","district":"Cachar","landslide_type":"Slide","confidence":"TABLE_EXTRACTED","date":null,"slope_deg":34.247459411621094,"sim_intensity":0.689,"intensity_note":"SIMULATED — heuristic from slope + landslide type, not a measured severity"}},{"type":"Feature","geometry":{"type":"Point","coordinates":[92.462636,25.032119]},"properties":{"landslide_id":"NER_00084","source":"GSI","state":"Assam","district":"Cachar","landslide_type":"Slide","confidence":"TABLE_EXTRACTED","date":null,"slope_deg":31.28606414794922,"sim_intensity":0.656,"intensity_note":"SIMULATED — heuristic from slope + landslide type, not a measured severity"}},{"type":"Feature","geometry":{"type":"Point","coordinates":[92.462214,25.032989]},"properties":{"landslide_id":"NER_00085","source":"GSI","state":"Assam","district":"Cachar","landslide_type":"Slide","confidence":"TABLE_EXTRACTED","date":null,"slope_deg":28.32282257080078,"sim_intensity":0.623,"intensity_note":"SIMULATED — heuristic from slope + landslide type, not a measured severity"}},{"type":"Feature","geometry":{"type":"Point","coordinates":[92.778753,25.034948]},"properties":{"landslide_id":"NER_00086","source":"GSI","state":"Assam","district":"Dima Hasao","landslide_type":"Slide","confidence":"TABLE_EXTRACTED","date":null,"slope_deg":25.636655807495117,"sim_intensity":0.593,"intensity_note":"SIMULATED — heuristic from slope + landslide type, not a measured severity"}},{"type":"Feature","geometry":{"type":"Point","coordinates":[92.780417,25.0365]},"properties":{"landslide_id":"NER_00087","source":"GSI","state":"Assam","district":"Dima Hasao","landslide_type":"Slide","confidence":"TABLE_EXTRACTED","date":null,"slope_deg":25.216623306274414,"sim_intensity":0.589,"intensity_note":"SIMULATED — heuristic from slope + landslide type, not a measured severity"}},{"type":"Feature","geometry":{"type":"Point","coordinates":[92.450339,25.037203]},"properties":{"landslide_id":"NER_00088","source":"GSI","state":"Assam","district":"Cachar","landslide_type":"Slide","confidence":"TABLE_EXTRACTED","date":null,"slope_deg":19.402328491210938,"sim_intensity":0.524,"intensity_note":"SIMULATED — heuristic from slope + landslide type, not a measured severity"}},{"type":"Feature","geometry":{"type":"Point","coordinates":[92.781889,25.039722]},"properties":{"landslide_id":"NER_00089","source":"GSI","state":"Assam","district":"Dima Hasao","landslide_type":"Slide","confidence":"TABLE_EXTRACTED","date":null,"slope_deg":20.513689041137695,"sim_intensity":0.536,"intensity_note":"SIMULATED — heuristic from slope + landslide type, not a measured severity"}},{"type":"Feature","geometry":{"type":"Point","coordinates":[92.783111,25.041083]},"properties":{"landslide_id":"NER_00090","source":"GSI","state":"Assam","district":"Dima Hasao","landslide_type":"Slide","confidence":"TABLE_EXTRACTED","date":null,"slope_deg":27.907678604125977,"sim_intensity":0.619,"intensity_note":"SIMULATED — heuristic from slope + landslide type, not a measured severity"}},{"type":"Feature","geometry":{"type":"Point","coordinates":[92.789667,25.046444]},"properties":{"landslide_id":"NER_00091","source":"GSI","state":"Assam","district":"Dima Hasao","landslide_type":"Slide","confidence":"TABLE_EXTRACTED","date":null,"slope_deg":24.27999496459961,"sim_intensity":0.579,"intensity_note":"SIMULATED — heuristic from slope + landslide type, not a measured severity"}},{"type":"Feature","geometry":{"type":"Point","coordinates":[92.790111,25.046778]},"properties":{"landslide_id":"NER_00092","source":"GSI","state":"Assam","district":"Dima Hasao","landslide_type":"Slide","confidence":"TABLE_EXTRACTED","date":null,"slope_deg":24.27999496459961,"sim_intensity":0.579,"intensity_note":"SIMULATED — heuristic from slope + landslide type, not a measured severity"}},{"type":"Feature","geometry":{"type":"Point","coordinates":[92.793389,25.047417]},"properties":{"landslide_id":"NER_00093","source":"GSI","state":"Assam","district":"Dima Hasao","landslide_type":"Slide","confidence":"TABLE_EXTRACTED","date":null,"slope_deg":26.954771041870117,"sim_intensity":0.608,"intensity_note":"SIMULATED — heuristic from slope + landslide type, not a measured severity"}},{"type":"Feature","geometry":{"type":"Point","coordinates":[92.78931,25.04783]},"properties":{"landslide_id":"NER_00094","source":"GSI","state":"Assam","district":"Dima Hasao","landslide_type":"Slide","confidence":"TABLE_EXTRACTED","date":null,"slope_deg":16.301124572753906,"sim_intensity":0.49,"intensity_note":"SIMULATED — heuristic from slope + landslide type, not a measured severity"}},{"type":"Feature","geometry":{"type":"Point","coordinates":[92.796722,25.049417]},"properties":{"landslide_id":"NER_00095","source":"GSI","state":"Assam","district":"Dima Hasao","landslide_type":"Slide","confidence":"TABLE_EXTRACTED","date":null,"slope_deg":27.436429977416992,"sim_intensity":0.614,"intensity_note":"SIMULATED — heuristic from slope + landslide type, not a measured severity"}},{"type":"Feature","geometry":{"type":"Point","coordinates":[92.79725,25.049444]},"properties":{"landslide_id":"NER_00096","source":"GSI","state":"Assam","district":"Dima Hasao","landslide_type":"Slide","confidence":"TABLE_EXTRACTED","date":null,"slope_deg":25.853761672973633,"sim_intensity":0.596,"intensity_note":"SIMULATED — heuristic from slope + landslide type, not a measured severity"}},{"type":"Feature","geometry":{"type":"Point","coordinates":[92.799667,25.049917]},"properties":{"landslide_id":"NER_00097","source":"GSI","state":"Assam","district":"Dima Hasao","landslide_type":"Slide","confidence":"TABLE_EXTRACTED","date":null,"slope_deg":26.171903610229492,"sim_intensity":0.6,"intensity_note":"SIMULATED — heuristic from slope + landslide type, not a measured severity"}},{"type":"Feature","geometry":{"type":"Point","coordinates":[92.800333,25.054917]},"properties":{"landslide_id":"NER_00098","source":"GSI","state":"Assam","district":"Dima Hasao","landslide_type":"Slide","confidence":"TABLE_EXTRACTED","date":null,"slope_deg":23.450151443481445,"sim_intensity":0.57,"intensity_note":"SIMULATED — heuristic from slope + landslide type, not a measured severity"}},{"type":"Feature","geometry":{"type":"Point","coordinates":[92.801722,25.056611]},"properties":{"landslide_id":"NER_00099","source":"GSI","state":"Assam","district":"Dima Hasao","landslide_type":"Slide","confidence":"TABLE_EXTRACTED","date":null,"slope_deg":27.920368194580078,"sim_intensity":0.619,"intensity_note":"SIMULATED — heuristic from slope + landslide type, not a measured severity"}},{"type":"Feature","geometry":{"type":"Point","coordinates":[92.807089,25.060088]},"properties":{"landslide_id":"NER_00100","source":"GSI","state":"Assam","district":"Dima Hasao","landslide_type":"Slide","confidence":"TABLE_EXTRACTED","date":null,"slope_deg":26.55081558227539,"sim_intensity":0.615,"intensity_note":"SIMULATED — heuristic from slope + landslide type, not a measured severity"}},{"type":"Feature","geometry":{"type":"Point","coordinates":[92.80675,25.060944]},"properties":{"landslide_id":"NER_00101","source":"GSI","state":"Assam","district":"Dima Hasao","landslide_type":"Slide","confidence":"TABLE_EXTRACTED","date":null,"slope_deg":15.359708786010742,"sim_intensity":0.49,"intensity_note":"SIMULATED — heuristic from slope + landslide type, not a measured severity"}},{"type":"Feature","geometry":{"type":"Point","coordinates":[92.795906,25.061375]},"properties":{"landslide_id":"NER_00102","source":"GSI","state":"Assam","district":"Dima Hasao","landslide_type":"Slide","confidence":"TABLE_EXTRACTED","date":null,"slope_deg":29.085433959960938,"sim_intensity":0.643,"intensity_note":"SIMULATED — heuristic from slope + landslide type, not a measured severity"}},{"type":"Feature","geometry":{"type":"Point","coordinates":[92.806833,25.061417]},"properties":{"landslide_id":"NER_00103","source":"GSI","state":"Assam","district":"Dima Hasao","landslide_type":"Slide","confidence":"TABLE_EXTRACTED","date":null,"slope_deg":23.58169937133789,"sim_intensity":0.582,"intensity_note":"SIMULATED — heuristic from slope + landslide type, not a measured severity"}},{"type":"Feature","geometry":{"type":"Point","coordinates":[92.79345,25.061847]},"properties":{"landslide_id":"NER_00104","source":"GSI","state":"Assam","district":"Dima Hasao","landslide_type":"Slide","confidence":"TABLE_EXTRACTED","date":null,"slope_deg":37.32177734375,"sim_intensity":0.735,"intensity_note":"SIMULATED — heuristic from slope + landslide type, not a measured severity"}},{"type":"Feature","geometry":{"type":"Point","coordinates":[92.795536,25.063378]},"properties":{"landslide_id":"NER_00105","source":"GSI","state":"Assam","district":"Dima Hasao","landslide_type":"Slide","confidence":"TABLE_EXTRACTED","date":null,"slope_deg":23.7702579498291,"sim_intensity":0.584,"intensity_note":"SIMULATED — heuristic from slope + landslide type, not a measured severity"}},{"type":"Feature","geometry":{"type":"Point","coordinates":[92.807796,25.063472]},"properties":{"landslide_id":"NER_00106","source":"GSI","state":"Assam","district":"Dima Hasao","landslide_type":"Slide","confidence":"TABLE_EXTRACTED","date":null,"slope_deg":29.507787704467773,"sim_intensity":0.648,"intensity_note":"SIMULATED — heuristic from slope + landslide type, not a measured severity"}},{"type":"Feature","geometry":{"type":"Point","coordinates":[93.29,25.07]},"properties":{"landslide_id":"NER_00107","source":"GSI","state":"Assam","district":"Dima Hasao","landslide_type":"Slide","confidence":"TABLE_EXTRACTED","date":null,"slope_deg":17.539180755615234,"sim_intensity":0.515,"intensity_note":"SIMULATED — heuristic from slope + landslide type, not a measured severity"}},{"type":"Feature","geometry":{"type":"Point","coordinates":[92.794514,25.072636]},"properties":{"landslide_id":"NER_00108","source":"GSI","state":"Assam","district":"Dima Hasao","landslide_type":"Slide","confidence":"TABLE_EXTRACTED","date":null,"slope_deg":32.81816864013672,"sim_intensity":0.685,"intensity_note":"SIMULATED — heuristic from slope + landslide type, not a measured severity"}},{"type":"Feature","geometry":{"type":"Point","coordinates":[92.814734,25.073228]},"properties":{"landslide_id":"NER_00109","source":"GSI","state":"Assam","district":"Dima Hasao","landslide_type":"Slide","confidence":"TABLE_EXTRACTED","date":null,"slope_deg":20.812009811401367,"sim_intensity":0.551,"intensity_note":"SIMULATED — heuristic from slope + landslide type, not a measured severity"}},{"type":"Feature","geometry":{"type":"Point","coordinates":[92.95379,25.078935]},"properties":{"landslide_id":"NER_00110","source":"GSI","state":"Assam","district":"Dima Hasao","landslide_type":"Slide","confidence":"TABLE_EXTRACTED","date":null,"slope_deg":12.00100326538086,"sim_intensity":0.454,"intensity_note":"SIMULATED — heuristic from slope + landslide type, not a measured severity"}},{"type":"Feature","geometry":{"type":"Point","coordinates":[92.958944,25.088389]},"properties":{"landslide_id":"NER_00111","source":"GSI","state":"Assam","district":"Dima Hasao","landslide_type":"Slide","confidence":"TABLE_EXTRACTED","date":null,"slope_deg":26.165090560913086,"sim_intensity":0.611,"intensity_note":"SIMULATED — heuristic from slope + landslide type, not a measured severity"}},{"type":"Feature","geometry":{"type":"Point","coordinates":[93.28,25.1]},"properties":{"landslide_id":"NER_00112","source":"GSI","state":"Assam","district":"Dima Hasao","landslide_type":"Slide","confidence":"TABLE_EXTRACTED","date":null,"slope_deg":17.012563705444336,"sim_intensity":0.509,"intensity_note":"SIMULATED — heuristic from slope + landslide type, not a measured severity"}},{"type":"Feature","geometry":{"type":"Point","coordinates":[93.28,25.1]},"properties":{"landslide_id":"NER_00113","source":"GSI","state":"Assam","district":"Dima Hasao","landslide_type":"Slide","confidence":"TABLE_EXTRACTED","date":null,"slope_deg":17.012563705444336,"sim_intensity":0.509,"intensity_note":"SIMULATED — heuristic from slope + landslide type, not a measured severity"}},{"type":"Feature","geometry":{"type":"Point","coordinates":[93.28,25.1]},"properties":{"landslide_id":"NER_00114","source":"GSI","state":"Assam","district":"Dima Hasao","landslide_type":"Slide","confidence":"TABLE_EXTRACTED","date":null,"slope_deg":17.012563705444336,"sim_intensity":0.509,"intensity_note":"SIMULATED — heuristic from slope + landslide type, not a measured severity"}},{"type":"Feature","geometry":{"type":"Point","coordinates":[92.986944,25.10275]},"properties":{"landslide_id":"NER_00115","source":"GSI","state":"Assam","district":"Dima Hasao","landslide_type":"Slide","confidence":"TABLE_EXTRACTED","date":null,"slope_deg":28.609272003173828,"sim_intensity":0.638,"intensity_note":"SIMULATED — heuristic from slope + landslide type, not a measured severity"}},{"type":"Feature","geometry":{"type":"Point","coordinates":[92.986883,25.10292]},"properties":{"landslide_id":"NER_00116","source":"GSI","state":"Assam","district":"Dima Hasao","landslide_type":"Slide","confidence":"TABLE_EXTRACTED","date":null,"slope_deg":20.71244239807129,"sim_intensity":0.551,"intensity_note":"SIMULATED — heuristic from slope + landslide type, not a measured severity"}},{"type":"Feature","geometry":{"type":"Point","coordinates":[92.972784,25.105414]},"properties":{"landslide_id":"NER_00117","source":"GSI","state":"Assam","district":"Dima Hasao","landslide_type":"Slide","confidence":"TABLE_EXTRACTED","date":null,"slope_deg":13.213749885559082,"sim_intensity":0.467,"intensity_note":"SIMULATED — heuristic from slope + landslide type, not a measured severity"}},{"type":"Feature","geometry":{"type":"Point","coordinates":[93.001,25.106]},"properties":{"landslide_id":"NER_00118","source":"GSI","state":"Assam","district":"Dima Hasao","landslide_type":"Slide","confidence":"TABLE_EXTRACTED","date":null,"slope_deg":23.56038475036621,"sim_intensity":0.582,"intensity_note":"SIMULATED — heuristic from slope + landslide type, not a measured severity"}},{"type":"Feature","geometry":{"type":"Point","coordinates":[92.991363,25.106956]},"properties":{"landslide_id":"NER_00119","source":"GSI","state":"Assam","district":"Dima Hasao","landslide_type":"Slide","confidence":"TABLE_EXTRACTED","date":null,"slope_deg":16.5968074798584,"sim_intensity":0.505,"intensity_note":"SIMULATED — heuristic from slope + landslide type, not a measured severity"}},{"type":"Feature","geometry":{"type":"Point","coordinates":[93.002,25.107]},"properties":{"landslide_id":"NER_00120","source":"GSI","state":"Assam","district":"Dima Hasao","landslide_type":"Slide","confidence":"TABLE_EXTRACTED","date":null,"slope_deg":30.33937644958496,"sim_intensity":0.658,"intensity_note":"SIMULATED — heuristic from slope + landslide type, not a measured severity"}},{"type":"Feature","geometry":{"type":"Point","coordinates":[92.885543,25.107546]},"properties":{"landslide_id":"NER_00121","source":"GSI","state":"Assam","district":"Dima Hasao","landslide_type":"Slide","confidence":"TABLE_EXTRACTED","date":null,"slope_deg":12.00100326538086,"sim_intensity":0.454,"intensity_note":"SIMULATED — heuristic from slope + landslide type, not a measured severity"}},{"type":"Feature","geometry":{"type":"Point","coordinates":[93.003,25.108]},"properties":{"landslide_id":"NER_00122","source":"GSI","state":"Assam","district":"Dima Hasao","landslide_type":"Slide","confidence":"TABLE_EXTRACTED","date":null,"slope_deg":17.65049934387207,"sim_intensity":0.517,"intensity_note":"SIMULATED — heuristic from slope + landslide type, not a measured severity"}},{"type":"Feature","geometry":{"type":"Point","coordinates":[92.978048,25.108759]},"properties":{"landslide_id":"NER_00123","source":"GSI","state":"Assam","district":"Dima Hasao","landslide_type":"Slide","confidence":"TABLE_EXTRACTED","date":null,"slope_deg":17.994537353515625,"sim_intensity":0.521,"intensity_note":"SIMULATED — heuristic from slope + landslide type, not a measured severity"}},{"type":"Feature","geometry":{"type":"Point","coordinates":[92.975139,25.108806]},"properties":{"landslide_id":"NER_00124","source":"GSI","state":"Assam","district":"Dima Hasao","landslide_type":"Slide","confidence":"TABLE_EXTRACTED","date":null,"slope_deg":13.664369583129883,"sim_intensity":0.473,"intensity_note":"SIMULATED — heuristic from slope + landslide type, not a measured severity"}},{"type":"Feature","geometry":{"type":"Point","coordinates":[92.929125,25.108877]},"properties":{"landslide_id":"NER_00125","source":"GSI","state":"Assam","district":"Dima Hasao","landslide_type":"Slide","confidence":"TABLE_EXTRACTED","date":null,"slope_deg":12.758365631103516,"sim_intensity":0.463,"intensity_note":"SIMULATED — heuristic from slope + landslide type, not a measured severity"}},{"type":"Feature","geometry":{"type":"Point","coordinates":[92.86881,25.11219]},"properties":{"landslide_id":"NER_00126","source":"GSI","state":"Assam","district":"Dima Hasao","landslide_type":"Slide","confidence":"TABLE_EXTRACTED","date":null,"slope_deg":12.490531921386719,"sim_intensity":0.46,"intensity_note":"SIMULATED — heuristic from slope + landslide type, not a measured severity"}},{"type":"Feature","geometry":{"type":"Point","coordinates":[92.87756,25.11286]},"properties":{"landslide_id":"NER_00127","source":"GSI","state":"Assam","district":"Dima Hasao","landslide_type":"Slide","confidence":"TABLE_EXTRACTED","date":null,"slope_deg":15.705808639526367,"sim_intensity":0.495,"intensity_note":"SIMULATED — heuristic from slope + landslide type, not a measured severity"}},{"type":"Feature","geometry":{"type":"Point","coordinates":[92.95433,25.11297]},"properties":{"landslide_id":"NER_00128","source":"GSI","state":"Assam","district":"Dima Hasao","landslide_type":"Slide","confidence":"TABLE_EXTRACTED","date":null,"slope_deg":11.306952476501465,"sim_intensity":0.447,"intensity_note":"SIMULATED — heuristic from slope + landslide type, not a measured severity"}},{"type":"Feature","geometry":{"type":"Point","coordinates":[93.014,25.118]},"properties":{"landslide_id":"NER_00129","source":"GSI","state":"Assam","district":"Dima Hasao","landslide_type":"Slide","confidence":"TABLE_EXTRACTED","date":null,"slope_deg":19.384071350097656,"sim_intensity":0.536,"intensity_note":"SIMULATED — heuristic from slope + landslide type, not a measured severity"}},{"type":"Feature","geometry":{"type":"Point","coordinates":[93.017,25.119]},"properties":{"landslide_id":"NER_00130","source":"GSI","state":"Assam","district":"Dima Hasao","landslide_type":"Slide","confidence":"TABLE_EXTRACTED","date":null,"slope_deg":13.959118843078613,"sim_intensity":0.476,"intensity_note":"SIMULATED — heuristic from slope + landslide type, not a measured severity"}},{"type":"Feature","geometry":{"type":"Point","coordinates":[93.018,25.119]},"properties":{"landslide_id":"NER_00131","source":"GSI","state":"Assam","district":"Dima Hasao","landslide_type":"Slide","confidence":"TABLE_EXTRACTED","date":null,"slope_deg":19.197181701660156,"sim_intensity":0.535,"intensity_note":"SIMULATED — heuristic from slope + landslide type, not a measured severity"}},{"type":"Feature","geometry":{"type":"Point","coordinates":[93.02,25.12]},"properties":{"landslide_id":"NER_00132","source":"GSI","state":"Assam","district":"Dima Hasao","landslide_type":"Slide","confidence":"TABLE_EXTRACTED","date":null,"slope_deg":16.5416259765625,"sim_intensity":0.505,"intensity_note":"SIMULATED — heuristic from slope + landslide type, not a measured severity"}},{"type":"Feature","geometry":{"type":"Point","coordinates":[92.915028,25.121]},"properties":{"landslide_id":"NER_00133","source":"GSI","state":"Assam","district":"Dima Hasao","landslide_type":"Slide","confidence":"TABLE_EXTRACTED","date":null,"slope_deg":15.172274589538574,"sim_intensity":0.49,"intensity_note":"SIMULATED — heuristic from slope + landslide type, not a measured severity"}},{"type":"Feature","geometry":{"type":"Point","coordinates":[93.025,25.122]},"properties":{"landslide_id":"NER_00134","source":"GSI","state":"Assam","district":"Dima Hasao","landslide_type":"Slide","confidence":"TABLE_EXTRACTED","date":null,"slope_deg":21.41327476501465,"sim_intensity":0.559,"intensity_note":"SIMULATED — heuristic from slope + landslide type, not a measured severity"}},{"type":"Feature","geometry":{"type":"Point","coordinates":[93.026,25.122]},"properties":{"landslide_id":"NER_00135","source":"GSI","state":"Assam","district":"Dima Hasao","landslide_type":"Slide","confidence":"TABLE_EXTRACTED","date":null,"slope_deg":23.943689346313477,"sim_intensity":0.587,"intensity_note":"SIMULATED — heuristic from slope + landslide type, not a measured severity"}},{"type":"Feature","geometry":{"type":"Point","coordinates":[93.034,25.123]},"properties":{"landslide_id":"NER_00136","source":"GSI","state":"Assam","district":"Dima Hasao","landslide_type":"Slide","confidence":"TABLE_EXTRACTED","date":null,"slope_deg":26.838136672973633,"sim_intensity":0.62,"intensity_note":"SIMULATED — heuristic from slope + landslide type, not a measured severity"}},{"type":"Feature","geometry":{"type":"Point","coordinates":[93.033,25.123]},"properties":{"landslide_id":"NER_00137","source":"GSI","state":"Assam","district":"Dima Hasao","landslide_type":"Slide","confidence":"TABLE_EXTRACTED","date":null,"slope_deg":35.674415588378906,"sim_intensity":0.718,"intensity_note":"SIMULATED — heuristic from slope + landslide type, not a measured severity"}},{"type":"Feature","geometry":{"type":"Point","coordinates":[92.904278,25.124306]},"properties":{"landslide_id":"NER_00138","source":"GSI","state":"Assam","district":"Dima Hasao","landslide_type":"Slide","confidence":"TABLE_EXTRACTED","date":null,"slope_deg":19.022491455078125,"sim_intensity":0.533,"intensity_note":"SIMULATED — heuristic from slope + landslide type, not a measured severity"}},{"type":"Feature","geometry":{"type":"Point","coordinates":[92.989111,25.124583]},"properties":{"landslide_id":"NER_00139","source":"GSI","state":"Assam","district":"Dima Hasao","landslide_type":"Slide","confidence":"TABLE_EXTRACTED","date":null,"slope_deg":16.869367599487305,"sim_intensity":0.509,"intensity_note":"SIMULATED — heuristic from slope + landslide type, not a measured severity"}},{"type":"Feature","geometry":{"type":"Point","coordinates":[92.97418,25.12906]},"properties":{"landslide_id":"NER_00140","source":"GSI","state":"Assam","district":"Dima Hasao","landslide_type":"Slide","confidence":"TABLE_EXTRACTED","date":null,"slope_deg":25.127906799316406,"sim_intensity":0.601,"intensity_note":"SIMULATED — heuristic from slope + landslide type, not a measured severity"}},{"type":"Feature","geometry":{"type":"Point","coordinates":[93.27,25.13]},"properties":{"landslide_id":"NER_00141","source":"GSI","state":"Assam","district":"Dima Hasao","landslide_type":"Slide","confidence":"TABLE_EXTRACTED","date":null,"slope_deg":21.704679489135742,"sim_intensity":0.563,"intensity_note":"SIMULATED — heuristic from slope + landslide type, not a measured severity"}},{"type":"Feature","geometry":{"type":"Point","coordinates":[93.29,25.13]},"properties":{"landslide_id":"NER_00142","source":"GSI","state":"Assam","district":"Dima Hasao","landslide_type":"Slide","confidence":"TABLE_EXTRACTED","date":null,"slope_deg":30.080554962158203,"sim_intensity":0.656,"intensity_note":"SIMULATED — heuristic from slope + landslide type, not a measured severity"}},{"type":"Feature","geometry":{"type":"Point","coordinates":[93.045,25.134]},"properties":{"landslide_id":"NER_00143","source":"GSI","state":"Assam","district":"Dima Hasao","landslide_type":"Slide","confidence":"TABLE_EXTRACTED","date":null,"slope_deg":7.011451244354248,"sim_intensity":0.4,"intensity_note":"SIMULATED — heuristic from slope + landslide type, not a measured severity"}},{"type":"Feature","geometry":{"type":"Point","coordinates":[93.018972,25.134472]},"properties":{"landslide_id":"NER_00144","source":"GSI","state":"Assam","district":"Dima Hasao","landslide_type":"Slide","confidence":"TABLE_EXTRACTED","date":null,"slope_deg":15.618285179138184,"sim_intensity":0.495,"intensity_note":"SIMULATED — heuristic from slope + landslide type, not a measured severity"}},{"type":"Feature","geometry":{"type":"Point","coordinates":[93.04,25.135]},"properties":{"landslide_id":"NER_00145","source":"GSI","state":"Assam","district":"Dima Hasao","landslide_type":"Slide","confidence":"TABLE_EXTRACTED","date":null,"slope_deg":14.561984062194824,"sim_intensity":0.484,"intensity_note":"SIMULATED — heuristic from slope + landslide type, not a measured severity"}},{"type":"Feature","geometry":{"type":"Point","coordinates":[93.04,25.135]},"properties":{"landslide_id":"NER_00146","source":"GSI","state":"Assam","district":"Dima Hasao","landslide_type":"Slide","confidence":"TABLE_EXTRACTED","date":null,"slope_deg":14.561984062194824,"sim_intensity":0.484,"intensity_note":"SIMULATED — heuristic from slope + landslide type, not a measured severity"}},{"type":"Feature","geometry":{"type":"Point","coordinates":[93.04,25.136]},"properties":{"landslide_id":"NER_00147","source":"GSI","state":"Assam","district":"Dima Hasao","landslide_type":"Slide","confidence":"TABLE_EXTRACTED","date":null,"slope_deg":8.586931228637695,"sim_intensity":0.417,"intensity_note":"SIMULATED — heuristic from slope + landslide type, not a measured severity"}},{"type":"Feature","geometry":{"type":"Point","coordinates":[93.04,25.137]},"properties":{"landslide_id":"NER_00148","source":"GSI","state":"Assam","district":"Dima Hasao","landslide_type":"Slide","confidence":"TABLE_EXTRACTED","date":null,"slope_deg":9.339021682739258,"sim_intensity":0.426,"intensity_note":"SIMULATED — heuristic from slope + landslide type, not a measured severity"}},{"type":"Feature","geometry":{"type":"Point","coordinates":[93.034,25.137]},"properties":{"landslide_id":"NER_00149","source":"GSI","state":"Assam","district":"Dima Hasao","landslide_type":"Flow","confidence":"TABLE_EXTRACTED","date":null,"slope_deg":18.4107608795166,"sim_intensity":0.586,"intensity_note":"SIMULATED — heuristic from slope + landslide type, not a measured severity"}},{"type":"Feature","geometry":{"type":"Point","coordinates":[93.04,25.137]},"properties":{"landslide_id":"NER_00150","source":"GSI","state":"Assam","district":"Dima Hasao","landslide_type":"Slide","confidence":"TABLE_EXTRACTED","date":null,"slope_deg":9.339021682739258,"sim_intensity":0.426,"intensity_note":"SIMULATED — heuristic from slope + landslide type, not a measured severity"}},{"type":"Feature","geometry":{"type":"Point","coordinates":[93.018,25.137]},"properties":{"landslide_id":"NER_00151","source":"GSI","state":"Assam","district":"Dima Hasao","landslide_type":"Slide","confidence":"TABLE_EXTRACTED","date":null,"slope_deg":3.9651176929473877,"sim_intensity":0.366,"intensity_note":"SIMULATED — heuristic from slope + landslide type, not a measured severity"}},{"type":"Feature","geometry":{"type":"Point","coordinates":[93.025,25.139]},"properties":{"landslide_id":"NER_00152","source":"GSI","state":"Assam","district":"Dima Hasao","landslide_type":"Slide","confidence":"TABLE_EXTRACTED","date":null,"slope_deg":13.455716133117676,"sim_intensity":0.472,"intensity_note":"SIMULATED — heuristic from slope + landslide type, not a measured severity"}},{"type":"Feature","geometry":{"type":"Point","coordinates":[93.025,25.139]},"properties":{"landslide_id":"NER_00153","source":"GSI","state":"Assam","district":"Dima Hasao","landslide_type":"Slide","confidence":"TABLE_EXTRACTED","date":null,"slope_deg":13.455716133117676,"sim_intensity":0.472,"intensity_note":"SIMULATED — heuristic from slope + landslide type, not a measured severity"}},{"type":"Feature","geometry":{"type":"Point","coordinates":[93.04,25.139]},"properties":{"landslide_id":"NER_00154","source":"GSI","state":"Assam","district":"Dima Hasao","landslide_type":"Slide","confidence":"TABLE_EXTRACTED","date":null,"slope_deg":15.18152141571045,"sim_intensity":0.491,"intensity_note":"SIMULATED — heuristic from slope + landslide type, not a measured severity"}},{"type":"Feature","geometry":{"type":"Point","coordinates":[93.019556,25.139611]},"properties":{"landslide_id":"NER_00155","source":"GSI","state":"Assam","district":"Dima Hasao","landslide_type":"Slide","confidence":"TABLE_EXTRACTED","date":null,"slope_deg":3.7529704570770264,"sim_intensity":0.364,"intensity_note":"SIMULATED — heuristic from slope + landslide type, not a measured severity"}},{"type":"Feature","geometry":{"type":"Point","coordinates":[93.31,25.14]},"properties":{"landslide_id":"NER_00156","source":"GSI","state":"Assam","district":"Dima Hasao","landslide_type":"Slide","confidence":"TABLE_EXTRACTED","date":null,"slope_deg":12.810478210449219,"sim_intensity":0.465,"intensity_note":"SIMULATED — heuristic from slope + landslide type, not a measured severity"}},{"type":"Feature","geometry":{"type":"Point","coordinates":[93.3,25.14]},"properties":{"landslide_id":"NER_00157","source":"GSI","state":"Assam","district":"Dima Hasao","landslide_type":"Slide","confidence":"TABLE_EXTRACTED","date":null,"slope_deg":12.077475547790527,"sim_intensity":0.457,"intensity_note":"SIMULATED — heuristic from slope + landslide type, not a measured severity"}},{"type":"Feature","geometry":{"type":"Point","coordinates":[93.020389,25.140417]},"properties":{"landslide_id":"NER_00158","source":"GSI","state":"Assam","district":"Dima Hasao","landslide_type":"Slide","confidence":"TABLE_EXTRACTED","date":null,"slope_deg":11.324307441711426,"sim_intensity":0.448,"intensity_note":"SIMULATED — heuristic from slope + landslide type, not a measured severity"}},{"type":"Feature","geometry":{"type":"Point","coordinates":[93.04,25.142]},"properties":{"landslide_id":"NER_00159","source":"GSI","state":"Assam","district":"Dima Hasao","landslide_type":"Slide","confidence":"TABLE_EXTRACTED","date":null,"slope_deg":9.381805419921875,"sim_intensity":0.427,"intensity_note":"SIMULATED — heuristic from slope + landslide type, not a measured severity"}},{"type":"Feature","geometry":{"type":"Point","coordinates":[93.04,25.142]},"properties":{"landslide_id":"NER_00160","source":"GSI","state":"Assam","district":"Dima Hasao","landslide_type":"Slide","confidence":"TABLE_EXTRACTED","date":null,"slope_deg":9.381805419921875,"sim_intensity":0.427,"intensity_note":"SIMULATED — heuristic from slope + landslide type, not a measured severity"}},{"type":"Feature","geometry":{"type":"Point","coordinates":[93.158,25.145]},"properties":{"landslide_id":"NER_00161","source":"GSI","state":"Assam","district":"Dima Hasao","landslide_type":"Slide","confidence":"TABLE_EXTRACTED","date":null,"slope_deg":22.942380905151367,"sim_intensity":0.578,"intensity_note":"SIMULATED — heuristic from slope + landslide type, not a measured severity"}},{"type":"Feature","geometry":{"type":"Point","coordinates":[93.029167,25.14525]},"properties":{"landslide_id":"NER_00162","source":"GSI","state":"Assam","district":"Dima Hasao","landslide_type":"Slide","confidence":"TABLE_EXTRACTED","date":null,"slope_deg":22.29700469970703,"sim_intensity":0.571,"intensity_note":"SIMULATED — heuristic from slope + landslide type, not a measured severity"}},{"type":"Feature","geometry":{"type":"Point","coordinates":[93.024194,25.145861]},"properties":{"landslide_id":"NER_00163","source":"GSI","state":"Assam","district":"Dima Hasao","landslide_type":"Slide","confidence":"TABLE_EXTRACTED","date":null,"slope_deg":12.536747932434082,"sim_intensity":0.462,"intensity_note":"SIMULATED — heuristic from slope + landslide type, not a measured severity"}},{"type":"Feature","geometry":{"type":"Point","coordinates":[93.942167,25.146306]},"properties":{"landslide_id":"NER_00164","source":"GSI","state":"Assam","district":"Dima Hasao","landslide_type":"Slide","confidence":"TABLE_EXTRACTED","date":null,"slope_deg":16.448354721069336,"sim_intensity":0.506,"intensity_note":"SIMULATED — heuristic from slope + landslide type, not a measured severity"}},{"type":"Feature","geometry":{"type":"Point","coordinates":[93.030972,25.146778]},"properties":{"landslide_id":"NER_00165","source":"GSI","state":"Assam","district":"Dima Hasao","landslide_type":"Slide","confidence":"TABLE_EXTRACTED","date":null,"slope_deg":26.6910457611084,"sim_intensity":0.619,"intensity_note":"SIMULATED — heuristic from slope + landslide type, not a measured severity"}},{"type":"Feature","geometry":{"type":"Point","coordinates":[93.031917,25.148722]},"properties":{"landslide_id":"NER_00166","source":"GSI","state":"Assam","district":"Dima Hasao","landslide_type":"Slide","confidence":"TABLE_EXTRACTED","date":null,"slope_deg":20.059322357177734,"sim_intensity":0.546,"intensity_note":"SIMULATED — heuristic from slope + landslide type, not a measured severity"}},{"type":"Feature","geometry":{"type":"Point","coordinates":[93.37,25.15]},"properties":{"landslide_id":"NER_00167","source":"GSI","state":"Assam","district":"Dima Hasao","landslide_type":"Slide","confidence":"TABLE_EXTRACTED","date":null,"slope_deg":28.7357120513916,"sim_intensity":0.642,"intensity_note":"SIMULATED — heuristic from slope + landslide type, not a measured severity"}},{"type":"Feature","geometry":{"type":"Point","coordinates":[93.025833,25.150694]},"properties":{"landslide_id":"NER_00168","source":"GSI","state":"Assam","district":"Dima Hasao","landslide_type":"Slide","confidence":"TABLE_EXTRACTED","date":null,"slope_deg":14.926737785339355,"sim_intensity":0.489,"intensity_note":"SIMULATED — heuristic from slope + landslide type, not a measured severity"}},{"type":"Feature","geometry":{"type":"Point","coordinates":[93.067,25.155]},"properties":{"landslide_id":"NER_00169","source":"GSI","state":"Assam","district":"Dima Hasao","landslide_type":"Slide","confidence":"TABLE_EXTRACTED","date":null,"slope_deg":16.989641189575195,"sim_intensity":0.512,"intensity_note":"SIMULATED — heuristic from slope + landslide type, not a measured severity"}},{"type":"Feature","geometry":{"type":"Point","coordinates":[93.067,25.155]},"properties":{"landslide_id":"NER_00170","source":"GSI","state":"Assam","district":"Dima Hasao","landslide_type":"Slide","confidence":"TABLE_EXTRACTED","date":null,"slope_deg":16.989641189575195,"sim_intensity":0.512,"intensity_note":"SIMULATED — heuristic from slope + landslide type, not a measured severity"}},{"type":"Feature","geometry":{"type":"Point","coordinates":[93.073,25.155]},"properties":{"landslide_id":"NER_00171","source":"GSI","state":"Assam","district":"Dima Hasao","landslide_type":"Slide","confidence":"TABLE_EXTRACTED","date":null,"slope_deg":9.449078559875488,"sim_intensity":0.428,"intensity_note":"SIMULATED — heuristic from slope + landslide type, not a measured severity"}},{"type":"Feature","geometry":{"type":"Point","coordinates":[93.022222,25.155611]},"properties":{"landslide_id":"NER_00172","source":"GSI","state":"Assam","district":"Dima Hasao","landslide_type":"Slide","confidence":"TABLE_EXTRACTED","date":null,"slope_deg":13.797075271606445,"sim_intensity":0.477,"intensity_note":"SIMULATED — heuristic from slope + landslide type, not a measured severity"}},{"type":"Feature","geometry":{"type":"Point","coordinates":[93.022778,25.155722]},"properties":{"landslide_id":"NER_00173","source":"GSI","state":"Assam","district":"Dima Hasao","landslide_type":"Slide","confidence":"TABLE_EXTRACTED","date":null,"slope_deg":13.797075271606445,"sim_intensity":0.477,"intensity_note":"SIMULATED — heuristic from slope + landslide type, not a measured severity"}},{"type":"Feature","geometry":{"type":"Point","coordinates":[93.018,25.156]},"properties":{"landslide_id":"NER_00174","source":"GSI","state":"Assam","district":"Dima Hasao","landslide_type":"Slide","confidence":"TABLE_EXTRACTED","date":null,"slope_deg":12.815735816955566,"sim_intensity":0.466,"intensity_note":"SIMULATED — heuristic from slope + landslide type, not a measured severity"}},{"type":"Feature","geometry":{"type":"Point","coordinates":[93.018389,25.156389]},"properties":{"landslide_id":"NER_00175","source":"GSI","state":"Assam","district":"Dima Hasao","landslide_type":"Slide","confidence":"TABLE_EXTRACTED","date":null,"slope_deg":24.912418365478516,"sim_intensity":0.6,"intensity_note":"SIMULATED — heuristic from slope + landslide type, not a measured severity"}},{"type":"Feature","geometry":{"type":"Point","coordinates":[93.019611,25.156583]},"properties":{"landslide_id":"NER_00176","source":"GSI","state":"Assam","district":"Dima Hasao","landslide_type":"Slide","confidence":"TABLE_EXTRACTED","date":null,"slope_deg":13.619649887084961,"sim_intensity":0.475,"intensity_note":"SIMULATED — heuristic from slope + landslide type, not a measured severity"}},{"type":"Feature","geometry":{"type":"Point","coordinates":[93.017667,25.156694]},"properties":{"landslide_id":"NER_00177","source":"GSI","state":"Assam","district":"Dima Hasao","landslide_type":"Slide","confidence":"TABLE_EXTRACTED","date":null,"slope_deg":24.579853057861328,"sim_intensity":0.596,"intensity_note":"SIMULATED — heuristic from slope + landslide type, not a measured severity"}},{"type":"Feature","geometry":{"type":"Point","coordinates":[93.062,25.157]},"properties":{"landslide_id":"NER_00178","source":"GSI","state":"Assam","district":"Dima Hasao","landslide_type":"Slide","confidence":"TABLE_EXTRACTED","date":null,"slope_deg":6.503809452056885,"sim_intensity":0.396,"intensity_note":"SIMULATED — heuristic from slope + landslide type, not a measured severity"}},{"type":"Feature","geometry":{"type":"Point","coordinates":[93.066,25.157]},"properties":{"landslide_id":"NER_00179","source":"GSI","state":"Assam","district":"Dima Hasao","landslide_type":"Slide","confidence":"TABLE_EXTRACTED","date":null,"slope_deg":14.982183456420898,"sim_intensity":0.49,"intensity_note":"SIMULATED — heuristic from slope + landslide type, not a measured severity"}},{"type":"Feature","geometry":{"type":"Point","coordinates":[93.017194,25.157139]},"properties":{"landslide_id":"NER_00180","source":"GSI","state":"Assam","district":"Dima Hasao","landslide_type":"Slide","confidence":"TABLE_EXTRACTED","date":null,"slope_deg":22.550580978393555,"sim_intensity":0.574,"intensity_note":"SIMULATED — heuristic from slope + landslide type, not a measured severity"}},{"type":"Feature","geometry":{"type":"Point","coordinates":[93.016083,25.157361]},"properties":{"landslide_id":"NER_00181","source":"GSI","state":"Assam","district":"Dima Hasao","landslide_type":"Slide","confidence":"TABLE_EXTRACTED","date":null,"slope_deg":23.10912322998047,"sim_intensity":0.581,"intensity_note":"SIMULATED — heuristic from slope + landslide type, not a measured severity"}},{"type":"Feature","geometry":{"type":"Point","coordinates":[93.017,25.159333]},"properties":{"landslide_id":"NER_00182","source":"GSI","state":"Assam","district":"Dima Hasao","landslide_type":"Slide","confidence":"TABLE_EXTRACTED","date":null,"slope_deg":3.9651176929473877,"sim_intensity":0.368,"intensity_note":"SIMULATED — heuristic from slope + landslide type, not a measured severity"}},{"type":"Feature","geometry":{"type":"Point","coordinates":[93.023167,25.163444]},"properties":{"landslide_id":"NER_00183","source":"GSI","state":"Assam","district":"Dima Hasao","landslide_type":"Slide","confidence":"TABLE_EXTRACTED","date":null,"slope_deg":20.972938537597656,"sim_intensity":0.557,"intensity_note":"SIMULATED — heuristic from slope + landslide type, not a measured severity"}},{"type":"Feature","geometry":{"type":"Point","coordinates":[93.040194,25.164]},"properties":{"landslide_id":"NER_00184","source":"GSI","state":"Assam","district":"Dima Hasao","landslide_type":"Slide","confidence":"TABLE_EXTRACTED","date":null,"slope_deg":16.02071189880371,"sim_intensity":0.502,"intensity_note":"SIMULATED — heuristic from slope + landslide type, not a measured severity"}},{"type":"Feature","geometry":{"type":"Point","coordinates":[93.025444,25.165639]},"properties":{"landslide_id":"NER_00185","source":"GSI","state":"Assam","district":"Dima Hasao","landslide_type":"Slide","confidence":"TABLE_EXTRACTED","date":null,"slope_deg":20.260276794433594,"sim_intensity":0.549,"intensity_note":"SIMULATED — heuristic from slope + landslide type, not a measured severity"}},{"type":"Feature","geometry":{"type":"Point","coordinates":[93.155,25.169]},"properties":{"landslide_id":"NER_00186","source":"GSI","state":"Assam","district":"Dima Hasao","landslide_type":"Slide","confidence":"TABLE_EXTRACTED","date":null,"slope_deg":12.005488395690918,"sim_intensity":0.457,"intensity_note":"SIMULATED — heuristic from slope + landslide type, not a measured severity"}},{"type":"Feature","geometry":{"type":"Point","coordinates":[93.156,25.169]},"properties":{"landslide_id":"NER_00187","source":"GSI","state":"Assam","district":"Dima Hasao","landslide_type":"Slide","confidence":"TABLE_EXTRACTED","date":null,"slope_deg":7.4627580642700195,"sim_intensity":0.407,"intensity_note":"SIMULATED — heuristic from slope + landslide type, not a measured severity"}},{"type":"Feature","geometry":{"type":"Point","coordinates":[93.36,25.17]},"properties":{"landslide_id":"NER_00188","source":"GSI","state":"Assam","district":"Dima Hasao","landslide_type":"Slide","confidence":"TABLE_EXTRACTED","date":null,"slope_deg":43.83115005493164,"sim_intensity":0.811,"intensity_note":"SIMULATED — heuristic from slope + landslide type, not a measured severity"}},{"type":"Feature","geometry":{"type":"Point","coordinates":[93.29,25.17]},"properties":{"landslide_id":"NER_00189","source":"GSI","state":"Assam","district":"Dima Hasao","landslide_type":"Slide","confidence":"TABLE_EXTRACTED","date":null,"slope_deg":23.477705001831055,"sim_intensity":0.585,"intensity_note":"SIMULATED — heuristic from slope + landslide type, not a measured severity"}},{"type":"Feature","geometry":{"type":"Point","coordinates":[93.003944,25.171889]},"properties":{"landslide_id":"NER_00190","source":"GSI","state":"Assam","district":"Dima Hasao","landslide_type":"Slide","confidence":"TABLE_EXTRACTED","date":null,"slope_deg":13.17435073852539,"sim_intensity":0.471,"intensity_note":"SIMULATED — heuristic from slope + landslide type, not a measured severity"}},{"type":"Feature","geometry":{"type":"Point","coordinates":[93.020417,25.175056]},"properties":{"landslide_id":"NER_00191","source":"GSI","state":"Assam","district":"Dima Hasao","landslide_type":"Slide","confidence":"TABLE_EXTRACTED","date":null,"slope_deg":20.002798080444336,"sim_intensity":0.547,"intensity_note":"SIMULATED — heuristic from slope + landslide type, not a measured severity"}},{"type":"Feature","geometry":{"type":"Point","coordinates":[93.020167,25.175972]},"properties":{"landslide_id":"NER_00192","source":"GSI","state":"Assam","district":"Dima Hasao","landslide_type":"Slide","confidence":"TABLE_EXTRACTED","date":null,"slope_deg":24.705764770507812,"sim_intensity":0.599,"intensity_note":"SIMULATED — heuristic from slope + landslide type, not a measured severity"}},{"type":"Feature","geometry":{"type":"Point","coordinates":[93.116139,25.176389]},"properties":{"landslide_id":"NER_00193","source":"GSI","state":"Assam","district":"Dima Hasao","landslide_type":"Slide","confidence":"TABLE_EXTRACTED","date":null,"slope_deg":13.187190055847168,"sim_intensity":0.471,"intensity_note":"SIMULATED — heuristic from slope + landslide type, not a measured severity"}},{"type":"Feature","geometry":{"type":"Point","coordinates":[93.026556,25.176917]},"properties":{"landslide_id":"NER_00194","source":"GSI","state":"Assam","district":"Dima Hasao","landslide_type":"Slide","confidence":"TABLE_EXTRACTED","date":null,"slope_deg":16.054019927978516,"sim_intensity":0.503,"intensity_note":"SIMULATED — heuristic from slope + landslide type, not a measured severity"}},{"type":"Feature","geometry":{"type":"Point","coordinates":[93.020889,25.177028]},"properties":{"landslide_id":"NER_00195","source":"GSI","state":"Assam","district":"Dima Hasao","landslide_type":"Slide","confidence":"TABLE_EXTRACTED","date":null,"slope_deg":12.658868789672852,"sim_intensity":0.465,"intensity_note":"SIMULATED — heuristic from slope + landslide type, not a measured severity"}},{"type":"Feature","geometry":{"type":"Point","coordinates":[93.026222,25.1775]},"properties":{"landslide_id":"NER_00196","source":"GSI","state":"Assam","district":"Dima Hasao","landslide_type":"Slide","confidence":"TABLE_EXTRACTED","date":null,"slope_deg":13.971497535705566,"sim_intensity":0.48,"intensity_note":"SIMULATED — heuristic from slope + landslide type, not a measured severity"}},{"type":"Feature","geometry":{"type":"Point","coordinates":[93.070778,25.179861]},"properties":{"landslide_id":"NER_00197","source":"GSI","state":"Assam","district":"Dima Hasao","landslide_type":"Slide","confidence":"TABLE_EXTRACTED","date":null,"slope_deg":9.22486400604248,"sim_intensity":0.427,"intensity_note":"SIMULATED — heuristic from slope + landslide type, not a measured severity"}},{"type":"Feature","geometry":{"type":"Point","coordinates":[93.33,25.18]},"properties":{"landslide_id":"NER_00198","source":"GSI","state":"Assam","district":"Dima Hasao","landslide_type":"Slide","confidence":"TABLE_EXTRACTED","date":null,"slope_deg":31.827552795410156,"sim_intensity":0.678,"intensity_note":"SIMULATED — heuristic from slope + landslide type, not a measured severity"}},{"type":"Feature","geometry":{"type":"Point","coordinates":[93.3,25.18]},"properties":{"landslide_id":"NER_00199","source":"GSI","state":"Assam","district":"Dima Hasao","landslide_type":"Slide","confidence":"TABLE_EXTRACTED","date":null,"slope_deg":28.466793060302734,"sim_intensity":0.641,"intensity_note":"SIMULATED — heuristic from slope + landslide type, not a measured severity"}},{"type":"Feature","geometry":{"type":"Point","coordinates":[93.3,25.18]},"properties":{"landslide_id":"NER_00200","source":"GSI","state":"Assam","district":"Dima Hasao","landslide_type":"Slide","confidence":"TABLE_EXTRACTED","date":null,"slope_deg":28.466793060302734,"sim_intensity":0.651,"intensity_note":"SIMULATED — heuristic from slope + landslide type, not a measured severity"}},{"type":"Feature","geometry":{"type":"Point","coordinates":[93.3,25.18]},"properties":{"landslide_id":"NER_00201","source":"GSI","state":"Assam","district":"Dima Hasao","landslide_type":"Slide","confidence":"TABLE_EXTRACTED","date":null,"slope_deg":28.466793060302734,"sim_intensity":0.651,"intensity_note":"SIMULATED — heuristic from slope + landslide type, not a measured severity"}},{"type":"Feature","geometry":{"type":"Point","coordinates":[93.125639,25.184528]},"properties":{"landslide_id":"NER_00202","source":"GSI","state":"Assam","district":"Dima Hasao","landslide_type":"Slide","confidence":"TABLE_EXTRACTED","date":null,"slope_deg":15.681938171386719,"sim_intensity":0.509,"intensity_note":"SIMULATED — heuristic from slope + landslide type, not a measured severity"}},{"type":"Feature","geometry":{"type":"Point","coordinates":[93.104,25.186]},"properties":{"landslide_id":"NER_00203","source":"GSI","state":"Assam","district":"Dima Hasao","landslide_type":"Slide","confidence":"TABLE_EXTRACTED","date":null,"slope_deg":4.192135810852051,"sim_intensity":0.382,"intensity_note":"SIMULATED — heuristic from slope + landslide type, not a measured severity"}},{"type":"Feature","geometry":{"type":"Point","coordinates":[93.120556,25.18725]},"properties":{"landslide_id":"NER_00204","source":"GSI","state":"Assam","district":"Dima Hasao","landslide_type":"Slide","confidence":"TABLE_EXTRACTED","date":null,"slope_deg":1.854277491569519,"sim_intensity":0.356,"intensity_note":"SIMULATED — heuristic from slope + landslide type, not a measured severity"}},{"type":"Feature","geometry":{"type":"Point","coordinates":[93.066,25.188]},"properties":{"landslide_id":"NER_00205","source":"GSI","state":"Assam","district":"Dima Hasao","landslide_type":"Slide","confidence":"TABLE_EXTRACTED","date":null,"slope_deg":2.9950873851776123,"sim_intensity":0.369,"intensity_note":"SIMULATED — heuristic from slope + landslide type, not a measured severity"}},{"type":"Feature","geometry":{"type":"Point","coordinates":[93.019667,25.188444]},"properties":{"landslide_id":"NER_00206","source":"GSI","state":"Assam","district":"Dima Hasao","landslide_type":"Slide","confidence":"TABLE_EXTRACTED","date":null,"slope_deg":15.644171714782715,"sim_intensity":0.509,"intensity_note":"SIMULATED — heuristic from slope + landslide type, not a measured severity"}},{"type":"Feature","geometry":{"type":"Point","coordinates":[93.192,25.189]},"properties":{"landslide_id":"NER_00207","source":"GSI","state":"Assam","district":"Dima Hasao","landslide_type":"Slide","confidence":"TABLE_EXTRACTED","date":null,"slope_deg":12.803116798400879,"sim_intensity":0.478,"intensity_note":"SIMULATED — heuristic from slope + landslide type, not a measured severity"}},{"type":"Feature","geometry":{"type":"Point","coordinates":[93.226,25.189]},"properties":{"landslide_id":"NER_00208","source":"GSI","state":"Assam","district":"Dima Hasao","landslide_type":"Slide","confidence":"TABLE_EXTRACTED","date":null,"slope_deg":24.95100975036621,"sim_intensity":0.613,"intensity_note":"SIMULATED — heuristic from slope + landslide type, not a measured severity"}},{"type":"Feature","geometry":{"type":"Point","coordinates":[93.096417,25.189556]},"properties":{"landslide_id":"NER_00209","source":"GSI","state":"Assam","district":"Dima Hasao","landslide_type":"Slide","confidence":"TABLE_EXTRACTED","date":null,"slope_deg":19.97280502319336,"sim_intensity":0.557,"intensity_note":"SIMULATED — heuristic from slope + landslide type, not a measured severity"}},{"type":"Feature","geometry":{"type":"Point","coordinates":[93.191,25.19]},"properties":{"landslide_id":"NER_00210","source":"GSI","state":"Assam","district":"Dima Hasao","landslide_type":"Slide","confidence":"TABLE_EXTRACTED","date":null,"slope_deg":10.662117004394531,"sim_intensity":0.454,"intensity_note":"SIMULATED — heuristic from slope + landslide type, not a measured severity"}},{"type":"Feature","geometry":{"type":"Point","coordinates":[93.3,25.19]},"properties":{"landslide_id":"NER_00211","source":"GSI","state":"Assam","district":"Dima Hasao","landslide_type":"Slide","confidence":"TABLE_EXTRACTED","date":null,"slope_deg":10.369346618652344,"sim_intensity":0.451,"intensity_note":"SIMULATED — heuristic from slope + landslide type, not a measured severity"}},{"type":"Feature","geometry":{"type":"Point","coordinates":[93.3,25.19]},"properties":{"landslide_id":"NER_00212","source":"GSI","state":"Assam","district":"Dima Hasao","landslide_type":"Slide","confidence":"TABLE_EXTRACTED","date":null,"slope_deg":10.369346618652344,"sim_intensity":0.451,"intensity_note":"SIMULATED — heuristic from slope + landslide type, not a measured severity"}},{"type":"Feature","geometry":{"type":"Point","coordinates":[93.3,25.19]},"properties":{"landslide_id":"NER_00213","source":"GSI","state":"Assam","district":"Dima Hasao","landslide_type":"Fall","confidence":"TABLE_EXTRACTED","date":null,"slope_deg":10.369346618652344,"sim_intensity":0.481,"intensity_note":"SIMULATED — heuristic from slope + landslide type, not a measured severity"}},{"type":"Feature","geometry":{"type":"Point","coordinates":[93.192,25.191]},"properties":{"landslide_id":"NER_00214","source":"GSI","state":"Assam","district":"Dima Hasao","landslide_type":"Slide","confidence":"TABLE_EXTRACTED","date":null,"slope_deg":13.073129653930664,"sim_intensity":0.481,"intensity_note":"SIMULATED — heuristic from slope + landslide type, not a measured severity"}},{"type":"Feature","geometry":{"type":"Point","coordinates":[93.120417,25.193083]},"properties":{"landslide_id":"NER_00215","source":"GSI","state":"Assam","district":"Dima Hasao","landslide_type":"Slide","confidence":"TABLE_EXTRACTED","date":null,"slope_deg":3.7618038654327393,"sim_intensity":0.378,"intensity_note":"SIMULATED — heuristic from slope + landslide type, not a measured severity"}},{"type":"Feature","geometry":{"type":"Point","coordinates":[93.018583,25.196694]},"properties":{"landslide_id":"NER_00216","source":"GSI","state":"Assam","district":"Dima Hasao","landslide_type":"Slide","confidence":"TABLE_EXTRACTED","date":null,"slope_deg":19.810070037841797,"sim_intensity":0.556,"intensity_note":"SIMULATED — heuristic from slope + landslide type, not a measured severity"}},{"type":"Feature","geometry":{"type":"Point","coordinates":[93.016722,25.199722]},"properties":{"landslide_id":"NER_00217","source":"GSI","state":"Assam","district":"Dima Hasao","landslide_type":"Slide","confidence":"TABLE_EXTRACTED","date":null,"slope_deg":23.607248306274414,"sim_intensity":0.598,"intensity_note":"SIMULATED — heuristic from slope + landslide type, not a measured severity"}},{"type":"Feature","geometry":{"type":"Point","coordinates":[93.25,25.2]},"properties":{"landslide_id":"NER_00218","source":"GSI","state":"Assam","district":"Dima Hasao","landslide_type":"Slide","confidence":"TABLE_EXTRACTED","date":null,"slope_deg":24.145458221435547,"sim_intensity":0.604,"intensity_note":"SIMULATED — heuristic from slope + landslide type, not a measured severity"}},{"type":"Feature","geometry":{"type":"Point","coordinates":[93.25,25.2]},"properties":{"landslide_id":"NER_00219","source":"GSI","state":"Assam","district":"Dima Hasao","landslide_type":"Slide","confidence":"TABLE_EXTRACTED","date":null,"slope_deg":24.145458221435547,"sim_intensity":0.604,"intensity_note":"SIMULATED — heuristic from slope + landslide type, not a measured severity"}},{"type":"Feature","geometry":{"type":"Point","coordinates":[93.122,25.201]},"properties":{"landslide_id":"NER_00220","source":"GSI","state":"Assam","district":"Dima Hasao","landslide_type":"Slide","confidence":"TABLE_EXTRACTED","date":null,"slope_deg":13.428518295288086,"sim_intensity":0.485,"intensity_note":"SIMULATED — heuristic from slope + landslide type, not a measured severity"}},{"type":"Feature","geometry":{"type":"Point","coordinates":[93.059,25.204]},"properties":{"landslide_id":"NER_00221","source":"GSI","state":"Assam","district":"Dima Hasao","landslide_type":"Slide","confidence":"TABLE_EXTRACTED","date":null,"slope_deg":12.226835250854492,"sim_intensity":0.472,"intensity_note":"SIMULATED — heuristic from slope + landslide type, not a measured severity"}},{"type":"Feature","geometry":{"type":"Point","coordinates":[93.138889,25.204556]},"properties":{"landslide_id":"NER_00222","source":"GSI","state":"Assam","district":"Dima Hasao","landslide_type":"Slide","confidence":"TABLE_EXTRACTED","date":null,"slope_deg":17.955415725708008,"sim_intensity":0.536,"intensity_note":"SIMULATED — heuristic from slope + landslide type, not a measured severity"}},{"type":"Feature","geometry":{"type":"Point","coordinates":[93.059,25.205]},"properties":{"landslide_id":"NER_00223","source":"GSI","state":"Assam","district":"Dima Hasao","landslide_type":"Slide","confidence":"TABLE_EXTRACTED","date":null,"slope_deg":7.234992504119873,"sim_intensity":0.417,"intensity_note":"SIMULATED — heuristic from slope + landslide type, not a measured severity"}},{"type":"Feature","geometry":{"type":"Point","coordinates":[93.008,25.205]},"properties":{"landslide_id":"NER_00224","source":"GSI","state":"Assam","district":"Dima Hasao","landslide_type":"Slide","confidence":"TABLE_EXTRACTED","date":null,"slope_deg":12.658868789672852,"sim_intensity":0.477,"intensity_note":"SIMULATED — heuristic from slope + landslide type, not a measured severity"}},{"type":"Feature","geometry":{"type":"Point","coordinates":[93.020139,25.205528]},"properties":{"landslide_id":"NER_00225","source":"GSI","state":"Assam","district":"Dima Hasao","landslide_type":"Slide","confidence":"TABLE_EXTRACTED","date":null,"slope_deg":16.07303237915039,"sim_intensity":0.515,"intensity_note":"SIMULATED — heuristic from slope + landslide type, not a measured severity"}},{"type":"Feature","geometry":{"type":"Point","coordinates":[93.126,25.206]},"properties":{"landslide_id":"NER_00226","source":"GSI","state":"Assam","district":"Dima Hasao","landslide_type":"Slide","confidence":"TABLE_EXTRACTED","date":null,"slope_deg":23.121505737304688,"sim_intensity":0.593,"intensity_note":"SIMULATED — heuristic from slope + landslide type, not a measured severity"}},{"type":"Feature","geometry":{"type":"Point","coordinates":[93.122778,25.207389]},"properties":{"landslide_id":"NER_00227","source":"GSI","state":"Assam","district":"Dima Hasao","landslide_type":"Subsidence","confidence":"TABLE_EXTRACTED","date":null,"slope_deg":13.751985549926758,"sim_intensity":0.469,"intensity_note":"SIMULATED — heuristic from slope + landslide type, not a measured severity"}},{"type":"Feature","geometry":{"type":"Point","coordinates":[93.121,25.208]},"properties":{"landslide_id":"NER_00228","source":"GSI","state":"Assam","district":"Dima Hasao","landslide_type":"Slide","confidence":"TABLE_EXTRACTED","date":null,"slope_deg":15.681938171386719,"sim_intensity":0.511,"intensity_note":"SIMULATED — heuristic from slope + landslide type, not a measured severity"}},{"type":"Feature","geometry":{"type":"Point","coordinates":[93.25,25.21]},"properties":{"landslide_id":"NER_00229","source":"GSI","state":"Assam","district":"Dima Hasao","landslide_type":"Slide","confidence":"TABLE_EXTRACTED","date":null,"slope_deg":18.99237632751465,"sim_intensity":0.547,"intensity_note":"SIMULATED — heuristic from slope + landslide type, not a measured severity"}},{"type":"Feature","geometry":{"type":"Point","coordinates":[93.31,25.21]},"properties":{"landslide_id":"NER_00230","source":"GSI","state":"Assam","district":"Dima Hasao","landslide_type":"Slide","confidence":"TABLE_EXTRACTED","date":null,"slope_deg":15.602601051330566,"sim_intensity":0.51,"intensity_note":"SIMULATED — heuristic from slope + landslide type, not a measured severity"}},{"type":"Feature","geometry":{"type":"Point","coordinates":[93.31,25.21]},"properties":{"landslide_id":"NER_00231","source":"GSI","state":"Assam","district":"Dima Hasao","landslide_type":"Slide","confidence":"TABLE_EXTRACTED","date":null,"slope_deg":15.602601051330566,"sim_intensity":0.51,"intensity_note":"SIMULATED — heuristic from slope + landslide type, not a measured severity"}},{"type":"Feature","geometry":{"type":"Point","coordinates":[93.021611,25.214944]},"properties":{"landslide_id":"NER_00232","source":"GSI","state":"Assam","district":"Dima Hasao","landslide_type":"Slide","confidence":"TABLE_EXTRACTED","date":null,"slope_deg":21.537792205810547,"sim_intensity":0.576,"intensity_note":"SIMULATED — heuristic from slope + landslide type, not a measured severity"}},{"type":"Feature","geometry":{"type":"Point","coordinates":[92.982245,25.216881]},"properties":{"landslide_id":"NER_00233","source":"GSI","state":"Assam","district":"Dima Hasao","landslide_type":"Slide","confidence":"TABLE_EXTRACTED","date":null,"slope_deg":6.464838027954102,"sim_intensity":0.409,"intensity_note":"SIMULATED — heuristic from slope + landslide type, not a measured severity"}},{"type":"Feature","geometry":{"type":"Point","coordinates":[93.011361,25.216944]},"properties":{"landslide_id":"NER_00234","source":"GSI","state":"Assam","district":"Dima Hasao","landslide_type":"Slide","confidence":"TABLE_EXTRACTED","date":null,"slope_deg":22.267244338989258,"sim_intensity":0.584,"intensity_note":"SIMULATED — heuristic from slope + landslide type, not a measured severity"}},{"type":"Feature","geometry":{"type":"Point","coordinates":[93.013111,25.2185]},"properties":{"landslide_id":"NER_00235","source":"GSI","state":"Assam","district":"Dima Hasao","landslide_type":"Slide","confidence":"TABLE_EXTRACTED","date":null,"slope_deg":20.233192443847656,"sim_intensity":0.562,"intensity_note":"SIMULATED — heuristic from slope + landslide type, not a measured severity"}},{"type":"Feature","geometry":{"type":"Point","coordinates":[93.29,25.22]},"properties":{"landslide_id":"NER_00236","source":"GSI","state":"Assam","district":"Dima Hasao","landslide_type":"Slide","confidence":"TABLE_EXTRACTED","date":null,"slope_deg":4.8069658279418945,"sim_intensity":0.39,"intensity_note":"SIMULATED — heuristic from slope + landslide type, not a measured severity"}},{"type":"Feature","geometry":{"type":"Point","coordinates":[93.29,25.22]},"properties":{"landslide_id":"NER_00237","source":"GSI","state":"Assam","district":"Dima Hasao","landslide_type":"Slide","confidence":"TABLE_EXTRACTED","date":null,"slope_deg":4.8069658279418945,"sim_intensity":0.39,"intensity_note":"SIMULATED — heuristic from slope + landslide type, not a measured severity"}},{"type":"Feature","geometry":{"type":"Point","coordinates":[93.34,25.22]},"properties":{"landslide_id":"NER_00238","source":"GSI","state":"Assam","district":"Dima Hasao","landslide_type":"Slide","confidence":"TABLE_EXTRACTED","date":null,"slope_deg":22.733354568481445,"sim_intensity":0.589,"intensity_note":"SIMULATED — heuristic from slope + landslide type, not a measured severity"}},{"type":"Feature","geometry":{"type":"Point","coordinates":[93.34,25.22]},"properties":{"landslide_id":"NER_00239","source":"GSI","state":"Assam","district":"Dima Hasao","landslide_type":"Slide","confidence":"TABLE_EXTRACTED","date":null,"slope_deg":22.733354568481445,"sim_intensity":0.589,"intensity_note":"SIMULATED — heuristic from slope + landslide type, not a measured severity"}},{"type":"Feature","geometry":{"type":"Point","coordinates":[93.35,25.22]},"properties":{"landslide_id":"NER_00240","source":"GSI","state":"Assam","district":"Dima Hasao","landslide_type":"Slide","confidence":"TABLE_EXTRACTED","date":null,"slope_deg":23.519515991210938,"sim_intensity":0.598,"intensity_note":"SIMULATED — heuristic from slope + landslide type, not a measured severity"}},{"type":"Feature","geometry":{"type":"Point","coordinates":[93.32,25.22]},"properties":{"landslide_id":"NER_00241","source":"GSI","state":"Assam","district":"Dima Hasao","landslide_type":"Slide","confidence":"TABLE_EXTRACTED","date":null,"slope_deg":9.547198295593262,"sim_intensity":0.443,"intensity_note":"SIMULATED — heuristic from slope + landslide type, not a measured severity"}},{"type":"Feature","geometry":{"type":"Point","coordinates":[93.29,25.22]},"properties":{"landslide_id":"NER_00242","source":"GSI","state":"Assam","district":"Dima Hasao","landslide_type":"Slide","confidence":"TABLE_EXTRACTED","date":null,"slope_deg":4.8069658279418945,"sim_intensity":0.391,"intensity_note":"SIMULATED — heuristic from slope + landslide type, not a measured severity"}},{"type":"Feature","geometry":{"type":"Point","coordinates":[93.222861,25.224278]},"properties":{"landslide_id":"NER_00243","source":"GSI","state":"Assam","district":"Dima Hasao","landslide_type":"Slide","confidence":"TABLE_EXTRACTED","date":null,"slope_deg":5.720895767211914,"sim_intensity":0.401,"intensity_note":"SIMULATED — heuristic from slope + landslide type, not a measured severity"}},{"type":"Feature","geometry":{"type":"Point","coordinates":[93.1556,25.229556]},"properties":{"landslide_id":"NER_00244","source":"GSI","state":"Assam","district":"Dima Hasao","landslide_type":"Slide","confidence":"TABLE_EXTRACTED","date":null,"slope_deg":16.5557804107666,"sim_intensity":0.521,"intensity_note":"SIMULATED — heuristic from slope + landslide type, not a measured severity"}},{"type":"Feature","geometry":{"type":"Point","coordinates":[93.34,25.23]},"properties":{"landslide_id":"NER_00245","source":"GSI","state":"Assam","district":"Dima Hasao","landslide_type":"Slide","confidence":"TABLE_EXTRACTED","date":null,"slope_deg":23.40993881225586,"sim_intensity":0.597,"intensity_note":"SIMULATED — heuristic from slope + landslide type, not a measured severity"}},{"type":"Feature","geometry":{"type":"Point","coordinates":[93.29,25.23]},"properties":{"landslide_id":"NER_00246","source":"GSI","state":"Assam","district":"Dima Hasao","landslide_type":"Slide","confidence":"TABLE_EXTRACTED","date":null,"slope_deg":21.616039276123047,"sim_intensity":0.577,"intensity_note":"SIMULATED — heuristic from slope + landslide type, not a measured severity"}},{"type":"Feature","geometry":{"type":"Point","coordinates":[92.801279,25.238045]},"properties":{"landslide_id":"NER_00247","source":"GSI","state":"Assam","district":"Dima Hasao","landslide_type":"Slide","confidence":"TABLE_EXTRACTED","date":null,"slope_deg":0.7065478563308716,"sim_intensity":0.345,"intensity_note":"SIMULATED — heuristic from slope + landslide type, not a measured severity"}},{"type":"Feature","geometry":{"type":"Point","coordinates":[93.28,25.24]},"properties":{"landslide_id":"NER_00248","source":"GSI","state":"Assam","district":"Dima Hasao","landslide_type":"Slide","confidence":"TABLE_EXTRACTED","date":null,"slope_deg":10.407082557678223,"sim_intensity":0.453,"intensity_note":"SIMULATED — heuristic from slope + landslide type, not a measured severity"}},{"type":"Feature","geometry":{"type":"Point","coordinates":[93.27,25.24]},"properties":{"landslide_id":"NER_00249","source":"GSI","state":"Assam","district":"Dima Hasao","landslide_type":"Slide","confidence":"TABLE_EXTRACTED","date":null,"slope_deg":10.923203468322754,"sim_intensity":0.459,"intensity_note":"SIMULATED — heuristic from slope + landslide type, not a measured severity"}},{"type":"Feature","geometry":{"type":"Point","coordinates":[93.27,25.24]},"properties":{"landslide_id":"NER_00250","source":"GSI","state":"Assam","district":"Dima Hasao","landslide_type":"Slide","confidence":"TABLE_EXTRACTED","date":null,"slope_deg":10.923203468322754,"sim_intensity":0.459,"intensity_note":"SIMULATED — heuristic from slope + landslide type, not a measured severity"}},{"type":"Feature","geometry":{"type":"Point","coordinates":[93.14,25.242]},"properties":{"landslide_id":"NER_00251","source":"GSI","state":"Assam","district":"Dima Hasao","landslide_type":"Slide","confidence":"TABLE_EXTRACTED","date":null,"slope_deg":13.308584213256836,"sim_intensity":0.486,"intensity_note":"SIMULATED — heuristic from slope + landslide type, not a measured severity"}},{"type":"Feature","geometry":{"type":"Point","coordinates":[92.809603,25.257696]},"properties":{"landslide_id":"NER_00252","source":"GSI","state":"Assam","district":"Dima Hasao","landslide_type":"Slide","confidence":"TABLE_EXTRACTED","date":null,"slope_deg":6.407593727111816,"sim_intensity":0.409,"intensity_note":"SIMULATED — heuristic from slope + landslide type, not a measured severity"}},{"type":"Feature","geometry":{"type":"Point","coordinates":[93.390611,25.263528]},"properties":{"landslide_id":"NER_00253","source":"GSI","state":"Assam","district":"Dima Hasao","landslide_type":"Slide","confidence":"TABLE_EXTRACTED","date":null,"slope_deg":22.841888427734375,"sim_intensity":0.591,"intensity_note":"SIMULATED — heuristic from slope + landslide type, not a measured severity"}},{"type":"Feature","geometry":{"type":"Point","coordinates":[93.409528,25.264056]},"properties":{"landslide_id":"NER_00254","source":"GSI","state":"Assam","district":"Dima Hasao","landslide_type":"Slide","confidence":"TABLE_EXTRACTED","date":null,"slope_deg":24.8444881439209,"sim_intensity":0.614,"intensity_note":"SIMULATED — heuristic from slope + landslide type, not a measured severity"}},{"type":"Feature","geometry":{"type":"Point","coordinates":[93.252972,25.278472]},"properties":{"landslide_id":"NER_00255","source":"GSI","state":"Assam","district":"Dima Hasao","landslide_type":"Slide","confidence":"TABLE_EXTRACTED","date":null,"slope_deg":21.529922485351562,"sim_intensity":0.577,"intensity_note":"SIMULATED — heuristic from slope + landslide type, not a measured severity"}},{"type":"Feature","geometry":{"type":"Point","coordinates":[93.253194,25.278917]},"properties":{"landslide_id":"NER_00256","source":"GSI","state":"Assam","district":"Dima Hasao","landslide_type":"Slide","confidence":"TABLE_EXTRACTED","date":null,"slope_deg":20.944501876831055,"sim_intensity":0.57,"intensity_note":"SIMULATED — heuristic from slope + landslide type, not a measured severity"}},{"type":"Feature","geometry":{"type":"Point","coordinates":[93.296111,25.282861]},"properties":{"landslide_id":"NER_00257","source":"GSI","state":"Assam","district":"Dima Hasao","landslide_type":"Slide","confidence":"TABLE_EXTRACTED","date":null,"slope_deg":22.444597244262695,"sim_intensity":0.587,"intensity_note":"SIMULATED — heuristic from slope + landslide type, not a measured severity"}},{"type":"Feature","geometry":{"type":"Point","coordinates":[92.799175,25.290089]},"properties":{"landslide_id":"NER_00258","source":"GSI","state":"Assam","district":"Dima Hasao","landslide_type":"Slide","confidence":"TABLE_EXTRACTED","date":null,"slope_deg":9.778550148010254,"sim_intensity":0.446,"intensity_note":"SIMULATED — heuristic from slope + landslide type, not a measured severity"}},{"type":"Feature","geometry":{"type":"Point","coordinates":[93.471028,25.308028]},"properties":{"landslide_id":"NER_00259","source":"GSI","state":"Assam","district":"Dima Hasao","landslide_type":"Slide","confidence":"TABLE_EXTRACTED","date":null,"slope_deg":16.804576873779297,"sim_intensity":0.525,"intensity_note":"SIMULATED — heuristic from slope + landslide type, not a measured severity"}},{"type":"Feature","geometry":{"type":"Point","coordinates":[93.470694,25.309111]},"properties":{"landslide_id":"NER_00260","source":"GSI","state":"Assam","district":"Dima Hasao","landslide_type":"Slide","confidence":"TABLE_EXTRACTED","date":null,"slope_deg":8.425378799438477,"sim_intensity":0.432,"intensity_note":"SIMULATED — heuristic from slope + landslide type, not a measured severity"}},{"type":"Feature","geometry":{"type":"Point","coordinates":[92.818091,25.320232]},"properties":{"landslide_id":"NER_00261","source":"GSI","state":"Assam","district":"Dima Hasao","landslide_type":"Slide","confidence":"TABLE_EXTRACTED","date":null,"slope_deg":5.625304698944092,"sim_intensity":0.401,"intensity_note":"SIMULATED — heuristic from slope + landslide type, not a measured severity"}},{"type":"Feature","geometry":{"type":"Point","coordinates":[92.80751,25.323731]},"properties":{"landslide_id":"NER_00262","source":"GSI","state":"Assam","district":"Dima Hasao","landslide_type":"Slide","confidence":"TABLE_EXTRACTED","date":null,"slope_deg":2.4665026664733887,"sim_intensity":0.366,"intensity_note":"SIMULATED — heuristic from slope + landslide type, not a measured severity"}},{"type":"Feature","geometry":{"type":"Point","coordinates":[93.334056,25.328139]},"properties":{"landslide_id":"NER_00263","source":"GSI","state":"Assam","district":"Dima Hasao","landslide_type":"Slide","confidence":"TABLE_EXTRACTED","date":null,"slope_deg":16.493234634399414,"sim_intensity":0.521,"intensity_note":"SIMULATED — heuristic from slope + landslide type, not a measured severity"}},{"type":"Feature","geometry":{"type":"Point","coordinates":[93.334639,25.332083]},"properties":{"landslide_id":"NER_00264","source":"GSI","state":"Assam","district":"Dima Hasao","landslide_type":"Slide","confidence":"TABLE_EXTRACTED","date":null,"slope_deg":8.825340270996094,"sim_intensity":0.436,"intensity_note":"SIMULATED — heuristic from slope + landslide type, not a measured severity"}},{"type":"Feature","geometry":{"type":"Point","coordinates":[92.82053,25.336054]},"properties":{"landslide_id":"NER_00265","source":"GSI","state":"Assam","district":"Dima Hasao","landslide_type":"Slide","confidence":"TABLE_EXTRACTED","date":null,"slope_deg":7.156870365142822,"sim_intensity":0.418,"intensity_note":"SIMULATED — heuristic from slope + landslide type, not a measured severity"}},{"type":"Feature","geometry":{"type":"Point","coordinates":[93.257722,25.362583]},"properties":{"landslide_id":"NER_00266","source":"GSI","state":"Assam","district":"Dima Hasao","landslide_type":"Slide","confidence":"TABLE_EXTRACTED","date":null,"slope_deg":16.10067367553711,"sim_intensity":0.517,"intensity_note":"SIMULATED — heuristic from slope + landslide type, not a measured severity"}},{"type":"Feature","geometry":{"type":"Point","coordinates":[93.260306,25.369972]},"properties":{"landslide_id":"NER_00267","source":"GSI","state":"Assam","district":"Dima Hasao","landslide_type":"Slide","confidence":"TABLE_EXTRACTED","date":null,"slope_deg":5.053884029388428,"sim_intensity":0.394,"intensity_note":"SIMULATED — heuristic from slope + landslide type, not a measured severity"}},{"type":"Feature","geometry":{"type":"Point","coordinates":[93.12,25.387]},"properties":{"landslide_id":"NER_00268","source":"GSI","state":"Assam","district":"Dima Hasao","landslide_type":"Flow","confidence":"TABLE_EXTRACTED","date":null,"slope_deg":10.084121704101562,"sim_intensity":0.51,"intensity_note":"SIMULATED — heuristic from slope + landslide type, not a measured severity"}},{"type":"Feature","geometry":{"type":"Point","coordinates":[93.410417,25.394111]},"properties":{"landslide_id":"NER_00269","source":"GSI","state":"Assam","district":"Dima Hasao","landslide_type":"Slide","confidence":"TABLE_EXTRACTED","date":null,"slope_deg":3.297977924346924,"sim_intensity":0.375,"intensity_note":"SIMULATED — heuristic from slope + landslide type, not a measured severity"}},{"type":"Feature","geometry":{"type":"Point","coordinates":[92.990267,25.395431]},"properties":{"landslide_id":"NER_00270","source":"GSI","state":"Assam","district":"Dima Hasao","landslide_type":"Slide","confidence":"TABLE_EXTRACTED","date":null,"slope_deg":19.664134979248047,"sim_intensity":0.557,"intensity_note":"SIMULATED — heuristic from slope + landslide type, not a measured severity"}},{"type":"Feature","geometry":{"type":"Point","coordinates":[93.297528,25.398083]},"properties":{"landslide_id":"NER_00271","source":"GSI","state":"Assam","district":"Dima Hasao","landslide_type":"Slide","confidence":"TABLE_EXTRACTED","date":null,"slope_deg":11.465743064880371,"sim_intensity":0.466,"intensity_note":"SIMULATED — heuristic from slope + landslide type, not a measured severity"}},{"type":"Feature","geometry":{"type":"Point","coordinates":[93.407583,25.402333]},"properties":{"landslide_id":"NER_00272","source":"GSI","state":"Assam","district":"Dima Hasao","landslide_type":"Slide","confidence":"TABLE_EXTRACTED","date":null,"slope_deg":9.53548526763916,"sim_intensity":0.445,"intensity_note":"SIMULATED — heuristic from slope + landslide type, not a measured severity"}},{"type":"Feature","geometry":{"type":"Point","coordinates":[93.390444,25.402472]},"properties":{"landslide_id":"NER_00273","source":"GSI","state":"Assam","district":"Dima Hasao","landslide_type":"Slide","confidence":"TABLE_EXTRACTED","date":null,"slope_deg":21.010175704956055,"sim_intensity":0.572,"intensity_note":"SIMULATED — heuristic from slope + landslide type, not a measured severity"}},{"type":"Feature","geometry":{"type":"Point","coordinates":[93.392194,25.4025]},"properties":{"landslide_id":"NER_00274","source":"GSI","state":"Assam","district":"Dima Hasao","landslide_type":"Slide","confidence":"TABLE_EXTRACTED","date":null,"slope_deg":15.52469253540039,"sim_intensity":0.511,"intensity_note":"SIMULATED — heuristic from slope + landslide type, not a measured severity"}},{"type":"Feature","geometry":{"type":"Point","coordinates":[93.132,25.404]},"properties":{"landslide_id":"NER_00275","source":"GSI","state":"Assam","district":"Dima Hasao","landslide_type":"Slide","confidence":"TABLE_EXTRACTED","date":null,"slope_deg":18.883487701416016,"sim_intensity":0.549,"intensity_note":"SIMULATED — heuristic from slope + landslide type, not a measured severity"}},{"type":"Feature","geometry":{"type":"Point","coordinates":[93.133,25.405]},"properties":{"landslide_id":"NER_00276","source":"GSI","state":"Assam","district":"Dima Hasao","landslide_type":"Slide","confidence":"TABLE_EXTRACTED","date":null,"slope_deg":4.487516403198242,"sim_intensity":0.389,"intensity_note":"SIMULATED — heuristic from slope + landslide type, not a measured severity"}},{"type":"Feature","geometry":{"type":"Point","coordinates":[93.372194,25.405]},"properties":{"landslide_id":"NER_00277","source":"GSI","state":"Assam","district":"Dima Hasao","landslide_type":"Slide","confidence":"TABLE_EXTRACTED","date":null,"slope_deg":9.595483779907227,"sim_intensity":0.445,"intensity_note":"SIMULATED — heuristic from slope + landslide type, not a measured severity"}},{"type":"Feature","geometry":{"type":"Point","coordinates":[92.82826,25.40837]},"properties":{"landslide_id":"NER_00278","source":"GSI","state":"Assam","district":"Dima Hasao","landslide_type":"Slide","confidence":"TABLE_EXTRACTED","date":null,"slope_deg":13.503705024719238,"sim_intensity":0.489,"intensity_note":"SIMULATED — heuristic from slope + landslide type, not a measured severity"}},{"type":"Feature","geometry":{"type":"Point","coordinates":[93.283436,25.408497]},"properties":{"landslide_id":"NER_00279","source":"GSI","state":"Assam","district":"Dima Hasao","landslide_type":"Slide","confidence":"TABLE_EXTRACTED","date":null,"slope_deg":9.729122161865234,"sim_intensity":0.447,"intensity_note":"SIMULATED — heuristic from slope + landslide type, not a measured severity"}},{"type":"Feature","geometry":{"type":"Point","coordinates":[93.284,25.410611]},"properties":{"landslide_id":"NER_00280","source":"GSI","state":"Assam","district":"Dima Hasao","landslide_type":"Slide","confidence":"TABLE_EXTRACTED","date":null,"slope_deg":10.137093544006348,"sim_intensity":0.452,"intensity_note":"SIMULATED — heuristic from slope + landslide type, not a measured severity"}},{"type":"Feature","geometry":{"type":"Point","coordinates":[93.284222,25.416056]},"properties":{"landslide_id":"NER_00281","source":"GSI","state":"Assam","district":"Dima Hasao","landslide_type":"Slide","confidence":"TABLE_EXTRACTED","date":null,"slope_deg":15.321441650390625,"sim_intensity":0.509,"intensity_note":"SIMULATED — heuristic from slope + landslide type, not a measured severity"}},{"type":"Feature","geometry":{"type":"Point","coordinates":[92.778653,25.41616]},"properties":{"landslide_id":"NER_00282","source":"GSI","state":"Assam","district":"Dima Hasao","landslide_type":"Slide","confidence":"TABLE_EXTRACTED","date":null,"slope_deg":1.6056715250015259,"sim_intensity":0.357,"intensity_note":"SIMULATED — heuristic from slope + landslide type, not a measured severity"}},{"type":"Feature","geometry":{"type":"Point","coordinates":[93.129083,25.417333]},"properties":{"landslide_id":"NER_00283","source":"GSI","state":"Assam","district":"Dima Hasao","landslide_type":"Slide","confidence":"TABLE_EXTRACTED","date":null,"slope_deg":6.935773849487305,"sim_intensity":0.416,"intensity_note":"SIMULATED — heuristic from slope + landslide type, not a measured severity"}},{"type":"Feature","geometry":{"type":"Point","coordinates":[93.372528,25.417528]},"properties":{"landslide_id":"NER_00284","source":"GSI","state":"Assam","district":"Dima Hasao","landslide_type":"Slide","confidence":"TABLE_EXTRACTED","date":null,"slope_deg":8.187832832336426,"sim_intensity":0.43,"intensity_note":"SIMULATED — heuristic from slope + landslide type, not a measured severity"}},{"type":"Feature","geometry":{"type":"Point","coordinates":[93.002,25.42]},"properties":{"landslide_id":"NER_00285","source":"GSI","state":"Assam","district":"Dima Hasao","landslide_type":"Slide","confidence":"TABLE_EXTRACTED","date":null,"slope_deg":4.6795973777771,"sim_intensity":0.391,"intensity_note":"SIMULATED — heuristic from slope + landslide type, not a measured severity"}},{"type":"Feature","geometry":{"type":"Point","coordinates":[93.371306,25.420278]},"properties":{"landslide_id":"NER_00286","source":"GSI","state":"Assam","district":"Dima Hasao","landslide_type":"Slide","confidence":"TABLE_EXTRACTED","date":null,"slope_deg":6.79433012008667,"sim_intensity":0.415,"intensity_note":"SIMULATED — heuristic from slope + landslide type, not a measured severity"}},{"type":"Feature","geometry":{"type":"Point","coordinates":[93.371056,25.420806]},"properties":{"landslide_id":"NER_00287","source":"GSI","state":"Assam","district":"Dima Hasao","landslide_type":"Fall","confidence":"TABLE_EXTRACTED","date":null,"slope_deg":6.151053428649902,"sim_intensity":0.438,"intensity_note":"SIMULATED — heuristic from slope + landslide type, not a measured severity"}},{"type":"Feature","geometry":{"type":"Point","coordinates":[93.370361,25.421333]},"properties":{"landslide_id":"NER_00288","source":"GSI","state":"Assam","district":"Dima Hasao","landslide_type":"Slide","confidence":"TABLE_EXTRACTED","date":null,"slope_deg":4.119017124176025,"sim_intensity":0.385,"intensity_note":"SIMULATED — heuristic from slope + landslide type, not a measured severity"}},{"type":"Feature","geometry":{"type":"Point","coordinates":[92.989119,25.422535]},"properties":{"landslide_id":"NER_00289","source":"GSI","state":"Assam","district":"Dima Hasao","landslide_type":"Slide","confidence":"TABLE_EXTRACTED","date":null,"slope_deg":12.196771621704102,"sim_intensity":0.475,"intensity_note":"SIMULATED — heuristic from slope + landslide type, not a measured severity"}},{"type":"Feature","geometry":{"type":"Point","coordinates":[92.985022,25.423438]},"properties":{"landslide_id":"NER_00290","source":"GSI","state":"Assam","district":"Dima Hasao","landslide_type":"Slide","confidence":"TABLE_EXTRACTED","date":null,"slope_deg":19.8017635345459,"sim_intensity":0.56,"intensity_note":"SIMULATED — heuristic from slope + landslide type, not a measured severity"}},{"type":"Feature","geometry":{"type":"Point","coordinates":[93.369722,25.423806]},"properties":{"landslide_id":"NER_00291","source":"GSI","state":"Assam","district":"Dima Hasao","landslide_type":"Slide","confidence":"TABLE_EXTRACTED","date":null,"slope_deg":2.302849054336548,"sim_intensity":0.365,"intensity_note":"SIMULATED — heuristic from slope + landslide type, not a measured severity"}},{"type":"Feature","geometry":{"type":"Point","coordinates":[93.369417,25.423861]},"properties":{"landslide_id":"NER_00292","source":"GSI","state":"Assam","district":"Dima Hasao","landslide_type":"Slide","confidence":"TABLE_EXTRACTED","date":null,"slope_deg":7.38300085067749,"sim_intensity":0.422,"intensity_note":"SIMULATED — heuristic from slope + landslide type, not a measured severity"}},{"type":"Feature","geometry":{"type":"Point","coordinates":[93,25.424]},"properties":{"landslide_id":"NER_00293","source":"GSI","state":"Assam","district":"Dima Hasao","landslide_type":"Slide","confidence":"TABLE_EXTRACTED","date":null,"slope_deg":16.715599060058594,"sim_intensity":0.525,"intensity_note":"SIMULATED — heuristic from slope + landslide type, not a measured severity"}},{"type":"Feature","geometry":{"type":"Point","coordinates":[93.363944,25.4255]},"properties":{"landslide_id":"NER_00294","source":"GSI","state":"Assam","district":"Dima Hasao","landslide_type":"Slide","confidence":"TABLE_EXTRACTED","date":null,"slope_deg":11.359756469726562,"sim_intensity":0.466,"intensity_note":"SIMULATED — heuristic from slope + landslide type, not a measured severity"}},{"type":"Feature","geometry":{"type":"Point","coordinates":[93.364444,25.425611]},"properties":{"landslide_id":"NER_00295","source":"GSI","state":"Assam","district":"Dima Hasao","landslide_type":"Slide","confidence":"TABLE_EXTRACTED","date":null,"slope_deg":11.359756469726562,"sim_intensity":0.466,"intensity_note":"SIMULATED — heuristic from slope + landslide type, not a measured severity"}},{"type":"Feature","geometry":{"type":"Point","coordinates":[93.312597,25.428597]},"properties":{"landslide_id":"NER_00296","source":"GSI","state":"Assam","district":"Dima Hasao","landslide_type":"Slide","confidence":"TABLE_EXTRACTED","date":null,"slope_deg":8.402251243591309,"sim_intensity":0.433,"intensity_note":"SIMULATED — heuristic from slope + landslide type, not a measured severity"}},{"type":"Feature","geometry":{"type":"Point","coordinates":[93.328944,25.433903]},"properties":{"landslide_id":"NER_00297","source":"GSI","state":"Assam","district":"Dima Hasao","landslide_type":"Slide","confidence":"TABLE_EXTRACTED","date":null,"slope_deg":12.675907135009766,"sim_intensity":0.481,"intensity_note":"SIMULATED — heuristic from slope + landslide type, not a measured severity"}},{"type":"Feature","geometry":{"type":"Point","coordinates":[92.885056,25.434031]},"properties":{"landslide_id":"NER_00298","source":"GSI","state":"Assam","district":"Dima Hasao","landslide_type":"Slide","confidence":"TABLE_EXTRACTED","date":null,"slope_deg":8.476171493530273,"sim_intensity":0.434,"intensity_note":"SIMULATED — heuristic from slope + landslide type, not a measured severity"}},{"type":"Feature","geometry":{"type":"Point","coordinates":[93.405944,25.435639]},"properties":{"landslide_id":"NER_00299","source":"GSI","state":"Assam","district":"Dima Hasao","landslide_type":"Slide","confidence":"TABLE_EXTRACTED","date":null,"slope_deg":9.015518188476562,"sim_intensity":0.44,"intensity_note":"SIMULATED — heuristic from slope + landslide type, not a measured severity"}},{"type":"Feature","geometry":{"type":"Point","coordinates":[93.455944,25.435917]},"properties":{"landslide_id":"NER_00300","source":"GSI","state":"Assam","district":"Dima Hasao","landslide_type":"Slide","confidence":"TABLE_EXTRACTED","date":null,"slope_deg":12.627758979797363,"sim_intensity":0.491,"intensity_note":"SIMULATED — heuristic from slope + landslide type, not a measured severity"}},{"type":"Feature","geometry":{"type":"Point","coordinates":[93.402333,25.4365]},"properties":{"landslide_id":"NER_00301","source":"GSI","state":"Assam","district":"Dima Hasao","landslide_type":"Slide","confidence":"TABLE_EXTRACTED","date":null,"slope_deg":3.3987374305725098,"sim_intensity":0.388,"intensity_note":"SIMULATED — heuristic from slope + landslide type, not a measured severity"}},{"type":"Feature","geometry":{"type":"Point","coordinates":[93.4065,25.436528]},"properties":{"landslide_id":"NER_00302","source":"GSI","state":"Assam","district":"Dima Hasao","landslide_type":"Slide","confidence":"TABLE_EXTRACTED","date":null,"slope_deg":3.415752649307251,"sim_intensity":0.389,"intensity_note":"SIMULATED — heuristic from slope + landslide type, not a measured severity"}},{"type":"Feature","geometry":{"type":"Point","coordinates":[93.405917,25.436639]},"properties":{"landslide_id":"NER_00303","source":"GSI","state":"Assam","district":"Dima Hasao","landslide_type":"Slide","confidence":"TABLE_EXTRACTED","date":null,"slope_deg":7.655526161193848,"sim_intensity":0.436,"intensity_note":"SIMULATED — heuristic from slope + landslide type, not a measured severity"}},{"type":"Feature","geometry":{"type":"Point","coordinates":[93.402944,25.436694]},"properties":{"landslide_id":"NER_00304","source":"GSI","state":"Assam","district":"Dima Hasao","landslide_type":"Slide","confidence":"TABLE_EXTRACTED","date":null,"slope_deg":4.940159320831299,"sim_intensity":0.405,"intensity_note":"SIMULATED — heuristic from slope + landslide type, not a measured severity"}},{"type":"Feature","geometry":{"type":"Point","coordinates":[93.404583,25.436861]},"properties":{"landslide_id":"NER_00305","source":"GSI","state":"Assam","district":"Dima Hasao","landslide_type":"Slide","confidence":"TABLE_EXTRACTED","date":null,"slope_deg":7.5206217765808105,"sim_intensity":0.434,"intensity_note":"SIMULATED — heuristic from slope + landslide type, not a measured severity"}},{"type":"Feature","geometry":{"type":"Point","coordinates":[93.454111,25.436972]},"properties":{"landslide_id":"NER_00306","source":"GSI","state":"Assam","district":"Dima Hasao","landslide_type":"Slide","confidence":"TABLE_EXTRACTED","date":null,"slope_deg":9.351842880249023,"sim_intensity":0.455,"intensity_note":"SIMULATED — heuristic from slope + landslide type, not a measured severity"}},{"type":"Feature","geometry":{"type":"Point","coordinates":[93.403639,25.437111]},"properties":{"landslide_id":"NER_00307","source":"GSI","state":"Assam","district":"Dima Hasao","landslide_type":"Slide","confidence":"TABLE_EXTRACTED","date":null,"slope_deg":0,"sim_intensity":0.351,"intensity_note":"SIMULATED — heuristic from slope + landslide type, not a measured severity"}},{"type":"Feature","geometry":{"type":"Point","coordinates":[93.404444,25.4375]},"properties":{"landslide_id":"NER_00308","source":"GSI","state":"Assam","district":"Dima Hasao","landslide_type":"Slide","confidence":"TABLE_EXTRACTED","date":null,"slope_deg":2.864131450653076,"sim_intensity":0.382,"intensity_note":"SIMULATED — heuristic from slope + landslide type, not a measured severity"}},{"type":"Feature","geometry":{"type":"Point","coordinates":[93.349889,25.437722]},"properties":{"landslide_id":"NER_00309","source":"GSI","state":"Assam","district":"Dima Hasao","landslide_type":"Slide","confidence":"TABLE_EXTRACTED","date":null,"slope_deg":5.009728908538818,"sim_intensity":0.406,"intensity_note":"SIMULATED — heuristic from slope + landslide type, not a measured severity"}},{"type":"Feature","geometry":{"type":"Point","coordinates":[93.362583,25.438694]},"properties":{"landslide_id":"NER_00310","source":"GSI","state":"Assam","district":"Dima Hasao","landslide_type":"Slide","confidence":"TABLE_EXTRACTED","date":null,"slope_deg":9.381805419921875,"sim_intensity":0.455,"intensity_note":"SIMULATED — heuristic from slope + landslide type, not a measured severity"}},{"type":"Feature","geometry":{"type":"Point","coordinates":[92.912025,25.438723]},"properties":{"landslide_id":"NER_00311","source":"GSI","state":"Assam","district":"Dima Hasao","landslide_type":"Slide","confidence":"TABLE_EXTRACTED","date":null,"slope_deg":13.686834335327148,"sim_intensity":0.503,"intensity_note":"SIMULATED — heuristic from slope + landslide type, not a measured severity"}},{"type":"Feature","geometry":{"type":"Point","coordinates":[93.354197,25.439372]},"properties":{"landslide_id":"NER_00312","source":"GSI","state":"Assam","district":"Dima Hasao","landslide_type":"Slide","confidence":"TABLE_EXTRACTED","date":null,"slope_deg":10.18950080871582,"sim_intensity":0.464,"intensity_note":"SIMULATED — heuristic from slope + landslide type, not a measured severity"}},{"type":"Feature","geometry":{"type":"Point","coordinates":[92.892033,25.441734]},"properties":{"landslide_id":"NER_00313","source":"GSI","state":"Assam","district":"Dima Hasao","landslide_type":"Slide","confidence":"TABLE_EXTRACTED","date":null,"slope_deg":10.654684066772461,"sim_intensity":0.469,"intensity_note":"SIMULATED — heuristic from slope + landslide type, not a measured severity"}},{"type":"Feature","geometry":{"type":"Point","coordinates":[92.907383,25.441757]},"properties":{"landslide_id":"NER_00314","source":"GSI","state":"Assam","district":"Dima Hasao","landslide_type":"Slide","confidence":"TABLE_EXTRACTED","date":null,"slope_deg":8.735098838806152,"sim_intensity":0.448,"intensity_note":"SIMULATED — heuristic from slope + landslide type, not a measured severity"}},{"type":"Feature","geometry":{"type":"Point","coordinates":[92.989873,25.443082]},"properties":{"landslide_id":"NER_00315","source":"GSI","state":"Assam","district":"Dima Hasao","landslide_type":"Slide","confidence":"TABLE_EXTRACTED","date":null,"slope_deg":17.540531158447266,"sim_intensity":0.546,"intensity_note":"SIMULATED — heuristic from slope + landslide type, not a measured severity"}},{"type":"Feature","geometry":{"type":"Point","coordinates":[93.421444,25.443417]},"properties":{"landslide_id":"NER_00316","source":"GSI","state":"Assam","district":"Dima Hasao","landslide_type":"Slide","confidence":"TABLE_EXTRACTED","date":null,"slope_deg":6.6175923347473145,"sim_intensity":0.425,"intensity_note":"SIMULATED — heuristic from slope + landslide type, not a measured severity"}},{"type":"Feature","geometry":{"type":"Point","coordinates":[93.431444,25.443639]},"properties":{"landslide_id":"NER_00317","source":"GSI","state":"Assam","district":"Dima Hasao","landslide_type":"Slide","confidence":"TABLE_EXTRACTED","date":null,"slope_deg":6.750564098358154,"sim_intensity":0.426,"intensity_note":"SIMULATED — heuristic from slope + landslide type, not a measured severity"}},{"type":"Feature","geometry":{"type":"Point","coordinates":[93.426222,25.443861]},"properties":{"landslide_id":"NER_00318","source":"GSI","state":"Assam","district":"Dima Hasao","landslide_type":"Slide","confidence":"TABLE_EXTRACTED","date":null,"slope_deg":15.232609748840332,"sim_intensity":0.52,"intensity_note":"SIMULATED — heuristic from slope + landslide type, not a measured severity"}},{"type":"Feature","geometry":{"type":"Point","coordinates":[93.422778,25.443972]},"properties":{"landslide_id":"NER_00319","source":"GSI","state":"Assam","district":"Dima Hasao","landslide_type":"Slide","confidence":"TABLE_EXTRACTED","date":null,"slope_deg":9.33969497680664,"sim_intensity":0.455,"intensity_note":"SIMULATED — heuristic from slope + landslide type, not a measured severity"}},{"type":"Feature","geometry":{"type":"Point","coordinates":[93.4265,25.444028]},"properties":{"landslide_id":"NER_00320","source":"GSI","state":"Assam","district":"Dima Hasao","landslide_type":"Slide","confidence":"TABLE_EXTRACTED","date":null,"slope_deg":15.262969970703125,"sim_intensity":0.521,"intensity_note":"SIMULATED — heuristic from slope + landslide type, not a measured severity"}},{"type":"Feature","geometry":{"type":"Point","coordinates":[93.425528,25.444167]},"properties":{"landslide_id":"NER_00321","source":"GSI","state":"Assam","district":"Dima Hasao","landslide_type":"Slide","confidence":"TABLE_EXTRACTED","date":null,"slope_deg":15.232609748840332,"sim_intensity":0.521,"intensity_note":"SIMULATED — heuristic from slope + landslide type, not a measured severity"}},{"type":"Feature","geometry":{"type":"Point","coordinates":[93.424694,25.444194]},"properties":{"landslide_id":"NER_00322","source":"GSI","state":"Assam","district":"Dima Hasao","landslide_type":"Slide","confidence":"TABLE_EXTRACTED","date":null,"slope_deg":14.832505226135254,"sim_intensity":0.516,"intensity_note":"SIMULATED — heuristic from slope + landslide type, not a measured severity"}},{"type":"Feature","geometry":{"type":"Point","coordinates":[93.423944,25.444306]},"properties":{"landslide_id":"NER_00323","source":"GSI","state":"Assam","district":"Dima Hasao","landslide_type":"Slide","confidence":"TABLE_EXTRACTED","date":null,"slope_deg":14.587335586547852,"sim_intensity":0.514,"intensity_note":"SIMULATED — heuristic from slope + landslide type, not a measured severity"}},{"type":"Feature","geometry":{"type":"Point","coordinates":[93.408583,25.446056]},"properties":{"landslide_id":"NER_00324","source":"GSI","state":"Assam","district":"Dima Hasao","landslide_type":"Slide","confidence":"TABLE_EXTRACTED","date":null,"slope_deg":14.746673583984375,"sim_intensity":0.515,"intensity_note":"SIMULATED — heuristic from slope + landslide type, not a measured severity"}},{"type":"Feature","geometry":{"type":"Point","coordinates":[93.364417,25.447528]},"properties":{"landslide_id":"NER_00325","source":"GSI","state":"Assam","district":"Dima Hasao","landslide_type":"Slide","confidence":"TABLE_EXTRACTED","date":null,"slope_deg":17.035085678100586,"sim_intensity":0.541,"intensity_note":"SIMULATED — heuristic from slope + landslide type, not a measured severity"}},{"type":"Feature","geometry":{"type":"Point","coordinates":[93.370861,25.449056]},"properties":{"landslide_id":"NER_00326","source":"GSI","state":"Assam","district":"Dima Hasao","landslide_type":"Slide","confidence":"TABLE_EXTRACTED","date":null,"slope_deg":19.384071350097656,"sim_intensity":0.567,"intensity_note":"SIMULATED — heuristic from slope + landslide type, not a measured severity"}},{"type":"Feature","geometry":{"type":"Point","coordinates":[93.394333,25.452278]},"properties":{"landslide_id":"NER_00327","source":"GSI","state":"Assam","district":"Dima Hasao","landslide_type":"Slide","confidence":"TABLE_EXTRACTED","date":null,"slope_deg":9.489182472229004,"sim_intensity":0.457,"intensity_note":"SIMULATED — heuristic from slope + landslide type, not a measured severity"}},{"type":"Feature","geometry":{"type":"Point","coordinates":[93.394667,25.453167]},"properties":{"landslide_id":"NER_00328","source":"GSI","state":"Assam","district":"Dima Hasao","landslide_type":"Slide","confidence":"TABLE_EXTRACTED","date":null,"slope_deg":3.7491366863250732,"sim_intensity":0.393,"intensity_note":"SIMULATED — heuristic from slope + landslide type, not a measured severity"}},{"type":"Feature","geometry":{"type":"Point","coordinates":[93.371194,25.453528]},"properties":{"landslide_id":"NER_00329","source":"GSI","state":"Assam","district":"Dima Hasao","landslide_type":"Slide","confidence":"TABLE_EXTRACTED","date":null,"slope_deg":6.807396411895752,"sim_intensity":0.427,"intensity_note":"SIMULATED — heuristic from slope + landslide type, not a measured severity"}},{"type":"Feature","geometry":{"type":"Point","coordinates":[93.371389,25.453611]},"properties":{"landslide_id":"NER_00330","source":"GSI","state":"Assam","district":"Dima Hasao","landslide_type":"Slide","confidence":"TABLE_EXTRACTED","date":null,"slope_deg":7.148488521575928,"sim_intensity":0.431,"intensity_note":"SIMULATED — heuristic from slope + landslide type, not a measured severity"}},{"type":"Feature","geometry":{"type":"Point","coordinates":[93.375972,25.454083]},"properties":{"landslide_id":"NER_00331","source":"GSI","state":"Assam","district":"Dima Hasao","landslide_type":"Slide","confidence":"TABLE_EXTRACTED","date":null,"slope_deg":10.539849281311035,"sim_intensity":0.469,"intensity_note":"SIMULATED — heuristic from slope + landslide type, not a measured severity"}},{"type":"Feature","geometry":{"type":"Point","coordinates":[93.374472,25.455333]},"properties":{"landslide_id":"NER_00332","source":"GSI","state":"Assam","district":"Dima Hasao","landslide_type":"Slide","confidence":"TABLE_EXTRACTED","date":null,"slope_deg":12.055683135986328,"sim_intensity":0.486,"intensity_note":"SIMULATED — heuristic from slope + landslide type, not a measured severity"}},{"type":"Feature","geometry":{"type":"Point","coordinates":[93.384306,25.462361]},"properties":{"landslide_id":"NER_00333","source":"GSI","state":"Assam","district":"Dima Hasao","landslide_type":"Slide","confidence":"TABLE_EXTRACTED","date":null,"slope_deg":16.710731506347656,"sim_intensity":0.538,"intensity_note":"SIMULATED — heuristic from slope + landslide type, not a measured severity"}},{"type":"Feature","geometry":{"type":"Point","coordinates":[93.10536,25.50669]},"properties":{"landslide_id":"NER_00334","source":"GSI","state":"Assam","district":"Dima Hasao","landslide_type":"Slide","confidence":"TABLE_EXTRACTED","date":null,"slope_deg":2.070237159729004,"sim_intensity":0.375,"intensity_note":"SIMULATED — heuristic from slope + landslide type, not a measured severity"}},{"type":"Feature","geometry":{"type":"Point","coordinates":[92.784825,25.513567]},"properties":{"landslide_id":"NER_00335","source":"GSI","state":"Assam","district":"Dima Hasao","landslide_type":"Subsidence","confidence":"TABLE_EXTRACTED","date":null,"slope_deg":8.011686325073242,"sim_intensity":0.421,"intensity_note":"SIMULATED — heuristic from slope + landslide type, not a measured severity"}},{"type":"Feature","geometry":{"type":"Point","coordinates":[92.765435,25.51402]},"properties":{"landslide_id":"NER_00336","source":"GSI","state":"Assam","district":"Dima Hasao","landslide_type":"Slide","confidence":"TABLE_EXTRACTED","date":null,"slope_deg":10.738859176635742,"sim_intensity":0.471,"intensity_note":"SIMULATED — heuristic from slope + landslide type, not a measured severity"}},{"type":"Feature","geometry":{"type":"Point","coordinates":[92.71653,25.569]},"properties":{"landslide_id":"NER_00337","source":"GSI","state":"Assam","district":"Dima Hasao","landslide_type":"Slide","confidence":"TABLE_EXTRACTED","date":null,"slope_deg":25.429685592651367,"sim_intensity":0.635,"intensity_note":"SIMULATED — heuristic from slope + landslide type, not a measured severity"}},{"type":"Feature","geometry":{"type":"Point","coordinates":[92.72822,25.57994]},"properties":{"landslide_id":"NER_00338","source":"GSI","state":"Assam","district":"Dima Hasao","landslide_type":"Slide","confidence":"TABLE_EXTRACTED","date":null,"slope_deg":19.62285041809082,"sim_intensity":0.57,"intensity_note":"SIMULATED — heuristic from slope + landslide type, not a measured severity"}},{"type":"Feature","geometry":{"type":"Point","coordinates":[93.09178,25.61092]},"properties":{"landslide_id":"NER_00339","source":"GSI","state":"Assam","district":"Dima Hasao","landslide_type":"Slide","confidence":"TABLE_EXTRACTED","date":null,"slope_deg":0.6186540722846985,"sim_intensity":0.359,"intensity_note":"SIMULATED — heuristic from slope + landslide type, not a measured severity"}},{"type":"Feature","geometry":{"type":"Point","coordinates":[93.12083,25.64897]},"properties":{"landslide_id":"NER_00340","source":"GSI","state":"Assam","district":"Dima Hasao","landslide_type":"Slide","confidence":"TABLE_EXTRACTED","date":null,"slope_deg":18.172985076904297,"sim_intensity":0.554,"intensity_note":"SIMULATED — heuristic from slope + landslide type, not a measured severity"}},{"type":"Feature","geometry":{"type":"Point","coordinates":[93.12083,25.65167]},"properties":{"landslide_id":"NER_00341","source":"GSI","state":"Assam","district":"Dima Hasao","landslide_type":"Slide","confidence":"TABLE_EXTRACTED","date":null,"slope_deg":11.609580039978027,"sim_intensity":0.482,"intensity_note":"SIMULATED — heuristic from slope + landslide type, not a measured severity"}},{"type":"Feature","geometry":{"type":"Point","coordinates":[93.11811,25.65792]},"properties":{"landslide_id":"NER_00342","source":"GSI","state":"Assam","district":"Dima Hasao","landslide_type":"Slide","confidence":"TABLE_EXTRACTED","date":null,"slope_deg":15.039594650268555,"sim_intensity":0.52,"intensity_note":"SIMULATED — heuristic from slope + landslide type, not a measured severity"}},{"type":"Feature","geometry":{"type":"Point","coordinates":[93.11808,25.65839]},"properties":{"landslide_id":"NER_00343","source":"GSI","state":"Assam","district":"Dima Hasao","landslide_type":"Slide","confidence":"TABLE_EXTRACTED","date":null,"slope_deg":15.039594650268555,"sim_intensity":0.52,"intensity_note":"SIMULATED — heuristic from slope + landslide type, not a measured severity"}},{"type":"Feature","geometry":{"type":"Point","coordinates":[93.11522,25.67153]},"properties":{"landslide_id":"NER_00344","source":"GSI","state":"Assam","district":"Dima Hasao","landslide_type":"Topple","confidence":"TABLE_EXTRACTED","date":null,"slope_deg":6.940136432647705,"sim_intensity":0.47,"intensity_note":"SIMULATED — heuristic from slope + landslide type, not a measured severity"}},{"type":"Feature","geometry":{"type":"Point","coordinates":[93.131083,25.72486]},"properties":{"landslide_id":"NER_00345","source":"GSI","state":"Assam","district":"Dima Hasao","landslide_type":"Slide","confidence":"TABLE_EXTRACTED","date":null,"slope_deg":12.470141410827637,"sim_intensity":0.491,"intensity_note":"SIMULATED — heuristic from slope + landslide type, not a measured severity"}},{"type":"Feature","geometry":{"type":"Point","coordinates":[93.13075,25.72561]},"properties":{"landslide_id":"NER_00346","source":"GSI","state":"Assam","district":"Dima Hasao","landslide_type":"Slide","confidence":"TABLE_EXTRACTED","date":null,"slope_deg":11.485496520996094,"sim_intensity":0.48,"intensity_note":"SIMULATED — heuristic from slope + landslide type, not a measured severity"}},{"type":"Feature","geometry":{"type":"Point","coordinates":[92.52258,25.75933]},"properties":{"landslide_id":"NER_00347","source":"GSI","state":"Assam","district":"West Karbi Anglong","landslide_type":"Slide","confidence":"TABLE_EXTRACTED","date":null,"slope_deg":3.66141414642334,"sim_intensity":0.393,"intensity_note":"SIMULATED — heuristic from slope + landslide type, not a measured severity"}},{"type":"Feature","geometry":{"type":"Point","coordinates":[91.24,25.79]},"properties":{"landslide_id":"NER_00348","source":"GSI","state":"Assam","district":"Kamrup (Rural)","landslide_type":"Slide","confidence":"TABLE_EXTRACTED","date":null,"slope_deg":2.1383259296417236,"sim_intensity":0.376,"intensity_note":"SIMULATED — heuristic from slope + landslide type, not a measured severity"}},{"type":"Feature","geometry":{"type":"Point","coordinates":[92.52653,25.79939]},"properties":{"landslide_id":"NER_00349","source":"GSI","state":"Assam","district":"West Karbi Anglong","landslide_type":"Slide","confidence":"TABLE_EXTRACTED","date":null,"slope_deg":8.271421432495117,"sim_intensity":0.445,"intensity_note":"SIMULATED — heuristic from slope + landslide type, not a measured severity"}},{"type":"Feature","geometry":{"type":"Point","coordinates":[92.474833,25.809417]},"properties":{"landslide_id":"NER_00350","source":"GSI","state":"Assam","district":"West Karbi Anglong","landslide_type":"Slide","confidence":"TABLE_EXTRACTED","date":null,"slope_deg":24.8880558013916,"sim_intensity":0.63,"intensity_note":"SIMULATED — heuristic from slope + landslide type, not a measured severity"}},{"type":"Feature","geometry":{"type":"Point","coordinates":[93.58616,25.81044]},"properties":{"landslide_id":"NER_00351","source":"GSI","state":"Assam","district":"Karbi Anglong","landslide_type":"Slide","confidence":"TABLE_EXTRACTED","date":null,"slope_deg":3.7491366863250732,"sim_intensity":0.395,"intensity_note":"SIMULATED — heuristic from slope + landslide type, not a measured severity"}},{"type":"Feature","geometry":{"type":"Point","coordinates":[92.55003,25.81175]},"properties":{"landslide_id":"NER_00352","source":"GSI","state":"Assam","district":"West Karbi Anglong","landslide_type":"Slide","confidence":"TABLE_EXTRACTED","date":null,"slope_deg":20.98422622680664,"sim_intensity":0.586,"intensity_note":"SIMULATED — heuristic from slope + landslide type, not a measured severity"}},{"type":"Feature","geometry":{"type":"Point","coordinates":[92.55069,25.812]},"properties":{"landslide_id":"NER_00353","source":"GSI","state":"Assam","district":"West Karbi Anglong","landslide_type":"Slide","confidence":"TABLE_EXTRACTED","date":null,"slope_deg":19.094955444335938,"sim_intensity":0.565,"intensity_note":"SIMULATED — heuristic from slope + landslide type, not a measured severity"}},{"type":"Feature","geometry":{"type":"Point","coordinates":[92.55156,25.81236]},"properties":{"landslide_id":"NER_00354","source":"GSI","state":"Assam","district":"West Karbi Anglong","landslide_type":"Slide","confidence":"TABLE_EXTRACTED","date":null,"slope_deg":18.109296798706055,"sim_intensity":0.554,"intensity_note":"SIMULATED — heuristic from slope + landslide type, not a measured severity"}},{"type":"Feature","geometry":{"type":"Point","coordinates":[92.55422,25.81428]},"properties":{"landslide_id":"NER_00355","source":"GSI","state":"Assam","district":"West Karbi Anglong","landslide_type":"Slide","confidence":"TABLE_EXTRACTED","date":null,"slope_deg":12.407184600830078,"sim_intensity":0.491,"intensity_note":"SIMULATED — heuristic from slope + landslide type, not a measured severity"}},{"type":"Feature","geometry":{"type":"Point","coordinates":[92.5535,25.81542]},"properties":{"landslide_id":"NER_00356","source":"GSI","state":"Assam","district":"West Karbi Anglong","landslide_type":"Slide","confidence":"TABLE_EXTRACTED","date":null,"slope_deg":11.079390525817871,"sim_intensity":0.476,"intensity_note":"SIMULATED — heuristic from slope + landslide type, not a measured severity"}},{"type":"Feature","geometry":{"type":"Point","coordinates":[92.71878,25.81678]},"properties":{"landslide_id":"NER_00357","source":"GSI","state":"Assam","district":"West Karbi Anglong","landslide_type":"Slide","confidence":"TABLE_EXTRACTED","date":null,"slope_deg":7.390712738037109,"sim_intensity":0.435,"intensity_note":"SIMULATED — heuristic from slope + landslide type, not a measured severity"}},{"type":"Feature","geometry":{"type":"Point","coordinates":[92.71744,25.81689]},"properties":{"landslide_id":"NER_00358","source":"GSI","state":"Assam","district":"West Karbi Anglong","landslide_type":"Slide","confidence":"TABLE_EXTRACTED","date":null,"slope_deg":9.80780029296875,"sim_intensity":0.462,"intensity_note":"SIMULATED — heuristic from slope + landslide type, not a measured severity"}},{"type":"Feature","geometry":{"type":"Point","coordinates":[93.10886,25.81756]},"properties":{"landslide_id":"NER_00359","source":"GSI","state":"Assam","district":"Nagaon","landslide_type":"Fall","confidence":"TABLE_EXTRACTED","date":null,"slope_deg":10.993885040283203,"sim_intensity":0.505,"intensity_note":"SIMULATED — heuristic from slope + landslide type, not a measured severity"}},{"type":"Feature","geometry":{"type":"Point","coordinates":[92.74872,25.81806]},"properties":{"landslide_id":"NER_00360","source":"GSI","state":"Assam","district":"West Karbi Anglong","landslide_type":"Slide","confidence":"TABLE_EXTRACTED","date":null,"slope_deg":8.271421432495117,"sim_intensity":0.445,"intensity_note":"SIMULATED — heuristic from slope + landslide type, not a measured severity"}},{"type":"Feature","geometry":{"type":"Point","coordinates":[92.544,25.82108]},"properties":{"landslide_id":"NER_00361","source":"GSI","state":"Assam","district":"West Karbi Anglong","landslide_type":"Slide","confidence":"TABLE_EXTRACTED","date":null,"slope_deg":7.084683895111084,"sim_intensity":0.432,"intensity_note":"SIMULATED — heuristic from slope + landslide type, not a measured severity"}},{"type":"Feature","geometry":{"type":"Point","coordinates":[92.546381,25.822458]},"properties":{"landslide_id":"NER_00362","source":"GSI","state":"Assam","district":"West Karbi Anglong","landslide_type":"Slide","confidence":"TABLE_EXTRACTED","date":null,"slope_deg":7.030340194702148,"sim_intensity":0.432,"intensity_note":"SIMULATED — heuristic from slope + landslide type, not a measured severity"}},{"type":"Feature","geometry":{"type":"Point","coordinates":[93.4243,25.82522]},"properties":{"landslide_id":"NER_00363","source":"GSI","state":"Assam","district":"Karbi Anglong","landslide_type":"Slide","confidence":"TABLE_EXTRACTED","date":null,"slope_deg":4.395979881286621,"sim_intensity":0.402,"intensity_note":"SIMULATED — heuristic from slope + landslide type, not a measured severity"}},{"type":"Feature","geometry":{"type":"Point","coordinates":[92.54775,25.82528]},"properties":{"landslide_id":"NER_00364","source":"GSI","state":"Assam","district":"West Karbi Anglong","landslide_type":"Slide","confidence":"TABLE_EXTRACTED","date":null,"slope_deg":6.30979061126709,"sim_intensity":0.424,"intensity_note":"SIMULATED — heuristic from slope + landslide type, not a measured severity"}},{"type":"Feature","geometry":{"type":"Point","coordinates":[92.55658,25.82769]},"properties":{"landslide_id":"NER_00365","source":"GSI","state":"Assam","district":"West Karbi Anglong","landslide_type":"Slide","confidence":"TABLE_EXTRACTED","date":null,"slope_deg":8.535842895507812,"sim_intensity":0.448,"intensity_note":"SIMULATED — heuristic from slope + landslide type, not a measured severity"}},{"type":"Feature","geometry":{"type":"Point","coordinates":[93.45257,25.83128]},"properties":{"landslide_id":"NER_00366","source":"GSI","state":"Assam","district":"Karbi Anglong","landslide_type":"Slide","confidence":"TABLE_EXTRACTED","date":null,"slope_deg":14.96877670288086,"sim_intensity":0.52,"intensity_note":"SIMULATED — heuristic from slope + landslide type, not a measured severity"}},{"type":"Feature","geometry":{"type":"Point","coordinates":[91.35,25.84]},"properties":{"landslide_id":"NER_00367","source":"GSI","state":"Assam","district":"Kamrup (Rural)","landslide_type":"Slide","confidence":"TABLE_EXTRACTED","date":null,"slope_deg":14.028679847717285,"sim_intensity":0.51,"intensity_note":"SIMULATED — heuristic from slope + landslide type, not a measured severity"}},{"type":"Feature","geometry":{"type":"Point","coordinates":[93.45138,25.84152]},"properties":{"landslide_id":"NER_00368","source":"GSI","state":"Assam","district":"Karbi Anglong","landslide_type":"Slide","confidence":"TABLE_EXTRACTED","date":null,"slope_deg":5.866754055023193,"sim_intensity":0.419,"intensity_note":"SIMULATED — heuristic from slope + landslide type, not a measured severity"}},{"type":"Feature","geometry":{"type":"Point","coordinates":[93.45244,25.84267]},"properties":{"landslide_id":"NER_00369","source":"GSI","state":"Assam","district":"Karbi Anglong","landslide_type":"Slide","confidence":"TABLE_EXTRACTED","date":null,"slope_deg":3.66141414642334,"sim_intensity":0.394,"intensity_note":"SIMULATED — heuristic from slope + landslide type, not a measured severity"}},{"type":"Feature","geometry":{"type":"Point","coordinates":[93.45331,25.84444]},"properties":{"landslide_id":"NER_00370","source":"GSI","state":"Assam","district":"Karbi Anglong","landslide_type":"Slide","confidence":"TABLE_EXTRACTED","date":null,"slope_deg":6.391315460205078,"sim_intensity":0.425,"intensity_note":"SIMULATED — heuristic from slope + landslide type, not a measured severity"}},{"type":"Feature","geometry":{"type":"Point","coordinates":[92.61514,25.84494]},"properties":{"landslide_id":"NER_00371","source":"GSI","state":"Assam","district":"West Karbi Anglong","landslide_type":"Slide","confidence":"TABLE_EXTRACTED","date":null,"slope_deg":5.112637996673584,"sim_intensity":0.411,"intensity_note":"SIMULATED — heuristic from slope + landslide type, not a measured severity"}},{"type":"Feature","geometry":{"type":"Point","coordinates":[93.56682,25.84512]},"properties":{"landslide_id":"NER_00372","source":"GSI","state":"Assam","district":"Karbi Anglong","landslide_type":"Slide","confidence":"TABLE_EXTRACTED","date":null,"slope_deg":1.151889681816101,"sim_intensity":0.367,"intensity_note":"SIMULATED — heuristic from slope + landslide type, not a measured severity"}},{"type":"Feature","geometry":{"type":"Point","coordinates":[93.68408,25.84516]},"properties":{"landslide_id":"NER_00373","source":"GSI","state":"Assam","district":"Karbi Anglong","landslide_type":"Slide","confidence":"TABLE_EXTRACTED","date":null,"slope_deg":4.948836326599121,"sim_intensity":0.409,"intensity_note":"SIMULATED — heuristic from slope + landslide type, not a measured severity"}},{"type":"Feature","geometry":{"type":"Point","coordinates":[93.68312,25.84541]},"properties":{"landslide_id":"NER_00374","source":"GSI","state":"Assam","district":"Karbi Anglong","landslide_type":"Slide","confidence":"TABLE_EXTRACTED","date":null,"slope_deg":7.3299760818481445,"sim_intensity":0.436,"intensity_note":"SIMULATED — heuristic from slope + landslide type, not a measured severity"}},{"type":"Feature","geometry":{"type":"Point","coordinates":[93.687,25.8465]},"properties":{"landslide_id":"NER_00375","source":"GSI","state":"Assam","district":"Karbi Anglong","landslide_type":"Slide","confidence":"TABLE_EXTRACTED","date":null,"slope_deg":10.829704284667969,"sim_intensity":0.474,"intensity_note":"SIMULATED — heuristic from slope + landslide type, not a measured severity"}},{"type":"Feature","geometry":{"type":"Point","coordinates":[93.70174,25.84782]},"properties":{"landslide_id":"NER_00376","source":"GSI","state":"Assam","district":"Karbi Anglong","landslide_type":"Slide","confidence":"TABLE_EXTRACTED","date":null,"slope_deg":4.807024002075195,"sim_intensity":0.408,"intensity_note":"SIMULATED — heuristic from slope + landslide type, not a measured severity"}},{"type":"Feature","geometry":{"type":"Point","coordinates":[92.68328,25.84875]},"properties":{"landslide_id":"NER_00377","source":"GSI","state":"Assam","district":"West Karbi Anglong","landslide_type":"Slide","confidence":"TABLE_EXTRACTED","date":null,"slope_deg":16.98411750793457,"sim_intensity":0.543,"intensity_note":"SIMULATED — heuristic from slope + landslide type, not a measured severity"}},{"type":"Feature","geometry":{"type":"Point","coordinates":[92.69042,25.84967]},"properties":{"landslide_id":"NER_00378","source":"GSI","state":"Assam","district":"West Karbi Anglong","landslide_type":"Slide","confidence":"TABLE_EXTRACTED","date":null,"slope_deg":16.708911895751953,"sim_intensity":0.54,"intensity_note":"SIMULATED — heuristic from slope + landslide type, not a measured severity"}},{"type":"Feature","geometry":{"type":"Point","coordinates":[92.69072,25.84992]},"properties":{"landslide_id":"NER_00379","source":"GSI","state":"Assam","district":"West Karbi Anglong","landslide_type":"Slide","confidence":"TABLE_EXTRACTED","date":null,"slope_deg":16.708911895751953,"sim_intensity":0.54,"intensity_note":"SIMULATED — heuristic from slope + landslide type, not a measured severity"}},{"type":"Feature","geometry":{"type":"Point","coordinates":[93.56682,25.85072]},"properties":{"landslide_id":"NER_00380","source":"GSI","state":"Assam","district":"Karbi Anglong","landslide_type":"Slide","confidence":"TABLE_EXTRACTED","date":null,"slope_deg":2.1383259296417236,"sim_intensity":0.378,"intensity_note":"SIMULATED — heuristic from slope + landslide type, not a measured severity"}},{"type":"Feature","geometry":{"type":"Point","coordinates":[92.69203,25.8515]},"properties":{"landslide_id":"NER_00381","source":"GSI","state":"Assam","district":"West Karbi Anglong","landslide_type":"Slide","confidence":"TABLE_EXTRACTED","date":null,"slope_deg":17.242712020874023,"sim_intensity":0.546,"intensity_note":"SIMULATED — heuristic from slope + landslide type, not a measured severity"}},{"type":"Feature","geometry":{"type":"Point","coordinates":[92.58089,25.85167]},"properties":{"landslide_id":"NER_00382","source":"GSI","state":"Assam","district":"West Karbi Anglong","landslide_type":"Slide","confidence":"TABLE_EXTRACTED","date":null,"slope_deg":17.179468154907227,"sim_intensity":0.545,"intensity_note":"SIMULATED — heuristic from slope + landslide type, not a measured severity"}},{"type":"Feature","geometry":{"type":"Point","coordinates":[93.56633,25.85189]},"properties":{"landslide_id":"NER_00383","source":"GSI","state":"Assam","district":"Karbi Anglong","landslide_type":"Slide","confidence":"TABLE_EXTRACTED","date":null,"slope_deg":4.3544440269470215,"sim_intensity":0.403,"intensity_note":"SIMULATED — heuristic from slope + landslide type, not a measured severity"}},{"type":"Feature","geometry":{"type":"Point","coordinates":[93.56583,25.85487]},"properties":{"landslide_id":"NER_00384","source":"GSI","state":"Assam","district":"Karbi Anglong","landslide_type":"Slide","confidence":"TABLE_EXTRACTED","date":null,"slope_deg":5.0587286949157715,"sim_intensity":0.411,"intensity_note":"SIMULATED — heuristic from slope + landslide type, not a measured severity"}},{"type":"Feature","geometry":{"type":"Point","coordinates":[93.56638,25.85498]},"properties":{"landslide_id":"NER_00385","source":"GSI","state":"Assam","district":"Karbi Anglong","landslide_type":"Slide","confidence":"TABLE_EXTRACTED","date":null,"slope_deg":7.086620807647705,"sim_intensity":0.433,"intensity_note":"SIMULATED — heuristic from slope + landslide type, not a measured severity"}},{"type":"Feature","geometry":{"type":"Point","coordinates":[92.57369,25.85544]},"properties":{"landslide_id":"NER_00386","source":"GSI","state":"Assam","district":"West Karbi Anglong","landslide_type":"Slide","confidence":"TABLE_EXTRACTED","date":null,"slope_deg":3.308022975921631,"sim_intensity":0.391,"intensity_note":"SIMULATED — heuristic from slope + landslide type, not a measured severity"}},{"type":"Feature","geometry":{"type":"Point","coordinates":[92.72558,25.85992]},"properties":{"landslide_id":"NER_00387","source":"GSI","state":"Assam","district":"West Karbi Anglong","landslide_type":"Slide","confidence":"TABLE_EXTRACTED","date":null,"slope_deg":14.6856107711792,"sim_intensity":0.518,"intensity_note":"SIMULATED — heuristic from slope + landslide type, not a measured severity"}},{"type":"Feature","geometry":{"type":"Point","coordinates":[92.571047,25.864186]},"properties":{"landslide_id":"NER_00388","source":"GSI","state":"Assam","district":"West Karbi Anglong","landslide_type":"Slide","confidence":"TABLE_EXTRACTED","date":null,"slope_deg":20.994020462036133,"sim_intensity":0.588,"intensity_note":"SIMULATED — heuristic from slope + landslide type, not a measured severity"}},{"type":"Feature","geometry":{"type":"Point","coordinates":[92.59411,25.86958]},"properties":{"landslide_id":"NER_00389","source":"GSI","state":"Assam","district":"West Karbi Anglong","landslide_type":"Slide","confidence":"TABLE_EXTRACTED","date":null,"slope_deg":13.674036979675293,"sim_intensity":0.507,"intensity_note":"SIMULATED — heuristic from slope + landslide type, not a measured severity"}},{"type":"Feature","geometry":{"type":"Point","coordinates":[93.45792,25.88494]},"properties":{"landslide_id":"NER_00390","source":"GSI","state":"Assam","district":"Karbi Anglong","landslide_type":"Slide","confidence":"TABLE_EXTRACTED","date":null,"slope_deg":1.733868956565857,"sim_intensity":0.374,"intensity_note":"SIMULATED — heuristic from slope + landslide type, not a measured severity"}},{"type":"Feature","geometry":{"type":"Point","coordinates":[92.61347,25.88692]},"properties":{"landslide_id":"NER_00391","source":"GSI","state":"Assam","district":"West Karbi Anglong","landslide_type":"Slide","confidence":"TABLE_EXTRACTED","date":null,"slope_deg":3.8011202812194824,"sim_intensity":0.397,"intensity_note":"SIMULATED — heuristic from slope + landslide type, not a measured severity"}},{"type":"Feature","geometry":{"type":"Point","coordinates":[92.65819,25.90653]},"properties":{"landslide_id":"NER_00392","source":"GSI","state":"Assam","district":"West Karbi Anglong","landslide_type":"Slide","confidence":"TABLE_EXTRACTED","date":null,"slope_deg":16.913911819458008,"sim_intensity":0.543,"intensity_note":"SIMULATED — heuristic from slope + landslide type, not a measured severity"}},{"type":"Feature","geometry":{"type":"Point","coordinates":[92.64714,25.90692]},"properties":{"landslide_id":"NER_00393","source":"GSI","state":"Assam","district":"West Karbi Anglong","landslide_type":"Slide","confidence":"TABLE_EXTRACTED","date":null,"slope_deg":15.862092971801758,"sim_intensity":0.531,"intensity_note":"SIMULATED — heuristic from slope + landslide type, not a measured severity"}},{"type":"Feature","geometry":{"type":"Point","coordinates":[91.4,25.91]},"properties":{"landslide_id":"NER_00394","source":"GSI","state":"Assam","district":"Kamrup (Rural)","landslide_type":"Slide","confidence":"TABLE_EXTRACTED","date":null,"slope_deg":1.706084966659546,"sim_intensity":0.374,"intensity_note":"SIMULATED — heuristic from slope + landslide type, not a measured severity"}},{"type":"Feature","geometry":{"type":"Point","coordinates":[92.66358,25.945]},"properties":{"landslide_id":"NER_00395","source":"GSI","state":"Assam","district":"West Karbi Anglong","landslide_type":"Slide","confidence":"TABLE_EXTRACTED","date":null,"slope_deg":6.028525352478027,"sim_intensity":0.422,"intensity_note":"SIMULATED — heuristic from slope + landslide type, not a measured severity"}},{"type":"Feature","geometry":{"type":"Point","coordinates":[92.305361,25.946611]},"properties":{"landslide_id":"NER_00396","source":"GSI","state":"Assam","district":"West Karbi Anglong","landslide_type":"Slide","confidence":"TABLE_EXTRACTED","date":null,"slope_deg":5.25978422164917,"sim_intensity":0.414,"intensity_note":"SIMULATED — heuristic from slope + landslide type, not a measured severity"}},{"type":"Feature","geometry":{"type":"Point","coordinates":[91.28,25.95]},"properties":{"landslide_id":"NER_00397","source":"GSI","state":"Assam","district":"Kamrup (Rural)","landslide_type":"Slide","confidence":"TABLE_EXTRACTED","date":null,"slope_deg":11.609580039978027,"sim_intensity":0.484,"intensity_note":"SIMULATED — heuristic from slope + landslide type, not a measured severity"}},{"type":"Feature","geometry":{"type":"Point","coordinates":[92.60444,25.95381]},"properties":{"landslide_id":"NER_00398","source":"GSI","state":"Assam","district":"West Karbi Anglong","landslide_type":"Slide","confidence":"TABLE_EXTRACTED","date":null,"slope_deg":15.134939193725586,"sim_intensity":0.523,"intensity_note":"SIMULATED — heuristic from slope + landslide type, not a measured severity"}},{"type":"Feature","geometry":{"type":"Point","coordinates":[92.60367,25.95386]},"properties":{"landslide_id":"NER_00399","source":"GSI","state":"Assam","district":"West Karbi Anglong","landslide_type":"Slide","confidence":"TABLE_EXTRACTED","date":null,"slope_deg":19.43027114868164,"sim_intensity":0.571,"intensity_note":"SIMULATED — heuristic from slope + landslide type, not a measured severity"}},{"type":"Feature","geometry":{"type":"Point","coordinates":[93.72997,25.95514]},"properties":{"landslide_id":"NER_00400","source":"GSI","state":"Assam","district":"Karbi Anglong","landslide_type":"Slide","confidence":"TABLE_EXTRACTED","date":null,"slope_deg":0.34131383895874023,"sim_intensity":0.37,"intensity_note":"SIMULATED — heuristic from slope + landslide type, not a measured severity"}},{"type":"Feature","geometry":{"type":"Point","coordinates":[92.51753,25.95931]},"properties":{"landslide_id":"NER_00401","source":"GSI","state":"Assam","district":"West Karbi Anglong","landslide_type":"Slide","confidence":"TABLE_EXTRACTED","date":null,"slope_deg":22.213542938232422,"sim_intensity":0.613,"intensity_note":"SIMULATED — heuristic from slope + landslide type, not a measured severity"}},{"type":"Feature","geometry":{"type":"Point","coordinates":[92.60122,25.96094]},"properties":{"landslide_id":"NER_00402","source":"GSI","state":"Assam","district":"West Karbi Anglong","landslide_type":"Slide","confidence":"TABLE_EXTRACTED","date":null,"slope_deg":10.083550453186035,"sim_intensity":0.478,"intensity_note":"SIMULATED — heuristic from slope + landslide type, not a measured severity"}},{"type":"Feature","geometry":{"type":"Point","coordinates":[92.341333,25.961444]},"properties":{"landslide_id":"NER_00403","source":"GSI","state":"Assam","district":"West Karbi Anglong","landslide_type":"Slide","confidence":"TABLE_EXTRACTED","date":null,"slope_deg":2.5654213428497314,"sim_intensity":0.394,"intensity_note":"SIMULATED — heuristic from slope + landslide type, not a measured severity"}},{"type":"Feature","geometry":{"type":"Point","coordinates":[93.46922,25.96256]},"properties":{"landslide_id":"NER_00404","source":"GSI","state":"Assam","district":"Karbi Anglong","landslide_type":"Slide","confidence":"TABLE_EXTRACTED","date":null,"slope_deg":1.690147876739502,"sim_intensity":0.385,"intensity_note":"SIMULATED — heuristic from slope + landslide type, not a measured severity"}},{"type":"Feature","geometry":{"type":"Point","coordinates":[93.46964,25.96272]},"properties":{"landslide_id":"NER_00405","source":"GSI","state":"Assam","district":"Karbi Anglong","landslide_type":"Slide","confidence":"TABLE_EXTRACTED","date":null,"slope_deg":0.34131383895874023,"sim_intensity":0.37,"intensity_note":"SIMULATED — heuristic from slope + landslide type, not a measured severity"}},{"type":"Feature","geometry":{"type":"Point","coordinates":[92.59267,25.965731]},"properties":{"landslide_id":"NER_00406","source":"GSI","state":"Assam","district":"West Karbi Anglong","landslide_type":"Slide","confidence":"TABLE_EXTRACTED","date":null,"slope_deg":14.790677070617676,"sim_intensity":0.53,"intensity_note":"SIMULATED — heuristic from slope + landslide type, not a measured severity"}},{"type":"Feature","geometry":{"type":"Point","coordinates":[92.356917,25.96667]},"properties":{"landslide_id":"NER_00407","source":"GSI","state":"Assam","district":"West Karbi Anglong","landslide_type":"Slide","confidence":"TABLE_EXTRACTED","date":null,"slope_deg":8.800386428833008,"sim_intensity":0.464,"intensity_note":"SIMULATED — heuristic from slope + landslide type, not a measured severity"}},{"type":"Feature","geometry":{"type":"Point","coordinates":[92.3575,25.968083]},"properties":{"landslide_id":"NER_00408","source":"GSI","state":"Assam","district":"West Karbi Anglong","landslide_type":"Slide","confidence":"TABLE_EXTRACTED","date":null,"slope_deg":18.161649703979492,"sim_intensity":0.568,"intensity_note":"SIMULATED — heuristic from slope + landslide type, not a measured severity"}},{"type":"Feature","geometry":{"type":"Point","coordinates":[92.354778,25.977194]},"properties":{"landslide_id":"NER_00409","source":"GSI","state":"Assam","district":"West Karbi Anglong","landslide_type":"Slide","confidence":"TABLE_EXTRACTED","date":null,"slope_deg":13.729220390319824,"sim_intensity":0.519,"intensity_note":"SIMULATED — heuristic from slope + landslide type, not a measured severity"}},{"type":"Feature","geometry":{"type":"Point","coordinates":[92.51892,25.98219]},"properties":{"landslide_id":"NER_00410","source":"GSI","state":"Assam","district":"West Karbi Anglong","landslide_type":"Slide","confidence":"TABLE_EXTRACTED","date":null,"slope_deg":16.708768844604492,"sim_intensity":0.552,"intensity_note":"SIMULATED — heuristic from slope + landslide type, not a measured severity"}},{"type":"Feature","geometry":{"type":"Point","coordinates":[90.595,26.006]},"properties":{"landslide_id":"NER_00412","source":"GSI","state":"Assam","district":"Goalpara","landslide_type":"Slide","confidence":"TABLE_EXTRACTED","date":null,"slope_deg":0.9886959195137024,"sim_intensity":0.377,"intensity_note":"SIMULATED — heuristic from slope + landslide type, not a measured severity"}},{"type":"Feature","geometry":{"type":"Point","coordinates":[92.264167,26.012]},"properties":{"landslide_id":"NER_00413","source":"GSI","state":"Assam","district":"West Karbi Anglong","landslide_type":"Slide","confidence":"TABLE_EXTRACTED","date":null,"slope_deg":11.029289245605469,"sim_intensity":0.489,"intensity_note":"SIMULATED — heuristic from slope + landslide type, not a measured severity"}},{"type":"Feature","geometry":{"type":"Point","coordinates":[92.266083,26.013528]},"properties":{"landslide_id":"NER_00414","source":"GSI","state":"Assam","district":"West Karbi Anglong","landslide_type":"Slide","confidence":"TABLE_EXTRACTED","date":null,"slope_deg":22.024677276611328,"sim_intensity":0.611,"intensity_note":"SIMULATED — heuristic from slope + landslide type, not a measured severity"}},{"type":"Feature","geometry":{"type":"Point","coordinates":[92.48225,26.016389]},"properties":{"landslide_id":"NER_00415","source":"GSI","state":"Assam","district":"West Karbi Anglong","landslide_type":"Slide","confidence":"TABLE_EXTRACTED","date":null,"slope_deg":25.75642967224121,"sim_intensity":0.653,"intensity_note":"SIMULATED — heuristic from slope + landslide type, not a measured severity"}},{"type":"Feature","geometry":{"type":"Point","coordinates":[92.274028,26.022833]},"properties":{"landslide_id":"NER_00416","source":"GSI","state":"Assam","district":"West Karbi Anglong","landslide_type":"Slide","confidence":"TABLE_EXTRACTED","date":null,"slope_deg":19.103818893432617,"sim_intensity":0.579,"intensity_note":"SIMULATED — heuristic from slope + landslide type, not a measured severity"}},{"type":"Feature","geometry":{"type":"Point","coordinates":[92.475,26.024167]},"properties":{"landslide_id":"NER_00417","source":"GSI","state":"Assam","district":"West Karbi Anglong","landslide_type":"Slide","confidence":"TABLE_EXTRACTED","date":null,"slope_deg":12.30532455444336,"sim_intensity":0.503,"intensity_note":"SIMULATED — heuristic from slope + landslide type, not a measured severity"}},{"type":"Feature","geometry":{"type":"Point","coordinates":[92.474139,26.030972]},"properties":{"landslide_id":"NER_00418","source":"GSI","state":"Assam","district":"West Karbi Anglong","landslide_type":"Slide","confidence":"TABLE_EXTRACTED","date":null,"slope_deg":9.967719078063965,"sim_intensity":0.477,"intensity_note":"SIMULATED — heuristic from slope + landslide type, not a measured severity"}},{"type":"Feature","geometry":{"type":"Point","coordinates":[92.472778,26.031528]},"properties":{"landslide_id":"NER_00419","source":"GSI","state":"Assam","district":"West Karbi Anglong","landslide_type":"Slide","confidence":"TABLE_EXTRACTED","date":null,"slope_deg":19.831039428710938,"sim_intensity":0.587,"intensity_note":"SIMULATED — heuristic from slope + landslide type, not a measured severity"}},{"type":"Feature","geometry":{"type":"Point","coordinates":[92.47375,26.031583]},"properties":{"landslide_id":"NER_00420","source":"GSI","state":"Assam","district":"West Karbi Anglong","landslide_type":"Slide","confidence":"TABLE_EXTRACTED","date":null,"slope_deg":16.850032806396484,"sim_intensity":0.554,"intensity_note":"SIMULATED — heuristic from slope + landslide type, not a measured severity"}},{"type":"Feature","geometry":{"type":"Point","coordinates":[92.271861,26.03275]},"properties":{"landslide_id":"NER_00421","source":"GSI","state":"Assam","district":"West Karbi Anglong","landslide_type":"Slide","confidence":"TABLE_EXTRACTED","date":null,"slope_deg":13.75876522064209,"sim_intensity":0.52,"intensity_note":"SIMULATED — heuristic from slope + landslide type, not a measured severity"}},{"type":"Feature","geometry":{"type":"Point","coordinates":[92.468056,26.033556]},"properties":{"landslide_id":"NER_00422","source":"GSI","state":"Assam","district":"West Karbi Anglong","landslide_type":"Slide","confidence":"TABLE_EXTRACTED","date":null,"slope_deg":22.845172882080078,"sim_intensity":0.621,"intensity_note":"SIMULATED — heuristic from slope + landslide type, not a measured severity"}},{"type":"Feature","geometry":{"type":"Point","coordinates":[92.470861,26.035278]},"properties":{"landslide_id":"NER_00423","source":"GSI","state":"Assam","district":"West Karbi Anglong","landslide_type":"Slide","confidence":"TABLE_EXTRACTED","date":null,"slope_deg":13.173462867736816,"sim_intensity":0.513,"intensity_note":"SIMULATED — heuristic from slope + landslide type, not a measured severity"}},{"type":"Feature","geometry":{"type":"Point","coordinates":[92.273056,26.036583]},"properties":{"landslide_id":"NER_00424","source":"GSI","state":"Assam","district":"West Karbi Anglong","landslide_type":"Slide","confidence":"TABLE_EXTRACTED","date":null,"slope_deg":8.263461112976074,"sim_intensity":0.459,"intensity_note":"SIMULATED — heuristic from slope + landslide type, not a measured severity"}},{"type":"Feature","geometry":{"type":"Point","coordinates":[92.4595,26.039194]},"properties":{"landslide_id":"NER_00425","source":"GSI","state":"Assam","district":"West Karbi Anglong","landslide_type":"Slide","confidence":"TABLE_EXTRACTED","date":null,"slope_deg":18.561737060546875,"sim_intensity":0.573,"intensity_note":"SIMULATED — heuristic from slope + landslide type, not a measured severity"}},{"type":"Feature","geometry":{"type":"Point","coordinates":[92.273806,26.039361]},"properties":{"landslide_id":"NER_00426","source":"GSI","state":"Assam","district":"West Karbi Anglong","landslide_type":"Slide","confidence":"TABLE_EXTRACTED","date":null,"slope_deg":10.53474235534668,"sim_intensity":0.484,"intensity_note":"SIMULATED — heuristic from slope + landslide type, not a measured severity"}},{"type":"Feature","geometry":{"type":"Point","coordinates":[92.0355,26.0405]},"properties":{"landslide_id":"NER_00427","source":"GSI","state":"Assam","district":"Kamrup","landslide_type":"Slide","confidence":"TABLE_EXTRACTED","date":null,"slope_deg":3.2549514770507812,"sim_intensity":0.403,"intensity_note":"SIMULATED — heuristic from slope + landslide type, not a measured severity"}},{"type":"Feature","geometry":{"type":"Point","coordinates":[92.27525,26.042139]},"properties":{"landslide_id":"NER_00428","source":"GSI","state":"Assam","district":"West Karbi Anglong","landslide_type":"Slide","confidence":"TABLE_EXTRACTED","date":null,"slope_deg":12.979802131652832,"sim_intensity":0.511,"intensity_note":"SIMULATED — heuristic from slope + landslide type, not a measured severity"}},{"type":"Feature","geometry":{"type":"Point","coordinates":[92.055531,26.043267]},"properties":{"landslide_id":"NER_00429","source":"GSI","state":"Assam","district":"Kamrup","landslide_type":"Slide","confidence":"TABLE_EXTRACTED","date":null,"slope_deg":4.369631767272949,"sim_intensity":0.416,"intensity_note":"SIMULATED — heuristic from slope + landslide type, not a measured severity"}},{"type":"Feature","geometry":{"type":"Point","coordinates":[92.440528,26.043583]},"properties":{"landslide_id":"NER_00430","source":"GSI","state":"Assam","district":"West Karbi Anglong","landslide_type":"Slide","confidence":"TABLE_EXTRACTED","date":null,"slope_deg":17.052350997924805,"sim_intensity":0.557,"intensity_note":"SIMULATED — heuristic from slope + landslide type, not a measured severity"}},{"type":"Feature","geometry":{"type":"Point","coordinates":[92.452222,26.043583]},"properties":{"landslide_id":"NER_00431","source":"GSI","state":"Assam","district":"West Karbi Anglong","landslide_type":"Slide","confidence":"TABLE_EXTRACTED","date":null,"slope_deg":12.447474479675293,"sim_intensity":0.506,"intensity_note":"SIMULATED — heuristic from slope + landslide type, not a measured severity"}},{"type":"Feature","geometry":{"type":"Point","coordinates":[92.440944,26.043611]},"properties":{"landslide_id":"NER_00432","source":"GSI","state":"Assam","district":"West Karbi Anglong","landslide_type":"Slide","confidence":"TABLE_EXTRACTED","date":null,"slope_deg":17.052350997924805,"sim_intensity":0.557,"intensity_note":"SIMULATED — heuristic from slope + landslide type, not a measured severity"}},{"type":"Feature","geometry":{"type":"Point","coordinates":[92.441472,26.043722]},"properties":{"landslide_id":"NER_00433","source":"GSI","state":"Assam","district":"West Karbi Anglong","landslide_type":"Slide","confidence":"TABLE_EXTRACTED","date":null,"slope_deg":21.912168502807617,"sim_intensity":0.611,"intensity_note":"SIMULATED — heuristic from slope + landslide type, not a measured severity"}},{"type":"Feature","geometry":{"type":"Point","coordinates":[92.457417,26.045472]},"properties":{"landslide_id":"NER_00434","source":"GSI","state":"Assam","district":"West Karbi Anglong","landslide_type":"Slide","confidence":"TABLE_EXTRACTED","date":null,"slope_deg":7.324113845825195,"sim_intensity":0.449,"intensity_note":"SIMULATED — heuristic from slope + landslide type, not a measured severity"}},{"type":"Feature","geometry":{"type":"Point","coordinates":[92.450778,26.045806]},"properties":{"landslide_id":"NER_00435","source":"GSI","state":"Assam","district":"West Karbi Anglong","landslide_type":"Slide","confidence":"TABLE_EXTRACTED","date":null,"slope_deg":25.44884490966797,"sim_intensity":0.65,"intensity_note":"SIMULATED — heuristic from slope + landslide type, not a measured severity"}},{"type":"Feature","geometry":{"type":"Point","coordinates":[92.432194,26.048611]},"properties":{"landslide_id":"NER_00436","source":"GSI","state":"Assam","district":"West Karbi Anglong","landslide_type":"Slide","confidence":"TABLE_EXTRACTED","date":null,"slope_deg":3.084414005279541,"sim_intensity":0.402,"intensity_note":"SIMULATED — heuristic from slope + landslide type, not a measured severity"}},{"type":"Feature","geometry":{"type":"Point","coordinates":[91.880072,26.050286]},"properties":{"landslide_id":"NER_00437","source":"GSI","state":"Assam","district":"Kamrup","landslide_type":"Slide","confidence":"TABLE_EXTRACTED","date":null,"slope_deg":11.098052024841309,"sim_intensity":0.491,"intensity_note":"SIMULATED — heuristic from slope + landslide type, not a measured severity"}},{"type":"Feature","geometry":{"type":"Point","coordinates":[93.406528,26.056083]},"properties":{"landslide_id":"NER_00438","source":"GSI","state":"Assam","district":"Karbi Anglong","landslide_type":"Slide","confidence":"TABLE_EXTRACTED","date":null,"slope_deg":19.105607986450195,"sim_intensity":0.58,"intensity_note":"SIMULATED — heuristic from slope + landslide type, not a measured severity"}},{"type":"Feature","geometry":{"type":"Point","coordinates":[93.406972,26.058972]},"properties":{"landslide_id":"NER_00439","source":"GSI","state":"Assam","district":"Karbi Anglong","landslide_type":"Slide","confidence":"TABLE_EXTRACTED","date":null,"slope_deg":5.8556742668151855,"sim_intensity":0.433,"intensity_note":"SIMULATED — heuristic from slope + landslide type, not a measured severity"}},{"type":"Feature","geometry":{"type":"Point","coordinates":[90.605,26.061]},"properties":{"landslide_id":"NER_00440","source":"GSI","state":"Assam","district":"Goalpara","landslide_type":"Slide","confidence":"TABLE_EXTRACTED","date":null,"slope_deg":8.10340404510498,"sim_intensity":0.458,"intensity_note":"SIMULATED — heuristic from slope + landslide type, not a measured severity"}},{"type":"Feature","geometry":{"type":"Point","coordinates":[92.147889,26.061861]},"properties":{"landslide_id":"NER_00441","source":"GSI","state":"Assam","district":"Kamrup","landslide_type":"Slide","confidence":"TABLE_EXTRACTED","date":null,"slope_deg":9.549736022949219,"sim_intensity":0.474,"intensity_note":"SIMULATED — heuristic from slope + landslide type, not a measured severity"}},{"type":"Feature","geometry":{"type":"Point","coordinates":[91.889136,26.0641]},"properties":{"landslide_id":"NER_00442","source":"GSI","state":"Assam","district":"Kamrup","landslide_type":"Slide","confidence":"TABLE_EXTRACTED","date":null,"slope_deg":9.381805419921875,"sim_intensity":0.472,"intensity_note":"SIMULATED — heuristic from slope + landslide type, not a measured severity"}},{"type":"Feature","geometry":{"type":"Point","coordinates":[92.150639,26.065167]},"properties":{"landslide_id":"NER_00443","source":"GSI","state":"Assam","district":"Kamrup","landslide_type":"Slide","confidence":"TABLE_EXTRACTED","date":null,"slope_deg":6.242270469665527,"sim_intensity":0.437,"intensity_note":"SIMULATED — heuristic from slope + landslide type, not a measured severity"}},{"type":"Feature","geometry":{"type":"Point","coordinates":[91.734028,26.071556]},"properties":{"landslide_id":"NER_00444","source":"GSI","state":"Assam","district":"Kamrup","landslide_type":"Slide","confidence":"TABLE_EXTRACTED","date":null,"slope_deg":11.019210815429688,"sim_intensity":0.49,"intensity_note":"SIMULATED — heuristic from slope + landslide type, not a measured severity"}},{"type":"Feature","geometry":{"type":"Point","coordinates":[91.982292,26.077653]},"properties":{"landslide_id":"NER_00445","source":"GSI","state":"Assam","district":"Kamrup","landslide_type":"Slide","confidence":"TABLE_EXTRACTED","date":null,"slope_deg":16.869367599487305,"sim_intensity":0.555,"intensity_note":"SIMULATED — heuristic from slope + landslide type, not a measured severity"}},{"type":"Feature","geometry":{"type":"Point","coordinates":[92.170389,26.077806]},"properties":{"landslide_id":"NER_00446","source":"GSI","state":"Assam","district":"Kamrup","landslide_type":"Slide","confidence":"TABLE_EXTRACTED","date":null,"slope_deg":5.803830623626709,"sim_intensity":0.432,"intensity_note":"SIMULATED — heuristic from slope + landslide type, not a measured severity"}},{"type":"Feature","geometry":{"type":"Point","coordinates":[92.035022,26.077844]},"properties":{"landslide_id":"NER_00447","source":"GSI","state":"Assam","district":"Kamrup","landslide_type":"Slide","confidence":"TABLE_EXTRACTED","date":null,"slope_deg":2.8438286781311035,"sim_intensity":0.4,"intensity_note":"SIMULATED — heuristic from slope + landslide type, not a measured severity"}},{"type":"Feature","geometry":{"type":"Point","coordinates":[92.032667,26.080139]},"properties":{"landslide_id":"NER_00448","source":"GSI","state":"Assam","district":"Kamrup","landslide_type":"Slide","confidence":"TABLE_EXTRACTED","date":null,"slope_deg":9.554464340209961,"sim_intensity":0.474,"intensity_note":"SIMULATED — heuristic from slope + landslide type, not a measured severity"}},{"type":"Feature","geometry":{"type":"Point","coordinates":[92.14525,26.083972]},"properties":{"landslide_id":"NER_00449","source":"GSI","state":"Assam","district":"Kamrup","landslide_type":"Slide","confidence":"TABLE_EXTRACTED","date":null,"slope_deg":4.470959663391113,"sim_intensity":0.418,"intensity_note":"SIMULATED — heuristic from slope + landslide type, not a measured severity"}},{"type":"Feature","geometry":{"type":"Point","coordinates":[92.135144,26.094578]},"properties":{"landslide_id":"NER_00450","source":"GSI","state":"Assam","district":"Kamrup","landslide_type":"Slide","confidence":"TABLE_EXTRACTED","date":null,"slope_deg":5.429502964019775,"sim_intensity":0.429,"intensity_note":"SIMULATED — heuristic from slope + landslide type, not a measured severity"}},{"type":"Feature","geometry":{"type":"Point","coordinates":[92.43875,26.096722]},"properties":{"landslide_id":"NER_00451","source":"GSI","state":"Assam","district":"Nagaon","landslide_type":"Fall","confidence":"TABLE_EXTRACTED","date":null,"slope_deg":17.246694564819336,"sim_intensity":0.59,"intensity_note":"SIMULATED — heuristic from slope + landslide type, not a measured severity"}},{"type":"Feature","geometry":{"type":"Point","coordinates":[91.980589,26.097986]},"properties":{"landslide_id":"NER_00452","source":"GSI","state":"Assam","district":"Kamrup","landslide_type":"Slide","confidence":"TABLE_EXTRACTED","date":null,"slope_deg":14.761722564697266,"sim_intensity":0.532,"intensity_note":"SIMULATED — heuristic from slope + landslide type, not a measured severity"}},{"type":"Feature","geometry":{"type":"Point","coordinates":[91.881278,26.098167]},"properties":{"landslide_id":"NER_00453","source":"GSI","state":"Assam","district":"Dima Hasao","landslide_type":"Slide","confidence":"TABLE_EXTRACTED","date":null,"slope_deg":10.642988204956055,"sim_intensity":0.487,"intensity_note":"SIMULATED — heuristic from slope + landslide type, not a measured severity"}},{"type":"Feature","geometry":{"type":"Point","coordinates":[92.439389,26.098222]},"properties":{"landslide_id":"NER_00454","source":"GSI","state":"Assam","district":"Nagaon","landslide_type":"Slide","confidence":"TABLE_EXTRACTED","date":null,"slope_deg":16.90953254699707,"sim_intensity":0.556,"intensity_note":"SIMULATED — heuristic from slope + landslide type, not a measured severity"}},{"type":"Feature","geometry":{"type":"Point","coordinates":[91.876625,26.099975]},"properties":{"landslide_id":"NER_00455","source":"GSI","state":"Assam","district":"Kamrup","landslide_type":"Slide","confidence":"TABLE_EXTRACTED","date":null,"slope_deg":7.206364154815674,"sim_intensity":0.449,"intensity_note":"SIMULATED — heuristic from slope + landslide type, not a measured severity"}},{"type":"Feature","geometry":{"type":"Point","coordinates":[92.440556,26.101333]},"properties":{"landslide_id":"NER_00456","source":"GSI","state":"Assam","district":"Nagaon","landslide_type":"Slide","confidence":"TABLE_EXTRACTED","date":null,"slope_deg":7.460600852966309,"sim_intensity":0.451,"intensity_note":"SIMULATED — heuristic from slope + landslide type, not a measured severity"}},{"type":"Feature","geometry":{"type":"Point","coordinates":[92.040222,26.10175]},"properties":{"landslide_id":"NER_00457","source":"GSI","state":"Assam","district":"Kamrup","landslide_type":"Slide","confidence":"TABLE_EXTRACTED","date":null,"slope_deg":16.054019927978516,"sim_intensity":0.547,"intensity_note":"SIMULATED — heuristic from slope + landslide type, not a measured severity"}},{"type":"Feature","geometry":{"type":"Point","coordinates":[92.440472,26.102167]},"properties":{"landslide_id":"NER_00458","source":"GSI","state":"Assam","district":"Nagaon","landslide_type":"Slide","confidence":"TABLE_EXTRACTED","date":null,"slope_deg":7.804435729980469,"sim_intensity":0.455,"intensity_note":"SIMULATED — heuristic from slope + landslide type, not a measured severity"}},{"type":"Feature","geometry":{"type":"Point","coordinates":[92.4415,26.102333]},"properties":{"landslide_id":"NER_00459","source":"GSI","state":"Assam","district":"Nagaon","landslide_type":"Slide","confidence":"TABLE_EXTRACTED","date":null,"slope_deg":5.25978422164917,"sim_intensity":0.427,"intensity_note":"SIMULATED — heuristic from slope + landslide type, not a measured severity"}},{"type":"Feature","geometry":{"type":"Point","coordinates":[92.441639,26.102667]},"properties":{"landslide_id":"NER_00460","source":"GSI","state":"Assam","district":"Nagaon","landslide_type":"Slide","confidence":"TABLE_EXTRACTED","date":null,"slope_deg":5.25978422164917,"sim_intensity":0.427,"intensity_note":"SIMULATED — heuristic from slope + landslide type, not a measured severity"}},{"type":"Feature","geometry":{"type":"Point","coordinates":[91.862111,26.102944]},"properties":{"landslide_id":"NER_00461","source":"GSI","state":"Assam","district":"Kamrup","landslide_type":"Slide","confidence":"TABLE_EXTRACTED","date":null,"slope_deg":11.581656455993652,"sim_intensity":0.498,"intensity_note":"SIMULATED — heuristic from slope + landslide type, not a measured severity"}},{"type":"Feature","geometry":{"type":"Point","coordinates":[92.440889,26.103028]},"properties":{"landslide_id":"NER_00462","source":"GSI","state":"Assam","district":"Nagaon","landslide_type":"Slide","confidence":"TABLE_EXTRACTED","date":null,"slope_deg":12.62720012664795,"sim_intensity":0.509,"intensity_note":"SIMULATED — heuristic from slope + landslide type, not a measured severity"}},{"type":"Feature","geometry":{"type":"Point","coordinates":[92.441,26.105667]},"properties":{"landslide_id":"NER_00463","source":"GSI","state":"Assam","district":"Nagaon","landslide_type":"Slide","confidence":"TABLE_EXTRACTED","date":null,"slope_deg":18.782743453979492,"sim_intensity":0.578,"intensity_note":"SIMULATED — heuristic from slope + landslide type, not a measured severity"}},{"type":"Feature","geometry":{"type":"Point","coordinates":[91.62275,26.105806]},"properties":{"landslide_id":"NER_00464","source":"GSI","state":"Assam","district":"Kamrup","landslide_type":"Slide","confidence":"TABLE_EXTRACTED","date":null,"slope_deg":13.088723182678223,"sim_intensity":0.514,"intensity_note":"SIMULATED — heuristic from slope + landslide type, not a measured severity"}},{"type":"Feature","geometry":{"type":"Point","coordinates":[91.78917,26.10711]},"properties":{"landslide_id":"NER_00465","source":"GSI","state":"Assam","district":"Kamrup (Metro)","landslide_type":"Flow","confidence":"TABLE_EXTRACTED","date":null,"slope_deg":8.586931228637695,"sim_intensity":0.524,"intensity_note":"SIMULATED — heuristic from slope + landslide type, not a measured severity"}},{"type":"Feature","geometry":{"type":"Point","coordinates":[92.44,26.10725]},"properties":{"landslide_id":"NER_00466","source":"GSI","state":"Assam","district":"Nagaon","landslide_type":"Slide","confidence":"TABLE_EXTRACTED","date":null,"slope_deg":14.03547477722168,"sim_intensity":0.525,"intensity_note":"SIMULATED — heuristic from slope + landslide type, not a measured severity"}},{"type":"Feature","geometry":{"type":"Point","coordinates":[92.44003,26.107667]},"properties":{"landslide_id":"NER_00467","source":"GSI","state":"Assam","district":"Nagaon","landslide_type":"Slide","confidence":"TABLE_EXTRACTED","date":null,"slope_deg":14.03547477722168,"sim_intensity":0.525,"intensity_note":"SIMULATED — heuristic from slope + landslide type, not a measured severity"}},{"type":"Feature","geometry":{"type":"Point","coordinates":[92.440222,26.108417]},"properties":{"landslide_id":"NER_00468","source":"GSI","state":"Assam","district":"Nagaon","landslide_type":"Slide","confidence":"TABLE_EXTRACTED","date":null,"slope_deg":11.946061134338379,"sim_intensity":0.502,"intensity_note":"SIMULATED — heuristic from slope + landslide type, not a measured severity"}},{"type":"Feature","geometry":{"type":"Point","coordinates":[91.939,26.109222]},"properties":{"landslide_id":"NER_00469","source":"GSI","state":"Assam","district":"Kamrup","landslide_type":"Slide","confidence":"TABLE_EXTRACTED","date":null,"slope_deg":15.004670143127441,"sim_intensity":0.536,"intensity_note":"SIMULATED — heuristic from slope + landslide type, not a measured severity"}},{"type":"Feature","geometry":{"type":"Point","coordinates":[94.76,26.11]},"properties":{"landslide_id":"NER_00470","source":"GSI","state":"Assam","district":"Dima Hasao","landslide_type":"Slide","confidence":"TABLE_EXTRACTED","date":null,"slope_deg":13.70263385772705,"sim_intensity":0.522,"intensity_note":"SIMULATED — heuristic from slope + landslide type, not a measured severity"}},{"type":"Feature","geometry":{"type":"Point","coordinates":[91.908944,26.110056]},"properties":{"landslide_id":"NER_00471","source":"GSI","state":"Assam","district":"Kamrup","landslide_type":"Slide","confidence":"TABLE_EXTRACTED","date":null,"slope_deg":8.432276725769043,"sim_intensity":0.463,"intensity_note":"SIMULATED — heuristic from slope + landslide type, not a measured severity"}},{"type":"Feature","geometry":{"type":"Point","coordinates":[92.439333,26.110139]},"properties":{"landslide_id":"NER_00472","source":"GSI","state":"Assam","district":"Nagaon","landslide_type":"Slide","confidence":"TABLE_EXTRACTED","date":null,"slope_deg":17.491647720336914,"sim_intensity":0.564,"intensity_note":"SIMULATED — heuristic from slope + landslide type, not a measured severity"}},{"type":"Feature","geometry":{"type":"Point","coordinates":[91.887917,26.110944]},"properties":{"landslide_id":"NER_00473","source":"GSI","state":"Assam","district":"Kamrup","landslide_type":"Slide","confidence":"TABLE_EXTRACTED","date":null,"slope_deg":5.643152713775635,"sim_intensity":0.432,"intensity_note":"SIMULATED — heuristic from slope + landslide type, not a measured severity"}},{"type":"Feature","geometry":{"type":"Point","coordinates":[92.091028,26.112083]},"properties":{"landslide_id":"NER_00474","source":"GSI","state":"Assam","district":"Kamrup","landslide_type":"Slide","confidence":"TABLE_EXTRACTED","date":null,"slope_deg":4.6884870529174805,"sim_intensity":0.422,"intensity_note":"SIMULATED — heuristic from slope + landslide type, not a measured severity"}},{"type":"Feature","geometry":{"type":"Point","coordinates":[91.853889,26.112667]},"properties":{"landslide_id":"NER_00475","source":"GSI","state":"Assam","district":"Kamrup","landslide_type":"Slide","confidence":"TABLE_EXTRACTED","date":null,"slope_deg":19.666460037231445,"sim_intensity":0.588,"intensity_note":"SIMULATED — heuristic from slope + landslide type, not a measured severity"}},{"type":"Feature","geometry":{"type":"Point","coordinates":[92.441222,26.113639]},"properties":{"landslide_id":"NER_00476","source":"GSI","state":"Assam","district":"Nagaon","landslide_type":"Slide","confidence":"TABLE_EXTRACTED","date":null,"slope_deg":8.76010513305664,"sim_intensity":0.467,"intensity_note":"SIMULATED — heuristic from slope + landslide type, not a measured severity"}},{"type":"Feature","geometry":{"type":"Point","coordinates":[91.837833,26.115139]},"properties":{"landslide_id":"NER_00477","source":"GSI","state":"Assam","district":"Kamrup","landslide_type":"Slide","confidence":"TABLE_EXTRACTED","date":null,"slope_deg":6.635775566101074,"sim_intensity":0.443,"intensity_note":"SIMULATED — heuristic from slope + landslide type, not a measured severity"}},{"type":"Feature","geometry":{"type":"Point","coordinates":[92.440083,26.116972]},"properties":{"landslide_id":"NER_00478","source":"GSI","state":"Assam","district":"Nagaon","landslide_type":"Slide","confidence":"TABLE_EXTRACTED","date":null,"slope_deg":12.365476608276367,"sim_intensity":0.507,"intensity_note":"SIMULATED — heuristic from slope + landslide type, not a measured severity"}},{"type":"Feature","geometry":{"type":"Point","coordinates":[92.441028,26.117111]},"properties":{"landslide_id":"NER_00479","source":"GSI","state":"Assam","district":"Nagaon","landslide_type":"Slide","confidence":"TABLE_EXTRACTED","date":null,"slope_deg":4.948836326599121,"sim_intensity":0.425,"intensity_note":"SIMULATED — heuristic from slope + landslide type, not a measured severity"}},{"type":"Feature","geometry":{"type":"Point","coordinates":[92.438667,26.117417]},"properties":{"landslide_id":"NER_00480","source":"GSI","state":"Assam","district":"Nagaon","landslide_type":"Slide","confidence":"TABLE_EXTRACTED","date":null,"slope_deg":7.97112512588501,"sim_intensity":0.458,"intensity_note":"SIMULATED — heuristic from slope + landslide type, not a measured severity"}},{"type":"Feature","geometry":{"type":"Point","coordinates":[92.440944,26.118167]},"properties":{"landslide_id":"NER_00481","source":"GSI","state":"Assam","district":"Nagaon","landslide_type":"Slide","confidence":"TABLE_EXTRACTED","date":null,"slope_deg":6.935773849487305,"sim_intensity":0.447,"intensity_note":"SIMULATED — heuristic from slope + landslide type, not a measured severity"}},{"type":"Feature","geometry":{"type":"Point","coordinates":[92.439972,26.119417]},"properties":{"landslide_id":"NER_00482","source":"GSI","state":"Assam","district":"Nagaon","landslide_type":"Slide","confidence":"TABLE_EXTRACTED","date":null,"slope_deg":16.505794525146484,"sim_intensity":0.553,"intensity_note":"SIMULATED — heuristic from slope + landslide type, not a measured severity"}},{"type":"Feature","geometry":{"type":"Point","coordinates":[91.716389,26.121056]},"properties":{"landslide_id":"NER_00483","source":"GSI","state":"Assam","district":"Kamrup","landslide_type":"Slide","confidence":"TABLE_EXTRACTED","date":null,"slope_deg":7.137200832366943,"sim_intensity":0.449,"intensity_note":"SIMULATED — heuristic from slope + landslide type, not a measured severity"}},{"type":"Feature","geometry":{"type":"Point","coordinates":[91.938306,26.129583]},"properties":{"landslide_id":"NER_00484","source":"GSI","state":"Assam","district":"Kamrup","landslide_type":"Slide","confidence":"TABLE_EXTRACTED","date":null,"slope_deg":9.879969596862793,"sim_intensity":0.48,"intensity_note":"SIMULATED — heuristic from slope + landslide type, not a measured severity"}},{"type":"Feature","geometry":{"type":"Point","coordinates":[91.83972,26.13222]},"properties":{"landslide_id":"NER_00485","source":"GSI","state":"Assam","district":"Kamrup","landslide_type":"Fall","confidence":"TABLE_EXTRACTED","date":null,"slope_deg":2.301957130432129,"sim_intensity":0.426,"intensity_note":"SIMULATED — heuristic from slope + landslide type, not a measured severity"}},{"type":"Feature","geometry":{"type":"Point","coordinates":[91.7501,26.13442]},"properties":{"landslide_id":"NER_00486","source":"GSI","state":"Assam","district":"Kamrup (Metro)","landslide_type":"Flow","confidence":"TABLE_EXTRACTED","date":null,"slope_deg":7.688492298126221,"sim_intensity":0.515,"intensity_note":"SIMULATED — heuristic from slope + landslide type, not a measured severity"}},{"type":"Feature","geometry":{"type":"Point","coordinates":[91.74056,26.13611]},"properties":{"landslide_id":"NER_00487","source":"GSI","state":"Assam","district":"Kamrup","landslide_type":"Topple","confidence":"TABLE_EXTRACTED","date":null,"slope_deg":20.909202575683594,"sim_intensity":0.642,"intensity_note":"SIMULATED — heuristic from slope + landslide type, not a measured severity"}},{"type":"Feature","geometry":{"type":"Point","coordinates":[91.748,26.149444]},"properties":{"landslide_id":"NER_00488","source":"GSI","state":"Assam","district":"Kamrup","landslide_type":"Subsidence","confidence":"TABLE_EXTRACTED","date":null,"slope_deg":15.329584121704102,"sim_intensity":0.52,"intensity_note":"SIMULATED — heuristic from slope + landslide type, not a measured severity"}},{"type":"Feature","geometry":{"type":"Point","coordinates":[91.727981,26.150537]},"properties":{"landslide_id":"NER_00489","source":"GSI","state":"Assam","district":"Kamrup (Metro)","landslide_type":"Slide","confidence":"TABLE_EXTRACTED","date":null,"slope_deg":15.758659362792969,"sim_intensity":0.545,"intensity_note":"SIMULATED — heuristic from slope + landslide type, not a measured severity"}},{"type":"Feature","geometry":{"type":"Point","coordinates":[92.038694,26.153556]},"properties":{"landslide_id":"NER_00490","source":"GSI","state":"Assam","district":"Kamrup","landslide_type":"Slide","confidence":"TABLE_EXTRACTED","date":null,"slope_deg":3.8616299629211426,"sim_intensity":0.413,"intensity_note":"SIMULATED — heuristic from slope + landslide type, not a measured severity"}},{"type":"Feature","geometry":{"type":"Point","coordinates":[91.79264,26.15428]},"properties":{"landslide_id":"NER_00491","source":"GSI","state":"Assam","district":"Kamrup (Metro)","landslide_type":"Slide","confidence":"TABLE_EXTRACTED","date":null,"slope_deg":7.949816703796387,"sim_intensity":0.459,"intensity_note":"SIMULATED — heuristic from slope + landslide type, not a measured severity"}},{"type":"Feature","geometry":{"type":"Point","coordinates":[91.80086,26.15461]},"properties":{"landslide_id":"NER_00492","source":"GSI","state":"Assam","district":"Kamrup (Metro)","landslide_type":"Flow","confidence":"TABLE_EXTRACTED","date":null,"slope_deg":2.7818634510040283,"sim_intensity":0.461,"intensity_note":"SIMULATED — heuristic from slope + landslide type, not a measured severity"}},{"type":"Feature","geometry":{"type":"Point","coordinates":[91.77411,26.15478]},"properties":{"landslide_id":"NER_00493","source":"GSI","state":"Assam","district":"Kamrup (Metro)","landslide_type":"Flow","confidence":"TABLE_EXTRACTED","date":null,"slope_deg":12.471713066101074,"sim_intensity":0.569,"intensity_note":"SIMULATED — heuristic from slope + landslide type, not a measured severity"}},{"type":"Feature","geometry":{"type":"Point","coordinates":[91.798167,26.155]},"properties":{"landslide_id":"NER_00494","source":"GSI","state":"Assam","district":"Kamrup","landslide_type":"Slide","confidence":"TABLE_EXTRACTED","date":null,"slope_deg":10.926252365112305,"sim_intensity":0.492,"intensity_note":"SIMULATED — heuristic from slope + landslide type, not a measured severity"}},{"type":"Feature","geometry":{"type":"Point","coordinates":[91.921889,26.158639]},"properties":{"landslide_id":"NER_00495","source":"GSI","state":"Assam","district":"Kamrup","landslide_type":"Slide","confidence":"TABLE_EXTRACTED","date":null,"slope_deg":10.539849281311035,"sim_intensity":0.488,"intensity_note":"SIMULATED — heuristic from slope + landslide type, not a measured severity"}},{"type":"Feature","geometry":{"type":"Point","coordinates":[91.915583,26.159139]},"properties":{"landslide_id":"NER_00496","source":"GSI","state":"Assam","district":"Kamrup","landslide_type":"Slide","confidence":"TABLE_EXTRACTED","date":null,"slope_deg":6.782157897949219,"sim_intensity":0.446,"intensity_note":"SIMULATED — heuristic from slope + landslide type, not a measured severity"}},{"type":"Feature","geometry":{"type":"Point","coordinates":[91.917611,26.159333]},"properties":{"landslide_id":"NER_00497","source":"GSI","state":"Assam","district":"Kamrup","landslide_type":"Slide","confidence":"TABLE_EXTRACTED","date":null,"slope_deg":8.01406192779541,"sim_intensity":0.46,"intensity_note":"SIMULATED — heuristic from slope + landslide type, not a measured severity"}},{"type":"Feature","geometry":{"type":"Point","coordinates":[91.71444,26.1625]},"properties":{"landslide_id":"NER_00498","source":"GSI","state":"Assam","district":"Kamrup","landslide_type":"Flow","confidence":"TABLE_EXTRACTED","date":null,"slope_deg":6.453327178955078,"sim_intensity":0.502,"intensity_note":"SIMULATED — heuristic from slope + landslide type, not a measured severity"}},{"type":"Feature","geometry":{"type":"Point","coordinates":[91.714806,26.166583]},"properties":{"landslide_id":"NER_00499","source":"GSI","state":"Assam","district":"Kamrup","landslide_type":"Slide","confidence":"TABLE_EXTRACTED","date":null,"slope_deg":22.041208267211914,"sim_intensity":0.615,"intensity_note":"SIMULATED — heuristic from slope + landslide type, not a measured severity"}},{"type":"Feature","geometry":{"type":"Point","coordinates":[92.002611,26.171972]},"properties":{"landslide_id":"NER_00500","source":"GSI","state":"Assam","district":"Kamrup","landslide_type":"Slide","confidence":"TABLE_EXTRACTED","date":null,"slope_deg":6.79433012008667,"sim_intensity":0.297,"intensity_note":"SIMULATED — heuristic from slope + landslide type, not a measured severity"}},{"type":"Feature","geometry":{"type":"Point","coordinates":[92.762778,26.172917]},"properties":{"landslide_id":"NER_00501","source":"GSI","state":"Assam","district":"Nagaon","landslide_type":"Slide","confidence":"TABLE_EXTRACTED","date":null,"slope_deg":6.594137668609619,"sim_intensity":0.295,"intensity_note":"SIMULATED — heuristic from slope + landslide type, not a measured severity"}},{"type":"Feature","geometry":{"type":"Point","coordinates":[91.76175,26.1755]},"properties":{"landslide_id":"NER_00502","source":"GSI","state":"Assam","district":"Kamrup (Metro)","landslide_type":"Slide","confidence":"TABLE_EXTRACTED","date":null,"slope_deg":3.377359390258789,"sim_intensity":0.259,"intensity_note":"SIMULATED — heuristic from slope + landslide type, not a measured severity"}},{"type":"Feature","geometry":{"type":"Point","coordinates":[91.78672,26.17672]},"properties":{"landslide_id":"NER_00503","source":"GSI","state":"Assam","district":"Kamrup (Metro)","landslide_type":"Flow","confidence":"TABLE_EXTRACTED","date":null,"slope_deg":17.121110916137695,"sim_intensity":0.472,"intensity_note":"SIMULATED — heuristic from slope + landslide type, not a measured severity"}},{"type":"Feature","geometry":{"type":"Point","coordinates":[91.76525,26.17672]},"properties":{"landslide_id":"NER_00504","source":"GSI","state":"Assam","district":"Kamrup (Metro)","landslide_type":"Slide","confidence":"TABLE_EXTRACTED","date":null,"slope_deg":14.561984062194824,"sim_intensity":0.383,"intensity_note":"SIMULATED — heuristic from slope + landslide type, not a measured severity"}},{"type":"Feature","geometry":{"type":"Point","coordinates":[91.76589,26.17756]},"properties":{"landslide_id":"NER_00505","source":"GSI","state":"Assam","district":"Kamrup (Metro)","landslide_type":"Slide","confidence":"TABLE_EXTRACTED","date":null,"slope_deg":18.585081100463867,"sim_intensity":0.428,"intensity_note":"SIMULATED — heuristic from slope + landslide type, not a measured severity"}},{"type":"Feature","geometry":{"type":"Point","coordinates":[91.76083,26.17806]},"properties":{"landslide_id":"NER_00506","source":"GSI","state":"Assam","district":"Kamrup","landslide_type":null,"confidence":"TABLE_EXTRACTED","date":null,"slope_deg":7.4521098136901855,"sim_intensity":0.304,"intensity_note":"SIMULATED — heuristic from slope + landslide type, not a measured severity"}},{"type":"Feature","geometry":{"type":"Point","coordinates":[91.85125,26.18842]},"properties":{"landslide_id":"NER_00507","source":"GSI","state":"Assam","district":"Kamrup (Metro)","landslide_type":"Slide","confidence":"TABLE_EXTRACTED","date":null,"slope_deg":22.951074600219727,"sim_intensity":0.476,"intensity_note":"SIMULATED — heuristic from slope + landslide type, not a measured severity"}},{"type":"Feature","geometry":{"type":"Point","coordinates":[91.76694,26.18867]},"properties":{"landslide_id":"NER_00508","source":"GSI","state":"Assam","district":"Kamrup (Metro)","landslide_type":"Flow","confidence":"TABLE_EXTRACTED","date":null,"slope_deg":9.633014678955078,"sim_intensity":0.388,"intensity_note":"SIMULATED — heuristic from slope + landslide type, not a measured severity"}},{"type":"Feature","geometry":{"type":"Point","coordinates":[91.80111,26.18917]},"properties":{"landslide_id":"NER_00509","source":"GSI","state":"Assam","district":"Kamrup","landslide_type":null,"confidence":"TABLE_EXTRACTED","date":null,"slope_deg":6.903984546661377,"sim_intensity":0.298,"intensity_note":"SIMULATED — heuristic from slope + landslide type, not a measured severity"}},{"type":"Feature","geometry":{"type":"Point","coordinates":[91.787944,26.189306]},"properties":{"landslide_id":"NER_00510","source":"GSI","state":"Assam","district":"Kamrup","landslide_type":"Slide","confidence":"TABLE_EXTRACTED","date":null,"slope_deg":5.10620641708374,"sim_intensity":0.279,"intensity_note":"SIMULATED — heuristic from slope + landslide type, not a measured severity"}},{"type":"Feature","geometry":{"type":"Point","coordinates":[91.787167,26.1895]},"properties":{"landslide_id":"NER_00511","source":"GSI","state":"Assam","district":"Kamrup (Metro)","landslide_type":"Slide","confidence":"TABLE_EXTRACTED","date":null,"slope_deg":3.2549514770507812,"sim_intensity":0.258,"intensity_note":"SIMULATED — heuristic from slope + landslide type, not a measured severity"}},{"type":"Feature","geometry":{"type":"Point","coordinates":[91.806472,26.19025]},"properties":{"landslide_id":"NER_00512","source":"GSI","state":"Assam","district":"Kamrup","landslide_type":"Slide","confidence":"TABLE_EXTRACTED","date":null,"slope_deg":9.123710632324219,"sim_intensity":0.323,"intensity_note":"SIMULATED — heuristic from slope + landslide type, not a measured severity"}},{"type":"Feature","geometry":{"type":"Point","coordinates":[91.809944,26.190389]},"properties":{"landslide_id":"NER_00513","source":"GSI","state":"Assam","district":"Kamrup (Metro)","landslide_type":"Slide","confidence":"TABLE_EXTRACTED","date":null,"slope_deg":3.5284512042999268,"sim_intensity":0.261,"intensity_note":"SIMULATED — heuristic from slope + landslide type, not a measured severity"}},{"type":"Feature","geometry":{"type":"Point","coordinates":[91.84528,26.19081]},"properties":{"landslide_id":"NER_00514","source":"GSI","state":"Assam","district":"Kamrup (Metro)","landslide_type":"Slide","confidence":"TABLE_EXTRACTED","date":null,"slope_deg":10.040542602539062,"sim_intensity":0.333,"intensity_note":"SIMULATED — heuristic from slope + landslide type, not a measured severity"}},{"type":"Feature","geometry":{"type":"Point","coordinates":[91.803611,26.191667]},"properties":{"landslide_id":"NER_00515","source":"GSI","state":"Assam","district":"Kamrup","landslide_type":"Slide","confidence":"TABLE_EXTRACTED","date":null,"slope_deg":11.609524726867676,"sim_intensity":0.351,"intensity_note":"SIMULATED — heuristic from slope + landslide type, not a measured severity"}},{"type":"Feature","geometry":{"type":"Point","coordinates":[91.79028,26.19167]},"properties":{"landslide_id":"NER_00516","source":"GSI","state":"Assam","district":"Kamrup","landslide_type":null,"confidence":"TABLE_EXTRACTED","date":null,"slope_deg":12.88228702545166,"sim_intensity":0.365,"intensity_note":"SIMULATED — heuristic from slope + landslide type, not a measured severity"}},{"type":"Feature","geometry":{"type":"Point","coordinates":[91.764222,26.192444]},"properties":{"landslide_id":"NER_00517","source":"GSI","state":"Assam","district":"Kamrup (Metro)","landslide_type":"Slide","confidence":"TABLE_EXTRACTED","date":null,"slope_deg":6.731410503387451,"sim_intensity":0.297,"intensity_note":"SIMULATED — heuristic from slope + landslide type, not a measured severity"}},{"type":"Feature","geometry":{"type":"Point","coordinates":[91.765639,26.195306]},"properties":{"landslide_id":"NER_00518","source":"GSI","state":"Assam","district":"Kamrup","landslide_type":"Slide","confidence":"TABLE_EXTRACTED","date":null,"slope_deg":2.301957130432129,"sim_intensity":0.247,"intensity_note":"SIMULATED — heuristic from slope + landslide type, not a measured severity"}},{"type":"Feature","geometry":{"type":"Point","coordinates":[91.780556,26.195528]},"properties":{"landslide_id":"NER_00519","source":"GSI","state":"Assam","district":"Kamrup (Metro)","landslide_type":"Slide","confidence":"TABLE_EXTRACTED","date":null,"slope_deg":16.2493839263916,"sim_intensity":0.402,"intensity_note":"SIMULATED — heuristic from slope + landslide type, not a measured severity"}},{"type":"Feature","geometry":{"type":"Point","coordinates":[91.76336,26.19622]},"properties":{"landslide_id":"NER_00520","source":"GSI","state":"Assam","district":"Kamrup (Metro)","landslide_type":"Flow","confidence":"TABLE_EXTRACTED","date":null,"slope_deg":4.0720648765563965,"sim_intensity":0.328,"intensity_note":"SIMULATED — heuristic from slope + landslide type, not a measured severity"}},{"type":"Feature","geometry":{"type":"Point","coordinates":[90.298,26.198]},"properties":{"landslide_id":"NER_00521","source":"GSI","state":"Assam","district":"Goalpara","landslide_type":"Slide","confidence":"TABLE_EXTRACTED","date":null,"slope_deg":12.780447959899902,"sim_intensity":0.364,"intensity_note":"SIMULATED — heuristic from slope + landslide type, not a measured severity"}},{"type":"Feature","geometry":{"type":"Point","coordinates":[91.14528,26.20261]},"properties":{"landslide_id":"NER_00522","source":"GSI","state":"Assam","district":"Dima Hasao","landslide_type":null,"confidence":"TABLE_EXTRACTED","date":null,"slope_deg":1.9418480396270752,"sim_intensity":0.244,"intensity_note":"SIMULATED — heuristic from slope + landslide type, not a measured severity"}},{"type":"Feature","geometry":{"type":"Point","coordinates":[91.86497,26.20536]},"properties":{"landslide_id":"NER_00523","source":"GSI","state":"Assam","district":"Kamrup (Metro)","landslide_type":"Slide","confidence":"TABLE_EXTRACTED","date":null,"slope_deg":12.35744857788086,"sim_intensity":0.36,"intensity_note":"SIMULATED — heuristic from slope + landslide type, not a measured severity"}},{"type":"Feature","geometry":{"type":"Point","coordinates":[91.963222,26.205583]},"properties":{"landslide_id":"NER_00524","source":"GSI","state":"Assam","district":"Kamrup","landslide_type":"Slide","confidence":"TABLE_EXTRACTED","date":null,"slope_deg":10.860084533691406,"sim_intensity":0.343,"intensity_note":"SIMULATED — heuristic from slope + landslide type, not a measured severity"}},{"type":"Feature","geometry":{"type":"Point","coordinates":[91.684167,26.211111]},"properties":{"landslide_id":"NER_00525","source":"GSI","state":"Assam","district":"Kamrup","landslide_type":"Topple","confidence":"TABLE_EXTRACTED","date":null,"slope_deg":6.8457818031311035,"sim_intensity":0.338,"intensity_note":"SIMULATED — heuristic from slope + landslide type, not a measured severity"}},{"type":"Feature","geometry":{"type":"Point","coordinates":[91.976694,26.250333]},"properties":{"landslide_id":"NER_00526","source":"GSI","state":"Assam","district":"Morigaon","landslide_type":"Slide","confidence":"TABLE_EXTRACTED","date":null,"slope_deg":9.203561782836914,"sim_intensity":0.325,"intensity_note":"SIMULATED — heuristic from slope + landslide type, not a measured severity"}},{"type":"Feature","geometry":{"type":"Point","coordinates":[91.711583,26.256139]},"properties":{"landslide_id":"NER_00527","source":"GSI","state":"Assam","district":"Kamrup","landslide_type":"Slide","confidence":"TABLE_EXTRACTED","date":null,"slope_deg":16.31891632080078,"sim_intensity":0.404,"intensity_note":"SIMULATED — heuristic from slope + landslide type, not a measured severity"}},{"type":"Feature","geometry":{"type":"Point","coordinates":[93.211833,26.297306]},"properties":{"landslide_id":"NER_00528","source":"GSI","state":"Assam","district":"Karbi Anglong","landslide_type":"Slide","confidence":"TABLE_EXTRACTED","date":null,"slope_deg":16.56922149658203,"sim_intensity":0.407,"intensity_note":"SIMULATED — heuristic from slope + landslide type, not a measured severity"}},{"type":"Feature","geometry":{"type":"Point","coordinates":[93.211111,26.297778]},"properties":{"landslide_id":"NER_00529","source":"GSI","state":"Assam","district":"Karbi Anglong","landslide_type":"Slide","confidence":"TABLE_EXTRACTED","date":null,"slope_deg":10.8906888961792,"sim_intensity":0.343,"intensity_note":"SIMULATED — heuristic from slope + landslide type, not a measured severity"}},{"type":"Feature","geometry":{"type":"Point","coordinates":[93.21625,26.298389]},"properties":{"landslide_id":"NER_00530","source":"GSI","state":"Assam","district":"Karbi Anglong","landslide_type":"Slide","confidence":"TABLE_EXTRACTED","date":null,"slope_deg":9.554464340209961,"sim_intensity":0.329,"intensity_note":"SIMULATED — heuristic from slope + landslide type, not a measured severity"}},{"type":"Feature","geometry":{"type":"Point","coordinates":[93.225389,26.302944]},"properties":{"landslide_id":"NER_00531","source":"GSI","state":"Assam","district":"Karbi Anglong","landslide_type":"Slide","confidence":"TABLE_EXTRACTED","date":null,"slope_deg":12.204967498779297,"sim_intensity":0.358,"intensity_note":"SIMULATED — heuristic from slope + landslide type, not a measured severity"}},{"type":"Feature","geometry":{"type":"Point","coordinates":[93.225694,26.303333]},"properties":{"landslide_id":"NER_00532","source":"GSI","state":"Assam","district":"Karbi Anglong","landslide_type":"Slide","confidence":"TABLE_EXTRACTED","date":null,"slope_deg":7.148488521575928,"sim_intensity":0.302,"intensity_note":"SIMULATED — heuristic from slope + landslide type, not a measured severity"}},{"type":"Feature","geometry":{"type":"Point","coordinates":[93.275722,26.307972]},"properties":{"landslide_id":"NER_00533","source":"GSI","state":"Assam","district":"Karbi Anglong","landslide_type":"Slide","confidence":"TABLE_EXTRACTED","date":null,"slope_deg":2.864131450653076,"sim_intensity":0.255,"intensity_note":"SIMULATED — heuristic from slope + landslide type, not a measured severity"}},{"type":"Feature","geometry":{"type":"Point","coordinates":[93.256125,26.314847]},"properties":{"landslide_id":"NER_00534","source":"GSI","state":"Assam","district":"Karbi Anglong","landslide_type":"Slide","confidence":"TABLE_EXTRACTED","date":null,"slope_deg":19.20473861694336,"sim_intensity":0.436,"intensity_note":"SIMULATED — heuristic from slope + landslide type, not a measured severity"}},{"type":"Feature","geometry":{"type":"Point","coordinates":[93.256408,26.314964]},"properties":{"landslide_id":"NER_00535","source":"GSI","state":"Assam","district":"Karbi Anglong","landslide_type":"Slide","confidence":"TABLE_EXTRACTED","date":null,"slope_deg":7.88422155380249,"sim_intensity":0.31,"intensity_note":"SIMULATED — heuristic from slope + landslide type, not a measured severity"}},{"type":"Feature","geometry":{"type":"Point","coordinates":[93.093167,26.323083]},"properties":{"landslide_id":"NER_00536","source":"GSI","state":"Assam","district":"Karbi Anglong","landslide_type":"Slide","confidence":"TABLE_EXTRACTED","date":null,"slope_deg":8.054258346557617,"sim_intensity":0.312,"intensity_note":"SIMULATED — heuristic from slope + landslide type, not a measured severity"}},{"type":"Feature","geometry":{"type":"Point","coordinates":[93.267639,26.32685]},"properties":{"landslide_id":"NER_00537","source":"GSI","state":"Assam","district":"Karbi Anglong","landslide_type":"Slide","confidence":"TABLE_EXTRACTED","date":null,"slope_deg":11.838632583618164,"sim_intensity":0.354,"intensity_note":"SIMULATED — heuristic from slope + landslide type, not a measured severity"}},{"type":"Feature","geometry":{"type":"Point","coordinates":[93.269194,26.3287]},"properties":{"landslide_id":"NER_00538","source":"GSI","state":"Assam","district":"Karbi Anglong","landslide_type":"Slide","confidence":"TABLE_EXTRACTED","date":null,"slope_deg":8.644009590148926,"sim_intensity":0.319,"intensity_note":"SIMULATED — heuristic from slope + landslide type, not a measured severity"}},{"type":"Feature","geometry":{"type":"Point","coordinates":[93.099972,26.339833]},"properties":{"landslide_id":"NER_00539","source":"GSI","state":"Assam","district":"Karbi Anglong","landslide_type":"Slide","confidence":"TABLE_EXTRACTED","date":null,"slope_deg":22.190153121948242,"sim_intensity":0.469,"intensity_note":"SIMULATED — heuristic from slope + landslide type, not a measured severity"}},{"type":"Feature","geometry":{"type":"Point","coordinates":[93.78861,26.34075]},"properties":{"landslide_id":"NER_00540","source":"GSI","state":"Assam","district":"Karbi Anglong","landslide_type":"Slide","confidence":"TABLE_EXTRACTED","date":null,"slope_deg":9.200272560119629,"sim_intensity":0.326,"intensity_note":"SIMULATED — heuristic from slope + landslide type, not a measured severity"}},{"type":"Feature","geometry":{"type":"Point","coordinates":[93.7356,26.3466]},"properties":{"landslide_id":"NER_00541","source":"GSI","state":"Assam","district":"Karbi Anglong","landslide_type":"Slide","confidence":"TABLE_EXTRACTED","date":null,"slope_deg":9.262922286987305,"sim_intensity":0.326,"intensity_note":"SIMULATED — heuristic from slope + landslide type, not a measured severity"}},{"type":"Feature","geometry":{"type":"Point","coordinates":[93.2982,26.347417]},"properties":{"landslide_id":"NER_00542","source":"GSI","state":"Assam","district":"Karbi Anglong","landslide_type":"Slide","confidence":"TABLE_EXTRACTED","date":null,"slope_deg":3.480637788772583,"sim_intensity":0.262,"intensity_note":"SIMULATED — heuristic from slope + landslide type, not a measured severity"}},{"type":"Feature","geometry":{"type":"Point","coordinates":[93.7399,26.3477]},"properties":{"landslide_id":"NER_00543","source":"GSI","state":"Assam","district":"Karbi Anglong","landslide_type":"Slide","confidence":"TABLE_EXTRACTED","date":null,"slope_deg":18.747211456298828,"sim_intensity":0.432,"intensity_note":"SIMULATED — heuristic from slope + landslide type, not a measured severity"}},{"type":"Feature","geometry":{"type":"Point","coordinates":[93.7417,26.3478]},"properties":{"landslide_id":"NER_00544","source":"GSI","state":"Assam","district":"Karbi Anglong","landslide_type":"Slide","confidence":"TABLE_EXTRACTED","date":null,"slope_deg":17.333337783813477,"sim_intensity":0.416,"intensity_note":"SIMULATED — heuristic from slope + landslide type, not a measured severity"}},{"type":"Feature","geometry":{"type":"Point","coordinates":[93.78208,26.34838]},"properties":{"landslide_id":"NER_00545","source":"GSI","state":"Assam","district":"Karbi Anglong","landslide_type":"Slide","confidence":"TABLE_EXTRACTED","date":null,"slope_deg":5.497157573699951,"sim_intensity":0.284,"intensity_note":"SIMULATED — heuristic from slope + landslide type, not a measured severity"}},{"type":"Feature","geometry":{"type":"Point","coordinates":[93.78091,26.34938]},"properties":{"landslide_id":"NER_00546","source":"GSI","state":"Assam","district":"Karbi Anglong","landslide_type":"Slide","confidence":"TABLE_EXTRACTED","date":null,"slope_deg":4.8069658279418945,"sim_intensity":0.277,"intensity_note":"SIMULATED — heuristic from slope + landslide type, not a measured severity"}},{"type":"Feature","geometry":{"type":"Point","coordinates":[93.77941,26.35622]},"properties":{"landslide_id":"NER_00547","source":"GSI","state":"Assam","district":"Karbi Anglong","landslide_type":"Slide","confidence":"TABLE_EXTRACTED","date":null,"slope_deg":5.444638252258301,"sim_intensity":0.284,"intensity_note":"SIMULATED — heuristic from slope + landslide type, not a measured severity"}},{"type":"Feature","geometry":{"type":"Point","coordinates":[90.5499,26.3733]},"properties":{"landslide_id":"NER_00548","source":"GSI","state":"Assam","district":"Bongaigaon","landslide_type":"Slide","confidence":"TABLE_EXTRACTED","date":null,"slope_deg":9.633014678955078,"sim_intensity":0.33,"intensity_note":"SIMULATED — heuristic from slope + landslide type, not a measured severity"}},{"type":"Feature","geometry":{"type":"Point","coordinates":[91.84561,26.37456]},"properties":{"landslide_id":"NER_00549","source":"GSI","state":"Assam","district":"Kamrup (Metro)","landslide_type":"Slide","confidence":"TABLE_EXTRACTED","date":null,"slope_deg":0.7065478563308716,"sim_intensity":0.231,"intensity_note":"SIMULATED — heuristic from slope + landslide type, not a measured severity"}},{"type":"Feature","geometry":{"type":"Point","coordinates":[90.5943,26.3848]},"properties":{"landslide_id":"NER_00550","source":"GSI","state":"Assam","district":"Bongaigaon","landslide_type":"Slide","confidence":"TABLE_EXTRACTED","date":null,"slope_deg":30.13820457458496,"sim_intensity":0.559,"intensity_note":"SIMULATED — heuristic from slope + landslide type, not a measured severity"}},{"type":"Feature","geometry":{"type":"Point","coordinates":[90.48,26.394]},"properties":{"landslide_id":"NER_00551","source":"GSI","state":"Assam","district":"Bongaigaon","landslide_type":"Slide","confidence":"TABLE_EXTRACTED","date":null,"slope_deg":15.25868034362793,"sim_intensity":0.393,"intensity_note":"SIMULATED — heuristic from slope + landslide type, not a measured severity"}},{"type":"Feature","geometry":{"type":"Point","coordinates":[93.181306,26.483278]},"properties":{"landslide_id":"NER_00552","source":"GSI","state":"Assam","district":"Karbi Anglong","landslide_type":"Slide","confidence":"TABLE_EXTRACTED","date":null,"slope_deg":5.643152713775635,"sim_intensity":0.287,"intensity_note":"SIMULATED — heuristic from slope + landslide type, not a measured severity"}},{"type":"Feature","geometry":{"type":"Point","coordinates":[93.47147,26.51925]},"properties":{"landslide_id":"NER_00553","source":"GSI","state":"Assam","district":"Karbi Anglong","landslide_type":"Slide","confidence":"TABLE_EXTRACTED","date":null,"slope_deg":13.929900169372559,"sim_intensity":0.379,"intensity_note":"SIMULATED — heuristic from slope + landslide type, not a measured severity"}},{"type":"Feature","geometry":{"type":"Point","coordinates":[93.28166,26.5235]},"properties":{"landslide_id":"NER_00554","source":"GSI","state":"Assam","district":"Karbi Anglong","landslide_type":"Slide","confidence":"TABLE_EXTRACTED","date":null,"slope_deg":14.660293579101562,"sim_intensity":0.387,"intensity_note":"SIMULATED — heuristic from slope + landslide type, not a measured severity"}},{"type":"Feature","geometry":{"type":"Point","coordinates":[94.37,26.54]},"properties":{"landslide_id":"NER_00555","source":"GSI","state":"Assam","district":"Jorhat","landslide_type":"Slide","confidence":"TABLE_EXTRACTED","date":null,"slope_deg":5.803830623626709,"sim_intensity":0.288,"intensity_note":"SIMULATED — heuristic from slope + landslide type, not a measured severity"}},{"type":"Feature","geometry":{"type":"Point","coordinates":[94.37,26.54]},"properties":{"landslide_id":"NER_00556","source":"GSI","state":"Assam","district":"Jorhat","landslide_type":"Slide","confidence":"TABLE_EXTRACTED","date":null,"slope_deg":5.803830623626709,"sim_intensity":0.288,"intensity_note":"SIMULATED — heuristic from slope + landslide type, not a measured severity"}},{"type":"Feature","geometry":{"type":"Point","coordinates":[94.37,26.54]},"properties":{"landslide_id":"NER_00557","source":"GSI","state":"Assam","district":"Jorhat","landslide_type":"Slide","confidence":"TABLE_EXTRACTED","date":null,"slope_deg":5.803830623626709,"sim_intensity":0.288,"intensity_note":"SIMULATED — heuristic from slope + landslide type, not a measured severity"}},{"type":"Feature","geometry":{"type":"Point","coordinates":[94.36,26.55]},"properties":{"landslide_id":"NER_00558","source":"GSI","state":"Assam","district":"Jorhat","landslide_type":"Slide","confidence":"TABLE_EXTRACTED","date":null,"slope_deg":2.5654213428497314,"sim_intensity":0.252,"intensity_note":"SIMULATED — heuristic from slope + landslide type, not a measured severity"}},{"type":"Feature","geometry":{"type":"Point","coordinates":[94.36,26.55]},"properties":{"landslide_id":"NER_00559","source":"GSI","state":"Assam","district":"Jorhat","landslide_type":"Slide","confidence":"TABLE_EXTRACTED","date":null,"slope_deg":2.5654213428497314,"sim_intensity":0.252,"intensity_note":"SIMULATED — heuristic from slope + landslide type, not a measured severity"}},{"type":"Feature","geometry":{"type":"Point","coordinates":[94.36,26.55]},"properties":{"landslide_id":"NER_00560","source":"GSI","state":"Assam","district":"Jorhat","landslide_type":"Slide","confidence":"TABLE_EXTRACTED","date":null,"slope_deg":2.5654213428497314,"sim_intensity":0.253,"intensity_note":"SIMULATED — heuristic from slope + landslide type, not a measured severity"}},{"type":"Feature","geometry":{"type":"Point","coordinates":[94.36,26.55]},"properties":{"landslide_id":"NER_00561","source":"GSI","state":"Assam","district":"Jorhat","landslide_type":"Slide","confidence":"TABLE_EXTRACTED","date":null,"slope_deg":2.5654213428497314,"sim_intensity":0.253,"intensity_note":"SIMULATED — heuristic from slope + landslide type, not a measured severity"}},{"type":"Feature","geometry":{"type":"Point","coordinates":[94.36,26.56]},"properties":{"landslide_id":"NER_00562","source":"GSI","state":"Assam","district":"Jorhat","landslide_type":"Slide","confidence":"TABLE_EXTRACTED","date":null,"slope_deg":5.712627410888672,"sim_intensity":0.288,"intensity_note":"SIMULATED — heuristic from slope + landslide type, not a measured severity"}},{"type":"Feature","geometry":{"type":"Point","coordinates":[94.36,26.56]},"properties":{"landslide_id":"NER_00563","source":"GSI","state":"Assam","district":"Jorhat","landslide_type":"Slide","confidence":"TABLE_EXTRACTED","date":null,"slope_deg":5.712627410888672,"sim_intensity":0.288,"intensity_note":"SIMULATED — heuristic from slope + landslide type, not a measured severity"}},{"type":"Feature","geometry":{"type":"Point","coordinates":[94.36,26.56]},"properties":{"landslide_id":"NER_00564","source":"GSI","state":"Assam","district":"Jorhat","landslide_type":"Slide","confidence":"TABLE_EXTRACTED","date":null,"slope_deg":5.712627410888672,"sim_intensity":0.288,"intensity_note":"SIMULATED — heuristic from slope + landslide type, not a measured severity"}},{"type":"Feature","geometry":{"type":"Point","coordinates":[94.36,26.56]},"properties":{"landslide_id":"NER_00565","source":"GSI","state":"Assam","district":"Jorhat","landslide_type":"Slide","confidence":"TABLE_EXTRACTED","date":null,"slope_deg":5.712627410888672,"sim_intensity":0.288,"intensity_note":"SIMULATED — heuristic from slope + landslide type, not a measured severity"}},{"type":"Feature","geometry":{"type":"Point","coordinates":[94.36,26.56]},"properties":{"landslide_id":"NER_00566","source":"GSI","state":"Assam","district":"Jorhat","landslide_type":"Slide","confidence":"TABLE_EXTRACTED","date":null,"slope_deg":5.712627410888672,"sim_intensity":0.288,"intensity_note":"SIMULATED — heuristic from slope + landslide type, not a measured severity"}},{"type":"Feature","geometry":{"type":"Point","coordinates":[94.36,26.56]},"properties":{"landslide_id":"NER_00567","source":"GSI","state":"Assam","district":"Jorhat","landslide_type":"Slide","confidence":"TABLE_EXTRACTED","date":null,"slope_deg":5.712627410888672,"sim_intensity":0.288,"intensity_note":"SIMULATED — heuristic from slope + landslide type, not a measured severity"}},{"type":"Feature","geometry":{"type":"Point","coordinates":[93.04925,26.56111]},"properties":{"landslide_id":"NER_00568","source":"GSI","state":"Assam","district":"Nagaon","landslide_type":"Slide","confidence":"TABLE_EXTRACTED","date":null,"slope_deg":20.302778244018555,"sim_intensity":0.45,"intensity_note":"SIMULATED — heuristic from slope + landslide type, not a measured severity"}},{"type":"Feature","geometry":{"type":"Point","coordinates":[93.05658,26.56252]},"properties":{"landslide_id":"NER_00569","source":"GSI","state":"Assam","district":"Nagaon","landslide_type":"Slide","confidence":"TABLE_EXTRACTED","date":null,"slope_deg":2.1643433570861816,"sim_intensity":0.248,"intensity_note":"SIMULATED — heuristic from slope + landslide type, not a measured severity"}},{"type":"Feature","geometry":{"type":"Point","coordinates":[94.35,26.57]},"properties":{"landslide_id":"NER_00570","source":"GSI","state":"Assam","district":"Jorhat","landslide_type":"Slide","confidence":"TABLE_EXTRACTED","date":null,"slope_deg":9.134669303894043,"sim_intensity":0.326,"intensity_note":"SIMULATED — heuristic from slope + landslide type, not a measured severity"}},{"type":"Feature","geometry":{"type":"Point","coordinates":[93.09811,26.57411]},"properties":{"landslide_id":"NER_00571","source":"GSI","state":"Assam","district":"Nagaon","landslide_type":"Slide","confidence":"TABLE_EXTRACTED","date":null,"slope_deg":13.018075942993164,"sim_intensity":0.369,"intensity_note":"SIMULATED — heuristic from slope + landslide type, not a measured severity"}},{"type":"Feature","geometry":{"type":"Point","coordinates":[93.10647,26.57436]},"properties":{"landslide_id":"NER_00572","source":"GSI","state":"Assam","district":"Nagaon","landslide_type":"Slide","confidence":"TABLE_EXTRACTED","date":null,"slope_deg":24.290210723876953,"sim_intensity":0.495,"intensity_note":"SIMULATED — heuristic from slope + landslide type, not a measured severity"}},{"type":"Feature","geometry":{"type":"Point","coordinates":[93.66297,26.57447]},"properties":{"landslide_id":"NER_00573","source":"GSI","state":"Assam","district":"Karbi Anglong","landslide_type":"Slide","confidence":"TABLE_EXTRACTED","date":null,"slope_deg":5.188961982727051,"sim_intensity":0.282,"intensity_note":"SIMULATED — heuristic from slope + landslide type, not a measured severity"}},{"type":"Feature","geometry":{"type":"Point","coordinates":[93.11244,26.57455]},"properties":{"landslide_id":"NER_00574","source":"GSI","state":"Assam","district":"Nagaon","landslide_type":"Slide","confidence":"TABLE_EXTRACTED","date":null,"slope_deg":22.378944396972656,"sim_intensity":0.473,"intensity_note":"SIMULATED — heuristic from slope + landslide type, not a measured severity"}},{"type":"Feature","geometry":{"type":"Point","coordinates":[93.11244,26.57455]},"properties":{"landslide_id":"NER_00575","source":"GSI","state":"Assam","district":"Nagaon","landslide_type":"Slide","confidence":"TABLE_EXTRACTED","date":null,"slope_deg":22.378944396972656,"sim_intensity":0.474,"intensity_note":"SIMULATED — heuristic from slope + landslide type, not a measured severity"}},{"type":"Feature","geometry":{"type":"Point","coordinates":[93.11297,26.57463]},"properties":{"landslide_id":"NER_00576","source":"GSI","state":"Assam","district":"Nagaon","landslide_type":"Slide","confidence":"TABLE_EXTRACTED","date":null,"slope_deg":12.470539093017578,"sim_intensity":0.363,"intensity_note":"SIMULATED — heuristic from slope + landslide type, not a measured severity"}},{"type":"Feature","geometry":{"type":"Point","coordinates":[93.65836,26.57708]},"properties":{"landslide_id":"NER_00577","source":"GSI","state":"Assam","district":"Karbi Anglong","landslide_type":"Slide","confidence":"TABLE_EXTRACTED","date":null,"slope_deg":6.779460430145264,"sim_intensity":0.3,"intensity_note":"SIMULATED — heuristic from slope + landslide type, not a measured severity"}},{"type":"Feature","geometry":{"type":"Point","coordinates":[93.10008,26.57719]},"properties":{"landslide_id":"NER_00578","source":"GSI","state":"Assam","district":"Karbi Anglong","landslide_type":"Slide","confidence":"TABLE_EXTRACTED","date":null,"slope_deg":1.023844599723816,"sim_intensity":0.236,"intensity_note":"SIMULATED — heuristic from slope + landslide type, not a measured severity"}},{"type":"Feature","geometry":{"type":"Point","coordinates":[94.35,26.58]},"properties":{"landslide_id":"NER_00579","source":"GSI","state":"Assam","district":"Jorhat","landslide_type":"Slide","confidence":"TABLE_EXTRACTED","date":null,"slope_deg":13.40609359741211,"sim_intensity":0.374,"intensity_note":"SIMULATED — heuristic from slope + landslide type, not a measured severity"}},{"type":"Feature","geometry":{"type":"Point","coordinates":[94.35,26.58]},"properties":{"landslide_id":"NER_00580","source":"GSI","state":"Assam","district":"Jorhat","landslide_type":"Slide","confidence":"TABLE_EXTRACTED","date":null,"slope_deg":13.40609359741211,"sim_intensity":0.374,"intensity_note":"SIMULATED — heuristic from slope + landslide type, not a measured severity"}},{"type":"Feature","geometry":{"type":"Point","coordinates":[93.57466,26.59011]},"properties":{"landslide_id":"NER_00581","source":"GSI","state":"Assam","district":"Karbi Anglong","landslide_type":"Slide","confidence":"TABLE_EXTRACTED","date":null,"slope_deg":6.522777080535889,"sim_intensity":0.298,"intensity_note":"SIMULATED — heuristic from slope + landslide type, not a measured severity"}},{"type":"Feature","geometry":{"type":"Point","coordinates":[93.47616,26.59041]},"properties":{"landslide_id":"NER_00582","source":"GSI","state":"Assam","district":"Karbi Anglong","landslide_type":"Slide","confidence":"TABLE_EXTRACTED","date":null,"slope_deg":9.494913101196289,"sim_intensity":0.331,"intensity_note":"SIMULATED — heuristic from slope + landslide type, not a measured severity"}},{"type":"Feature","geometry":{"type":"Point","coordinates":[93.547361,26.59416]},"properties":{"landslide_id":"NER_00583","source":"GSI","state":"Assam","district":"Karbi Anglong","landslide_type":"Slide","confidence":"TABLE_EXTRACTED","date":null,"slope_deg":6.011768817901611,"sim_intensity":0.292,"intensity_note":"SIMULATED — heuristic from slope + landslide type, not a measured severity"}},{"type":"Feature","geometry":{"type":"Point","coordinates":[94.34,26.6]},"properties":{"landslide_id":"NER_00584","source":"GSI","state":"Assam","district":"Jorhat","landslide_type":"Slide","confidence":"TABLE_EXTRACTED","date":null,"slope_deg":5.244071006774902,"sim_intensity":0.284,"intensity_note":"SIMULATED — heuristic from slope + landslide type, not a measured severity"}},{"type":"Feature","geometry":{"type":"Point","coordinates":[94.35,26.6]},"properties":{"landslide_id":"NER_00585","source":"GSI","state":"Assam","district":"Jorhat","landslide_type":"Slide","confidence":"TABLE_EXTRACTED","date":null,"slope_deg":9.194869041442871,"sim_intensity":0.328,"intensity_note":"SIMULATED — heuristic from slope + landslide type, not a measured severity"}},{"type":"Feature","geometry":{"type":"Point","coordinates":[94.35,26.6]},"properties":{"landslide_id":"NER_00586","source":"GSI","state":"Assam","district":"Jorhat","landslide_type":"Slide","confidence":"TABLE_EXTRACTED","date":null,"slope_deg":9.194869041442871,"sim_intensity":0.328,"intensity_note":"SIMULATED — heuristic from slope + landslide type, not a measured severity"}},{"type":"Feature","geometry":{"type":"Point","coordinates":[94.35,26.6]},"properties":{"landslide_id":"NER_00587","source":"GSI","state":"Assam","district":"Jorhat","landslide_type":"Slide","confidence":"TABLE_EXTRACTED","date":null,"slope_deg":9.194869041442871,"sim_intensity":0.328,"intensity_note":"SIMULATED — heuristic from slope + landslide type, not a measured severity"}},{"type":"Feature","geometry":{"type":"Point","coordinates":[93.48408,26.60275]},"properties":{"landslide_id":"NER_00588","source":"GSI","state":"Assam","district":"Karbi Anglong","landslide_type":"Slide","confidence":"TABLE_EXTRACTED","date":null,"slope_deg":6.177534103393555,"sim_intensity":0.294,"intensity_note":"SIMULATED — heuristic from slope + landslide type, not a measured severity"}},{"type":"Feature","geometry":{"type":"Point","coordinates":[93.481,26.60358]},"properties":{"landslide_id":"NER_00589","source":"GSI","state":"Assam","district":"Karbi Anglong","landslide_type":"Slide","confidence":"TABLE_EXTRACTED","date":null,"slope_deg":13.187190055847168,"sim_intensity":0.372,"intensity_note":"SIMULATED — heuristic from slope + landslide type, not a measured severity"}},{"type":"Feature","geometry":{"type":"Point","coordinates":[92.12266,26.88969]},"properties":{"landslide_id":"NER_00590","source":"GSI","state":"Assam","district":"Udalguri","landslide_type":"Falls","confidence":"TABLE_EXTRACTED","date":null,"slope_deg":34.349517822265625,"sim_intensity":0.637,"intensity_note":"SIMULATED — heuristic from slope + landslide type, not a measured severity"}},{"type":"Feature","geometry":{"type":"Point","coordinates":[92.77163,26.9174]},"properties":{"landslide_id":"NER_00592","source":"GSI","state":"Assam","district":"Sonitpur","landslide_type":"Slide","confidence":"TABLE_EXTRACTED","date":null,"slope_deg":6.097074508666992,"sim_intensity":0.294,"intensity_note":"SIMULATED — heuristic from slope + landslide type, not a measured severity"}},{"type":"Feature","geometry":{"type":"Point","coordinates":[92.75994,26.92013]},"properties":{"landslide_id":"NER_00593","source":"GSI","state":"Assam","district":"Sonitpur","landslide_type":"Slide","confidence":"TABLE_EXTRACTED","date":null,"slope_deg":4.6637701988220215,"sim_intensity":0.278,"intensity_note":"SIMULATED — heuristic from slope + landslide type, not a measured severity"}},{"type":"Feature","geometry":{"type":"Point","coordinates":[92.75933,26.92088]},"properties":{"landslide_id":"NER_00594","source":"GSI","state":"Assam","district":"Sonitpur","landslide_type":"Slide","confidence":"TABLE_EXTRACTED","date":null,"slope_deg":11.223400115966797,"sim_intensity":0.351,"intensity_note":"SIMULATED — heuristic from slope + landslide type, not a measured severity"}},{"type":"Feature","geometry":{"type":"Point","coordinates":[92.7678,26.92216]},"properties":{"landslide_id":"NER_00595","source":"GSI","state":"Assam","district":"Sonitpur","landslide_type":"Slide","confidence":"TABLE_EXTRACTED","date":null,"slope_deg":13.501503944396973,"sim_intensity":0.376,"intensity_note":"SIMULATED — heuristic from slope + landslide type, not a measured severity"}},{"type":"Feature","geometry":{"type":"Point","coordinates":[92.76755,26.9231]},"properties":{"landslide_id":"NER_00596","source":"GSI","state":"Assam","district":"Sonitpur","landslide_type":"Slide","confidence":"TABLE_EXTRACTED","date":null,"slope_deg":12.928802490234375,"sim_intensity":0.37,"intensity_note":"SIMULATED — heuristic from slope + landslide type, not a measured severity"}},{"type":"Feature","geometry":{"type":"Point","coordinates":[92.73966,26.92666]},"properties":{"landslide_id":"NER_00597","source":"GSI","state":"Assam","district":"Sonitpur","landslide_type":"Slide","confidence":"TABLE_EXTRACTED","date":null,"slope_deg":14.373167991638184,"sim_intensity":0.386,"intensity_note":"SIMULATED — heuristic from slope + landslide type, not a measured severity"}},{"type":"Feature","geometry":{"type":"Point","coordinates":[92.70757,26.93362]},"properties":{"landslide_id":"NER_00598","source":"GSI","state":"Assam","district":"Sonitpur","landslide_type":"Slide","confidence":"TABLE_EXTRACTED","date":null,"slope_deg":9.091326713562012,"sim_intensity":0.327,"intensity_note":"SIMULATED — heuristic from slope + landslide type, not a measured severity"}},{"type":"Feature","geometry":{"type":"Point","coordinates":[92.729,26.93438]},"properties":{"landslide_id":"NER_00599","source":"GSI","state":"Assam","district":"Sonitpur","landslide_type":"Slide","confidence":"TABLE_EXTRACTED","date":null,"slope_deg":6.608574390411377,"sim_intensity":0.299,"intensity_note":"SIMULATED — heuristic from slope + landslide type, not a measured severity"}},{"type":"Feature","geometry":{"type":"Point","coordinates":[92.70369,26.9358]},"properties":{"landslide_id":"NER_00600","source":"GSI","state":"Assam","district":"Sonitpur","landslide_type":"Slide","confidence":"TABLE_EXTRACTED","date":null,"slope_deg":4.622925758361816,"sim_intensity":0.288,"intensity_note":"SIMULATED — heuristic from slope + landslide type, not a measured severity"}},{"type":"Feature","geometry":{"type":"Point","coordinates":[92.70441,26.93586]},"properties":{"landslide_id":"NER_00601","source":"GSI","state":"Assam","district":"Sonitpur","landslide_type":"Slide","confidence":"TABLE_EXTRACTED","date":null,"slope_deg":10.809576988220215,"sim_intensity":0.357,"intensity_note":"SIMULATED — heuristic from slope + landslide type, not a measured severity"}},{"type":"Feature","geometry":{"type":"Point","coordinates":[92.70455,26.93597]},"properties":{"landslide_id":"NER_00602","source":"GSI","state":"Assam","district":"Sonitpur","landslide_type":"Slide","confidence":"TABLE_EXTRACTED","date":null,"slope_deg":10.809576988220215,"sim_intensity":0.357,"intensity_note":"SIMULATED — heuristic from slope + landslide type, not a measured severity"}},{"type":"Feature","geometry":{"type":"Point","coordinates":[92.70308,26.93641]},"properties":{"landslide_id":"NER_00603","source":"GSI","state":"Assam","district":"Sonitpur","landslide_type":"Slide","confidence":"TABLE_EXTRACTED","date":null,"slope_deg":2.191039800643921,"sim_intensity":0.261,"intensity_note":"SIMULATED — heuristic from slope + landslide type, not a measured severity"}},{"type":"Feature","geometry":{"type":"Point","coordinates":[92.70402,26.93819]},"properties":{"landslide_id":"NER_00604","source":"GSI","state":"Assam","district":"Sonitpur","landslide_type":"Slide","confidence":"TABLE_EXTRACTED","date":null,"slope_deg":6.391315460205078,"sim_intensity":0.308,"intensity_note":"SIMULATED — heuristic from slope + landslide type, not a measured severity"}},{"type":"Feature","geometry":{"type":"Point","coordinates":[92.70336,26.93855]},"properties":{"landslide_id":"NER_00605","source":"GSI","state":"Assam","district":"Sonitpur","landslide_type":"Slide","confidence":"TABLE_EXTRACTED","date":null,"slope_deg":6.8457818031311035,"sim_intensity":0.313,"intensity_note":"SIMULATED — heuristic from slope + landslide type, not a measured severity"}},{"type":"Feature","geometry":{"type":"Point","coordinates":[93.257521,26.94755]},"properties":{"landslide_id":"NER_00606","source":"GSI","state":"Assam","district":"Sonitpur","landslide_type":"Slide","confidence":"TABLE_EXTRACTED","date":null,"slope_deg":14.097128868103027,"sim_intensity":0.393,"intensity_note":"SIMULATED — heuristic from slope + landslide type, not a measured severity"}},{"type":"Feature","geometry":{"type":"Point","coordinates":[93.45291,26.9498]},"properties":{"landslide_id":"NER_00607","source":"GSI","state":"Assam","district":"Sonitpur","landslide_type":"Slide","confidence":"TABLE_EXTRACTED","date":null,"slope_deg":4.774302959442139,"sim_intensity":0.29,"intensity_note":"SIMULATED — heuristic from slope + landslide type, not a measured severity"}},{"type":"Feature","geometry":{"type":"Point","coordinates":[93.45136,26.95052]},"properties":{"landslide_id":"NER_00608","source":"GSI","state":"Assam","district":"Sonitpur","landslide_type":"Slide","confidence":"TABLE_EXTRACTED","date":null,"slope_deg":11.079390525817871,"sim_intensity":0.36,"intensity_note":"SIMULATED — heuristic from slope + landslide type, not a measured severity"}},{"type":"Feature","geometry":{"type":"Point","coordinates":[93.44166,26.95266]},"properties":{"landslide_id":"NER_00609","source":"GSI","state":"Assam","district":"Sonitpur","landslide_type":"Slide","confidence":"TABLE_EXTRACTED","date":null,"slope_deg":1.3816499710083008,"sim_intensity":0.252,"intensity_note":"SIMULATED — heuristic from slope + landslide type, not a measured severity"}},{"type":"Feature","geometry":{"type":"Point","coordinates":[92.634,26.9693]},"properties":{"landslide_id":"NER_00610","source":"GSI","state":"Assam","district":"Sonitpur","landslide_type":"Slide","confidence":"TABLE_EXTRACTED","date":null,"slope_deg":8.476171493530273,"sim_intensity":0.331,"intensity_note":"SIMULATED — heuristic from slope + landslide type, not a measured severity"}},{"type":"Feature","geometry":{"type":"Point","coordinates":[92.63363,26.97013]},"properties":{"landslide_id":"NER_00611","source":"GSI","state":"Assam","district":"Sonitpur","landslide_type":"Slide","confidence":"TABLE_EXTRACTED","date":null,"slope_deg":6.686033248901367,"sim_intensity":0.311,"intensity_note":"SIMULATED — heuristic from slope + landslide type, not a measured severity"}},{"type":"Feature","geometry":{"type":"Point","coordinates":[92.63436,26.97041]},"properties":{"landslide_id":"NER_00612","source":"GSI","state":"Assam","district":"Sonitpur","landslide_type":"Slide","confidence":"TABLE_EXTRACTED","date":null,"slope_deg":4.192135810852051,"sim_intensity":0.284,"intensity_note":"SIMULATED — heuristic from slope + landslide type, not a measured severity"}},{"type":"Feature","geometry":{"type":"Point","coordinates":[92.632833,26.972889]},"properties":{"landslide_id":"NER_00613","source":"GSI","state":"Assam","district":"Sonitpur","landslide_type":"Slide","confidence":"TABLE_EXTRACTED","date":null,"slope_deg":3.5284512042999268,"sim_intensity":0.276,"intensity_note":"SIMULATED — heuristic from slope + landslide type, not a measured severity"}},{"type":"Feature","geometry":{"type":"Point","coordinates":[93.02361,25.153982]},"properties":{"landslide_id":"NER_00614","source":"GSI","state":"Assam","district":"Dima Hasao","landslide_type":"Slide","confidence":"TABLE_EXTRACTED","date":null,"slope_deg":12.471713066101074,"sim_intensity":0.376,"intensity_note":"SIMULATED — heuristic from slope + landslide type, not a measured severity"}},{"type":"Feature","geometry":{"type":"Point","coordinates":[91.83886,26.11464]},"properties":{"landslide_id":"NER_00615","source":"GSI","state":"Assam","district":"Kamrup (Metro)","landslide_type":"Slide","confidence":"TABLE_EXTRACTED","date":null,"slope_deg":8.552959442138672,"sim_intensity":0.332,"intensity_note":"SIMULATED — heuristic from slope + landslide type, not a measured severity"}},{"type":"Feature","geometry":{"type":"Point","coordinates":[91.77502,26.19044]},"properties":{"landslide_id":"NER_00616","source":"GSI","state":"Assam","district":"Kamrup (Metro)","landslide_type":"Slide","confidence":"TABLE_EXTRACTED","date":null,"slope_deg":10.314685821533203,"sim_intensity":0.352,"intensity_note":"SIMULATED — heuristic from slope + landslide type, not a measured severity"}},{"type":"Feature","geometry":{"type":"Point","coordinates":[92.70357,24.57257]},"properties":{"landslide_id":"NER_00617","source":"GSI","state":"Assam","district":"Cachar","landslide_type":"Slide","confidence":"TABLE_EXTRACTED","date":null,"slope_deg":8.339861869812012,"sim_intensity":0.33,"intensity_note":"SIMULATED — heuristic from slope + landslide type, not a measured severity"}},{"type":"Feature","geometry":{"type":"Point","coordinates":[92.70536,24.57235]},"properties":{"landslide_id":"NER_00618","source":"GSI","state":"Assam","district":"Cachar","landslide_type":"Slide","confidence":"TABLE_EXTRACTED","date":null,"slope_deg":2.4665026664733887,"sim_intensity":0.265,"intensity_note":"SIMULATED — heuristic from slope + landslide type, not a measured severity"}},{"type":"Feature","geometry":{"type":"Point","coordinates":[92.70274,24.58585]},"properties":{"landslide_id":"NER_00619","source":"GSI","state":"Assam","district":"Cachar","landslide_type":"Slide","confidence":"TABLE_EXTRACTED","date":null,"slope_deg":4.777350425720215,"sim_intensity":0.29,"intensity_note":"SIMULATED — heuristic from slope + landslide type, not a measured severity"}},{"type":"Feature","geometry":{"type":"Point","coordinates":[92.74392,24.96756]},"properties":{"landslide_id":"NER_00620","source":"GSI","state":"Assam","district":"Cachar","landslide_type":"Slide","confidence":"TABLE_EXTRACTED","date":null,"slope_deg":8.425378799438477,"sim_intensity":0.331,"intensity_note":"SIMULATED — heuristic from slope + landslide type, not a measured severity"}},{"type":"Feature","geometry":{"type":"Point","coordinates":[92.73201,24.95794]},"properties":{"landslide_id":"NER_00621","source":"GSI","state":"Assam","district":"Cachar","landslide_type":"Slide","confidence":"TABLE_EXTRACTED","date":null,"slope_deg":4.119017124176025,"sim_intensity":0.283,"intensity_note":"SIMULATED — heuristic from slope + landslide type, not a measured severity"}},{"type":"Feature","geometry":{"type":"Point","coordinates":[92.731458,24.95054]},"properties":{"landslide_id":"NER_00622","source":"GSI","state":"Assam","district":"Cachar","landslide_type":"Slide","confidence":"TABLE_EXTRACTED","date":null,"slope_deg":8.37175178527832,"sim_intensity":0.331,"intensity_note":"SIMULATED — heuristic from slope + landslide type, not a measured severity"}},{"type":"Feature","geometry":{"type":"Point","coordinates":[92.73097,24.94756]},"properties":{"landslide_id":"NER_00623","source":"GSI","state":"Assam","district":"Cachar","landslide_type":"Slide","confidence":"TABLE_EXTRACTED","date":null,"slope_deg":16.4060001373291,"sim_intensity":0.42,"intensity_note":"SIMULATED — heuristic from slope + landslide type, not a measured severity"}},{"type":"Feature","geometry":{"type":"Point","coordinates":[93.00953,25.16736]},"properties":{"landslide_id":"NER_00624","source":"GSI","state":"Assam","district":"Dima Hasao","landslide_type":"Slide","confidence":"TABLE_EXTRACTED","date":null,"slope_deg":19.517202377319336,"sim_intensity":0.455,"intensity_note":"SIMULATED — heuristic from slope + landslide type, not a measured severity"}},{"type":"Feature","geometry":{"type":"Point","coordinates":[93.01084,25.16023]},"properties":{"landslide_id":"NER_00625","source":"GSI","state":"Assam","district":"Dima Hasao","landslide_type":"Slide","confidence":"TABLE_EXTRACTED","date":null,"slope_deg":16.834901809692383,"sim_intensity":0.425,"intensity_note":"SIMULATED — heuristic from slope + landslide type, not a measured severity"}},{"type":"Feature","geometry":{"type":"Point","coordinates":[93.010222,25.162389]},"properties":{"landslide_id":"NER_00626","source":"GSI","state":"Assam","district":"Dima Hasao","landslide_type":"Slide","confidence":"TABLE_EXTRACTED","date":null,"slope_deg":16.10067367553711,"sim_intensity":0.417,"intensity_note":"SIMULATED — heuristic from slope + landslide type, not a measured severity"}},{"type":"Feature","geometry":{"type":"Point","coordinates":[93.010333,25.162528]},"properties":{"landslide_id":"NER_00627","source":"GSI","state":"Assam","district":"Dima Hasao","landslide_type":"Slide","confidence":"TABLE_EXTRACTED","date":null,"slope_deg":16.10067367553711,"sim_intensity":0.417,"intensity_note":"SIMULATED — heuristic from slope + landslide type, not a measured severity"}},{"type":"Feature","geometry":{"type":"Point","coordinates":[93.01044,25.162472]},"properties":{"landslide_id":"NER_00628","source":"GSI","state":"Assam","district":"Dima Hasao","landslide_type":"Slide","confidence":"TABLE_EXTRACTED","date":null,"slope_deg":15.349924087524414,"sim_intensity":0.408,"intensity_note":"SIMULATED — heuristic from slope + landslide type, not a measured severity"}},{"type":"Feature","geometry":{"type":"Point","coordinates":[93.00726,25.17175]},"properties":{"landslide_id":"NER_00629","source":"GSI","state":"Assam","district":"Dima Hasao","landslide_type":"Subsidence","confidence":"TABLE_EXTRACTED","date":null,"slope_deg":14.361056327819824,"sim_intensity":0.377,"intensity_note":"SIMULATED — heuristic from slope + landslide type, not a measured severity"}},{"type":"Feature","geometry":{"type":"Point","coordinates":[93.01092,25.16649]},"properties":{"landslide_id":"NER_00630","source":"GSI","state":"Assam","district":"Dima Hasao","landslide_type":"Slide","confidence":"TABLE_EXTRACTED","date":null,"slope_deg":24.982345581054688,"sim_intensity":0.516,"intensity_note":"SIMULATED — heuristic from slope + landslide type, not a measured severity"}},{"type":"Feature","geometry":{"type":"Point","coordinates":[93.007389,25.170194]},"properties":{"landslide_id":"NER_00631","source":"GSI","state":"Assam","district":"Dima Hasao","landslide_type":"Slide","confidence":"TABLE_EXTRACTED","date":null,"slope_deg":15.004670143127441,"sim_intensity":0.405,"intensity_note":"SIMULATED — heuristic from slope + landslide type, not a measured severity"}},{"type":"Feature","geometry":{"type":"Point","coordinates":[93.005694,25.17144]},"properties":{"landslide_id":"NER_00632","source":"GSI","state":"Assam","district":"Dima Hasao","landslide_type":"Slide","confidence":"TABLE_EXTRACTED","date":null,"slope_deg":8.300562858581543,"sim_intensity":0.33,"intensity_note":"SIMULATED — heuristic from slope + landslide type, not a measured severity"}},{"type":"Feature","geometry":{"type":"Point","coordinates":[93.00948,25.16579]},"properties":{"landslide_id":"NER_00633","source":"GSI","state":"Assam","district":"Dima Hasao","landslide_type":"Slide","confidence":"TABLE_EXTRACTED","date":null,"slope_deg":13.034565925598145,"sim_intensity":0.383,"intensity_note":"SIMULATED — heuristic from slope + landslide type, not a measured severity"}},{"type":"Feature","geometry":{"type":"Point","coordinates":[93.01292,25.15859]},"properties":{"landslide_id":"NER_00634","source":"GSI","state":"Assam","district":"Dima Hasao","landslide_type":"Slide","confidence":"TABLE_EXTRACTED","date":null,"slope_deg":21.007572174072266,"sim_intensity":0.472,"intensity_note":"SIMULATED — heuristic from slope + landslide type, not a measured severity"}},{"type":"Feature","geometry":{"type":"Point","coordinates":[91.74875,26.134417]},"properties":{"landslide_id":"NER_00635","source":"GSI","state":"Assam","district":"Kamrup (Metro)","landslide_type":"Flow","confidence":"TABLE_EXTRACTED","date":null,"slope_deg":6.251420974731445,"sim_intensity":0.368,"intensity_note":"SIMULATED — heuristic from slope + landslide type, not a measured severity"}},{"type":"Feature","geometry":{"type":"Point","coordinates":[91.800861,26.154611]},"properties":{"landslide_id":"NER_00636","source":"GSI","state":"Assam","district":"Kamrup (Metro)","landslide_type":"Flow","confidence":"TABLE_EXTRACTED","date":null,"slope_deg":2.7818634510040283,"sim_intensity":0.329,"intensity_note":"SIMULATED — heuristic from slope + landslide type, not a measured severity"}},{"type":"Feature","geometry":{"type":"Point","coordinates":[91.789167,26.107111]},"properties":{"landslide_id":"NER_00637","source":"GSI","state":"Assam","district":"Kamrup (Metro)","landslide_type":"Flow","confidence":"TABLE_EXTRACTED","date":null,"slope_deg":8.586931228637695,"sim_intensity":0.394,"intensity_note":"SIMULATED — heuristic from slope + landslide type, not a measured severity"}},{"type":"Feature","geometry":{"type":"Point","coordinates":[91.878111,26.099611]},"properties":{"landslide_id":"NER_00638","source":"GSI","state":"Assam","district":"Kamrup","landslide_type":"Slide the loose\nsoil from top\n(already cut in\nthe area) due\nto heavy rain.","confidence":"TABLE_EXTRACTED","date":null,"slope_deg":11.019210815429688,"sim_intensity":0.361,"intensity_note":"SIMULATED — heuristic from slope + landslide type, not a measured severity"}},{"type":"Feature","geometry":{"type":"Point","coordinates":[91.748,26.149444]},"properties":{"landslide_id":"NER_00639","source":"GSI","state":"Assam","district":"Kamrup","landslide_type":"Slide","confidence":"TABLE_EXTRACTED","date":null,"slope_deg":15.329584121704102,"sim_intensity":0.409,"intensity_note":"SIMULATED — heuristic from slope + landslide type, not a measured severity"}},{"type":"Feature","geometry":{"type":"Point","coordinates":[91.714806,26.166583]},"properties":{"landslide_id":"NER_00640","source":"GSI","state":"Assam","district":"Kamrup","landslide_type":"Slide","confidence":"TABLE_EXTRACTED","date":null,"slope_deg":22.041208267211914,"sim_intensity":0.484,"intensity_note":"SIMULATED — heuristic from slope + landslide type, not a measured severity"}},{"type":"Feature","geometry":{"type":"Point","coordinates":[93.021583,25.15556]},"properties":{"landslide_id":"NER_00641","source":"GSI","state":"Assam","district":"Dima Hasao","landslide_type":"Slide","confidence":"TABLE_EXTRACTED","date":null,"slope_deg":0.6826034784317017,"sim_intensity":0.246,"intensity_note":"SIMULATED — heuristic from slope + landslide type, not a measured severity"}},{"type":"Feature","geometry":{"type":"Point","coordinates":[93.018367,25.156483]},"properties":{"landslide_id":"NER_00642","source":"GSI","state":"Assam","district":"Dima Hasao","landslide_type":"Subsidence","confidence":"TABLE_EXTRACTED","date":null,"slope_deg":24.912418365478516,"sim_intensity":0.495,"intensity_note":"SIMULATED — heuristic from slope + landslide type, not a measured severity"}},{"type":"Feature","geometry":{"type":"Point","coordinates":[93.024778,25.158138]},"properties":{"landslide_id":"NER_00643","source":"GSI","state":"Assam","district":"Dima Hasao","landslide_type":"Slide","confidence":"TABLE_EXTRACTED","date":null,"slope_deg":9.533510208129883,"sim_intensity":0.345,"intensity_note":"SIMULATED — heuristic from slope + landslide type, not a measured severity"}},{"type":"Feature","geometry":{"type":"Point","coordinates":[93.143194,25.241944]},"properties":{"landslide_id":"NER_00644","source":"GSI","state":"Assam","district":"Dima Hasao (N.C. Hills)","landslide_type":"Slide","confidence":"TABLE_EXTRACTED","date":null,"slope_deg":13.75876522064209,"sim_intensity":0.392,"intensity_note":"SIMULATED — heuristic from slope + landslide type, not a measured severity"}},{"type":"Feature","geometry":{"type":"Point","coordinates":[93.129083,25.417333]},"properties":{"landslide_id":"NER_00645","source":"GSI","state":"Assam","district":"Dima Hasao (N.C. Hills)","landslide_type":"Slide","confidence":"TABLE_EXTRACTED","date":null,"slope_deg":6.935773849487305,"sim_intensity":0.316,"intensity_note":"SIMULATED — heuristic from slope + landslide type, not a measured severity"}},{"type":"Feature","geometry":{"type":"Point","coordinates":[93.025325,25.17044]},"properties":{"landslide_id":"NER_00646","source":"GSI","state":"Assam","district":"Dima Hasao","landslide_type":"Slide","confidence":"TABLE_EXTRACTED","date":null,"slope_deg":16.69512939453125,"sim_intensity":0.424,"intensity_note":"SIMULATED — heuristic from slope + landslide type, not a measured severity"}},{"type":"Feature","geometry":{"type":"Point","coordinates":[93.020014,25.171264]},"properties":{"landslide_id":"NER_00647","source":"GSI","state":"Assam","district":"Dima Hasao","landslide_type":"Subsidence","confidence":"TABLE_EXTRACTED","date":null,"slope_deg":28.501487731933594,"sim_intensity":0.535,"intensity_note":"SIMULATED — heuristic from slope + landslide type, not a measured severity"}},{"type":"Feature","geometry":{"type":"Point","coordinates":[93.02503,25.16804]},"properties":{"landslide_id":"NER_00648","source":"GSI","state":"Assam","district":"Dima Hasao","landslide_type":"Slide","confidence":"TABLE_EXTRACTED","date":null,"slope_deg":17.022218704223633,"sim_intensity":0.428,"intensity_note":"SIMULATED — heuristic from slope + landslide type, not a measured severity"}},{"type":"Feature","geometry":{"type":"Point","coordinates":[93.022825,25.178006]},"properties":{"landslide_id":"NER_00649","source":"GSI","state":"Assam","district":"Dima Hasao","landslide_type":"Subsidence","confidence":"TABLE_EXTRACTED","date":null,"slope_deg":14.416584968566895,"sim_intensity":0.379,"intensity_note":"SIMULATED — heuristic from slope + landslide type, not a measured severity"}},{"type":"Feature","geometry":{"type":"Point","coordinates":[93.024922,25.168083]},"properties":{"landslide_id":"NER_00650","source":"GSI","state":"Assam","district":"Dima Hasao","landslide_type":"Slide","confidence":"TABLE_EXTRACTED","date":null,"slope_deg":17.022218704223633,"sim_intensity":0.428,"intensity_note":"SIMULATED — heuristic from slope + landslide type, not a measured severity"}},{"type":"Feature","geometry":{"type":"Point","coordinates":[93.145556,25.274806]},"properties":{"landslide_id":"NER_00651","source":"GSI","state":"Assam","district":"Dima Hasao (N.C. Hills)","landslide_type":"Slide","confidence":"TABLE_EXTRACTED","date":null,"slope_deg":7.324113845825195,"sim_intensity":0.321,"intensity_note":"SIMULATED — heuristic from slope + landslide type, not a measured severity"}},{"type":"Feature","geometry":{"type":"Point","coordinates":[93.096417,25.189556]},"properties":{"landslide_id":"NER_00652","source":"GSI","state":"Assam","district":"Dima Hasao (N.C. Hills)","landslide_type":"Slide","confidence":"TABLE_EXTRACTED","date":null,"slope_deg":19.97280502319336,"sim_intensity":0.461,"intensity_note":"SIMULATED — heuristic from slope + landslide type, not a measured severity"}},{"type":"Feature","geometry":{"type":"Point","coordinates":[93.010861,25.163806]},"properties":{"landslide_id":"NER_00653","source":"GSI","state":"Assam","district":"Dima Hasao","landslide_type":"Slide","confidence":"TABLE_EXTRACTED","date":null,"slope_deg":23.240158081054688,"sim_intensity":0.497,"intensity_note":"SIMULATED — heuristic from slope + landslide type, not a measured severity"}},{"type":"Feature","geometry":{"type":"Point","coordinates":[93.01967,25.175]},"properties":{"landslide_id":"NER_00654","source":"GSI","state":"Assam","district":"Dima Hasao","landslide_type":"Slide","confidence":"TABLE_EXTRACTED","date":null,"slope_deg":28.866344451904297,"sim_intensity":0.56,"intensity_note":"SIMULATED — heuristic from slope + landslide type, not a measured severity"}},{"type":"Feature","geometry":{"type":"Point","coordinates":[91.780556,26.195528]},"properties":{"landslide_id":"NER_00655","source":"GSI","state":"Assam","district":"Kamrup (Metro)","landslide_type":"Slide","confidence":"TABLE_EXTRACTED","date":null,"slope_deg":16.2493839263916,"sim_intensity":0.42,"intensity_note":"SIMULATED — heuristic from slope + landslide type, not a measured severity"}},{"type":"Feature","geometry":{"type":"Point","coordinates":[93.019861,25.17483]},"properties":{"landslide_id":"NER_00656","source":"GSI","state":"Assam","district":"Dima Hasao","landslide_type":"Slide","confidence":"TABLE_EXTRACTED","date":null,"slope_deg":28.866344451904297,"sim_intensity":0.56,"intensity_note":"SIMULATED — heuristic from slope + landslide type, not a measured severity"}},{"type":"Feature","geometry":{"type":"Point","coordinates":[93.019722,25.156806]},"properties":{"landslide_id":"NER_00657","source":"GSI","state":"Assam","district":"Dima Hasao","landslide_type":"Slide","confidence":"TABLE_EXTRACTED","date":null,"slope_deg":13.619649887084961,"sim_intensity":0.391,"intensity_note":"SIMULATED — heuristic from slope + landslide type, not a measured severity"}},{"type":"Feature","geometry":{"type":"Point","coordinates":[93.017694,25.156833]},"properties":{"landslide_id":"NER_00658","source":"GSI","state":"Assam","district":"Dima Hasao","landslide_type":"Slide","confidence":"TABLE_EXTRACTED","date":null,"slope_deg":24.579853057861328,"sim_intensity":0.512,"intensity_note":"SIMULATED — heuristic from slope + landslide type, not a measured severity"}},{"type":"Feature","geometry":{"type":"Point","coordinates":[93.0151,25.1565]},"properties":{"landslide_id":"NER_00659","source":"GSI","state":"Assam","district":"Dima Hasao","landslide_type":"Slide","confidence":"TABLE_EXTRACTED","date":null,"slope_deg":16.842632293701172,"sim_intensity":0.426,"intensity_note":"SIMULATED — heuristic from slope + landslide type, not a measured severity"}},{"type":"Feature","geometry":{"type":"Point","coordinates":[93.01275,25.15667]},"properties":{"landslide_id":"NER_00660","source":"GSI","state":"Assam","district":"Dima Hasao","landslide_type":"Slide","confidence":"TABLE_EXTRACTED","date":null,"slope_deg":12.505563735961914,"sim_intensity":0.379,"intensity_note":"SIMULATED — heuristic from slope + landslide type, not a measured severity"}},{"type":"Feature","geometry":{"type":"Point","coordinates":[93.02478,25.16367]},"properties":{"landslide_id":"NER_00661","source":"GSI","state":"Assam","district":"Dima Hasao","landslide_type":"Slide","confidence":"TABLE_EXTRACTED","date":null,"slope_deg":14.421208381652832,"sim_intensity":0.4,"intensity_note":"SIMULATED — heuristic from slope + landslide type, not a measured severity"}},{"type":"Feature","geometry":{"type":"Point","coordinates":[93.02289,25.16649]},"properties":{"landslide_id":"NER_00662","source":"GSI","state":"Assam","district":"Dima Hasao","landslide_type":"Slide","confidence":"TABLE_EXTRACTED","date":null,"slope_deg":20.35474395751953,"sim_intensity":0.466,"intensity_note":"SIMULATED — heuristic from slope + landslide type, not a measured severity"}},{"type":"Feature","geometry":{"type":"Point","coordinates":[93.02275,25.16497]},"properties":{"landslide_id":"NER_00663","source":"GSI","state":"Assam","district":"Dima Hasao","landslide_type":"Slide","confidence":"TABLE_EXTRACTED","date":null,"slope_deg":26.547714233398438,"sim_intensity":0.535,"intensity_note":"SIMULATED — heuristic from slope + landslide type, not a measured severity"}},{"type":"Feature","geometry":{"type":"Point","coordinates":[93.02556,25.1655]},"properties":{"landslide_id":"NER_00664","source":"GSI","state":"Assam","district":"Dima Hasao","landslide_type":"Slide","confidence":"TABLE_EXTRACTED","date":null,"slope_deg":20.260276794433594,"sim_intensity":0.465,"intensity_note":"SIMULATED — heuristic from slope + landslide type, not a measured severity"}},{"type":"Feature","geometry":{"type":"Point","coordinates":[92.99788,25.16427]},"properties":{"landslide_id":"NER_00665","source":"GSI","state":"Assam","district":"Dima Hasao","landslide_type":"Slide","confidence":"TABLE_EXTRACTED","date":null,"slope_deg":25.011075973510742,"sim_intensity":0.518,"intensity_note":"SIMULATED — heuristic from slope + landslide type, not a measured severity"}},{"type":"Feature","geometry":{"type":"Point","coordinates":[93.00244,25.17425]},"properties":{"landslide_id":"NER_00666","source":"GSI","state":"Assam","district":"Dima Hasao","landslide_type":"Slide","confidence":"TABLE_EXTRACTED","date":null,"slope_deg":16.05422592163086,"sim_intensity":0.418,"intensity_note":"SIMULATED — heuristic from slope + landslide type, not a measured severity"}},{"type":"Feature","geometry":{"type":"Point","coordinates":[93.009806,25.162667]},"properties":{"landslide_id":"NER_00667","source":"GSI","state":"Assam","district":"Dima Hasao","landslide_type":"Slide","confidence":"TABLE_EXTRACTED","date":null,"slope_deg":16.10067367553711,"sim_intensity":0.419,"intensity_note":"SIMULATED — heuristic from slope + landslide type, not a measured severity"}},{"type":"Feature","geometry":{"type":"Point","coordinates":[93.02172,25.16553]},"properties":{"landslide_id":"NER_00668","source":"GSI","state":"Assam","district":"Dima Hasao","landslide_type":"Slide","confidence":"TABLE_EXTRACTED","date":null,"slope_deg":28.106348037719727,"sim_intensity":0.552,"intensity_note":"SIMULATED — heuristic from slope + landslide type, not a measured severity"}},{"type":"Feature","geometry":{"type":"Point","coordinates":[93.070778,25.179861]},"properties":{"landslide_id":"NER_00669","source":"GSI","state":"Assam","district":"Dima Hasao (N.C. Hills)","landslide_type":"Slide","confidence":"TABLE_EXTRACTED","date":null,"slope_deg":9.22486400604248,"sim_intensity":0.342,"intensity_note":"SIMULATED — heuristic from slope + landslide type, not a measured severity"}},{"type":"Feature","geometry":{"type":"Point","coordinates":[93.030972,25.146778]},"properties":{"landslide_id":"NER_00670","source":"GSI","state":"Assam","district":"Dima Hasao (N.C. Hills)","landslide_type":"Slide","confidence":"TABLE_EXTRACTED","date":null,"slope_deg":26.6910457611084,"sim_intensity":0.537,"intensity_note":"SIMULATED — heuristic from slope + landslide type, not a measured severity"}},{"type":"Feature","geometry":{"type":"Point","coordinates":[93.022222,25.155611]},"properties":{"landslide_id":"NER_00671","source":"GSI","state":"Assam","district":"Dima Hasao","landslide_type":"Slide","confidence":"TABLE_EXTRACTED","date":null,"slope_deg":13.797075271606445,"sim_intensity":0.393,"intensity_note":"SIMULATED — heuristic from slope + landslide type, not a measured severity"}},{"type":"Feature","geometry":{"type":"Point","coordinates":[93.019611,25.156583]},"properties":{"landslide_id":"NER_00672","source":"GSI","state":"Assam","district":"Dima Hasao","landslide_type":"Slide","confidence":"TABLE_EXTRACTED","date":null,"slope_deg":13.619649887084961,"sim_intensity":0.392,"intensity_note":"SIMULATED — heuristic from slope + landslide type, not a measured severity"}},{"type":"Feature","geometry":{"type":"Point","coordinates":[93.017194,25.157139]},"properties":{"landslide_id":"NER_00673","source":"GSI","state":"Assam","district":"Dima Hasao (N.C. Hills)","landslide_type":"Slide","confidence":"TABLE_EXTRACTED","date":null,"slope_deg":22.550580978393555,"sim_intensity":0.491,"intensity_note":"SIMULATED — heuristic from slope + landslide type, not a measured severity"}},{"type":"Feature","geometry":{"type":"Point","coordinates":[93.040194,25.164]},"properties":{"landslide_id":"NER_00674","source":"GSI","state":"Assam","district":"Dima Hasao (N.C. Hills)","landslide_type":"Slide","confidence":"TABLE_EXTRACTED","date":null,"slope_deg":16.02071189880371,"sim_intensity":0.418,"intensity_note":"SIMULATED — heuristic from slope + landslide type, not a measured severity"}},{"type":"Feature","geometry":{"type":"Point","coordinates":[92.864806,25.106389]},"properties":{"landslide_id":"NER_00675","source":"GSI","state":"Assam","district":"Dima Hasao (N.C. Hills)","landslide_type":"Slide","confidence":"TABLE_EXTRACTED","date":null,"slope_deg":15.492334365844727,"sim_intensity":0.412,"intensity_note":"SIMULATED — heuristic from slope + landslide type, not a measured severity"}},{"type":"Feature","geometry":{"type":"Point","coordinates":[92.88075,25.109417]},"properties":{"landslide_id":"NER_00676","source":"GSI","state":"Assam","district":"Dima Hasao (N.C. Hills)","landslide_type":"Slide","confidence":"TABLE_EXTRACTED","date":null,"slope_deg":17.852991104125977,"sim_intensity":0.439,"intensity_note":"SIMULATED — heuristic from slope + landslide type, not a measured severity"}},{"type":"Feature","geometry":{"type":"Point","coordinates":[92.893167,25.109889]},"properties":{"landslide_id":"NER_00677","source":"GSI","state":"Assam","district":"Dima Hasao (N.C. Hills)","landslide_type":"Slide","confidence":"TABLE_EXTRACTED","date":null,"slope_deg":11.700138092041016,"sim_intensity":0.37,"intensity_note":"SIMULATED — heuristic from slope + landslide type, not a measured severity"}},{"type":"Feature","geometry":{"type":"Point","coordinates":[92.920333,25.108778]},"properties":{"landslide_id":"NER_00678","source":"GSI","state":"Assam","district":"Dima Hasao (N.C. Hills)","landslide_type":"Slide","confidence":"TABLE_EXTRACTED","date":null,"slope_deg":11.753035545349121,"sim_intensity":0.371,"intensity_note":"SIMULATED — heuristic from slope + landslide type, not a measured severity"}},{"type":"Feature","geometry":{"type":"Point","coordinates":[92.928861,25.108972]},"properties":{"landslide_id":"NER_00679","source":"GSI","state":"Assam","district":"Dima Hasao (N.C. Hills)","landslide_type":"Slide","confidence":"TABLE_EXTRACTED","date":null,"slope_deg":12.758365631103516,"sim_intensity":0.382,"intensity_note":"SIMULATED — heuristic from slope + landslide type, not a measured severity"}},{"type":"Feature","geometry":{"type":"Point","coordinates":[91.756,26.146]},"properties":{"landslide_id":"NER_00680","source":"GSI","state":"Assam","district":"Kamrup (Metro)","landslide_type":"Slide","confidence":"TABLE_EXTRACTED","date":null,"slope_deg":3.1091084480285645,"sim_intensity":0.275,"intensity_note":"SIMULATED — heuristic from slope + landslide type, not a measured severity"}},{"type":"Feature","geometry":{"type":"Point","coordinates":[92.998778,25.110111]},"properties":{"landslide_id":"NER_00681","source":"GSI","state":"Assam","district":"Dima Hasao (N.C. Hills)","landslide_type":"Slide","confidence":"TABLE_EXTRACTED","date":null,"slope_deg":21.002592086791992,"sim_intensity":0.474,"intensity_note":"SIMULATED — heuristic from slope + landslide type, not a measured severity"}},{"type":"Feature","geometry":{"type":"Point","coordinates":[93.004583,25.110778]},"properties":{"landslide_id":"NER_00682","source":"GSI","state":"Assam","district":"Dima Hasao (N.C. Hills)","landslide_type":"Slide","confidence":"TABLE_EXTRACTED","date":null,"slope_deg":22.050926208496094,"sim_intensity":0.486,"intensity_note":"SIMULATED — heuristic from slope + landslide type, not a measured severity"}},{"type":"Feature","geometry":{"type":"Point","coordinates":[93.00575,25.112389]},"properties":{"landslide_id":"NER_00683","source":"GSI","state":"Assam","district":"Dima Hasao (N.C. Hills)","landslide_type":"Slide","confidence":"TABLE_EXTRACTED","date":null,"slope_deg":25.994077682495117,"sim_intensity":0.53,"intensity_note":"SIMULATED — heuristic from slope + landslide type, not a measured severity"}},{"type":"Feature","geometry":{"type":"Point","coordinates":[93.031917,25.148722]},"properties":{"landslide_id":"NER_00684","source":"GSI","state":"Assam","district":"Dima Hasao (N.C. Hills)","landslide_type":"Creep","confidence":"TABLE_EXTRACTED","date":null,"slope_deg":20.059322357177734,"sim_intensity":0.424,"intensity_note":"SIMULATED — heuristic from slope + landslide type, not a measured severity"}},{"type":"Feature","geometry":{"type":"Point","coordinates":[93.029167,25.14525]},"properties":{"landslide_id":"NER_00685","source":"GSI","state":"Assam","district":"Dima Hasao (N.C. Hills)","landslide_type":"Slide","confidence":"TABLE_EXTRACTED","date":null,"slope_deg":22.29700469970703,"sim_intensity":0.488,"intensity_note":"SIMULATED — heuristic from slope + landslide type, not a measured severity"}},{"type":"Feature","geometry":{"type":"Point","coordinates":[93.022778,25.155722]},"properties":{"landslide_id":"NER_00686","source":"GSI","state":"Assam","district":"Dima Hasao","landslide_type":"Slide","confidence":"TABLE_EXTRACTED","date":null,"slope_deg":13.797075271606445,"sim_intensity":0.394,"intensity_note":"SIMULATED — heuristic from slope + landslide type, not a measured severity"}},{"type":"Feature","geometry":{"type":"Point","coordinates":[93.033333,25.232306]},"properties":{"landslide_id":"NER_00687","source":"GSI","state":"Assam","district":"Dima Hasao","landslide_type":"Creep","confidence":"TABLE_EXTRACTED","date":null,"slope_deg":23.315135955810547,"sim_intensity":0.46,"intensity_note":"SIMULATED — heuristic from slope + landslide type, not a measured severity"}},{"type":"Feature","geometry":{"type":"Point","coordinates":[91.689444,26.210833]},"properties":{"landslide_id":"NER_00688","source":"GSI","state":"Assam","district":"Kamrup (Metro)","landslide_type":"Slide","confidence":"TABLE_EXTRACTED","date":null,"slope_deg":18.596553802490234,"sim_intensity":0.447,"intensity_note":"SIMULATED — heuristic from slope + landslide type, not a measured severity"}},{"type":"Feature","geometry":{"type":"Point","coordinates":[93.03182,25.14264]},"properties":{"landslide_id":"NER_00689","source":"GSI","state":"Assam","district":"Dima Hasao","landslide_type":"Flow","confidence":"TABLE_EXTRACTED","date":null,"slope_deg":22.279682159423828,"sim_intensity":0.548,"intensity_note":"SIMULATED — heuristic from slope + landslide type, not a measured severity"}},{"type":"Feature","geometry":{"type":"Point","coordinates":[93.03128,25.14722]},"properties":{"landslide_id":"NER_00690","source":"GSI","state":"Assam","district":"Dima Hasao","landslide_type":"Slide","confidence":"TABLE_EXTRACTED","date":null,"slope_deg":13.318811416625977,"sim_intensity":0.389,"intensity_note":"SIMULATED — heuristic from slope + landslide type, not a measured severity"}},{"type":"Feature","geometry":{"type":"Point","coordinates":[93.02995,25.143408]},"properties":{"landslide_id":"NER_00691","source":"GSI","state":"Assam","district":"Dima Hasao","landslide_type":"Flow","confidence":"TABLE_EXTRACTED","date":null,"slope_deg":16.400569915771484,"sim_intensity":0.483,"intensity_note":"SIMULATED — heuristic from slope + landslide type, not a measured severity"}},{"type":"Feature","geometry":{"type":"Point","coordinates":[93.031636,25.14879]},"properties":{"landslide_id":"NER_00692","source":"GSI","state":"Assam","district":"Dima Hasao","landslide_type":"Slide","confidence":"TABLE_EXTRACTED","date":null,"slope_deg":19.529176712036133,"sim_intensity":0.458,"intensity_note":"SIMULATED — heuristic from slope + landslide type, not a measured severity"}},{"type":"Feature","geometry":{"type":"Point","coordinates":[93.0331,25.15144]},"properties":{"landslide_id":"NER_00693","source":"GSI","state":"Assam","district":"Dima Hasao","landslide_type":"Slide","confidence":"TABLE_EXTRACTED","date":null,"slope_deg":25.082542419433594,"sim_intensity":0.52,"intensity_note":"SIMULATED — heuristic from slope + landslide type, not a measured severity"}},{"type":"Feature","geometry":{"type":"Point","coordinates":[93.017667,25.156694]},"properties":{"landslide_id":"NER_00694","source":"GSI","state":"Assam","district":"Dima Hasao (N.C. Hills)","landslide_type":"Slide","confidence":"TABLE_EXTRACTED","date":null,"slope_deg":24.579853057861328,"sim_intensity":0.514,"intensity_note":"SIMULATED — heuristic from slope + landslide type, not a measured severity"}},{"type":"Feature","geometry":{"type":"Point","coordinates":[93.020139,25.205528]},"properties":{"landslide_id":"NER_00695","source":"GSI","state":"Assam","district":"Dima Hasao (N.C. Hills)","landslide_type":"Slide","confidence":"TABLE_EXTRACTED","date":null,"slope_deg":16.07303237915039,"sim_intensity":0.42,"intensity_note":"SIMULATED — heuristic from slope + landslide type, not a measured severity"}},{"type":"Feature","geometry":{"type":"Point","coordinates":[93.028278,25.245972]},"properties":{"landslide_id":"NER_00696","source":"GSI","state":"Assam","district":"Dima Hasao","landslide_type":"Slide","confidence":"TABLE_EXTRACTED","date":null,"slope_deg":16.34146499633789,"sim_intensity":0.423,"intensity_note":"SIMULATED — heuristic from slope + landslide type, not a measured severity"}},{"type":"Feature","geometry":{"type":"Point","coordinates":[93.021611,25.214944]},"properties":{"landslide_id":"NER_00697","source":"GSI","state":"Assam","district":"Dima Hasao (N.C. Hills)","landslide_type":"Slide","confidence":"TABLE_EXTRACTED","date":null,"slope_deg":21.537792205810547,"sim_intensity":0.481,"intensity_note":"SIMULATED — heuristic from slope + landslide type, not a measured severity"}},{"type":"Feature","geometry":{"type":"Point","coordinates":[93.013111,25.2185]},"properties":{"landslide_id":"NER_00698","source":"GSI","state":"Assam","district":"Dima Hasao (N.C. Hills)","landslide_type":"Slide","confidence":"TABLE_EXTRACTED","date":null,"slope_deg":20.233192443847656,"sim_intensity":0.466,"intensity_note":"SIMULATED — heuristic from slope + landslide type, not a measured severity"}},{"type":"Feature","geometry":{"type":"Point","coordinates":[93.011361,25.216944]},"properties":{"landslide_id":"NER_00699","source":"GSI","state":"Assam","district":"Dima Hasao (N.C. Hills)","landslide_type":"Slide","confidence":"TABLE_EXTRACTED","date":null,"slope_deg":22.267244338989258,"sim_intensity":0.489,"intensity_note":"SIMULATED — heuristic from slope + landslide type, not a measured severity"}},{"type":"Feature","geometry":{"type":"Point","coordinates":[93.016722,25.199722]},"properties":{"landslide_id":"NER_00700","source":"GSI","state":"Assam","district":"Dima Hasao (N.C. Hills)","landslide_type":"Slide","confidence":"TABLE_EXTRACTED","date":null,"slope_deg":23.607248306274414,"sim_intensity":0.514,"intensity_note":"SIMULATED — heuristic from slope + landslide type, not a measured severity"}},{"type":"Feature","geometry":{"type":"Point","coordinates":[91.77499,26.19052]},"properties":{"landslide_id":"NER_00701","source":"GSI","state":"Assam","district":"Kamrup (Metro)","landslide_type":"Slide","confidence":"TABLE_EXTRACTED","date":null,"slope_deg":10.314685821533203,"sim_intensity":0.367,"intensity_note":"SIMULATED — heuristic from slope + landslide type, not a measured severity"}},{"type":"Feature","geometry":{"type":"Point","coordinates":[93.017,25.159333]},"properties":{"landslide_id":"NER_00702","source":"GSI","state":"Assam","district":"Dima Hasao","landslide_type":"Slide","confidence":"TABLE_EXTRACTED","date":null,"slope_deg":3.9651176929473877,"sim_intensity":0.296,"intensity_note":"SIMULATED — heuristic from slope + landslide type, not a measured severity"}},{"type":"Feature","geometry":{"type":"Point","coordinates":[93.031528,25.23925]},"properties":{"landslide_id":"NER_00703","source":"GSI","state":"Assam","district":"Dima Hasao","landslide_type":"Slide","confidence":"TABLE_EXTRACTED","date":null,"slope_deg":20.174718856811523,"sim_intensity":0.476,"intensity_note":"SIMULATED — heuristic from slope + landslide type, not a measured severity"}},{"type":"Feature","geometry":{"type":"Point","coordinates":[93.03325,25.232972]},"properties":{"landslide_id":"NER_00704","source":"GSI","state":"Assam","district":"Dima Hasao","landslide_type":"Slide","confidence":"TABLE_EXTRACTED","date":null,"slope_deg":22.68482780456543,"sim_intensity":0.504,"intensity_note":"SIMULATED — heuristic from slope + landslide type, not a measured severity"}},{"type":"Feature","geometry":{"type":"Point","coordinates":[93.018389,25.156389]},"properties":{"landslide_id":"NER_00705","source":"GSI","state":"Assam","district":"Dima Hasao","landslide_type":"Slide","confidence":"TABLE_EXTRACTED","date":null,"slope_deg":24.912418365478516,"sim_intensity":0.529,"intensity_note":"SIMULATED — heuristic from slope + landslide type, not a measured severity"}},{"type":"Feature","geometry":{"type":"Point","coordinates":[93.016083,25.157361]},"properties":{"landslide_id":"NER_00706","source":"GSI","state":"Assam","district":"Dima Hasao","landslide_type":"Slide","confidence":"TABLE_EXTRACTED","date":null,"slope_deg":23.10912322998047,"sim_intensity":0.509,"intensity_note":"SIMULATED — heuristic from slope + landslide type, not a measured severity"}},{"type":"Feature","geometry":{"type":"Point","coordinates":[93.032194,25.238806]},"properties":{"landslide_id":"NER_00707","source":"GSI","state":"Assam","district":"Dima Hasao","landslide_type":"Slide","confidence":"TABLE_EXTRACTED","date":null,"slope_deg":23.716707229614258,"sim_intensity":0.516,"intensity_note":"SIMULATED — heuristic from slope + landslide type, not a measured severity"}},{"type":"Feature","geometry":{"type":"Point","coordinates":[93.018583,25.196694]},"properties":{"landslide_id":"NER_00708","source":"GSI","state":"Assam","district":"Dima Hasao (N.C. Hills)","landslide_type":"Slide","confidence":"TABLE_EXTRACTED","date":null,"slope_deg":19.810070037841797,"sim_intensity":0.472,"intensity_note":"SIMULATED — heuristic from slope + landslide type, not a measured severity"}},{"type":"Feature","geometry":{"type":"Point","coordinates":[93.019667,25.188444]},"properties":{"landslide_id":"NER_00709","source":"GSI","state":"Assam","district":"Dima Hasao (N.C. Hills)","landslide_type":"Slide","confidence":"TABLE_EXTRACTED","date":null,"slope_deg":15.644171714782715,"sim_intensity":0.426,"intensity_note":"SIMULATED — heuristic from slope + landslide type, not a measured severity"}},{"type":"Feature","geometry":{"type":"Point","coordinates":[93.122778,25.207389]},"properties":{"landslide_id":"NER_00710","source":"GSI","state":"Assam","district":"Dima Hasao (N.C. Hills)","landslide_type":"Initially started\nas a\nsubsidence,\nnow movement\nof slope mass\nhas already\nbeen initiated.","confidence":"TABLE_EXTRACTED","date":null,"slope_deg":13.751985549926758,"sim_intensity":0.405,"intensity_note":"SIMULATED — heuristic from slope + landslide type, not a measured severity"}},{"type":"Feature","geometry":{"type":"Point","coordinates":[93.020167,25.175972]},"properties":{"landslide_id":"NER_00711","source":"GSI","state":"Assam","district":"Dima Hasao","landslide_type":"Slide","confidence":"TABLE_EXTRACTED","date":null,"slope_deg":24.705764770507812,"sim_intensity":0.527,"intensity_note":"SIMULATED — heuristic from slope + landslide type, not a measured severity"}},{"type":"Feature","geometry":{"type":"Point","coordinates":[93.020417,25.175056]},"properties":{"landslide_id":"NER_00712","source":"GSI","state":"Assam","district":"Dima Hasao","landslide_type":"Slide","confidence":"TABLE_EXTRACTED","date":null,"slope_deg":20.002798080444336,"sim_intensity":0.475,"intensity_note":"SIMULATED — heuristic from slope + landslide type, not a measured severity"}},{"type":"Feature","geometry":{"type":"Point","coordinates":[93.020611,25.171889]},"properties":{"landslide_id":"NER_00713","source":"GSI","state":"Assam","district":"Dima Hasao","landslide_type":"Slide","confidence":"TABLE_EXTRACTED","date":null,"slope_deg":29.02843475341797,"sim_intensity":0.575,"intensity_note":"SIMULATED — heuristic from slope + landslide type, not a measured severity"}},{"type":"Feature","geometry":{"type":"Point","coordinates":[93.025444,25.165639]},"properties":{"landslide_id":"NER_00714","source":"GSI","state":"Assam","district":"Dima Hasao","landslide_type":"Fall","confidence":"TABLE_EXTRACTED","date":null,"slope_deg":20.260276794433594,"sim_intensity":0.508,"intensity_note":"SIMULATED — heuristic from slope + landslide type, not a measured severity"}},{"type":"Feature","geometry":{"type":"Point","coordinates":[93.023167,25.163444]},"properties":{"landslide_id":"NER_00715","source":"GSI","state":"Assam","district":"Dima Hasao","landslide_type":"Slide","confidence":"TABLE_EXTRACTED","date":null,"slope_deg":20.972938537597656,"sim_intensity":0.486,"intensity_note":"SIMULATED — heuristic from slope + landslide type, not a measured severity"}},{"type":"Feature","geometry":{"type":"Point","coordinates":[93.025833,25.150694]},"properties":{"landslide_id":"NER_00716","source":"GSI","state":"Assam","district":"Dima Hasao","landslide_type":"slide","confidence":"TABLE_EXTRACTED","date":null,"slope_deg":14.926737785339355,"sim_intensity":0.418,"intensity_note":"SIMULATED — heuristic from slope + landslide type, not a measured severity"}},{"type":"Feature","geometry":{"type":"Point","coordinates":[93.024194,25.145861]},"properties":{"landslide_id":"NER_00717","source":"GSI","state":"Assam","district":"Dima Hasao","landslide_type":"Slide","confidence":"TABLE_EXTRACTED","date":null,"slope_deg":12.536747932434082,"sim_intensity":0.392,"intensity_note":"SIMULATED — heuristic from slope + landslide type, not a measured severity"}},{"type":"Feature","geometry":{"type":"Point","coordinates":[93.020389,25.140417]},"properties":{"landslide_id":"NER_00718","source":"GSI","state":"Assam","district":"Dima Hasao","landslide_type":"Slide","confidence":"TABLE_EXTRACTED","date":null,"slope_deg":11.324307441711426,"sim_intensity":0.378,"intensity_note":"SIMULATED — heuristic from slope + landslide type, not a measured severity"}},{"type":"Feature","geometry":{"type":"Point","coordinates":[93.019556,25.139611]},"properties":{"landslide_id":"NER_00719","source":"GSI","state":"Assam","district":"Dima Hasao","landslide_type":"Slide","confidence":"TABLE_EXTRACTED","date":null,"slope_deg":3.7529704570770264,"sim_intensity":0.294,"intensity_note":"SIMULATED — heuristic from slope + landslide type, not a measured severity"}},{"type":"Feature","geometry":{"type":"Point","coordinates":[91.727915,26.150124]},"properties":{"landslide_id":"NER_00720","source":"GSI","state":"Assam","district":"Kamrup (Metro)","landslide_type":"Slide","confidence":"TABLE_EXTRACTED","date":null,"slope_deg":16.61318588256836,"sim_intensity":0.438,"intensity_note":"SIMULATED — heuristic from slope + landslide type, not a measured severity"}},{"type":"Feature","geometry":{"type":"Point","coordinates":[93.125639,25.184528]},"properties":{"landslide_id":"NER_00721","source":"GSI","state":"Assam","district":"Dima Hasao","landslide_type":"Slide","confidence":"TABLE_EXTRACTED","date":null,"slope_deg":15.681938171386719,"sim_intensity":0.427,"intensity_note":"SIMULATED — heuristic from slope + landslide type, not a measured severity"}},{"type":"Feature","geometry":{"type":"Point","coordinates":[93.120556,25.18725]},"properties":{"landslide_id":"NER_00722","source":"GSI","state":"Assam","district":"Dima Hasao","landslide_type":"Slide","confidence":"TABLE_EXTRACTED","date":null,"slope_deg":1.854277491569519,"sim_intensity":0.274,"intensity_note":"SIMULATED — heuristic from slope + landslide type, not a measured severity"}},{"type":"Feature","geometry":{"type":"Point","coordinates":[93.116139,25.176389]},"properties":{"landslide_id":"NER_00723","source":"GSI","state":"Assam","district":"Dima Hasao","landslide_type":"Slide","confidence":"TABLE_EXTRACTED","date":null,"slope_deg":13.187190055847168,"sim_intensity":0.4,"intensity_note":"SIMULATED — heuristic from slope + landslide type, not a measured severity"}},{"type":"Feature","geometry":{"type":"Point","coordinates":[93.026222,25.1775]},"properties":{"landslide_id":"NER_00724","source":"GSI","state":"Assam","district":"Dima Hasao (N.C. Hills)","landslide_type":"Shallow\nrotational","confidence":"TABLE_EXTRACTED","date":null,"slope_deg":13.971497535705566,"sim_intensity":0.408,"intensity_note":"SIMULATED — heuristic from slope + landslide type, not a measured severity"}},{"type":"Feature","geometry":{"type":"Point","coordinates":[93.026556,25.176917]},"properties":{"landslide_id":"NER_00725","source":"GSI","state":"Assam","district":"Dima Hasao","landslide_type":"Slide","confidence":"TABLE_EXTRACTED","date":null,"slope_deg":16.054019927978516,"sim_intensity":0.431,"intensity_note":"SIMULATED — heuristic from slope + landslide type, not a measured severity"}},{"type":"Feature","geometry":{"type":"Point","coordinates":[93.020889,25.177028]},"properties":{"landslide_id":"NER_00726","source":"GSI","state":"Assam","district":"Dima Hasao","landslide_type":"Slide","confidence":"TABLE_EXTRACTED","date":null,"slope_deg":12.658868789672852,"sim_intensity":0.394,"intensity_note":"SIMULATED — heuristic from slope + landslide type, not a measured severity"}},{"type":"Feature","geometry":{"type":"Point","coordinates":[93.120417,25.193083]},"properties":{"landslide_id":"NER_00727","source":"GSI","state":"Assam","district":"Dima Hasao","landslide_type":"Slide","confidence":"TABLE_EXTRACTED","date":null,"slope_deg":3.7618038654327393,"sim_intensity":0.295,"intensity_note":"SIMULATED — heuristic from slope + landslide type, not a measured severity"}},{"type":"Feature","geometry":{"type":"Point","coordinates":[93.018972,25.134472]},"properties":{"landslide_id":"NER_00728","source":"GSI","state":"Assam","district":"Dima Hasao","landslide_type":"Slide","confidence":"TABLE_EXTRACTED","date":null,"slope_deg":15.618285179138184,"sim_intensity":0.427,"intensity_note":"SIMULATED — heuristic from slope + landslide type, not a measured severity"}},{"type":"Feature","geometry":{"type":"Point","coordinates":[91.85125,26.188417]},"properties":{"landslide_id":"NER_00729","source":"GSI","state":"Assam","district":"Kamrup (Metro)","landslide_type":"Slide","confidence":"TABLE_EXTRACTED","date":null,"slope_deg":22.951074600219727,"sim_intensity":0.508,"intensity_note":"SIMULATED — heuristic from slope + landslide type, not a measured severity"}},{"type":"Feature","geometry":{"type":"Point","coordinates":[91.764222,26.192444]},"properties":{"landslide_id":"NER_00730","source":"GSI","state":"Assam","district":"Kamrup (Metro)","landslide_type":"Slide","confidence":"TABLE_EXTRACTED","date":null,"slope_deg":6.731410503387451,"sim_intensity":0.328,"intensity_note":"SIMULATED — heuristic from slope + landslide type, not a measured severity"}},{"type":"Feature","geometry":{"type":"Point","coordinates":[91.780806,26.192361]},"properties":{"landslide_id":"NER_00731","source":"GSI","state":"Assam","district":"Kamrup (Metro)","landslide_type":"Subsidence","confidence":"TABLE_EXTRACTED","date":null,"slope_deg":13.969321250915527,"sim_intensity":0.389,"intensity_note":"SIMULATED — heuristic from slope + landslide type, not a measured severity"}},{"type":"Feature","geometry":{"type":"Point","coordinates":[91.712583,26.158056]},"properties":{"landslide_id":"NER_00732","source":"GSI","state":"Assam","district":"Kamrup (Metro)","landslide_type":"Slide","confidence":"TABLE_EXTRACTED","date":null,"slope_deg":12.434882164001465,"sim_intensity":0.392,"intensity_note":"SIMULATED — heuristic from slope + landslide type, not a measured severity"}},{"type":"Feature","geometry":{"type":"Point","coordinates":[91.76175,26.1755]},"properties":{"landslide_id":"NER_00733","source":"GSI","state":"Assam","district":"Kamrup (Metro)","landslide_type":"Slide","confidence":"TABLE_EXTRACTED","date":null,"slope_deg":3.377359390258789,"sim_intensity":0.291,"intensity_note":"SIMULATED — heuristic from slope + landslide type, not a measured severity"}},{"type":"Feature","geometry":{"type":"Point","coordinates":[91.809944,26.190389]},"properties":{"landslide_id":"NER_00734","source":"GSI","state":"Assam","district":"Kamrup (Metro)","landslide_type":"Slide","confidence":"TABLE_EXTRACTED","date":null,"slope_deg":3.5284512042999268,"sim_intensity":0.293,"intensity_note":"SIMULATED — heuristic from slope + landslide type, not a measured severity"}},{"type":"Feature","geometry":{"type":"Point","coordinates":[91.766944,26.188667]},"properties":{"landslide_id":"NER_00735","source":"GSI","state":"Assam","district":"Kamrup (Metro)","landslide_type":"Flow","confidence":"TABLE_EXTRACTED","date":null,"slope_deg":9.633014678955078,"sim_intensity":0.421,"intensity_note":"SIMULATED — heuristic from slope + landslide type, not a measured severity"}},{"type":"Feature","geometry":{"type":"Point","coordinates":[92.49797,25.91286]},"properties":{"landslide_id":"NER_00736","source":"GSI","state":"Assam","district":"West Karbi Anglong","landslide_type":"Slide","confidence":"TABLE_EXTRACTED","date":null,"slope_deg":18.73235321044922,"sim_intensity":0.462,"intensity_note":"SIMULATED — heuristic from slope + landslide type, not a measured severity"}},{"type":"Feature","geometry":{"type":"Point","coordinates":[91.763361,26.196222]},"properties":{"landslide_id":"NER_00737","source":"GSI","state":"Assam","district":"Kamrup (Metro)","landslide_type":"Flow","confidence":"TABLE_EXTRACTED","date":null,"slope_deg":4.0720648765563965,"sim_intensity":0.359,"intensity_note":"SIMULATED — heuristic from slope + landslide type, not a measured severity"}},{"type":"Feature","geometry":{"type":"Point","coordinates":[92.51636,25.96664]},"properties":{"landslide_id":"NER_00738","source":"GSI","state":"Assam","district":"West Karbi Anglong","landslide_type":"Slide","confidence":"TABLE_EXTRACTED","date":null,"slope_deg":25.207866668701172,"sim_intensity":0.534,"intensity_note":"SIMULATED — heuristic from slope + landslide type, not a measured severity"}},{"type":"Feature","geometry":{"type":"Point","coordinates":[92.51617,25.967]},"properties":{"landslide_id":"NER_00739","source":"GSI","state":"Assam","district":"West Karbi Anglong","landslide_type":"Slide","confidence":"TABLE_EXTRACTED","date":null,"slope_deg":24.821643829345703,"sim_intensity":0.529,"intensity_note":"SIMULATED — heuristic from slope + landslide type, not a measured severity"}},{"type":"Feature","geometry":{"type":"Point","coordinates":[92.52081,25.96458]},"properties":{"landslide_id":"NER_00740","source":"GSI","state":"Assam","district":"West Karbi Anglong","landslide_type":"Slide","confidence":"TABLE_EXTRACTED","date":null,"slope_deg":21.58770751953125,"sim_intensity":0.494,"intensity_note":"SIMULATED — heuristic from slope + landslide type, not a measured severity"}},{"type":"Feature","geometry":{"type":"Point","coordinates":[92.51572,25.96886]},"properties":{"landslide_id":"NER_00741","source":"GSI","state":"Assam","district":"West Karbi Anglong","landslide_type":"Slide","confidence":"TABLE_EXTRACTED","date":null,"slope_deg":23.241395950317383,"sim_intensity":0.512,"intensity_note":"SIMULATED — heuristic from slope + landslide type, not a measured severity"}},{"type":"Feature","geometry":{"type":"Point","coordinates":[92.51375,25.97461]},"properties":{"landslide_id":"NER_00742","source":"GSI","state":"Assam","district":"West Karbi Anglong","landslide_type":"Slide","confidence":"TABLE_EXTRACTED","date":null,"slope_deg":26.037015914916992,"sim_intensity":0.543,"intensity_note":"SIMULATED — heuristic from slope + landslide type, not a measured severity"}},{"type":"Feature","geometry":{"type":"Point","coordinates":[92.51283,25.97664]},"properties":{"landslide_id":"NER_00743","source":"GSI","state":"Assam","district":"West Karbi Anglong","landslide_type":"Slide","confidence":"TABLE_EXTRACTED","date":null,"slope_deg":31.923412322998047,"sim_intensity":0.609,"intensity_note":"SIMULATED — heuristic from slope + landslide type, not a measured severity"}},{"type":"Feature","geometry":{"type":"Point","coordinates":[92.51139,25.98214]},"properties":{"landslide_id":"NER_00744","source":"GSI","state":"Assam","district":"West Karbi Anglong","landslide_type":"Fall","confidence":"TABLE_EXTRACTED","date":null,"slope_deg":17.78568458557129,"sim_intensity":0.482,"intensity_note":"SIMULATED — heuristic from slope + landslide type, not a measured severity"}},{"type":"Feature","geometry":{"type":"Point","coordinates":[92.50203,25.91608]},"properties":{"landslide_id":"NER_00745","source":"GSI","state":"Assam","district":"West Karbi Anglong","landslide_type":"Slide","confidence":"TABLE_EXTRACTED","date":null,"slope_deg":30.32590675354004,"sim_intensity":0.591,"intensity_note":"SIMULATED — heuristic from slope + landslide type, not a measured severity"}},{"type":"Feature","geometry":{"type":"Point","coordinates":[92.50753,25.92153]},"properties":{"landslide_id":"NER_00746","source":"GSI","state":"Assam","district":"West Karbi Anglong","landslide_type":"Slide","confidence":"TABLE_EXTRACTED","date":null,"slope_deg":28.99455451965332,"sim_intensity":0.576,"intensity_note":"SIMULATED — heuristic from slope + landslide type, not a measured severity"}},{"type":"Feature","geometry":{"type":"Point","coordinates":[92.51031,25.92525]},"properties":{"landslide_id":"NER_00747","source":"GSI","state":"Assam","district":"West Karbi Anglong","landslide_type":"Slide","confidence":"TABLE_EXTRACTED","date":null,"slope_deg":20.584171295166016,"sim_intensity":0.483,"intensity_note":"SIMULATED — heuristic from slope + landslide type, not a measured severity"}},{"type":"Feature","geometry":{"type":"Point","coordinates":[92.50556,25.91936]},"properties":{"landslide_id":"NER_00748","source":"GSI","state":"Assam","district":"West Karbi Anglong","landslide_type":"Slide","confidence":"TABLE_EXTRACTED","date":null,"slope_deg":29.80518913269043,"sim_intensity":0.585,"intensity_note":"SIMULATED — heuristic from slope + landslide type, not a measured severity"}},{"type":"Feature","geometry":{"type":"Point","coordinates":[92.50708,25.92103]},"properties":{"landslide_id":"NER_00749","source":"GSI","state":"Assam","district":"West Karbi Anglong","landslide_type":"Slide","confidence":"TABLE_EXTRACTED","date":null,"slope_deg":27.509014129638672,"sim_intensity":0.56,"intensity_note":"SIMULATED — heuristic from slope + landslide type, not a measured severity"}},{"type":"Feature","geometry":{"type":"Point","coordinates":[92.50819,25.92233]},"properties":{"landslide_id":"NER_00750","source":"GSI","state":"Assam","district":"West Karbi Anglong","landslide_type":"Slide","confidence":"TABLE_EXTRACTED","date":null,"slope_deg":28.601234436035156,"sim_intensity":0.572,"intensity_note":"SIMULATED — heuristic from slope + landslide type, not a measured severity"}},{"type":"Feature","geometry":{"type":"Point","coordinates":[92.50939,25.924]},"properties":{"landslide_id":"NER_00751","source":"GSI","state":"Assam","district":"West Karbi Anglong","landslide_type":"Slide","confidence":"TABLE_EXTRACTED","date":null,"slope_deg":24.20311164855957,"sim_intensity":0.523,"intensity_note":"SIMULATED — heuristic from slope + landslide type, not a measured severity"}},{"type":"Feature","geometry":{"type":"Point","coordinates":[92.51414,25.95825]},"properties":{"landslide_id":"NER_00752","source":"GSI","state":"Assam","district":"West Karbi Anglong","landslide_type":"Slide","confidence":"TABLE_EXTRACTED","date":null,"slope_deg":31.284971237182617,"sim_intensity":0.602,"intensity_note":"SIMULATED — heuristic from slope + landslide type, not a measured severity"}},{"type":"Feature","geometry":{"type":"Point","coordinates":[92.51631,25.96403]},"properties":{"landslide_id":"NER_00753","source":"GSI","state":"Assam","district":"West Karbi Anglong","landslide_type":"Slide","confidence":"TABLE_EXTRACTED","date":null,"slope_deg":27.853750228881836,"sim_intensity":0.564,"intensity_note":"SIMULATED — heuristic from slope + landslide type, not a measured severity"}},{"type":"Feature","geometry":{"type":"Point","coordinates":[92.49897,25.91406]},"properties":{"landslide_id":"NER_00754","source":"GSI","state":"Assam","district":"West Karbi Anglong","landslide_type":"Slide","confidence":"TABLE_EXTRACTED","date":null,"slope_deg":33.91864776611328,"sim_intensity":0.631,"intensity_note":"SIMULATED — heuristic from slope + landslide type, not a measured severity"}},{"type":"Feature","geometry":{"type":"Point","coordinates":[92.49972,25.91422]},"properties":{"landslide_id":"NER_00755","source":"GSI","state":"Assam","district":"West Karbi Anglong","landslide_type":"Slide","confidence":"TABLE_EXTRACTED","date":null,"slope_deg":23.77211570739746,"sim_intensity":0.519,"intensity_note":"SIMULATED — heuristic from slope + landslide type, not a measured severity"}},{"type":"Feature","geometry":{"type":"Point","coordinates":[92.51386,25.95478]},"properties":{"landslide_id":"NER_00756","source":"GSI","state":"Assam","district":"West Karbi Anglong","landslide_type":"Slide","confidence":"TABLE_EXTRACTED","date":null,"slope_deg":33.25609588623047,"sim_intensity":0.624,"intensity_note":"SIMULATED — heuristic from slope + landslide type, not a measured severity"}},{"type":"Feature","geometry":{"type":"Point","coordinates":[92.51353,25.95317]},"properties":{"landslide_id":"NER_00757","source":"GSI","state":"Assam","district":"West Karbi Anglong","landslide_type":"Slide","confidence":"TABLE_EXTRACTED","date":null,"slope_deg":30.905153274536133,"sim_intensity":0.598,"intensity_note":"SIMULATED — heuristic from slope + landslide type, not a measured severity"}},{"type":"Feature","geometry":{"type":"Point","coordinates":[91.622833,26.105917]},"properties":{"landslide_id":"NER_00758","source":"GSI","state":"Assam","district":"Kamrup (Metro)","landslide_type":"Slide","confidence":"TABLE_EXTRACTED","date":null,"slope_deg":13.088723182678223,"sim_intensity":0.4,"intensity_note":"SIMULATED — heuristic from slope + landslide type, not a measured severity"}},{"type":"Feature","geometry":{"type":"Point","coordinates":[91.713306,26.118167]},"properties":{"landslide_id":"NER_00759","source":"GSI","state":"Assam","district":"Kamrup (Metro)","landslide_type":"Slide","confidence":"TABLE_EXTRACTED","date":null,"slope_deg":15.008343696594238,"sim_intensity":0.421,"intensity_note":"SIMULATED — heuristic from slope + landslide type, not a measured severity"}},{"type":"Feature","geometry":{"type":"Point","coordinates":[91.83886,26.11464]},"properties":{"landslide_id":"NER_00760","source":"GSI","state":"Assam","district":"Kamrup (Metro)","landslide_type":"Slide","confidence":"TABLE_EXTRACTED","date":null,"slope_deg":8.552959442138672,"sim_intensity":0.35,"intensity_note":"SIMULATED — heuristic from slope + landslide type, not a measured severity"}},{"type":"Feature","geometry":{"type":"Point","coordinates":[93.127333,25.320694]},"properties":{"landslide_id":"NER_00761","source":"GSI","state":"Assam","district":"Dima Hasao","landslide_type":"Slide","confidence":"TABLE_EXTRACTED","date":null,"slope_deg":21.803730010986328,"sim_intensity":0.497,"intensity_note":"SIMULATED — heuristic from slope + landslide type, not a measured severity"}},{"type":"Feature","geometry":{"type":"Point","coordinates":[91.765889,26.177556]},"properties":{"landslide_id":"NER_00762","source":"GSI","state":"Assam","district":"Kamrup (Metro)","landslide_type":"Slide","confidence":"TABLE_EXTRACTED","date":null,"slope_deg":18.585081100463867,"sim_intensity":0.462,"intensity_note":"SIMULATED — heuristic from slope + landslide type, not a measured severity"}},{"type":"Feature","geometry":{"type":"Point","coordinates":[91.76525,26.176722]},"properties":{"landslide_id":"NER_00763","source":"GSI","state":"Assam","district":"Kamrup (Metro)","landslide_type":"Slide","confidence":"TABLE_EXTRACTED","date":null,"slope_deg":14.561984062194824,"sim_intensity":0.417,"intensity_note":"SIMULATED — heuristic from slope + landslide type, not a measured severity"}},{"type":"Feature","geometry":{"type":"Point","coordinates":[91.792639,26.154278]},"properties":{"landslide_id":"NER_00764","source":"GSI","state":"Assam","district":"Kamrup (Metro)","landslide_type":"Slide","confidence":"TABLE_EXTRACTED","date":null,"slope_deg":7.949816703796387,"sim_intensity":0.343,"intensity_note":"SIMULATED — heuristic from slope + landslide type, not a measured severity"}},{"type":"Feature","geometry":{"type":"Point","coordinates":[91.774111,26.154778]},"properties":{"landslide_id":"NER_00765","source":"GSI","state":"Assam","district":"Kamrup (Metro)","landslide_type":"Flow","confidence":"TABLE_EXTRACTED","date":null,"slope_deg":12.471713066101074,"sim_intensity":0.454,"intensity_note":"SIMULATED — heuristic from slope + landslide type, not a measured severity"}},{"type":"Feature","geometry":{"type":"Point","coordinates":[91.786722,26.176722]},"properties":{"landslide_id":"NER_00766","source":"GSI","state":"Assam","district":"Kamrup (Metro)","landslide_type":"Flow","confidence":"TABLE_EXTRACTED","date":null,"slope_deg":17.121110916137695,"sim_intensity":0.505,"intensity_note":"SIMULATED — heuristic from slope + landslide type, not a measured severity"}},{"type":"Feature","geometry":{"type":"Point","coordinates":[91.787167,26.1895]},"properties":{"landslide_id":"NER_00767","source":"GSI","state":"Assam","district":"Kamrup (Metro)","landslide_type":"Slide","confidence":"TABLE_EXTRACTED","date":null,"slope_deg":3.2549514770507812,"sim_intensity":0.291,"intensity_note":"SIMULATED — heuristic from slope + landslide type, not a measured severity"}},{"type":"Feature","geometry":{"type":"Point","coordinates":[93.110972,25.405861]},"properties":{"landslide_id":"NER_00768","source":"GSI","state":"Assam","district":"Dima Hasao (N.C. Hills)","landslide_type":"Slide","confidence":"TABLE_EXTRACTED","date":null,"slope_deg":15.15109634399414,"sim_intensity":0.423,"intensity_note":"SIMULATED — heuristic from slope + landslide type, not a measured severity"}},{"type":"Feature","geometry":{"type":"Point","coordinates":[93.113167,25.391556]},"properties":{"landslide_id":"NER_00769","source":"GSI","state":"Assam","district":"Dima Hasao (N.C. Hills)","landslide_type":"Subsidence","confidence":"TABLE_EXTRACTED","date":null,"slope_deg":15.87994384765625,"sim_intensity":0.412,"intensity_note":"SIMULATED — heuristic from slope + landslide type, not a measured severity"}},{"type":"Feature","geometry":{"type":"Point","coordinates":[91.853889,26.112667]},"properties":{"landslide_id":"NER_00770","source":"GSI","state":"Assam","district":"Kamrup","landslide_type":"Slide","confidence":"TABLE_EXTRACTED","date":null,"slope_deg":19.666460037231445,"sim_intensity":0.474,"intensity_note":"SIMULATED — heuristic from slope + landslide type, not a measured severity"}},{"type":"Feature","geometry":{"type":"Point","coordinates":[93.07306,24.92097]},"properties":{"landslide_id":"NER_00771","source":"GSI","state":"Assam","district":"Cachar","landslide_type":"Slide","confidence":"TABLE_EXTRACTED","date":null,"slope_deg":8.934904098510742,"sim_intensity":0.355,"intensity_note":"SIMULATED — heuristic from slope + landslide type, not a measured severity"}},{"type":"Feature","geometry":{"type":"Point","coordinates":[91.765639,26.195306]},"properties":{"landslide_id":"NER_00772","source":"GSI","state":"Assam","district":"Kamrup","landslide_type":"Slide","confidence":"TABLE_EXTRACTED","date":null,"slope_deg":2.301957130432129,"sim_intensity":0.281,"intensity_note":"SIMULATED — heuristic from slope + landslide type, not a measured severity"}},{"type":"Feature","geometry":{"type":"Point","coordinates":[91.684167,26.211111]},"properties":{"landslide_id":"NER_00773","source":"GSI","state":"Assam","district":"Kamrup","landslide_type":"Toppled the\nwedged\nweathered\nrocks blocks.","confidence":"TABLE_EXTRACTED","date":null,"slope_deg":6.8457818031311035,"sim_intensity":0.332,"intensity_note":"SIMULATED — heuristic from slope + landslide type, not a measured severity"}},{"type":"Feature","geometry":{"type":"Point","coordinates":[91.77725,26.193306]},"properties":{"landslide_id":"NER_00774","source":"GSI","state":"Assam","district":"Kamrup (Metro)","landslide_type":"Slide","confidence":"TABLE_EXTRACTED","date":null,"slope_deg":11.613004684448242,"sim_intensity":0.385,"intensity_note":"SIMULATED — heuristic from slope + landslide type, not a measured severity"}},{"type":"Feature","geometry":{"type":"Point","coordinates":[91.878986,26.091506]},"properties":{"landslide_id":"NER_00775","source":"GSI","state":"Assam","district":"Kamrup (Metro)","landslide_type":"Slide","confidence":"TABLE_EXTRACTED","date":null,"slope_deg":9.189677238464355,"sim_intensity":0.358,"intensity_note":"SIMULATED — heuristic from slope + landslide type, not a measured severity"}},{"type":"Feature","geometry":{"type":"Point","coordinates":[91.6925,26.213056]},"properties":{"landslide_id":"NER_00776","source":"GSI","state":"Assam","district":"Kamrup (Metro)","landslide_type":"Fall","confidence":"TABLE_EXTRACTED","date":null,"slope_deg":19.896486282348633,"sim_intensity":0.507,"intensity_note":"SIMULATED — heuristic from slope + landslide type, not a measured severity"}},{"type":"Feature","geometry":{"type":"Point","coordinates":[91.80361,26.1916]},"properties":{"landslide_id":"NER_00777","source":"GSI","state":"Assam","district":"Kamrup (Metro)","landslide_type":"Slide","confidence":"TABLE_EXTRACTED","date":null,"slope_deg":11.609524726867676,"sim_intensity":0.385,"intensity_note":"SIMULATED — heuristic from slope + landslide type, not a measured severity"}},{"type":"Feature","geometry":{"type":"Point","coordinates":[91.77033,26.19322]},"properties":{"landslide_id":"NER_00778","source":"GSI","state":"Assam","district":"Kamrup (Metro)","landslide_type":"Slide","confidence":"TABLE_EXTRACTED","date":null,"slope_deg":15.006263732910156,"sim_intensity":0.422,"intensity_note":"SIMULATED — heuristic from slope + landslide type, not a measured severity"}},{"type":"Feature","geometry":{"type":"Point","coordinates":[91.79493,26.18789]},"properties":{"landslide_id":"NER_00779","source":"GSI","state":"Assam","district":"Kamrup (Metro)","landslide_type":"Slide","confidence":"TABLE_EXTRACTED","date":null,"slope_deg":11.267841339111328,"sim_intensity":0.381,"intensity_note":"SIMULATED — heuristic from slope + landslide type, not a measured severity"}},{"type":"Feature","geometry":{"type":"Point","coordinates":[93.01102,25.17136]},"properties":{"landslide_id":"NER_00780","source":"GSI","state":"Assam","district":"Dima Hasao","landslide_type":"Slide","confidence":"TABLE_EXTRACTED","date":null,"slope_deg":8.103506088256836,"sim_intensity":0.346,"intensity_note":"SIMULATED — heuristic from slope + landslide type, not a measured severity"}},{"type":"Feature","geometry":{"type":"Point","coordinates":[93.002528,25.169861]},"properties":{"landslide_id":"NER_00781","source":"GSI","state":"Assam","district":"Dima Hasao","landslide_type":"Slide","confidence":"TABLE_EXTRACTED","date":null,"slope_deg":15.028463363647461,"sim_intensity":0.423,"intensity_note":"SIMULATED — heuristic from slope + landslide type, not a measured severity"}},{"type":"Feature","geometry":{"type":"Point","coordinates":[93.02011,25.18972]},"properties":{"landslide_id":"NER_00782","source":"GSI","state":"Assam","district":"Dima Hasao","landslide_type":"Slide","confidence":"TABLE_EXTRACTED","date":null,"slope_deg":7.8968424797058105,"sim_intensity":0.344,"intensity_note":"SIMULATED — heuristic from slope + landslide type, not a measured severity"}},{"type":"Feature","geometry":{"type":"Point","coordinates":[93.01629,25.18625]},"properties":{"landslide_id":"NER_00783","source":"GSI","state":"Assam","district":"Dima Hasao","landslide_type":"Slide","confidence":"TABLE_EXTRACTED","date":null,"slope_deg":20.099708557128906,"sim_intensity":0.479,"intensity_note":"SIMULATED — heuristic from slope + landslide type, not a measured severity"}},{"type":"Feature","geometry":{"type":"Point","coordinates":[93.00975,25.177416]},"properties":{"landslide_id":"NER_00784","source":"GSI","state":"Assam","district":"Dima Hasao","landslide_type":"Slide","confidence":"TABLE_EXTRACTED","date":null,"slope_deg":11.538880348205566,"sim_intensity":0.384,"intensity_note":"SIMULATED — heuristic from slope + landslide type, not a measured severity"}},{"type":"Feature","geometry":{"type":"Point","coordinates":[93.161417,25.231694]},"properties":{"landslide_id":"NER_00785","source":"GSI","state":"Assam","district":"Dima Hasao","landslide_type":"Slide","confidence":"TABLE_EXTRACTED","date":null,"slope_deg":22.805482864379883,"sim_intensity":0.509,"intensity_note":"SIMULATED — heuristic from slope + landslide type, not a measured severity"}},{"type":"Feature","geometry":{"type":"Point","coordinates":[93.02118,25.18919]},"properties":{"landslide_id":"NER_00786","source":"GSI","state":"Assam","district":"Dima Hasao","landslide_type":"Slide","confidence":"TABLE_EXTRACTED","date":null,"slope_deg":9.968901634216309,"sim_intensity":0.367,"intensity_note":"SIMULATED — heuristic from slope + landslide type, not a measured severity"}},{"type":"Feature","geometry":{"type":"Point","coordinates":[92.289972,24.706194]},"properties":{"landslide_id":"NER_00787","source":"GSI","state":"Assam","district":"Karimganj","landslide_type":"Flow","confidence":"TABLE_EXTRACTED","date":null,"slope_deg":4.503533363342285,"sim_intensity":0.366,"intensity_note":"SIMULATED — heuristic from slope + landslide type, not a measured severity"}},{"type":"Feature","geometry":{"type":"Point","coordinates":[93.01326,25.17623]},"properties":{"landslide_id":"NER_00788","source":"GSI","state":"Assam","district":"Dima Hasao","landslide_type":"Slide","confidence":"TABLE_EXTRACTED","date":null,"slope_deg":19.43549919128418,"sim_intensity":0.472,"intensity_note":"SIMULATED — heuristic from slope + landslide type, not a measured severity"}},{"type":"Feature","geometry":{"type":"Point","coordinates":[91.723889,26.159583]},"properties":{"landslide_id":"NER_00789","source":"GSI","state":"Assam","district":"Kamrup (Metro)","landslide_type":"NIL","confidence":"TABLE_EXTRACTED","date":null,"slope_deg":4.933854103088379,"sim_intensity":0.311,"intensity_note":"SIMULATED — heuristic from slope + landslide type, not a measured severity"}},{"type":"Feature","geometry":{"type":"Point","coordinates":[91.731389,26.151667]},"properties":{"landslide_id":"NER_00790","source":"GSI","state":"Assam","district":"Kamrup (Metro)","landslide_type":"NIL","confidence":"TABLE_EXTRACTED","date":null,"slope_deg":0.7494118809700012,"sim_intensity":0.265,"intensity_note":"SIMULATED — heuristic from slope + landslide type, not a measured severity"}},{"type":"Feature","geometry":{"type":"Point","coordinates":[91.679,26.155444]},"properties":{"landslide_id":"NER_00791","source":"GSI","state":"Assam","district":"Kamrup (Metro)","landslide_type":"NIL","confidence":"TABLE_EXTRACTED","date":null,"slope_deg":0.7065478563308716,"sim_intensity":0.264,"intensity_note":"SIMULATED — heuristic from slope + landslide type, not a measured severity"}},{"type":"Feature","geometry":{"type":"Point","coordinates":[92.883139,25.107278]},"properties":{"landslide_id":"NER_00792","source":"GSI","state":"Assam","district":"Dima Hasao","landslide_type":"NIL","confidence":"TABLE_EXTRACTED","date":null,"slope_deg":12.401529312133789,"sim_intensity":0.394,"intensity_note":"SIMULATED — heuristic from slope + landslide type, not a measured severity"}},{"type":"Feature","geometry":{"type":"Point","coordinates":[92.8845,25.106222]},"properties":{"landslide_id":"NER_00793","source":"GSI","state":"Assam","district":"Dima Hasao","landslide_type":"NIL","confidence":"TABLE_EXTRACTED","date":null,"slope_deg":14.810696601867676,"sim_intensity":0.421,"intensity_note":"SIMULATED — heuristic from slope + landslide type, not a measured severity"}},{"type":"Feature","geometry":{"type":"Point","coordinates":[91.773944,26.149889]},"properties":{"landslide_id":"NER_00794","source":"GSI","state":"Assam","district":"Kamrup","landslide_type":"NIL","confidence":"TABLE_EXTRACTED","date":null,"slope_deg":10.53474235534668,"sim_intensity":0.374,"intensity_note":"SIMULATED — heuristic from slope + landslide type, not a measured severity"}},{"type":"Feature","geometry":{"type":"Point","coordinates":[91.74175,26.108917]},"properties":{"landslide_id":"NER_00795","source":"GSI","state":"Assam","district":"Kamrup","landslide_type":"NIL","confidence":"TABLE_EXTRACTED","date":null,"slope_deg":20.162189483642578,"sim_intensity":0.481,"intensity_note":"SIMULATED — heuristic from slope + landslide type, not a measured severity"}},{"type":"Feature","geometry":{"type":"Point","coordinates":[91.749111,26.129111]},"properties":{"landslide_id":"NER_00796","source":"GSI","state":"Assam","district":"Kamrup","landslide_type":"NIL","confidence":"TABLE_EXTRACTED","date":null,"slope_deg":5.856955528259277,"sim_intensity":0.322,"intensity_note":"SIMULATED — heuristic from slope + landslide type, not a measured severity"}},{"type":"Feature","geometry":{"type":"Point","coordinates":[91.777111,26.153333]},"properties":{"landslide_id":"NER_00797","source":"GSI","state":"Assam","district":"Kamrup","landslide_type":"NIL","confidence":"TABLE_EXTRACTED","date":null,"slope_deg":9.621487617492676,"sim_intensity":0.364,"intensity_note":"SIMULATED — heuristic from slope + landslide type, not a measured severity"}},{"type":"Feature","geometry":{"type":"Point","coordinates":[91.727667,26.150528]},"properties":{"landslide_id":"NER_00798","source":"GSI","state":"Assam","district":"Kamrup","landslide_type":"NIL","confidence":"TABLE_EXTRACTED","date":null,"slope_deg":27.547277450561523,"sim_intensity":0.563,"intensity_note":"SIMULATED — heuristic from slope + landslide type, not a measured severity"}},{"type":"Feature","geometry":{"type":"Point","coordinates":[91.728278,26.164056]},"properties":{"landslide_id":"NER_00799","source":"GSI","state":"Assam","district":"Kamrup","landslide_type":"NIL","confidence":"TABLE_EXTRACTED","date":null,"slope_deg":19.455169677734375,"sim_intensity":0.473,"intensity_note":"SIMULATED — heuristic from slope + landslide type, not a measured severity"}},{"type":"Feature","geometry":{"type":"Point","coordinates":[91.829611,26.191139]},"properties":{"landslide_id":"NER_00800","source":"GSI","state":"Assam","district":"Kamrup","landslide_type":"Slide","confidence":"TABLE_EXTRACTED","date":null,"slope_deg":5.365504741668701,"sim_intensity":0.327,"intensity_note":"SIMULATED — heuristic from slope + landslide type, not a measured severity"}},{"type":"Feature","geometry":{"type":"Point","coordinates":[91.755807,26.158193]},"properties":{"landslide_id":"NER_00801","source":"GSI","state":"Assam","district":"Kamrup","landslide_type":"Slide","confidence":"TABLE_EXTRACTED","date":null,"slope_deg":10.124282836914062,"sim_intensity":0.38,"intensity_note":"SIMULATED — heuristic from slope + landslide type, not a measured severity"}},{"type":"Feature","geometry":{"type":"Point","coordinates":[91.7147,26.166185]},"properties":{"landslide_id":"NER_00802","source":"GSI","state":"Assam","district":"Kamrup","landslide_type":"Slide","confidence":"TABLE_EXTRACTED","date":null,"slope_deg":19.544639587402344,"sim_intensity":0.485,"intensity_note":"SIMULATED — heuristic from slope + landslide type, not a measured severity"}},{"type":"Feature","geometry":{"type":"Point","coordinates":[91.713803,26.16616]},"properties":{"landslide_id":"NER_00803","source":"GSI","state":"Assam","district":"Kamrup","landslide_type":"Slide","confidence":"TABLE_EXTRACTED","date":null,"slope_deg":22.600210189819336,"sim_intensity":0.519,"intensity_note":"SIMULATED — heuristic from slope + landslide type, not a measured severity"}},{"type":"Feature","geometry":{"type":"Point","coordinates":[91.7059,26.16297]},"properties":{"landslide_id":"NER_00804","source":"GSI","state":"Assam","district":"Kamrup","landslide_type":"Slide","confidence":"TABLE_EXTRACTED","date":null,"slope_deg":10.679451942443848,"sim_intensity":0.386,"intensity_note":"SIMULATED — heuristic from slope + landslide type, not a measured severity"}},{"type":"Feature","geometry":{"type":"Point","coordinates":[91.698,26.17027]},"properties":{"landslide_id":"NER_00805","source":"GSI","state":"Assam","district":"Kamrup","landslide_type":"Slide","confidence":"TABLE_EXTRACTED","date":null,"slope_deg":22.981910705566406,"sim_intensity":0.523,"intensity_note":"SIMULATED — heuristic from slope + landslide type, not a measured severity"}},{"type":"Feature","geometry":{"type":"Point","coordinates":[92.847709,25.117665]},"properties":{"landslide_id":"NER_00806","source":"GSI","state":"Assam","district":"Dima Hasao","landslide_type":"Slide","confidence":"TABLE_EXTRACTED","date":null,"slope_deg":10.694276809692383,"sim_intensity":0.386,"intensity_note":"SIMULATED — heuristic from slope + landslide type, not a measured severity"}},{"type":"Feature","geometry":{"type":"Point","coordinates":[93.241092,25.27898]},"properties":{"landslide_id":"NER_00807","source":"GSI","state":"Assam","district":"Dima Hasao","landslide_type":"Slide","confidence":"TABLE_EXTRACTED","date":null,"slope_deg":21.54636573791504,"sim_intensity":0.507,"intensity_note":"SIMULATED — heuristic from slope + landslide type, not a measured severity"}},{"type":"Feature","geometry":{"type":"Point","coordinates":[93.301012,25.283672]},"properties":{"landslide_id":"NER_00808","source":"GSI","state":"Assam","district":"Dima Hasao","landslide_type":"Slide","confidence":"TABLE_EXTRACTED","date":null,"slope_deg":12.935455322265625,"sim_intensity":0.411,"intensity_note":"SIMULATED — heuristic from slope + landslide type, not a measured severity"}},{"type":"Feature","geometry":{"type":"Point","coordinates":[92.823037,25.366255]},"properties":{"landslide_id":"NER_00809","source":"GSI","state":"Assam","district":"Dima Hasao","landslide_type":"Slide","confidence":"TABLE_EXTRACTED","date":null,"slope_deg":11.771771430969238,"sim_intensity":0.398,"intensity_note":"SIMULATED — heuristic from slope + landslide type, not a measured severity"}},{"type":"Feature","geometry":{"type":"Point","coordinates":[92.994643,25.1644]},"properties":{"landslide_id":"NER_00810","source":"GSI","state":"Assam","district":"Dima Hasao","landslide_type":"Slide","confidence":"TABLE_EXTRACTED","date":null,"slope_deg":16.63116455078125,"sim_intensity":0.453,"intensity_note":"SIMULATED — heuristic from slope + landslide type, not a measured severity"}},{"type":"Feature","geometry":{"type":"Point","coordinates":[92.989085,25.170425]},"properties":{"landslide_id":"NER_00811","source":"GSI","state":"Assam","district":"Dima Hasao","landslide_type":"Slide","confidence":"TABLE_EXTRACTED","date":null,"slope_deg":23.1275577545166,"sim_intensity":0.525,"intensity_note":"SIMULATED — heuristic from slope + landslide type, not a measured severity"}},{"type":"Feature","geometry":{"type":"Point","coordinates":[93.242826,25.412958]},"properties":{"landslide_id":"NER_00812","source":"GSI","state":"Assam","district":"Dima Hasao","landslide_type":"Slide","confidence":"TABLE_EXTRACTED","date":null,"slope_deg":15.767271995544434,"sim_intensity":0.443,"intensity_note":"SIMULATED — heuristic from slope + landslide type, not a measured severity"}},{"type":"Feature","geometry":{"type":"Point","coordinates":[93.216888,25.362612]},"properties":{"landslide_id":"NER_00813","source":"GSI","state":"Assam","district":"Dima Hasao","landslide_type":"Slide","confidence":"TABLE_EXTRACTED","date":null,"slope_deg":23.015283584594727,"sim_intensity":0.524,"intensity_note":"SIMULATED — heuristic from slope + landslide type, not a measured severity"}},{"type":"Feature","geometry":{"type":"Point","coordinates":[93.006158,25.316197]},"properties":{"landslide_id":"NER_00814","source":"GSI","state":"Assam","district":"Dima Hasao","landslide_type":"Subsidence","confidence":"TABLE_EXTRACTED","date":null,"slope_deg":11.471531867980957,"sim_intensity":0.375,"intensity_note":"SIMULATED — heuristic from slope + landslide type, not a measured severity"}},{"type":"Feature","geometry":{"type":"Point","coordinates":[92.995982,25.172918]},"properties":{"landslide_id":"NER_00815","source":"GSI","state":"Assam","district":"Dima Hasao","landslide_type":"Slide","confidence":"TABLE_EXTRACTED","date":null,"slope_deg":7.586050510406494,"sim_intensity":0.352,"intensity_note":"SIMULATED — heuristic from slope + landslide type, not a measured severity"}},{"type":"Feature","geometry":{"type":"Point","coordinates":[93.123028,25.319717]},"properties":{"landslide_id":"NER_00816","source":"GSI","state":"Assam","district":"Dima Hasao","landslide_type":"Slide","confidence":"TABLE_EXTRACTED","date":null,"slope_deg":9.711657524108887,"sim_intensity":0.376,"intensity_note":"SIMULATED — heuristic from slope + landslide type, not a measured severity"}},{"type":"Feature","geometry":{"type":"Point","coordinates":[93.115767,25.318433]},"properties":{"landslide_id":"NER_00817","source":"GSI","state":"Assam","district":"Dima Hasao","landslide_type":"Slide","confidence":"TABLE_EXTRACTED","date":null,"slope_deg":13.961644172668457,"sim_intensity":0.423,"intensity_note":"SIMULATED — heuristic from slope + landslide type, not a measured severity"}},{"type":"Feature","geometry":{"type":"Point","coordinates":[93.10552,25.313791]},"properties":{"landslide_id":"NER_00818","source":"GSI","state":"Assam","district":"Dima Hasao","landslide_type":"Slide","confidence":"TABLE_EXTRACTED","date":null,"slope_deg":16.887723922729492,"sim_intensity":0.456,"intensity_note":"SIMULATED — heuristic from slope + landslide type, not a measured severity"}},{"type":"Feature","geometry":{"type":"Point","coordinates":[93.10485,25.313929]},"properties":{"landslide_id":"NER_00819","source":"GSI","state":"Assam","district":"Dima Hasao","landslide_type":"Slide","confidence":"TABLE_EXTRACTED","date":null,"slope_deg":15.39479923248291,"sim_intensity":0.439,"intensity_note":"SIMULATED — heuristic from slope + landslide type, not a measured severity"}},{"type":"Feature","geometry":{"type":"Point","coordinates":[93.094195,25.314558]},"properties":{"landslide_id":"NER_00820","source":"GSI","state":"Assam","district":"Dima Hasao","landslide_type":"Slide","confidence":"TABLE_EXTRACTED","date":null,"slope_deg":13.29464340209961,"sim_intensity":0.416,"intensity_note":"SIMULATED — heuristic from slope + landslide type, not a measured severity"}},{"type":"Feature","geometry":{"type":"Point","coordinates":[93.023783,25.22548]},"properties":{"landslide_id":"NER_00821","source":"GSI","state":"Assam","district":"Dima Hasao","landslide_type":"Slide","confidence":"TABLE_EXTRACTED","date":null,"slope_deg":11.402721405029297,"sim_intensity":0.395,"intensity_note":"SIMULATED — heuristic from slope + landslide type, not a measured severity"}},{"type":"Feature","geometry":{"type":"Point","coordinates":[93.028292,25.24612]},"properties":{"landslide_id":"NER_00822","source":"GSI","state":"Assam","district":"Dima Hasao","landslide_type":"Slide","confidence":"TABLE_EXTRACTED","date":null,"slope_deg":16.34146499633789,"sim_intensity":0.45,"intensity_note":"SIMULATED — heuristic from slope + landslide type, not a measured severity"}},{"type":"Feature","geometry":{"type":"Point","coordinates":[93.033317,25.23575]},"properties":{"landslide_id":"NER_00823","source":"GSI","state":"Assam","district":"Dima Hasao","landslide_type":"Slide","confidence":"TABLE_EXTRACTED","date":null,"slope_deg":28.9532470703125,"sim_intensity":0.59,"intensity_note":"SIMULATED — heuristic from slope + landslide type, not a measured severity"}},{"type":"Feature","geometry":{"type":"Point","coordinates":[93.003768,25.18846]},"properties":{"landslide_id":"NER_00824","source":"GSI","state":"Assam","district":"Dima Hasao","landslide_type":"Slide","confidence":"TABLE_EXTRACTED","date":null,"slope_deg":14.126306533813477,"sim_intensity":0.425,"intensity_note":"SIMULATED — heuristic from slope + landslide type, not a measured severity"}},{"type":"Feature","geometry":{"type":"Point","coordinates":[92.9972,25.20006]},"properties":{"landslide_id":"NER_00825","source":"GSI","state":"Assam","district":"Dima Hasao","landslide_type":"Slide","confidence":"TABLE_EXTRACTED","date":null,"slope_deg":18.71863555908203,"sim_intensity":0.476,"intensity_note":"SIMULATED — heuristic from slope + landslide type, not a measured severity"}},{"type":"Feature","geometry":{"type":"Point","coordinates":[92.9995,25.19509]},"properties":{"landslide_id":"NER_00826","source":"GSI","state":"Assam","district":"Dima Hasao","landslide_type":"Slide","confidence":"TABLE_EXTRACTED","date":null,"slope_deg":26.0988826751709,"sim_intensity":0.558,"intensity_note":"SIMULATED — heuristic from slope + landslide type, not a measured severity"}},{"type":"Feature","geometry":{"type":"Point","coordinates":[92.997478,25.199617]},"properties":{"landslide_id":"NER_00827","source":"GSI","state":"Assam","district":"Dima Hasao","landslide_type":"Slide","confidence":"TABLE_EXTRACTED","date":null,"slope_deg":18.71863555908203,"sim_intensity":0.477,"intensity_note":"SIMULATED — heuristic from slope + landslide type, not a measured severity"}},{"type":"Feature","geometry":{"type":"Point","coordinates":[93.037147,25.325408]},"properties":{"landslide_id":"NER_00828","source":"GSI","state":"Assam","district":"Dima Hasao","landslide_type":"Slide","confidence":"TABLE_EXTRACTED","date":null,"slope_deg":16.51161003112793,"sim_intensity":0.452,"intensity_note":"SIMULATED — heuristic from slope + landslide type, not a measured severity"}},{"type":"Feature","geometry":{"type":"Point","coordinates":[93.057945,23.333165]},"properties":{"landslide_id":"NER_00829","source":"GSI","state":"Assam","district":"Dima Hasao","landslide_type":"Slide","confidence":"TABLE_EXTRACTED","date":null,"slope_deg":18.5,"sim_intensity":0.474,"intensity_note":"SIMULATED — heuristic from slope + landslide type, not a measured severity"}},{"type":"Feature","geometry":{"type":"Point","coordinates":[93.02683,25.197888]},"properties":{"landslide_id":"NER_00830","source":"GSI","state":"Assam","district":"Dima Hasao","landslide_type":"Slide","confidence":"TABLE_EXTRACTED","date":null,"slope_deg":27.634552001953125,"sim_intensity":0.576,"intensity_note":"SIMULATED — heuristic from slope + landslide type, not a measured severity"}},{"type":"Feature","geometry":{"type":"Point","coordinates":[93.104922,25.18833]},"properties":{"landslide_id":"NER_00831","source":"GSI","state":"Assam","district":"Dima Hasao","landslide_type":"Slide","confidence":"TABLE_EXTRACTED","date":null,"slope_deg":12.62720012664795,"sim_intensity":0.409,"intensity_note":"SIMULATED — heuristic from slope + landslide type, not a measured severity"}},{"type":"Feature","geometry":{"type":"Point","coordinates":[93.085354,25.147883]},"properties":{"landslide_id":"NER_00832","source":"GSI","state":"Assam","district":"Dima Hasao","landslide_type":"Slide","confidence":"TABLE_EXTRACTED","date":null,"slope_deg":14.587335586547852,"sim_intensity":0.431,"intensity_note":"SIMULATED — heuristic from slope + landslide type, not a measured severity"}},{"type":"Feature","geometry":{"type":"Point","coordinates":[92.982053,25.425403]},"properties":{"landslide_id":"NER_00833","source":"GSI","state":"Assam","district":"Dima Hasao","landslide_type":"Slide","confidence":"TABLE_EXTRACTED","date":null,"slope_deg":22.58684730529785,"sim_intensity":0.52,"intensity_note":"SIMULATED — heuristic from slope + landslide type, not a measured severity"}},{"type":"Feature","geometry":{"type":"Point","coordinates":[93.007627,25.241135]},"properties":{"landslide_id":"NER_00834","source":"GSI","state":"Assam","district":"Dima Hasao","landslide_type":"Slide","confidence":"TABLE_EXTRACTED","date":null,"slope_deg":27.699865341186523,"sim_intensity":0.577,"intensity_note":"SIMULATED — heuristic from slope + landslide type, not a measured severity"}},{"type":"Feature","geometry":{"type":"Point","coordinates":[93.003937,25.245448]},"properties":{"landslide_id":"NER_00835","source":"GSI","state":"Assam","district":"Dima Hasao","landslide_type":"Slide","confidence":"TABLE_EXTRACTED","date":null,"slope_deg":16.708911895751953,"sim_intensity":0.455,"intensity_note":"SIMULATED — heuristic from slope + landslide type, not a measured severity"}},{"type":"Feature","geometry":{"type":"Point","coordinates":[93.00113,25.211625]},"properties":{"landslide_id":"NER_00836","source":"GSI","state":"Assam","district":"Dima Hasao","landslide_type":"Slide","confidence":"TABLE_EXTRACTED","date":null,"slope_deg":7.0694098472595215,"sim_intensity":0.348,"intensity_note":"SIMULATED — heuristic from slope + landslide type, not a measured severity"}},{"type":"Feature","geometry":{"type":"Point","coordinates":[92.999782,25.21112]},"properties":{"landslide_id":"NER_00837","source":"GSI","state":"Assam","district":"Dima Hasao","landslide_type":"Slide","confidence":"TABLE_EXTRACTED","date":null,"slope_deg":18.788715362548828,"sim_intensity":0.478,"intensity_note":"SIMULATED — heuristic from slope + landslide type, not a measured severity"}},{"type":"Feature","geometry":{"type":"Point","coordinates":[93.191317,25.267553]},"properties":{"landslide_id":"NER_00838","source":"GSI","state":"Assam","district":"Dima Hasao","landslide_type":"Slide","confidence":"TABLE_EXTRACTED","date":null,"slope_deg":17.52899932861328,"sim_intensity":0.464,"intensity_note":"SIMULATED — heuristic from slope + landslide type, not a measured severity"}},{"type":"Feature","geometry":{"type":"Point","coordinates":[93.190998,25.266788]},"properties":{"landslide_id":"NER_00839","source":"GSI","state":"Assam","district":"Dima Hasao","landslide_type":"Slide","confidence":"TABLE_EXTRACTED","date":null,"slope_deg":18.198375701904297,"sim_intensity":0.471,"intensity_note":"SIMULATED — heuristic from slope + landslide type, not a measured severity"}},{"type":"Feature","geometry":{"type":"Point","coordinates":[93.1964,25.26676]},"properties":{"landslide_id":"NER_00840","source":"GSI","state":"Assam","district":"Dima Hasao","landslide_type":"Slide","confidence":"TABLE_EXTRACTED","date":null,"slope_deg":19.14984130859375,"sim_intensity":0.482,"intensity_note":"SIMULATED — heuristic from slope + landslide type, not a measured severity"}},{"type":"Feature","geometry":{"type":"Point","coordinates":[93.197997,25.266142]},"properties":{"landslide_id":"NER_00841","source":"GSI","state":"Assam","district":"Dima Hasao","landslide_type":"Slide","confidence":"TABLE_EXTRACTED","date":null,"slope_deg":21.54636573791504,"sim_intensity":0.509,"intensity_note":"SIMULATED — heuristic from slope + landslide type, not a measured severity"}},{"type":"Feature","geometry":{"type":"Point","coordinates":[93.21778,25.265743]},"properties":{"landslide_id":"NER_00842","source":"GSI","state":"Assam","district":"Dima Hasao","landslide_type":"Slide","confidence":"TABLE_EXTRACTED","date":null,"slope_deg":22.07867431640625,"sim_intensity":0.515,"intensity_note":"SIMULATED — heuristic from slope + landslide type, not a measured severity"}},{"type":"Feature","geometry":{"type":"Point","coordinates":[91.252285,25.757752]},"properties":{"landslide_id":"NER_00843","source":"GSI","state":"Assam","district":"Kamrup","landslide_type":"flow","confidence":"TABLE_EXTRACTED","date":null,"slope_deg":14.57897663116455,"sim_intensity":0.491,"intensity_note":"SIMULATED — heuristic from slope + landslide type, not a measured severity"}},{"type":"Feature","geometry":{"type":"Point","coordinates":[91.945953,26.238016]},"properties":{"landslide_id":"NER_00844","source":"GSI","state":"Assam","district":"Kamrup (Metro)","landslide_type":"slide","confidence":"TABLE_EXTRACTED","date":null,"slope_deg":6.165285587310791,"sim_intensity":0.338,"intensity_note":"SIMULATED — heuristic from slope + landslide type, not a measured severity"}},{"type":"Feature","geometry":{"type":"Point","coordinates":[91.213965,25.872268]},"properties":{"landslide_id":"NER_00845","source":"GSI","state":"Assam","district":"Kamrup","landslide_type":"flow","confidence":"TABLE_EXTRACTED","date":null,"slope_deg":28.78339958190918,"sim_intensity":0.649,"intensity_note":"SIMULATED — heuristic from slope + landslide type, not a measured severity"}},{"type":"Feature","geometry":{"type":"Point","coordinates":[91.692246,26.227261]},"properties":{"landslide_id":"NER_00846","source":"GSI","state":"Assam","district":"Kamrup","landslide_type":"slide","confidence":"TABLE_EXTRACTED","date":null,"slope_deg":10.065048217773438,"sim_intensity":0.381,"intensity_note":"SIMULATED — heuristic from slope + landslide type, not a measured severity"}},{"type":"Feature","geometry":{"type":"Point","coordinates":[91.855395,26.184324]},"properties":{"landslide_id":"NER_00847","source":"GSI","state":"Assam","district":"Kamrup (Metro)","landslide_type":"slide","confidence":"TABLE_EXTRACTED","date":null,"slope_deg":4.035421371459961,"sim_intensity":0.314,"intensity_note":"SIMULATED — heuristic from slope + landslide type, not a measured severity"}},{"type":"Feature","geometry":{"type":"Point","coordinates":[91.964383,26.24698]},"properties":{"landslide_id":"NER_00848","source":"GSI","state":"Assam","district":"Kamrup","landslide_type":"slide","confidence":"TABLE_EXTRACTED","date":null,"slope_deg":12.001789093017578,"sim_intensity":0.403,"intensity_note":"SIMULATED — heuristic from slope + landslide type, not a measured severity"}},{"type":"Feature","geometry":{"type":"Point","coordinates":[92.052125,26.11956]},"properties":{"landslide_id":"NER_00849","source":"GSI","state":"Assam","district":"Kamrup (Metro)","landslide_type":"slide","confidence":"TABLE_EXTRACTED","date":null,"slope_deg":3.0033481121063232,"sim_intensity":0.303,"intensity_note":"SIMULATED — heuristic from slope + landslide type, not a measured severity"}},{"type":"Feature","geometry":{"type":"Point","coordinates":[93.129423,25.69814]},"properties":{"landslide_id":"NER_00850","source":"GSI","state":"Assam","district":"Dima Hasao","landslide_type":"slide","confidence":"TABLE_EXTRACTED","date":null,"slope_deg":13.352335929870605,"sim_intensity":0.418,"intensity_note":"SIMULATED — heuristic from slope + landslide type, not a measured severity"}},{"type":"Feature","geometry":{"type":"Point","coordinates":[93.121528,25.648512]},"properties":{"landslide_id":"NER_00851","source":"GSI","state":"Assam","district":"Dima Hasao","landslide_type":"slide","confidence":"TABLE_EXTRACTED","date":null,"slope_deg":15.913965225219727,"sim_intensity":0.447,"intensity_note":"SIMULATED — heuristic from slope + landslide type, not a measured severity"}},{"type":"Feature","geometry":{"type":"Point","coordinates":[93.121008,25.388977]},"properties":{"landslide_id":"NER_00852","source":"GSI","state":"Assam","district":"Dima Hasao","landslide_type":"slide","confidence":"TABLE_EXTRACTED","date":null,"slope_deg":3.4519519805908203,"sim_intensity":0.308,"intensity_note":"SIMULATED — heuristic from slope + landslide type, not a measured severity"}},{"type":"Feature","geometry":{"type":"Point","coordinates":[91.224044,25.740148]},"properties":{"landslide_id":"NER_00853","source":"GSI","state":"Assam","district":"West Khasi Hills","landslide_type":"slide","confidence":"TABLE_EXTRACTED","date":null,"slope_deg":1.3650132417678833,"sim_intensity":0.285,"intensity_note":"SIMULATED — heuristic from slope + landslide type, not a measured severity"}},{"type":"Feature","geometry":{"type":"Point","coordinates":[93.133718,25.341478]},"properties":{"landslide_id":"NER_00854","source":"GSI","state":"Assam","district":"Dima Hasao","landslide_type":"slide","confidence":"TABLE_EXTRACTED","date":null,"slope_deg":8.800386428833008,"sim_intensity":0.368,"intensity_note":"SIMULATED — heuristic from slope + landslide type, not a measured severity"}},{"type":"Feature","geometry":{"type":"Point","coordinates":[92.61669,25.888959]},"properties":{"landslide_id":"NER_00855","source":"GSI","state":"Assam","district":"West Karbi Anglong","landslide_type":"slide","confidence":"TABLE_EXTRACTED","date":null,"slope_deg":9.189677238464355,"sim_intensity":0.372,"intensity_note":"SIMULATED — heuristic from slope + landslide type, not a measured severity"}},{"type":"Feature","geometry":{"type":"Point","coordinates":[92.621245,25.890032]},"properties":{"landslide_id":"NER_00856","source":"GSI","state":"Assam","district":"West Karbi Anglong","landslide_type":"slide","confidence":"TABLE_EXTRACTED","date":null,"slope_deg":5.45331335067749,"sim_intensity":0.331,"intensity_note":"SIMULATED — heuristic from slope + landslide type, not a measured severity"}},{"type":"Feature","geometry":{"type":"Point","coordinates":[91.938576,26.156633]},"properties":{"landslide_id":"NER_00857","source":"GSI","state":"Assam","district":"Kamrup (Metro)","landslide_type":"slide","confidence":"TABLE_EXTRACTED","date":null,"slope_deg":10.76320743560791,"sim_intensity":0.39,"intensity_note":"SIMULATED — heuristic from slope + landslide type, not a measured severity"}},{"type":"Feature","geometry":{"type":"Point","coordinates":[91.7362,26.1445]},"properties":{"landslide_id":"NER_00858","source":"GSI","state":"Assam","district":"Kamrup (Metro)","landslide_type":"Flow","confidence":"TABLE_EXTRACTED","date":null,"slope_deg":0.7494118809700012,"sim_intensity":0.338,"intensity_note":"SIMULATED — heuristic from slope + landslide type, not a measured severity"}},{"type":"Feature","geometry":{"type":"Point","coordinates":[95.239,27.452833]},"properties":{"landslide_id":"NER_01162","source":"GSI","state":"Arunachal Pradesh","district":"Upper Siang","landslide_type":"slide","confidence":"TABLE_EXTRACTED","date":null,"slope_deg":0,"sim_intensity":0.319,"intensity_note":"SIMULATED — heuristic from slope + landslide type, not a measured severity"}},{"type":"Feature","geometry":{"type":"Point","coordinates":[95.233639,27.459167]},"properties":{"landslide_id":"NER_01167","source":"GSI","state":"Arunachal Pradesh","district":"Upper Siang","landslide_type":"Slide","confidence":"TABLE_EXTRACTED","date":null,"slope_deg":0.9886959195137024,"sim_intensity":0.331,"intensity_note":"SIMULATED — heuristic from slope + landslide type, not a measured severity"}},{"type":"Feature","geometry":{"type":"Point","coordinates":[94.702667,27.662194]},"properties":{"landslide_id":"NER_01276","source":"GSI","state":"Arunachal Pradesh","district":"West Siang","landslide_type":"Slide","confidence":"TABLE_EXTRACTED","date":null,"slope_deg":13.068399429321289,"sim_intensity":0.481,"intensity_note":"SIMULATED — heuristic from slope + landslide type, not a measured severity"}},{"type":"Feature","geometry":{"type":"Point","coordinates":[94.693861,27.664972]},"properties":{"landslide_id":"NER_01277","source":"GSI","state":"Arunachal Pradesh","district":"West Siang","landslide_type":"Slide","confidence":"TABLE_EXTRACTED","date":null,"slope_deg":18.051048278808594,"sim_intensity":0.536,"intensity_note":"SIMULATED — heuristic from slope + landslide type, not a measured severity"}}]}